{"neuron_counts": [55040, 27520, 13760, 27520, 55040, 1290], "neuron_counts_selected": [500, 500, 500, 500, 500, 500], "layer_tarantula_score": [0.316, 0.578, 0.714, 0.652, 0.5, 1.0], "layer_ochiai_score": [0.04281511308413708, 0.12751820526741287, 0.27312601222658656, 0.21049053206347185, 0.16005160331142806, 0.5114277868875842], "layer_D_star_score": [0.03193527968126067, 0.8729239866262348, 13.901710200842798, 5.0950871415266805, 4.500829025342504, 19.871718558080953], "layer_Op2_score": [0.9975404063454917, 5.521488558130945, 20.779109784356525, 13.412856387664638, 10.221014996496022, 42.30363791281292], "layer_Barinel_score": [0.316, 0.578, 0.714, 0.652, 0.5, 1.0], "time": 3.8183753490448}