{"neuron_counts": [55040, 27520, 13760, 27520, 55040, 1290], "neuron_counts_selected": [100, 100, 100, 100, 100, 100], "layer_tarantula_score": [0.9801, 0.7395999999999999, 0.7055999999999999, 0.7395999999999999, 0.44889999999999997, 1.0], "layer_ochiai_score": [0.44043020439444447, 0.3912793553062457, 0.4444750598108851, 0.40964602823712926, 0.23911856121415623, 0.6055679931047343], "layer_D_star_score": [12.253665248533713, 24367.15896503212, 1191961.284101306, 24523.419037803003, 608052.1682442196, 41.38358027099065], "layer_Op2_score": [33.061356165090906, 37.35277004654047, 49.99407327711866, 44.24126943695844, 23.90361256231138, 58.28453877444102], "layer_Barinel_score": [0.9801, 0.7395999999999999, 0.7055999999999999, 0.7395999999999999, 0.44889999999999997, 1.0], "time": 1.0201072692871094}