{"neuron_counts": [55040, 27520, 13760, 27520, 55040, 1290], "neuron_counts_selected": [200, 200, 200, 200, 200, 200], "layer_tarantula_score": [0.995, 0.895, 0.9, 0.82, 0.71, 1.0], "layer_ochiai_score": [0.5133499847501483, 0.6140261317470602, 0.640984501826969, 0.5971824068161398, 0.5140655499840415, 0.6703774261100583], "layer_D_star_score": [23.42893366186766, 2432477.1307818126, 17024394.402744308, 14592458.109783048, 15808412.481457701, 74.47682651620863], "layer_Op2_score": [43.696364532220635, 71.77985721918171, 79.60768232411395, 75.34813828552467, 65.89331325738222, 71.2054591220821], "layer_Barinel_score": [0.995, 0.895, 0.9, 0.82, 0.71, 1.0], "time": 1.7580528259277344}