{"neuron_counts": [55040, 27520, 13760, 27520, 55040, 1290], "neuron_counts_selected": [500, 500, 500, 500, 500, 500], "layer_tarantula_score": [0.09985599999999999, 0.334084, 0.5097959999999999, 0.42510400000000004, 0.25, 1.0], "layer_ochiai_score": [0.011247435034527806, 0.053145623308118964, 0.1365303481647239, 0.09693901801017216, 0.05635988379892929, 0.4557944023902219], "layer_D_star_score": [0.0035373902662424682, 0.1042687824328163, 2.2737789115839213, 0.7903779715556132, 0.4417132217586608, 11.313993579393268], "layer_Op2_score": [0.207120886997635, 1.578002960881766, 7.4169258301321594, 4.420696375000049, 2.476448961604587, 33.603065068216225], "layer_Barinel_score": [0.09985599999999999, 0.334084, 0.5097959999999999, 0.42510400000000004, 0.25, 1.0], "time": 4.25093412399292}