{"neuron_counts": [55040, 27520, 13760, 27520, 55040, 1290], "neuron_counts_selected": [500, 500, 500, 500, 500, 500], "layer_tarantula_score": [0.001024000000000001, 0.09120400000000001, 0.3091360000000001, 0.156816, 0.10112399999999999, 1.0], "layer_ochiai_score": [0.00010505091427374834, 0.011038999359402913, 0.06209573673763841, 0.02581001772807732, 0.01768956053466153, 0.3593917500437092], "layer_D_star_score": [1.2309202134465155e-05, 0.003531888941531513, 0.20520816295268696, 0.048383013763397584, 0.0309640452546157, 2.7569660445036424], "layer_Op2_score": [0.0010880000000000002, 0.144988, 1.559468, 0.5242520000000002, 0.37625199999999986, 13.598092000000001], "layer_Barinel_score": [0.001024000000000001, 0.09120400000000001, 0.3091360000000001, 0.156816, 0.10112399999999999, 1.0], "time": 3.3609654903411865}