{"neuron_counts": [55040, 27520, 13760, 27520, 55040, 1290], "neuron_counts_selected": [500, 500, 500, 500, 500, 500], "layer_tarantula_score": [0.032, 0.302, 0.556, 0.396, 0.318, 1.0], "layer_ochiai_score": [0.0034895067271530863, 0.04610000126821453, 0.1576097772252842, 0.09394654933352532, 0.07677077585093317, 0.41691547783371274], "layer_D_star_score": [0.0008876576421116168, 0.0705399863957696, 2.494665068107524, 1.2137809061945786, 0.6705354579299188, 8.74272669397252], "layer_Op2_score": [0.06142860566901183, 1.285171813549424, 8.874432461670333, 4.6446887131620604, 3.621377237031755, 28.697164092634683], "layer_Barinel_score": [0.032, 0.302, 0.556, 0.396, 0.318, 1.0], "time": 3.958986282348633}