{"neuron_counts": [55040, 27520, 13760, 27520, 55040, 1290], "neuron_counts_selected": [500, 500, 500, 500, 500, 500], "layer_tarantula_score": [0.9840639999999999, 0.788544, 0.770884, 0.7224999999999999, 0.512656, 1.0], "layer_ochiai_score": [0.4376067777341214, 0.45316558846849425, 0.44577586827388244, 0.42399596617207413, 0.31808660986781245, 0.605456921522731], "layer_D_star_score": [12.102165545395746, 3969.3764815577747, 996278.0885028664, 657829.7606894631, 2335817.354580426, 40.118508721216706], "layer_Op2_score": [32.70336058428919, 46.14904956271701, 46.80616133078427, 45.518553593775316, 35.53136739757657, 58.04790554882761], "layer_Barinel_score": [0.9840639999999999, 0.788544, 0.770884, 0.7224999999999999, 0.512656, 1.0], "time": 4.045274257659912}