{"neuron_counts": [55040, 27520, 13760, 27520, 55040, 1290], "neuron_counts_selected": [500, 500, 500, 500, 500, 500], "layer_tarantula_score": [4.000000000000004e-06, 0.004095999999999996, 0.155236, 0.051983999999999995, 0.041615999999999986, 1.0], "layer_ochiai_score": [3.999998000000171e-07, 0.0004315052726309459, 0.02217748334686901, 0.006836442335591959, 0.00565856284596454, 0.28816886440823436], "layer_D_star_score": [4.0403999591847866e-08, 6.444114455653652e-05, 0.024434243200397894, 0.005997185552700428, 0.0027762230522591276, 1.1895190911326028], "layer_Op2_score": [4.000000000000004e-06, 0.004671999999999996, 0.38635200000000003, 0.10799600000000005, 0.084564, 8.946396], "layer_Barinel_score": [4.000000000000004e-06, 0.004095999999999996, 0.155236, 0.051983999999999995, 0.041615999999999986, 1.0], "time": 3.456369638442993}