{"neuron_counts": [55040, 27520, 13760, 27520, 55040, 1290], "neuron_counts_selected": [500, 500, 500, 500, 500, 500], "layer_tarantula_score": [0.08643600000000001, 0.379456, 0.47334399999999993, 0.381924, 0.20249999999999999, 1.0], "layer_ochiai_score": [0.009539271537150592, 0.0639280635466453, 0.13279593090960676, 0.08915411510556409, 0.052679969263958695, 0.43629394762808255], "layer_D_star_score": [0.0028622900241535598, 0.1649239030966984, 1.9604517402199855, 0.7487814281829362, 0.48661994112468887, 9.48794679827727], "layer_Op2_score": [0.1718366318968518, 2.066014903813596, 7.242259283201217, 4.058652414807668, 2.549021752671112, 30.83780716055645], "layer_Barinel_score": [0.08643600000000001, 0.379456, 0.47334399999999993, 0.381924, 0.20249999999999999, 1.0], "time": 3.7984564304351807}