{"neuron_counts": [55040, 27520, 13760, 27520, 55040, 1290], "neuron_counts_selected": [100, 100, 100, 100, 100, 100], "layer_tarantula_score": [0.9801, 0.7224999999999999, 0.7224999999999999, 0.6724, 0.48999999999999994, 1.0], "layer_ochiai_score": [0.4307932145102601, 0.3883042155819104, 0.47354851224419653, 0.42397230962948584, 0.28964099721926495, 0.6088778829709318], "layer_D_star_score": [7.329890033812195, 23.985355507305265, 640150.6924992357, 490191.6144278624, 360064.1154517984, 27.186119841322864], "layer_Op2_score": [20.421599999999998, 23.473499999999998, 34.698, 30.9353, 20.3926, 37.814], "layer_Barinel_score": [0.9801, 0.7224999999999999, 0.7224999999999999, 0.6724, 0.48999999999999994, 1.0], "time": 1.2352685928344727}