{"neuron_counts": [230400, 57600, 25088, 6272, 6272, 1024, 1024, 10], "neuron_counts_selected": [200, 200, 200, 200, 200, 200, 200, 10], "layer_tarantula_score": [0, 0, 0.0006363969984073331, 0.003820889873263854, 0.0015540133609755699, 0.1138849286715534, 0.10103121171202067, 0.19184068424329187], "layer_ochiai_score": [0, 0, 1.4919389896079392e-05, 8.743015471441418e-05, 3.964331963827093e-05, 0.02591560053428042, 0.02246324151431216, 0.03447243183210486], "layer_D_star_score": [0, 0, 7.225377393417435e-07, 5.267608023501975e-06, 3.1226248811848267e-06, 3.623005716579292, 2.7831028968485505, 0.7045254315504699], "layer_Op2_score": [0, 0, 0.0016107999778505462, 0.011624744158835899, 0.006645498591300904, 56.333450957760505, 46.73525769557523, 54.70273867514359], "layer_Barinel_score": [0, 0, 0.0005502020785959843, 0.0028305901952057574, 0.000982958654409784, 0.06430611989666805, 0.05710510488861698, 0.09716241089260985], "time": 121.7810730934143}