{"neuron_counts": [230400, 57600, 25088, 6272, 6272, 1024, 1024, 10], "neuron_counts_selected": [200, 200, 200, 200, 200, 200, 200, 10], "layer_tarantula_score": [0.3823550718758926, 0.40091368966412444, 0.32912801700870564, 0.32949040220544135, 0.29048425585921767, 0.2818938298620918, 0.26478962464751726, 0.5817565895734749], "layer_ochiai_score": [0.061423680274461316, 0.07078113194363668, 0.11153512861687559, 0.15598082586565684, 0.13797878620928808, 0.20415389464429307, 0.19775537979924224, 0.32353382854955354], "layer_D_star_score": [60.64464919602888, 55.35067651909816, 40.303916219442094, 117.21943263591116, 101.50388625616293, 386.3251903325938, 387.5270086343991, 360.85052824017066], "layer_Op2_score": [231.47977414995256, 229.3414106641074, 333.70436096407417, 629.1199695419248, 557.3876247003258, 1212.7511853829349, 1191.5514058620358, 1305.4995163195824], "layer_Barinel_score": [0.2491935798509722, 0.2640279173046891, 0.20194810187339943, 0.20188043928139301, 0.17747223013949792, 0.17344099276735747, 0.1633147252999867, 0.3867225238640627], "time": 120.35747838020325}