{"neuron_counts": [230400, 57600, 25088, 6272, 6272, 1024, 1024, 10], "neuron_counts_selected": [500, 500, 500, 500, 500, 500, 500, 10], "layer_tarantula_score": [0, 2.8398759995497217e-05, 0.018142425442288806, 0.03211074287334747, 0.0537682933275342, 0.14520889760446146, 0.12426200989421221, 0.3143906949772535], "layer_ochiai_score": [0, 5.5429235597968966e-06, 0.000608004636254534, 0.0014474325209131262, 0.002258802425506726, 0.05061444010622615, 0.04413558129318301, 0.08229699162429743], "layer_D_star_score": [0, 0.00028383259084772435, 0.00019258567905107083, 0.0015869023769425848, 0.0024691334614692444, 18.072114429954386, 14.68272438420852, 6.734911150592481], "layer_Op2_score": [0, 0.008740360405394184, 0.14633407457793107, 0.511244272605349, 0.7670860175791021, 158.75652252417177, 137.22785624575684, 181.8934906768053], "layer_Barinel_score": [0, 1.681685490291522e-05, 0.011238519924813993, 0.019666237810852766, 0.033248939277225095, 0.08344168368812671, 0.07140721612610121, 0.17223799117686625], "time": 283.3558647632599}