{"neuron_counts": [230400, 57600, 25088, 6272, 6272, 1024, 1024, 10], "neuron_counts_selected": [100, 100, 100, 100, 100, 100, 100, 10], "layer_tarantula_score": [0.22151994281808618, 0.34093848572925334, 0.1930547496585782, 0.16062801385741077, 0.22325661397071245, 0.1798531520431723, 0.19278443407282078, 0.5434262691172562], "layer_ochiai_score": [0.021101724830548917, 0.04257113849738496, 0.05496582931508107, 0.0627672886359275, 0.08421141968751467, 0.12321903883599097, 0.13147037854710358, 0.2804525862380263], "layer_D_star_score": [7.298326959731466, 10.550652586809152, 9.39396357702811, 27.161017911595458, 32.95102049479103, 184.77208130309847, 208.24649035700827, 227.62948809041495], "layer_Op2_score": [40.34267018221849, 75.62783983365803, 127.02022829842666, 202.16558869402172, 264.6879124063599, 678.654141939391, 726.6166980884385, 1069.9912731103261], "layer_Barinel_score": [0.13421747858587346, 0.20614693282404084, 0.11679208092916175, 0.0976111114975462, 0.1347853583897518, 0.10869295756584936, 0.11785452633219631, 0.34928084819167776], "time": 64.5064926147461}