{"neuron_counts": [230400, 57600, 25088, 6272, 6272, 1024, 1024, 10], "neuron_counts_selected": [500, 500, 500, 500, 500, 500, 500, 10], "layer_tarantula_score": [0.00011791074316197772, 0.0005550664438977332, 0.10675269571373887, 0.11159434039324916, 0.13323459673917717, 0.16244757105398797, 0.13900286374387813, 0.4491413717184732], "layer_ochiai_score": [1.8381407281346732e-05, 0.00013594805923014127, 0.006730280357485694, 0.010740337401479373, 0.014026879311011152, 0.08026296355425173, 0.0708903790518042, 0.1593787036718405], "layer_D_star_score": [0.0011046797792523, 0.05599075554866711, 0.029766876304273444, 0.1868271116660501, 0.29375823017942315, 62.00034940490948, 54.148034000054864, 38.52221376990288], "layer_Op2_score": [0.02816282878064592, 0.3828347510041044, 3.8348536709908227, 10.045772245873826, 14.080085607080571, 337.0982960486741, 300.82703659032205, 444.78982335645804], "layer_Barinel_score": [7.072639608032041e-05, 0.00034018629219006123, 0.0642508893188921, 0.06653045410651104, 0.08053762352786374, 0.0958901887203313, 0.08203274093942217, 0.2700513477757115], "time": 284.5241253376007}