{"neuron_counts": [230400, 57600, 25088, 6272, 6272, 1024, 1024, 10], "neuron_counts_selected": [1000, 1000, 1000, 1000, 1000, 1000, 1000, 10], "layer_tarantula_score": [0.2510644060897737, 0.2794080901142773, 0.22174774494082714, 0.19594012673269362, 0.20367164892365014, 0.16944686235331893, 0.1603885793714369, 0.5434262691172562], "layer_ochiai_score": [0.021140628976416963, 0.02936420599176724, 0.06128312636836535, 0.07847217334277706, 0.0818195974437126, 0.11246741059624855, 0.10592199351724413, 0.2804525862380263], "layer_D_star_score": [4.806263334330926, 7.473099133405996, 10.582504680438158, 35.06884456632423, 36.96968629080092, 161.1288324650039, 152.1265166982956, 227.62948809041495], "layer_Op2_score": [31.53237265285684, 50.219843459885006, 140.63265348465168, 258.8266725622584, 271.83673382366436, 604.8408546169653, 566.3629759568432, 1069.9912731103261], "layer_Barinel_score": [0.15181612087635754, 0.16873015577636094, 0.13389946049295004, 0.11872489879116793, 0.12333707672491617, 0.10247129937041326, 0.09711629341925221, 0.34928084819167776], "time": 570.3078136444092}