{"neuron_counts": [230400, 57600, 25088, 6272, 6272, 1024, 1024, 10], "neuron_counts_selected": [500, 500, 500, 500, 500, 500, 500, 10], "layer_tarantula_score": [0, 0, 0, 8.807325403420648e-05, 0.00014172341964809295, 0.0991236071009258, 0.07777639739244079, 0.0452325069512955], "layer_ochiai_score": [0, 0, 0, 1.7579270099514342e-06, 2.743342890006998e-06, 0.014211552981483988, 0.011580867394629052, 0.0046042038305057435], "layer_D_star_score": [0, 0, 0, 4.521269016309317e-08, 6.029355363156058e-08, 0.41685772405978555, 0.3163898580841184, 0.005386412192736562], "layer_Op2_score": [0, 0, -6.099831993591333e-07, 0.00014493115559560286, 0.00019754358117011342, 13.33991260581013, 10.956473055803439, 3.0057533203212734], "layer_Barinel_score": [0, 0, 0, 6.899999999999989e-05, 0.00012133333333338808, 0.062394459257199414, 0.048654659079395715, 0.02470340206252329], "time": 287.764714717865}