{"neuron_counts": [230400, 57600, 25088, 6272, 6272, 1024, 1024, 10], "neuron_counts_selected": [500, 500, 500, 500, 500, 500, 500, 10], "layer_tarantula_score": [0.0, 0.0, 0.006, 0.011077690610172705, 0.006840878251463423, 0.2185076696460783, 0.20512269467114133, 0.08896396787242658], "layer_ochiai_score": [0.0, 0.0, 0.00010820183658677025, 0.00020322099219782585, 0.00013425831245312606, 0.04266701975606614, 0.03943924163715078, 0.00872505310970764], "layer_D_star_score": [0.0, 0.0, 3.0626253125490756e-06, 7.362922840034244e-06, 7.225227586269046e-06, 6.0760806637251905, 6.472491266141864, 0.03672398701954315], "layer_Op2_score": [0.0, 0.0, 0.00934107484210476, 0.023672669242682774, 0.015316977893241348, 90.03929752484517, 82.90751634946153, 10.690900562989846], "layer_Barinel_score": [0.0, 0.0, 0.006, 0.009184113322821421, 0.0061227489396049346, 0.12684974496455487, 0.12003394119457934, 0.04329415171525558], "time": 288.5462965965271}