{"neuron_counts": [230400, 57600, 25088, 6272, 6272, 1024, 1024, 10], "neuron_counts_selected": [200, 200, 200, 200, 200, 200, 200, 10], "layer_tarantula_score": [0.00010449933424851686, 0.0004178178625702734, 0.12377218013281785, 0.12749075053611847, 0.12359559771778861, 0.1598032429604542, 0.1640009019302591, 0.4491413717184732], "layer_ochiai_score": [2.2681668915186434e-05, 0.00010447892961822375, 0.007873345624347916, 0.012478926432786822, 0.011583099442416766, 0.077704868062414, 0.08430716115013172, 0.1593787036718405], "layer_D_star_score": [0.003174473010131802, 0.02905345812722075, 0.03199366199523047, 0.21740533767277936, 0.19308402279815765, 58.103931074972174, 68.09905933299791, 38.52221376990288], "layer_Op2_score": [0.043937092102201016, 0.2535800195701393, 4.3117476775995085, 11.7358627165353, 10.581920785438328, 319.7072547547818, 359.4423475357006, 444.78982335645804], "layer_Barinel_score": [6.301237427507686e-05, 0.00025131968496835554, 0.07610651691302875, 0.07664639910787585, 0.07435360256766582, 0.09470997000344406, 0.09736973429873558, 0.2700513477757115], "time": 123.63244771957397}