{"neuron_counts": [230400, 57600, 25088, 6272, 6272, 1024, 1024, 10], "neuron_counts_selected": [500, 500, 500, 500, 500, 500, 500, 10], "layer_tarantula_score": [0.0, 0.0, 0.015588128226610208, 0.05351451784641993, 0.058516015050424, 0.23141205952331892, 0.2047125836821088, 0.2401985848349321], "layer_ochiai_score": [0.0, 0.0, 0.00032254050535572066, 0.0014225378157594016, 0.0014625536173007948, 0.06949653659867848, 0.06186148030144426, 0.04218704588802204], "layer_D_star_score": [0.0, 0.0, 2.1916969580361197e-05, 0.00042379082953948615, 0.00043108931354750817, 24.87424283103226, 19.881069938246466, 1.282448763019431], "layer_Op2_score": [0.0, 0.0, 0.04682158331661914, 0.3177799475460763, 0.3085882672906648, 204.97559967256157, 180.43720515896678, 75.40524873377117], "layer_Barinel_score": [0.0, 0.0, 0.01270743834345544, 0.042439275228084626, 0.04502573496208561, 0.13614447475090985, 0.11972017879744692, 0.12656947780493538], "time": 290.8522307872772}