{"neuron_counts": [230400, 57600, 25088, 6272, 6272, 1024, 1024, 10], "neuron_counts_selected": [500, 500, 500, 500, 500, 500, 500, 10], "layer_tarantula_score": [0.2426144106742304, 0.29297173849209407, 0.20791073272405178, 0.2053113316495639, 0.21339577002957988, 0.17757777477860595, 0.15981651996351598, 0.5412077613429769], "layer_ochiai_score": [0.020647367280651713, 0.035597503656619706, 0.06339083438661426, 0.08482272484772713, 0.08996624922030262, 0.12497723686389157, 0.10960721292525911, 0.29742066693414443], "layer_D_star_score": [3.316577904388277, 7.287209610766338, 8.90713642646816, 24.971751205509605, 27.881187672322092, 139.38068158549186, 116.39169535277878, 183.69173394773426], "layer_Op2_score": [20.596523480480723, 43.252315448834494, 104.07462270969141, 184.88714420906246, 200.56196063107197, 461.07243421065044, 394.3764900802808, 792.6353136953852], "layer_Barinel_score": [0.16505566949557746, 0.19775115162321483, 0.1407491810756118, 0.13980691880665516, 0.14491958516603037, 0.1208240779742485, 0.10880897228683178, 0.3848573717897358], "time": 269.4028425216675}