{"neuron_counts": [100, 100, 150, 150, 200, 200, 200, 200, 200, 200, 4], "neuron_counts_selected": [100, 100, 150, 150, 200, 200, 200, 200, 200, 200, 4], "layer_tarantula_score": [0.4841591301326631, 0.4841591301326631, 0.46859639892371824, 0.46859639892371824, 0.41919469679228144, 0.41919469679228144, 0.21081378385256389, 0.21081378385256389, 0.019531539249230075, 0.019531539249230075, 0.5000002200336833], "layer_ochiai_score": [0.5767431021209712, 0.5767431021209712, 0.4264351930445835, 0.4264351930445835, 0.25401442841107713, 0.25401442841107713, 0.06635340264594283, 0.06635340264594283, 0.0042513912631369855, 0.0042513912631369855, 0.8834329167737921], "layer_D_star_score": [78.17909539696701, 78.17909539696701, 43.32102390964132, 43.32102390964132, 16.77529275405584, 16.77529275405584, 2.3718511302682486, 2.3718511302682486, 0.03890957481408364, 0.03890957481408364, 1031.9003923836528], "layer_Op2_score": [124.25629572045924, 124.25629572045924, 76.27561589515118, 76.27561589515118, 35.544145150249506, 35.544145150249506, 6.560961206892392, 6.560961206892392, 0.25751046312299447, 0.25751046312299447, 289.2917286061349], "layer_Barinel_score": [0.7685083670370672, 0.7685083670370672, 0.7537169175018259, 0.7537169175018259, 0.6642947403487449, 0.6642947403487449, 0.3089687471747383, 0.3089687471747383, 0.028696833954200522, 0.028696833954200522, 0.7804539873021739], "time": 4.917988538742065}