{"neuron_counts": [100, 100, 150, 150, 200, 200, 200, 200, 200, 200, 4], "neuron_counts_selected": [100, 100, 100, 100, 100, 100, 100, 100, 100, 100, 4], "layer_tarantula_score": [0.5054410735403895, 0.5054410735403895, 0.5116946452074354, 0.49568186341108605, 0.47569427840373707, 0.5029508034016946, 0.3980370585183197, 0.4391698545589293, 0.15447232020217044, 0.11421421133269184, 0.5000002200336833], "layer_ochiai_score": [0.5937932843475369, 0.5937932843475369, 0.5391767084697592, 0.48688025113467126, 0.38194800584988586, 0.3667200801271602, 0.1870776597620677, 0.21107198215969078, 0.02779077178398399, 0.03288281809502064, 0.8834329167737921], "layer_D_star_score": [89.31089649038827, 89.31089649038827, 127.02726579702966, 95.20744505400063, 66.05611504852152, 65.83867101809673, 27.166989431905613, 26.20644027092156, 0.17266192094035532, 0.6109855323760139, 1031.9003923836528], "layer_Op2_score": [130.47356640950008, 130.47356640950008, 118.41520244750589, 102.03466176631576, 73.73625613094745, 70.19250455369178, 31.939992099921568, 35.16525430201935, 1.7944826525036965, 3.288012145452232, 289.2917286061349], "layer_Barinel_score": [0.7830201147093748, 0.7830201147093748, 0.7841196348969082, 0.7699646607397652, 0.7202762295321433, 0.7333817822423879, 0.5113490278084015, 0.5773201124452038, 0.18509778410894356, 0.15047460934852408, 0.7804539873021739], "time": 2.843635320663452}