{"neuron_counts": [100, 100, 150, 150, 200, 200, 200, 200, 200, 200, 4], "neuron_counts_selected": [100, 100, 100, 100, 100, 100, 100, 100, 100, 100, 4], "layer_tarantula_score": [0.48406227213798064, 0.48406227213798064, 0.47434085110059426, 0.4534053701995367, 0.42369877411519424, 0.4209226286563591, 0.23618542271632192, 0.2115796541052662, 0.016621833708312824, 0.024034682484972907, 0.500000326339946], "layer_ochiai_score": [0.5770988343502332, 0.5770988343502332, 0.4144137699505038, 0.3967422130211024, 0.24483459371092553, 0.25942072913023373, 0.07587514677297519, 0.07078057724473409, 0.0029429195351691473, 0.00560317772431417, 0.883175860177465], "layer_D_star_score": [52.72454012280321, 52.72454012280321, 25.115774857122208, 26.137948466406993, 9.636353501648, 8.968517409876624, 1.5357985465493758, 3.312394509342419, 0.016275023710232147, 0.03458236247654566, 691.3623793411284], "layer_Op2_score": [83.49892220103179, 83.49892220103179, 47.843555769186125, 46.320850422052814, 22.210889466804538, 23.564898413395696, 4.971169683446995, 5.371662544888321, 0.10047321522640403, 0.21484107421236887, 194.01785889668054], "layer_Barinel_score": [0.7679740386161308, 0.7679740386161308, 0.7583371710145858, 0.7406349112569628, 0.6653939944829712, 0.664075843328497, 0.3421262268644443, 0.3113279174653299, 0.02350837752864329, 0.03941555760792781, 0.78], "time": 2.7496509552001953}