{"neuron_counts": [100, 100, 150, 150, 200, 200, 200, 200, 200, 200, 4], "neuron_counts_selected": [100, 100, 150, 150, 200, 200, 200, 200, 200, 200, 4], "layer_tarantula_score": [0.48406227213798064, 0.48406227213798064, 0.46903542143625415, 0.46903542143625415, 0.4194112773883623, 0.4194112773883623, 0.21019777957467697, 0.21019777957467697, 0.019595856045551047, 0.019595856045551047, 0.500000326339946], "layer_ochiai_score": [0.5770988343502332, 0.5770988343502332, 0.4268338840569853, 0.4268338840569853, 0.2537767359973977, 0.2537767359973977, 0.06639497547190122, 0.06639497547190122, 0.004349911263890955, 0.004349911263890955, 0.883175860177465], "layer_D_star_score": [52.72454012280321, 52.72454012280321, 29.183274598533778, 29.183274598533778, 11.175863242887116, 11.175863242887116, 1.6136433810106516, 1.6136433810106516, 0.027592811166349207, 0.027592811166349207, 691.3623793411284], "layer_Op2_score": [83.49892220103179, 83.49892220103179, 51.2552044236429, 51.2552044236429, 23.770525648748865, 23.770525648748865, 4.429829499991977, 4.429829499991977, 0.17919776978076912, 0.17919776978076912, 194.01785889668054], "layer_Barinel_score": [0.7679740386161308, 0.7679740386161308, 0.7538079136572059, 0.7538079136572059, 0.6643509163513812, 0.6643509163513812, 0.30809184138662943, 0.30809184138662943, 0.028833850186092636, 0.028833850186092636, 0.78], "time": 4.140906810760498}