{"neuron_counts": [100, 100, 150, 150, 200, 200, 200, 200, 200, 200, 4], "neuron_counts_selected": [100, 100, 100, 100, 100, 100, 100, 100, 100, 100, 4], "layer_tarantula_score": [0.4841591301326631, 0.4841591301326631, 0.47326027468494103, 0.4521169700315077, 0.4215647171939513, 0.4231779699466932, 0.23555475356050082, 0.21302481288996122, 0.01664173815986142, 0.02427206587866017, 0.5000002200336833], "layer_ochiai_score": [0.5767431021209712, 0.5767431021209712, 0.4134560126016341, 0.39655000324336986, 0.2441292553826002, 0.2603823082634742, 0.07533704142258527, 0.07090886076249245, 0.0028722649848607375, 0.005582607498342132, 0.8834329167737921], "layer_D_star_score": [78.17909539696701, 78.17909539696701, 37.02173424439006, 38.92440462261722, 14.43013722040518, 13.536605906932689, 2.2065591406317635, 4.977646794441539, 0.023479398036608676, 0.04871554021434593, 1031.9003923836528], "layer_Op2_score": [124.25629572045924, 124.25629572045924, 70.97783671477099, 69.01158681730415, 33.09293850591704, 35.32485846317533, 7.279916615072564, 8.032056750134355, 0.14496574874334134, 0.3138904398273307, 289.2917286061349], "layer_Barinel_score": [0.7685083670370672, 0.7685083670370672, 0.7578276516381732, 0.739798091067395, 0.6632092608259609, 0.6658866653099583, 0.34221347833523086, 0.31264559022550187, 0.023450287972218258, 0.03967187094255824, 0.7804539873021739], "time": 2.9770524501800537}