{"neuron_counts": [50176, 50176, 25088, 50176, 50176, 25088, 25088, 25088, 5376, 10752, 10752, 10752, 10752, 10], "neuron_counts_selected": [1000, 1000, 1000, 1000, 1000, 1000, 1000, 1000, 1000, 1000, 1000, 1000, 1000, 10], "layer_tarantula_score": [0.4623373977410839, 0.4544889002931292, 0.46538836269303263, 0.44842137257155473, 0.4254474548225593, 0.4554175000395718, 0.45851408891414147, 0.41201703726820443, 0.46685372600045416, 0.35245381022697836, 0.3007954286908581, 0.2946993739084952, 0.29989228165525983, 0.489073578889117], "layer_ochiai_score": [0.5010491267196642, 0.4041215292041647, 0.5440927471132361, 0.38703618223117686, 0.2806680290512374, 0.418553802297981, 0.39442223402537435, 0.25088333889293307, 0.4926535392377684, 0.27098513602179497, 0.17904521784883448, 0.18423235253389283, 0.18633151575890605, 0.7772853264360011], "layer_D_star_score": [12.42404405249656, 5.693456181484932, 19.847868395004316, 7.212914577262058, 2.2866903140226094, 8.506348095547565, 8.424259225679167, 1.6024800546517353, 15.860718773129578, 9.74627288178015, 1.8141315277189227, 2.0541402997012916, 2.146259816662373, 109.2241311491625], "layer_Op2_score": [25.54289086869281, 17.01370474535483, 30.232936858200546, 16.65010329982962, 9.33927787306202, 18.892921426406044, 17.20366220096846, 7.675201058892084, 25.502990868592825, 12.177104609416883, 5.839937901727313, 6.246693045238279, 6.322885425713744, 60.11000307691125], "layer_Barinel_score": [0.7178107366612834, 0.7090304276104322, 0.721161942763687, 0.6968985364532301, 0.6630824719441963, 0.7076121506290318, 0.7097694243332812, 0.6427014762871436, 0.7204854925556379, 0.551350201323767, 0.4702379628205795, 0.46532755515217833, 0.47020519883535916, 0.7415856645955476], "time": 15.316216230392456}