{"neuron_counts": [50176, 50176, 25088, 50176, 50176, 25088, 25088, 25088, 5376, 10752, 10752, 10752, 10752, 10], "neuron_counts_selected": [500, 500, 500, 500, 500, 500, 500, 500, 500, 500, 500, 500, 500, 10], "layer_tarantula_score": [0.22452152663033825, 0.3905079532418265, 0.4274916301338972, 0.4096424526795721, 0.3716626867255963, 0.4154194060972896, 0.4344710410440685, 0.3441260794538047, 0.44600407760271116, 0.3219003087115301, 0.23993004861703301, 0.22590634212183555, 0.22138258801789162, 0.4767943978763143], "layer_ochiai_score": [0.10146332963507027, 0.21640753130849086, 0.32758676557583793, 0.2385171476919289, 0.18006970159090038, 0.29197009805832036, 0.32794844831430686, 0.17161642960278983, 0.3671576033341639, 0.22937617963978277, 0.11244471433704252, 0.11111877765221333, 0.10543710944575324, 0.5879885947595535], "layer_D_star_score": [0.4039250984444142, 1.4201500361781931, 4.641582029095415, 1.7163245169651704, 0.6472294246910653, 2.6065233671473402, 4.410695892723601, 0.6096789663707132, 6.298518072350512, 6.724916136966132, 0.49703761366281785, 0.6085983269330888, 0.5076443832524108, 24.609525191263884], "layer_Op2_score": [2.5675552258798984, 6.497439888323492, 12.882261157580166, 7.331529770347033, 4.511086099607299, 10.134231312602639, 12.400298504328841, 4.3108460850073556, 15.391685726870286, 9.534971721308757, 2.857996928781036, 3.0014313972022992, 2.7336979965769226, 34.33192480028923], "layer_Barinel_score": [0.3412015980227183, 0.599309319944058, 0.6718654800917668, 0.6339407833837479, 0.5722159271501698, 0.6529274914689733, 0.6823206041201559, 0.5309389443659299, 0.6956721409967493, 0.501430638510503, 0.36668463009827473, 0.3409863879905175, 0.3381231085876531, 0.7307197509160319], "time": 6.972278594970703}