{"neuron_counts": [50176, 50176, 25088, 50176, 50176, 25088, 25088, 25088, 5376, 10752, 10752, 10752, 10752, 10], "neuron_counts_selected": [500, 500, 500, 500, 500, 500, 500, 500, 500, 500, 500, 500, 500, 10], "layer_tarantula_score": [0.1052632545417488, 0.3223437812862041, 0.3804349183915246, 0.3454739202466296, 0.3346257654313984, 0.3984437112721755, 0.42395071425282305, 0.31493198091499086, 0.42731421037875494, 0.30410566011439505, 0.1900441384802224, 0.19634354521624367, 0.18903500697576417, 0.45560915105479377], "layer_ochiai_score": [0.046425578918352264, 0.15337046428682938, 0.2438613302495553, 0.16681860816479285, 0.14169498838391675, 0.24037129722702344, 0.29050786374811904, 0.13939895107145597, 0.31661177544447106, 0.20128022302131893, 0.0807328272795186, 0.08486600869063092, 0.08002689457167145, 0.46439048340233374], "layer_D_star_score": [0.11284463406605644, 0.7887786892048808, 2.4432948149538785, 0.7930824869421571, 0.3578761475392598, 1.481306365094931, 3.093853391319374, 0.3842233724268091, 4.154946830532832, 5.166267279627289, 0.25396849570845975, 0.33982214987063397, 0.26570061162616576, 9.817194204732296], "layer_Op2_score": [1.047828528167208, 4.222642075130476, 8.505060473228953, 4.356315776831622, 3.132891257525934, 7.293385941792526, 10.053912547859435, 3.1743287987046265, 12.09840171074726, 7.952179020680708, 1.824544265768207, 2.047428576828551, 1.8396742559451726, 22.26653966715513], "layer_Barinel_score": [0.16051499351706153, 0.48387609131151316, 0.59661027301255, 0.5258993680515706, 0.507420911289186, 0.6245346940895707, 0.6689659808482007, 0.4790620292203385, 0.6659314653441373, 0.46763348606886684, 0.2920981118685285, 0.2937656119525902, 0.28575904312379746, 0.7065351518626775], "time": 6.862817049026489}