{"neuron_counts": [50176, 50176, 25088, 50176, 50176, 25088, 25088, 25088, 5376, 10752, 10752, 10752, 10752, 10], "neuron_counts_selected": [2000, 2000, 2000, 2000, 2000, 2000, 2000, 2000, 2000, 2000, 2000, 2000, 2000, 10], "layer_tarantula_score": [0.464607524748964, 0.4504145367186968, 0.46767124158839063, 0.45290990065664544, 0.4234376507413279, 0.457544003468218, 0.4592771975312679, 0.41531222193022915, 0.46786811377819265, 0.3552473687311873, 0.2921338005624076, 0.29606319228570244, 0.29644096238443834, 0.49120599356906464], "layer_ochiai_score": [0.5002190068702326, 0.398106611186936, 0.5387789128320084, 0.3827166798783421, 0.2766985865528644, 0.42038857963317416, 0.4069518546959458, 0.255695585317411, 0.4931156673491236, 0.2736237705095002, 0.17471969308163304, 0.1756741970870669, 0.1764554375867237, 0.7801755406822496], "layer_D_star_score": [22.857366674917653, 10.240713912252685, 35.95257752434458, 13.226273831738862, 3.9932655023200354, 16.237802866869508, 16.7202793558918, 3.089300537295145, 29.324442812426415, 16.480826106967122, 3.320063055320396, 3.360972736570504, 3.4391812450985926, 205.72417688536578], "layer_Op2_score": [47.293090113493356, 30.998968744996088, 55.14757638906182, 30.49212235020793, 16.938131448928914, 35.54128711648669, 33.56728336056374, 14.676447098422354, 47.44930108639469, 22.45293488179699, 10.686063196382692, 10.641708600046549, 10.826808511798227, 112.46390832158487], "layer_Barinel_score": [0.7154738867781911, 0.7002052374964994, 0.7183437582570463, 0.6987768972534457, 0.6575632320070995, 0.7048196495876065, 0.7072720524649062, 0.6405642612071742, 0.7169974527137297, 0.5545697587151533, 0.4535876701089536, 0.462689399598486, 0.46090610473714777, 0.7389433713876266], "time": 31.537667751312256}