{"neuron_counts": [50176, 50176, 25088, 50176, 50176, 25088, 25088, 25088, 5376, 10752, 10752, 10752, 10752, 10], "neuron_counts_selected": [500, 500, 500, 500, 500, 500, 500, 500, 500, 500, 500, 500, 500, 10], "layer_tarantula_score": [0.24910064480305422, 0.40822423751002795, 0.4307538536098339, 0.40840293430340097, 0.3693071930727545, 0.4139963599960762, 0.4428211408398663, 0.3526835368831634, 0.4550519865632487, 0.3156616784755284, 0.19659349426479386, 0.2421065232845876, 0.21418167661584814, 0.4804609251514126], "layer_ochiai_score": [0.12086476062106688, 0.22063004158531332, 0.334472973569956, 0.2300213223742712, 0.17420348366860527, 0.282147325725563, 0.3174205690083527, 0.17171923331114486, 0.3942882136000204, 0.222289596231443, 0.09592873225517255, 0.1137860002661984, 0.1004757910325282, 0.5938412509874131], "layer_D_star_score": [0.9935750443225687, 2.479172548880335, 8.782229608080117, 2.805066818090125, 1.0490177333982822, 4.393506174392331, 6.758881689387971, 1.1371471291146367, 13.322175714971003, 11.71481533501988, 0.9356152559216263, 1.037175882416068, 0.9499069882247496, 47.875893494084096], "layer_Op2_score": [6.036461745805167, 11.992162666453332, 24.67353726916303, 12.746224124965192, 7.910158098867801, 17.763307035124505, 21.11799920789265, 8.006794234699193, 31.73972870572558, 17.235988339425358, 4.705950373175182, 5.475829907703485, 4.893287273121414, 64.88195081458824], "layer_Barinel_score": [0.3766142041437428, 0.6264127664859792, 0.6718464159414486, 0.6220205295617901, 0.5603737477808252, 0.6457019424412591, 0.6859719196233586, 0.5393043383193806, 0.7027707204113152, 0.49002731280130285, 0.3014389701367217, 0.3692712812467614, 0.32268197180774366, 0.7293256955818551], "time": 8.309236764907837}