{"neuron_counts": [50176, 50176, 25088, 50176, 50176, 25088, 25088, 25088, 5376, 10752, 10752, 10752, 10752, 10], "neuron_counts_selected": [1000, 1000, 1000, 1000, 1000, 1000, 1000, 1000, 1000, 1000, 1000, 1000, 1000, 10], "layer_tarantula_score": [0.5053766297078034, 0.5107390359470071, 0.5003234518851098, 0.5166665766137674, 0.5263839279607535, 0.5133492492903925, 0.5210689676572506, 0.5261175562845729, 0.509957670835705, 0.4701857408872656, 0.45086596192989054, 0.439892608059365, 0.449779797478261, 0.49914147192690084], "layer_ochiai_score": [0.537571209669903, 0.4579619798908249, 0.5971272136773658, 0.4768991782026138, 0.36492460955495637, 0.49708546987426705, 0.4909076072856556, 0.3367741511796002, 0.567674797124657, 0.42491307819697743, 0.3008916443655487, 0.3088181381853249, 0.31228709103293817, 0.7987408044363431], "layer_D_star_score": [31.326577821898248, 17.823980768623795, 59.14800703315614, 34.61010583580399, 12.235461682377649, 34.05732817909806, 44.7933987525391, 9.831265010448163, 56.76938453388261, 68.5959527323428, 16.202963002391414, 18.127076927525003, 19.550792295595205, 241.10407111072635], "layer_Op2_score": [53.68730746890246, 39.94327102943274, 67.15752672418176, 46.12084706636862, 28.292436595961682, 48.762764240302985, 49.24605354558256, 24.595394588916985, 62.01276538544371, 46.9254502821711, 25.023797541074266, 26.35731807013252, 26.924639357516423, 117.43906213641813], "layer_Barinel_score": [0.7454175700842594, 0.7461136961420279, 0.7431076200899761, 0.7443483004990842, 0.7369366486751173, 0.7464119012761403, 0.7509550189766888, 0.7298677509804928, 0.7482613429088844, 0.6658609144068881, 0.6231754012703198, 0.6166784809354735, 0.6227494431895566, 0.7449692769828574], "time": 15.251094102859497}