{"neuron_counts": [50176, 50176, 25088, 50176, 50176, 25088, 25088, 25088, 5376, 10752, 10752, 10752, 10752, 10], "neuron_counts_selected": [500, 500, 500, 500, 500, 500, 500, 500, 500, 500, 500, 500, 500, 10], "layer_tarantula_score": [0.5039367952076025, 0.5038120836658115, 0.5027390329697102, 0.5183271353763942, 0.5128716879428197, 0.5128339936462915, 0.5176895874412003, 0.532661012367777, 0.5040135234681181, 0.4682499293223751, 0.4413724773043506, 0.4387960985139918, 0.47739166460319793, 0.49914147192690084], "layer_ochiai_score": [0.5330983154969817, 0.43989990481707103, 0.6008480189846125, 0.4694690502645009, 0.3588923542308878, 0.5021819241553858, 0.5057989591584429, 0.3422971710653307, 0.5742089905067143, 0.43122844875890726, 0.2899692013950912, 0.31531534815111345, 0.3111217371640237, 0.7987408044363431], "layer_D_star_score": [30.559974329171563, 15.68779224596041, 62.01480937308907, 33.55829841765969, 11.946452534515739, 34.67255754947166, 49.2253673452649, 9.601573558426368, 60.60800513702587, 70.25396860426594, 16.36319100695391, 18.73238142274966, 16.9423723787451, 241.10407111072635], "layer_Op2_score": [52.973727859768, 37.37685253514279, 67.93251891368912, 45.468060739651946, 27.850041654871806, 49.37022148737452, 52.02551647769165, 24.828183629366027, 63.63381372092713, 47.5373669044878, 24.16958113796234, 27.188133360757437, 25.748069557079713, 117.43906213641813], "layer_Barinel_score": [0.7446194272532651, 0.7390444147708306, 0.7449887053828333, 0.7397540138228124, 0.7205109875322357, 0.7475532786270503, 0.7483847112814528, 0.7375739841857546, 0.7441537026223395, 0.6671782509069424, 0.6119683801990647, 0.615396745008446, 0.6483857990433685, 0.7449692769828574], "time": 8.6538667678833}