{"neuron_counts": [492032, 123008, 215296, 53824, 93312, 21632, 30976, 6400, 6400, 1], "neuron_counts_selected": [1000, 1000, 1000, 1000, 1000, 1000, 1000, 1000, 1000, 1], "layer_tarantula_score": [1.0, 1.0, 0.736, 0.741, 0.577, 0.539, 0.357, 0.362, 0.38, 1.0], "layer_ochiai_score": [0.7310232268769178, 0.9821339491033046, 0.7359985280044161, 0.740998518004446, 0.5769988460034621, 0.538998922003234, 0.3569992860021421, 0.361999276002172, 0.37999924000227997, 0.9999980000060001], "layer_D_star_score": [19.08782131612453, 2581514.387644755, 4600000.000010721, 4631250.000010794, 3606250.0000084047, 3368750.000007851, 2231250.0000052, 2262500.0000052727, 2375000.0000055353, 6250000.000014566], "layer_Op2_score": [13.488, 24.124, 18.4, 18.525, 14.425, 13.475, 8.925, 9.05, 9.5, 25.0], "layer_Barinel_score": [1.0, 1.0, 0.736, 0.741, 0.577, 0.539, 0.357, 0.362, 0.38, 1.0], "time": 3.9913034439086914}