{"neuron_counts": [492032, 123008, 215296, 53824, 93312, 21632, 30976, 6400, 6400, 1], "neuron_counts_selected": [100, 100, 100, 100, 100, 100, 100, 100, 100, 1], "layer_tarantula_score": [1.0, 1.0, 0.76, 0.73, 0.68, 0.63, 0.36, 0.4, 0.36, 1.0], "layer_ochiai_score": [0.7293929866499376, 0.9865949598697417, 0.7599984800045602, 0.72999854000438, 0.6799986400040801, 0.6299987400037801, 0.35999928000216, 0.3999992000024001, 0.3599992800021601, 0.9999980000060001], "layer_D_star_score": [19.621184144679052, 3062749.095257661, 4750000.000011069, 4562500.000010632, 4250000.000009904, 3937500.0000091754, 2250000.000005244, 2500000.0000058264, 2250000.000005244, 6250000.000014566], "layer_Op2_score": [13.46, 24.34, 19.0, 18.25, 17.0, 15.75, 9.0, 10.0, 9.0, 25.0], "layer_Barinel_score": [1.0, 1.0, 0.76, 0.73, 0.68, 0.63, 0.36, 0.4, 0.36, 1.0], "time": 0.46294403076171875}