{"neuron_counts": [4, 4, 4, 4, 4, 4, 1], "neuron_counts_selected": [4, 4, 4, 4, 4, 4, 1], "layer_tarantula_score": [0.6871404541365096, 0.6871404541365096, 0.6871404541365096, 0.5, 0.5, 0.5, 0.0], "layer_ochiai_score": [0.36715836873398033, 0.36173199270394807, 0.36173199270394807, 0.16378399450143152, 0.16378399450143152, 0.16378399450143152, 0.0], "layer_D_star_score": [3.843225088264135, 3.5735566883808314, 3.5735566883808314, 0.7778318454394911, 0.7778318454394911, 0.7778318454394911, 0.0], "layer_Op2_score": [8.951319278409704, 8.68068148308061, 8.68068148308061, 2.9838662520051003, 2.9838662520051003, 2.9838662520051003, 0.0], "layer_Barinel_score": [0.7293009321558332, 0.7293009321558332, 0.7293009321558332, 0.5, 0.5, 0.5, 0.0], "time": 0.13148999214172363}