{"neuron_counts": [4, 4, 4, 4, 4, 4, 1], "neuron_counts_selected": [4, 4, 4, 4, 4, 4, 1], "layer_tarantula_score": [0.4814819101473988, 0.4814819101473988, 0.4814819101473988, 0.25, 0.25, 0.25, 0], "layer_ochiai_score": [0.23624103716000122, 0.23461045031712566, 0.23461045031712566, 0.057570660783915276, 0.057570660783915276, 0.057570660783915276, 0], "layer_D_star_score": [1.1975437285249444, 1.1324398747908355, 1.1324398747908355, 0.08310062902150722, 0.08310062902150722, 0.08310062902150722, 0], "layer_Op2_score": [3.795454700411814, 3.732954700411814, 3.732954700411814, 0.5625, 0.5625, 0.5625, 0], "layer_Barinel_score": [0.5340909090909091, 0.5340909090909091, 0.5340909090909091, 0.25, 0.25, 0.25, 0], "time": 0.11497020721435547}