{"neuron_counts": [4, 4, 4, 4, 4, 4, 1], "neuron_counts_selected": [4, 4, 4, 4, 4, 4, 1], "layer_tarantula_score": [0.468000552842584, 0.46018649685684343, 0.46018649685684343, 0.3875005499966999, 0.3875005499966999, 0.3875005499966999, 0.503938793466058], "layer_ochiai_score": [0.34589344269920086, 0.3301609169038642, 0.3301609169038642, 0.192363655630578, 0.192363655630578, 0.192363655630578, 0.8447406769859936], "layer_D_star_score": [2.892871749958544, 2.3349339745237705, 2.3349339745237705, 0.5142281506241967, 0.5142281506241967, 0.5142281506241967, 85.33262222814807], "layer_Op2_score": [6.386364669412097, 5.823864669412096, 5.823864669412096, 2.5397729338824186, 2.5397729338824186, 2.5397729338824186, 31.181825619767093], "layer_Barinel_score": [0.7000868055555556, 0.6952205882352942, 0.6952205882352942, 0.47916666666666663, 0.47916666666666663, 0.47916666666666663, 0.7804878048780488], "time": 0.11304831504821777}