{"neuron_counts": [10, 10, 10, 10, 10, 1], "neuron_counts_selected": [10, 10, 10, 10, 10, 1], "layer_tarantula_score": [0.42220548166007515, 0.42220548166007515, 0.2655819352716746, 0.2655819352716746, 0.2655819352716746, 0.49999998150207037], "layer_ochiai_score": [0.33766470554582756, 0.33766470554582756, 0.14330845117780766, 0.14330845117780766, 0.14330845117780766, 0.7002739848431035], "layer_D_star_score": [4.31166186032412, 4.31166186032412, 1.687800172291678, 1.687800172291678, 1.687800172291678, 49.075379103058296], "layer_Op2_score": [13.611667330245686, 13.611667330245686, 4.66555576748932, 4.66555576748932, 4.66555576748932, 50.01852033607345], "layer_Barinel_score": [0.41334886604701626, 0.41334886604701626, 0.26029220779220774, 0.26029220779220774, 0.26029220779220774, 0.4903846153846154], "time": 0.12642621994018555}