{"neuron_counts": [16, 16, 16, 1, 1], "neuron_counts_selected": [16, 16, 16, 1, 1], "layer_tarantula_score": [0.6325430077177181, 0.6325430077177181, 0.6325430077177181, 0.253680462116736, 0.253680462116736], "layer_ochiai_score": [0.5909796448102735, 0.5909796448102735, 0.5909796448102735, 0.17412847203970197, 0.17412847203970197], "layer_D_star_score": [79.85973213462142, 79.85973213462142, 79.85973213462142, 1.5897493894979031, 1.5897493894979031], "layer_Op2_score": [73.7886694974396, 73.7886694974396, 73.7886694974396, 15.88032783303215, 15.88032783303215], "layer_Barinel_score": [0.6266685435715216, 0.6266685435715216, 0.6266685435715216, 0.2481322989803082, 0.2481322989803082], "time": 0.2046222686767578}