{"neuron_counts": [16, 16, 16, 1, 1], "neuron_counts_selected": [16, 16, 16, 1, 1], "layer_tarantula_score": [0.5439144733103853, 0.5439144733103853, 0.5439144733103853, NaN, NaN], "layer_ochiai_score": [0.3700820691948619, 0.3700820691948619, 0.3700820691948619, NaN, NaN], "layer_D_star_score": [14.112273998084119, 14.112273998084119, 14.112273998084119, NaN, NaN], "layer_Op2_score": [33.59842554153065, 33.59842554153065, 33.59842554153065, -0.05305111134259464, -0.05305111134259464], "layer_Barinel_score": [0.5383017406922285, 0.5383017406922285, 0.5383017406922285, NaN, NaN], "time": 0.34775209426879883}