{"neuron_counts": [16, 16, 16, 1, 1], "neuron_counts_selected": [16, 16, 16, 1, 1], "layer_tarantula_score": [0.5652840371641442, 0.5652840371641442, 0.5652840371641442, 0, 0], "layer_ochiai_score": [0.26139796187583725, 0.26139796187583725, 0.26139796187583725, 0, 0], "layer_D_star_score": [3.650334041990308, 3.650334041990308, 3.650334041990308, 0, 0], "layer_Op2_score": [15.379599356799917, 15.379599356799917, 15.379599356799917, 0, 0], "layer_Barinel_score": [0.5699311533568362, 0.5699311533568362, 0.5699311533568362, 0, 0], "time": 0.198744535446167}