{"neuron_counts": [128, 128, 128, 1], "neuron_counts_selected": [100, 100, 100, 1], "layer_tarantula_score": [0.42214299711065423, 0.3020202563367935, 0.26584166859417663, 1.0], "layer_ochiai_score": [0.5344098844152955, 0.46887170204370865, 0.3949727050940301, 0.9586385289963563], "layer_D_star_score": [3.5505240670715534, 9.436101051519278, 6.893123598737754, 128.69521754312393], "layer_Op2_score": [4.236031696198444, 4.314611597002622, 3.520099778990766, 11.344958662986755], "layer_Barinel_score": [0.7656911298223722, 0.5940365637774696, 0.5164341125489532, 1.0], "time": 0.3917691707611084}