{"neuron_counts": [128, 128, 128, 1], "neuron_counts_selected": [100, 100, 100, 1], "layer_tarantula_score": [0.7277542590992203, 0.43040237111452834, 0.5152505897643965, 1.0], "layer_ochiai_score": [0.6450069175167767, 0.6064826230408137, 0.6066311397183669, 0.9586385289963563], "layer_D_star_score": [8.947801321429289, 23.4834242197178, 26.785614438833328, 128.69521754312393], "layer_Op2_score": [5.732426913868275, 6.412599378650911, 6.094588412010665, 11.344958662986755], "layer_Barinel_score": [0.8999380904499356, 0.6953720982462633, 0.7513057233263892, 1.0], "time": 0.39308691024780273}