{"neuron_counts": [128, 128, 128, 1], "neuron_counts_selected": [100, 100, 100, 1], "layer_tarantula_score": [0.5674331256069228, 0.2820665667630646, 0.34231197684533754, 1.0], "layer_ochiai_score": [0.5418706837813082, 0.4269702164357757, 0.4439516114767611, 0.9354085004086274], "layer_D_star_score": [2.008500073840727, 4.388805699582473, 4.029642536334487, 48.995100489951014], "layer_Op2_score": [2.6905733875537483, 2.5310799340022, 2.4211116896103473, 7.0], "layer_Barinel_score": [0.791025, 0.5038065079365076, 0.5725236111111112, 1.0], "time": 0.15859580039978027}