{"neuron_counts": [128, 128, 128, 1], "neuron_counts_selected": [100, 100, 100, 1], "layer_tarantula_score": [0.4977151147428809, 0.31974845633383286, 0.2789766444736254, 1.0], "layer_ochiai_score": [0.5096029156695113, 0.47466129227655957, 0.41676939133455737, 0.9586385289963563], "layer_D_star_score": [2.779047150039733, 8.000541793698705, 10.812714315307963, 128.69521754312393], "layer_Op2_score": [3.809146474311791, 4.116287905085397, 3.9428710962519165, 11.344958662986755], "layer_Barinel_score": [0.7837433634700292, 0.628774746536058, 0.5117570271941502, 1.0], "time": 0.3065974712371826}