{"neuron_counts": [128, 128, 128, 1], "neuron_counts_selected": [128, 128, 128, 1], "layer_tarantula_score": [0.32088593801389026, 0.1826847986537372, 0.1826847986537372, 1.0], "layer_ochiai_score": [0.20454207514326142, 0.14603245758972822, 0.14603245758972822, 0.9586385289963563], "layer_D_star_score": [0.3063185552495715, 1.5370329118114645, 1.5370329118114645, 128.69521754312393], "layer_Op2_score": [1.034583520212008, 0.9835158928234154, 0.9835158928234154, 11.344958662986755], "layer_Barinel_score": [0.4430211543335034, 0.24843094246301392, 0.24843094246301392, 1.0], "time": 0.17655014991760254}