{"neuron_counts": [3557, 3557, 2], "neuron_counts_selected": [2000, 2000, 2], "layer_tarantula_score": [0.4999993688951702, 0.10389378311626066, 0.5903176090133426], "layer_ochiai_score": [0.2714290102855975, 0.05635908040687164, 0.30396555005929154], "layer_D_star_score": [2.899983981686141, 0.6018253447757462, 3.717880785945589], "layer_Op2_score": [35.46462890778333, 7.359439572551353, 32.144772805304605], "layer_Barinel_score": [0.07367390967824727, 0.015303645333812267, 0.10285564613528367], "time": 10.132755994796753}