{"neuron_counts": [3557, 3557, 2], "neuron_counts_selected": [200, 200, 2], "layer_tarantula_score": [0.49999936889517016, 0.49999936889517016, 0.49999936889517016], "layer_ochiai_score": [0.27142901028559757, 0.27142901028559757, 0.27142901028559757], "layer_D_star_score": [2.89998398168614, 2.89998398168614, 2.8999839816861397], "layer_Op2_score": [35.46462890778333, 35.46462890778333, 35.464628907783336], "layer_Barinel_score": [0.07367390967824727, 0.07367390967824727, 0.07367390967824727], "time": 1.2999076843261719}