{"neuron_counts": [3557, 3557, 2], "neuron_counts_selected": [500, 500, 2], "layer_tarantula_score": [NaN, 0.08404989391127812, NaN], "layer_ochiai_score": [NaN, 0.04562721662900898, NaN], "layer_D_star_score": [NaN, 0.4874873073214411, NaN], "layer_Op2_score": [NaN, 5.96157593885102, NaN], "layer_Barinel_score": [NaN, 0.012384584216913344, NaN], "time": 2.762014150619507}