{"neuron_counts": [3557, 3557, 2], "neuron_counts_selected": [100, 100, 2], "layer_tarantula_score": [0.4999993688951701, 0.22525945909117387, 0.594315838085802], "layer_ochiai_score": [0.27142901028559757, 0.12159548366981632, 0.3119375886804477], "layer_D_star_score": [2.8999839816861406, 1.2934979693566566, 3.9426339856798895], "layer_Op2_score": [35.46462890778332, 15.810236887442848, 33.36438946783978], "layer_Barinel_score": [0.07367390967824726, 0.03322745139457842, 0.10440599132006773], "time": 0.5845165252685547}