{"neuron_counts": [3557, 3557, 2], "neuron_counts_selected": [500, 500, 2], "layer_tarantula_score": [0.4999993732671917, 0.12402020976673463, NaN], "layer_ochiai_score": [0.2714290124860035, 0.06732487385976846, NaN], "layer_D_star_score": [2.8999840325124047, 0.7194374971158362, NaN], "layer_Op2_score": [35.46462892519529, 8.787921600491117, -0.05030204902559734], "layer_Barinel_score": [0.073673910873969, 0.01827691023440214, NaN], "time": 2.6355974674224854}