{"neuron_counts": [3557, 3557, 2], "neuron_counts_selected": [500, 500, 2], "layer_tarantula_score": [0.4999993688951702, 0.23967923697893764, 0.594315838085802], "layer_ochiai_score": [0.2714290102855975, 0.1299338169724246, 0.3119375886804477], "layer_D_star_score": [2.8999839816861406, 1.3868437438852825, 3.9426339856798895], "layer_Op2_score": [35.46462890778333, 16.96781214579047, 33.36438946783978], "layer_Barinel_score": [0.07367390967824727, 0.035295328984648176, 0.10440599132006773], "time": 2.5780482292175293}