{"neuron_counts": [3557, 3557, 2], "neuron_counts_selected": [500, 500, 2], "layer_tarantula_score": [0.338580736811421, 0.09722324987689933, 0], "layer_ochiai_score": [0.12228102234856932, 0.055601953230006516, 0], "layer_D_star_score": [0.6812750715236888, 0.5925512786593611, 0], "layer_Op2_score": [9.41834038258191, 6.21058316979967, 0], "layer_Barinel_score": [0.051572358610436866, 0.016435329398855586, 0], "time": 3.0783064365386963}