{"neuron_counts": [3557, 3557, 2], "neuron_counts_selected": [2000, 2000, 2], "layer_tarantula_score": [0.49999933301296534, 0.09571673107696248, 0.5843950876616993], "layer_ochiai_score": [0.29154716599674807, 0.0557093665978123, 0.32460371533951354], "layer_D_star_score": [3.1584690823854964, 0.6027136556975023, 4.010929532536901], "layer_Op2_score": [33.00272506737736, 6.300160122100454, 30.354223609203377], "layer_Barinel_score": [0.08499999999999998, 0.01626144477184523, 0.1155844155844156], "time": 10.404965162277222}