{"neuron_counts": [3557, 3557, 2], "neuron_counts_selected": [1000, 1000, 2], "layer_tarantula_score": [0.49999933301296534, 0.09679987155530444, 0.5843950876616993], "layer_ochiai_score": [0.29154716599674807, 0.056443531702089385, 0.32460371533951354], "layer_D_star_score": [3.1584690823854964, 0.6114796230031708, 4.010929532536901], "layer_Op2_score": [33.00272506737736, 6.3892894477140425, 30.354223609203377], "layer_Barinel_score": [0.08499999999999998, 0.01645600021303257, 0.1155844155844156], "time": 6.516963005065918}