{"neuron_counts": [3557, 3557, 2], "neuron_counts_selected": [1000, 1000, 2], "layer_tarantula_score": [0.4999993688951702, 0.2200006082125878, 0.594315838085802], "layer_ochiai_score": [0.2714290102855975, 0.11942921031977255, 0.3119375886804477], "layer_D_star_score": [2.899983981686141, 1.276003246547893, 3.9426339856798895], "layer_Op2_score": [35.46462890778333, 15.60441350015612, 33.36438946783978], "layer_Barinel_score": [0.07367390967824727, 0.03241676246073337, 0.10440599132006773], "time": 5.073683738708496}