{"neuron_counts": [320, 320, 128, 128, 128, 128, 1], "neuron_counts_selected": [100, 100, 100, 100, 100, 100, 1], "layer_tarantula_score": [0.47227196027837515, 0.4681428797179376, 0.25108783552348335, 0.30497648830924934, 0.1999295660511805, 0.2153376178007165, 0.5000000022223196], "layer_ochiai_score": [0.4357357586345882, 0.429811841929261, 0.1943047576112507, 0.2552292495504375, 0.18836497864203716, 0.1970258664604837, 0.7094596535393826], "layer_D_star_score": [23.74064117237128, 22.599044302091876, 15.428285028081458, 22.732165933456862, 11.477379004969334, 11.63917142124621, 153.02674293507187], "layer_Op2_score": [59.25382095145271, 58.43028162214559, 27.064906137395933, 36.316228173381205, 26.11523420277722, 27.32311286325808, 150.00666732888845], "layer_Barinel_score": [0.4755638981497439, 0.4714435860059686, 0.2528401295883001, 0.3070735613821657, 0.2014653503515932, 0.216946637688447, 0.5033333333333334], "time": 1.8546524047851562}