{"neuron_counts": [1000, 64, 32, 1], "neuron_counts_selected": [500, 64, 32, 1], "layer_tarantula_score": [0.4825703919317092, 0.53325183152737, 0.23139879754515347, 0.5000000072621598], "layer_ochiai_score": [0.488140953681569, 0.5109502950577511, 0.29624057487666, 0.71557521726681], "layer_D_star_score": [39.61930498282352, 116.94321031463988, 72.47967360806513, 178.39495160805455], "layer_Op2_score": [81.48163221740356, 112.32764610842264, 68.87557540225436, 169.00613557905794], "layer_Barinel_score": [0.494584790011407, 0.5443720670997935, 0.23703743545611014, 0.5120481927710843], "time": 1.5163934230804443}