{"neuron_counts": [1000, 64, 32, 1], "neuron_counts_selected": [500, 64, 32, 1], "layer_tarantula_score": [0.4864945077051125, 0.53325183152737, 0.23139879754515347, 0.5000000072621598], "layer_ochiai_score": [0.49071759140318716, 0.5109502950577511, 0.29624057487666, 0.71557521726681], "layer_D_star_score": [40.14626872795408, 116.94321031463988, 72.47967360806513, 178.39495160805455], "layer_Op2_score": [81.71798804172512, 112.32764610842264, 68.87557540225436, 169.00613557905794], "layer_Barinel_score": [0.4985108961425259, 0.5443720670997935, 0.23703743545611014, 0.5120481927710843], "time": 1.5528936386108398}