{"neuron_counts": [1000, 64, 32, 1], "neuron_counts_selected": [100, 64, 32, 1], "layer_tarantula_score": [0.4714290203549556, 0.4928554847327297, 0.12182265705822103, 0.5000000072621598], "layer_ochiai_score": [0.48368130756383076, 0.3806978476678301, 0.12451840127099965, 0.71557521726681], "layer_D_star_score": [38.58824256256418, 76.73228159548268, 29.447998947495343, 178.39495160805455], "layer_Op2_score": [81.2328635130285, 75.61761464158516, 28.107014576793212, 169.00613557905794], "layer_Barinel_score": [0.48343837809788603, 0.5047539741182058, 0.12482603404690186, 0.5120481927710843], "time": 0.5800740718841553}