{"neuron_counts": [1000, 64, 32, 1], "neuron_counts_selected": [500, 64, 32, 1], "layer_tarantula_score": [0.4703474058627508, 0.4785463163961963, 0.10920040407698611, 0.5000000073505045], "layer_ochiai_score": [0.4705202356023931, 0.37085964051600795, 0.12315972717756113, 0.7156262356084273], "layer_D_star_score": [34.611804802679536, 75.87796927314523, 29.283285719163626, 177.3974053432265], "layer_Op2_score": [76.57253791427043, 74.31130066429043, 27.91295341985899, 168.00617345297934], "layer_Barinel_score": [0.4824269964658614, 0.49009721233682263, 0.11186375473484854, 0.5121212121212122], "time": 1.8032424449920654}