{"neuron_counts": [1000, 64, 32, 1], "neuron_counts_selected": [500, 64, 32, 1], "layer_tarantula_score": [0.4729055211656545, 0.4781344214025377, 0.10718962791249957, 0.5000000072621598], "layer_ochiai_score": [0.48017212346556226, 0.37600311136706405, 0.12287659408972915, 0.71557521726681], "layer_D_star_score": [37.502177115523686, 76.6697948729889, 29.44782086855595, 178.39495160805455], "layer_Op2_score": [79.88735938399793, 75.34262692295943, 28.076573386328654, 169.00613557905794], "layer_Barinel_score": [0.48491502099303957, 0.4896750850463182, 0.10982882422547333, 0.5120481927710843], "time": 1.522719383239746}