{"neuron_counts": [1000, 64, 32, 1], "neuron_counts_selected": [500, 64, 32, 1], "layer_tarantula_score": [0.46878135488515565, 0.478561024188019, 0.1092043973032902, 0.5000000072621598], "layer_ochiai_score": [0.46922249430371427, 0.3706548245106593, 0.12313642217404132, 0.71557521726681], "layer_D_star_score": [34.57831186463488, 76.3071933304003, 29.447885794523117, 178.39495160805455], "layer_Op2_score": [76.87320062786219, 74.7419945515886, 28.07799329535017, 169.00613557905794], "layer_Barinel_score": [0.4807838516322994, 0.49004235352251774, 0.11185170368975901, 0.5120481927710843], "time": 1.6128039360046387}