{"neuron_counts": [1000, 64, 32, 1], "neuron_counts_selected": [100, 64, 32, 1], "layer_tarantula_score": [0.48510704366255447, 0.5393000080556147, 0.24664729174786781, 0.5000000072621598], "layer_ochiai_score": [0.4960439573262916, 0.5155305098540556, 0.297935343579907, 0.71557521726681], "layer_D_star_score": [41.856264115260075, 117.15220499247145, 72.47985743148641, 178.39495160805455], "layer_Op2_score": [83.67736228382681, 112.74741221401092, 68.90644196690678, 169.00613557905794], "layer_Barinel_score": [0.4971305999067456, 0.550616551842054, 0.2526624354561101, 0.5120481927710843], "time": 0.5821104049682617}