{"neuron_counts": [1000, 64, 32, 1], "neuron_counts_selected": [500, 64, 32, 1], "layer_tarantula_score": [0.4859072840297846, 0.5389568313165478, 0.23362199135568107, 0.5000000072621598], "layer_ochiai_score": [0.48723836712307195, 0.5093405413215578, 0.29654851927288184, 0.71557521726681], "layer_D_star_score": [39.16425718797938, 116.72029726596836, 72.47975055735954, 178.39495160805455], "layer_Op2_score": [80.69521503238342, 112.11014227330229, 68.87615055527574, 169.00613557905794], "layer_Barinel_score": [0.4979240142327188, 0.5497902647196163, 0.239269578313253, 0.5120481927710843], "time": 1.5453307628631592}