{"neuron_counts": [1000, 64, 32, 1], "neuron_counts_selected": [500, 64, 32, 1], "layer_tarantula_score": [0.4821252926630794, 0.5416972802447217, 0.21526529093569124, 0.5000000072621598], "layer_ochiai_score": [0.48189408247307924, 0.5080644377174194, 0.293734126435921, 0.71557521726681], "layer_D_star_score": [37.808443110435235, 116.61385692023623, 72.47585606582625, 178.39495160805455], "layer_Op2_score": [79.55852791624054, 111.95504257934505, 68.78259227294953, 169.00613557905794], "layer_Barinel_score": [0.4941386907032592, 0.5524868150732138, 0.220519578313253, 0.5120481927710843], "time": 1.5130360126495361}