{"neuron_counts": [1000, 64, 32, 1], "neuron_counts_selected": [500, 64, 32, 1], "layer_tarantula_score": [0.4723600180955531, 0.47740452557046237, 0.09276290043625413, 0.5000000072621598], "layer_ochiai_score": [0.4710284065227623, 0.3686228225591869, 0.12065585517390272, 0.71557521726681], "layer_D_star_score": [34.88250510104122, 76.24195571161803, 29.444588328328063, 178.39495160805455], "layer_Op2_score": [76.9153584152427, 74.54046919592933, 27.997112351992033, 169.00613557905794], "layer_Barinel_score": [0.4843696873754794, 0.48885699851826314, 0.09505482868975904, 0.5120481927710843], "time": 1.528550148010254}