{"neuron_counts": [8640000, 2131296, 2841728, 700928, 700928, 175232, 175232, 300, 300, 1], "neuron_counts_selected": [500, 500, 500, 500, 500, 500, 500, 300, 300, 1], "layer_tarantula_score": [0.908, 0.96, 0.502, 0.486, 0.518, 0.528, 0.542, 0.45, 0.45, 1.0], "layer_ochiai_score": [0.6175310269609993, 0.8596117197172505, 0.4669220840359069, 0.4672754784911068, 0.4943684332293053, 0.5083339008403022, 0.5124875240382304, 0.43919544182142073, 0.43919544182142073, 0.9999996153848373], "layer_D_star_score": [16224669.698620819, 87205036.30691074, 67262267.25238344, 71656097.48475763, 79430084.26989393, 83824116.23029056, 85176000.0300098, 73233335.22276902, 73233335.22276902, 168999999.99438977], "layer_Op2_score": [64.218, 105.612, 58.852, 59.53, 63.788, 65.65, 65.816, 56.78333333333333, 56.78333333333333, 130.0], "layer_Barinel_score": [0.908, 0.96, 0.502, 0.486, 0.518, 0.528, 0.542, 0.45, 0.45, 1.0], "time": 29.08354926109314}