{"neuron_counts": [8640000, 2131296, 2841728, 700928, 700928, 175232, 175232, 300, 300, 1], "neuron_counts_selected": [200, 200, 200, 200, 200, 200, 200, 200, 200, 1], "layer_tarantula_score": [0.895, 0.955, 0.605, 0.59, 0.38, 0.465, 0.565, 0.45, 0.465, 1.0], "layer_ochiai_score": [0.6097095598101968, 0.848924106605691, 0.5798819061116629, 0.5754962568304072, 0.3744331582932166, 0.4464444647221753, 0.5391203928339992, 0.4422511937676317, 0.4566299633257262, 0.9999996153848373], "layer_D_star_score": [10985876.010441966, 86191015.81368949, 84500346.01277573, 92105168.11021183, 59150046.26607554, 74360000.02116252, 88725083.22298215, 73515003.24660511, 75205006.48700488, 168999999.99438977], "layer_Op2_score": [63.705, 104.325, 73.81, 73.825, 48.5, 57.44, 69.22, 57.195, 59.035, 130.0], "layer_Barinel_score": [0.895, 0.955, 0.605, 0.59, 0.38, 0.465, 0.565, 0.45, 0.465, 1.0], "time": 21.218650817871094}