{"neuron_counts": [8640000, 2131296, 2841728, 700928, 700928, 175232, 175232, 300, 300, 1], "neuron_counts_selected": [500, 500, 500, 500, 500, 500, 500, 300, 300, 1], "layer_tarantula_score": [0.820836, 0.876096, 0.31584400000000007, 0.334084, 0.28944400000000003, 0.32035600000000003, 0.256036, 0.20249999999999999, 0.20249999999999999, 1.0], "layer_ochiai_score": [0.4206050522969984, 0.710384117644428, 0.27780242351295464, 0.3165314681418706, 0.27312209403133947, 0.3028472603206215, 0.23579354531711458, 0.1929178607359754, 0.1929178607359754, 0.9999996153848373], "layer_D_star_score": [1828113.9826269841, 43957910.42293427, 38291475.46887487, 46403413.10080242, 41576900.32126318, 50381604.011934154, 38937600.012877464, 31734446.08938339, 31734446.08938339, 168999999.99438977], "layer_Op2_score": [35.81644, 82.88633999999999, 34.31191599999999, 40.07724400000001, 35.112576, 38.907452, 30.125860000000003, 24.80372222222222, 24.80372222222222, 130.0], "layer_Barinel_score": [0.820836, 0.876096, 0.31584400000000007, 0.334084, 0.28944400000000003, 0.32035600000000003, 0.256036, 0.20249999999999999, 0.20249999999999999, 1.0], "time": 100.45065689086914}