{"neuron_counts": [8640000, 2131296, 2841728, 700928, 700928, 175232, 175232, 300, 300, 1], "neuron_counts_selected": [500, 500, 500, 500, 500, 500, 500, 300, 300, 1], "layer_tarantula_score": [0.8537760000000001, 0.8835999999999999, 0.27040000000000003, 0.28302400000000005, 0.21159999999999998, 0.2304, 0.266256, 0.20249999999999999, 0.20249999999999999, 1.0], "layer_ochiai_score": [0.4251708278996632, 0.715496111273431, 0.24865539214210736, 0.26231502190718564, 0.20401695304203574, 0.21504957134580527, 0.25670042850978064, 0.19278278246535413, 0.19278278246535413, 0.9999996153848373], "layer_D_star_score": [1557710.0102518394, 45698562.2534604, 32421822.68989229, 38613872.91526097, 30096439.58350872, 34833679.74712267, 42588692.48630566, 31734445.726671148, 31734445.726671148, 168999999.99438977], "layer_Op2_score": [35.8779, 83.076312, 31.31424, 32.965028, 26.31418, 27.604952000000004, 33.103455999999994, 24.78625555555556, 24.78625555555556, 130.0], "layer_Barinel_score": [0.8537760000000001, 0.8835999999999999, 0.27040000000000003, 0.28302400000000005, 0.21159999999999998, 0.2304, 0.266256, 0.20249999999999999, 0.20249999999999999, 1.0], "time": 123.91408586502075}