{"neuron_counts": [8640000, 2131296, 2841728, 700928, 700928, 175232, 175232, 300, 300, 1], "neuron_counts_selected": [200, 200, 200, 200, 200, 200, 200, 200, 200, 1], "layer_tarantula_score": [0.8649, 0.9216, 0.28622499999999995, 0.27040000000000003, 0.25, 0.33062499999999995, 0.265225, 0.1764, 0.255025, 1.0], "layer_ochiai_score": [0.4553714287710201, 0.6775113464992807, 0.26527084514722155, 0.23248186122168696, 0.23235127210297757, 0.3216120016532787, 0.24188819303615464, 0.16285323277759725, 0.23428362380469356, 0.99999960000024], "layer_D_star_score": [2441621.741262591, 25629748.431014057, 30941796.55111894, 28890770.386548743, 33062540.18807507, 49000086.48411022, 36753906.26703971, 25000000.004276656, 34515631.049429044, 156249999.99481302], "layer_Op2_score": [38.53457499999999, 73.1002, 32.023875000000004, 27.43635, 28.71665, 39.965750000000014, 29.615949999999998, 20.077125000000002, 28.756, 125.0], "layer_Barinel_score": [0.8649, 0.9216, 0.28622499999999995, 0.27040000000000003, 0.25, 0.33062499999999995, 0.265225, 0.1764, 0.255025, 1.0], "time": 47.54375433921814}