{"neuron_counts": [8640000, 2131296, 2841728, 700928, 700928, 175232, 175232, 300, 300, 1], "neuron_counts_selected": [500, 500, 500, 500, 500, 500, 500, 300, 300, 1], "layer_tarantula_score": [0.8244640000000001, 0.9216, 0.252004, 0.236196, 0.27040000000000003, 0.27878400000000003, 0.293764, 0.20249999999999999, 0.20249999999999999, 1.0], "layer_ochiai_score": [0.4321346382179208, 0.7504320955313147, 0.21947576674678546, 0.21932775451285888, 0.24473275930908842, 0.258648491505235, 0.2634085616979923, 0.19294211199547437, 0.19294211199547437, 0.9999996153848373], "layer_D_star_score": [1557726.4882906987, 46050926.59290531, 26770501.170163356, 30382250.2492094, 37332197.42931847, 42250049.84279365, 42928704.03743484, 31734446.32924544, 31734446.32924544, 168999999.99438977], "layer_Op2_score": [37.255508, 87.574728, 26.808524000000002, 27.413663999999997, 31.317107999999998, 33.17304800000001, 33.36218799999999, 24.80952222222222, 24.80952222222222, 130.0], "layer_Barinel_score": [0.8244640000000001, 0.9216, 0.252004, 0.236196, 0.27040000000000003, 0.27878400000000003, 0.293764, 0.20249999999999999, 0.20249999999999999, 1.0], "time": 103.43086361885071}