{"neuron_counts": [8640000, 2131296, 2841728, 700928, 700928, 175232, 175232, 300, 300, 1], "neuron_counts_selected": [500, 500, 500, 500, 500, 500, 500, 300, 300, 1], "layer_tarantula_score": [0.898, 0.934, 0.56, 0.578, 0.538, 0.564, 0.506, 0.45, 0.45, 1.0], "layer_ochiai_score": [0.6021147108971031, 0.8322474395172456, 0.5242773357119465, 0.5610048346259675, 0.5220217572050153, 0.5494785201807278, 0.48463106835621367, 0.4389043009017642, 0.4389043009017642, 0.9999996153848373], "layer_D_star_score": [17238606.024438843, 85852769.6223494, 80444118.68006268, 88556034.20851675, 83148218.27278978, 91936033.28314279, 80444066.56142841, 73233334.38926063, 73233334.38926063, 168999999.99438977], "layer_Op2_score": [62.232, 102.04, 66.486, 71.934, 67.504, 71.08, 62.52, 56.74, 56.74, 130.0], "layer_Barinel_score": [0.898, 0.934, 0.56, 0.578, 0.538, 0.564, 0.506, 0.45, 0.45, 1.0], "time": 28.58657741546631}