{"neuron_counts": [8640000, 2131296, 2841728, 700928, 700928, 175232, 175232, 300, 300, 1], "neuron_counts_selected": [100, 100, 100, 100, 100, 100, 100, 100, 100, 1], "layer_tarantula_score": [0.9216, 0.8281000000000001, 0.3481, 0.36, 0.2601, 0.25, 0.2304, 0.1681, 0.2304, 1.0], "layer_ochiai_score": [0.4942299884670008, 0.5900271390522354, 0.3259583600989231, 0.35238154885841183, 0.2589485290793535, 0.24452731678454245, 0.2223716447229186, 0.1674940747144145, 0.22174961713162064, 0.99999960000024], "layer_D_star_score": [2250220.015445406, 36001053.651868686, 39062794.6663042, 52562501.52284168, 33062879.37048646, 37515625.06062961, 34515624.999555096, 25000005.151191488, 34515624.99893089, 156249999.99481302], "layer_Op2_score": [41.8731, 63.782500000000006, 39.599199999999996, 43.427499999999995, 32.23309999999999, 30.26, 27.641000000000002, 20.866699999999998, 27.621999999999996, 125.0], "layer_Barinel_score": [0.9216, 0.8281000000000001, 0.3481, 0.36, 0.2601, 0.25, 0.2304, 0.1681, 0.2304, 1.0], "time": 71.63491654396057}