{"neuron_counts": [8640000, 2131296, 2841728, 700928, 700928, 175232, 175232, 300, 300, 1], "neuron_counts_selected": [2000, 2000, 2000, 2000, 2000, 2000, 2000, 300, 300, 1], "layer_tarantula_score": [0.9145, 0.9485, 0.5445, 0.536, 0.4805, 0.5115, 0.511, 0.45, 0.45, 1.0], "layer_ochiai_score": [0.6228292324711205, 0.8397229891944664, 0.51662954528147, 0.5166330071589931, 0.46209691635728434, 0.4909141455226201, 0.4892065331346542, 0.439223316832339, 0.439223316832339, 0.9999996153848373], "layer_D_star_score": [16731694.836807344, 87627325.04565032, 78247238.99533157, 81796043.39373964, 74444614.46253757, 81965000.02122916, 81204541.76174846, 73233335.49847256, 73233335.49847256, 168999999.99438977], "layer_Op2_score": [64.7995, 103.2265, 65.822, 66.0575, 59.704, 63.26, 63.022, 56.79, 56.79, 130.0], "layer_Barinel_score": [0.9145, 0.9485, 0.5445, 0.536, 0.4805, 0.5115, 0.511, 0.45, 0.45, 1.0], "time": 50.324169397354126}