{"neuron_counts": [3276800, 409600, 819200, 102400, 102400, 204800, 25600, 51200, 5120, 5120, 5120, 5120, 128, 128, 128, 1], "neuron_counts_selected": [500, 500, 500, 500, 500, 500, 500, 500, 500, 500, 500, 500, 128, 128, 128, 1], "layer_tarantula_score": [0.3823754897546746, 0.4798115445389244, 0.16060838220310472, 0.41983491327224526, 0.19616029760303746, 0.08103982710477946, 0.2836483732757445, 0.039825930129771696, 0.18019819278369986, 0.07721340348718475, 0.08872512071512412, 0.20368193757542355, 0.09028440884036373, 0.09028440884036373, 0.04631447321477404, 0.5000001602551262], "layer_ochiai_score": [0.26023998383029034, 0.6450969549284986, 0.13861271432646316, 0.477282170231354, 0.18562225916603137, 0.06622815116391369, 0.3337606053901833, 0.04036860224907798, 0.21608727339253508, 0.08892910615024761, 0.1073559420569477, 0.2006761208174839, 0.083660823047149, 0.083660823047149, 0.045436541544543796, 0.7211074816078176], "layer_D_star_score": [0.48255957842464897, 9.355393446847108, 1.0285675355658737, 5.879447288139465, 1.5996125433069126, 0.4667760087307256, 4.421774303896442, 0.46002477319375507, 3.1223318083812344, 1.236449565632278, 1.5700513618887106, 1.9778504925861986, 0.7993255172546392, 0.7993255172546392, 0.5132802328474022, 14.083215973200224], "layer_Op2_score": [1.9476565188267785, 9.953309982292442, 1.4530388239782772, 6.480815276528642, 2.0937822396135415, 0.6568866503180721, 4.661925272759442, 0.5068387648402765, 3.1173092001138496, 1.250506926192883, 1.564387428619788, 2.431231360343377, 0.967266903592176, 0.967266903592176, 0.5663877926412294, 12.076930177460174], "layer_Barinel_score": [0.399119748196248, 0.49973394895873136, 0.1673195499057043, 0.4373780012079311, 0.20422204933508878, 0.08440632051016371, 0.29541191126610056, 0.041482534900690544, 0.1875768057631343, 0.08041247823295448, 0.09245362698991111, 0.21213591462200315, 0.09374268684256816, 0.09374268684256816, 0.04814614591982869, 0.52], "time": 8.565104484558105}