{"neuron_counts": [3276800, 409600, 819200, 102400, 102400, 204800, 25600, 51200, 5120, 5120, 5120, 5120, 128, 128, 128, 1], "neuron_counts_selected": [200, 200, 200, 200, 200, 200, 200, 200, 200, 200, 200, 200, 128, 128, 128, 1], "layer_tarantula_score": [0.4481788628303886, 0.49745116666666667, 0.29320657538813605, 0.48417762428864825, 0.32671665393132376, 0.18993124607732417, 0.4310275153476705, 0.17368585700453962, 0.4317836879614026, 0.2745296707486354, 0.22264899872603508, 0.4393016659152877, 0.13736153162530187, 0.13736153162530187, 0.498582502092634, 0.5], "layer_ochiai_score": [0.4199379584332149, 0.701609075394838, 0.2897387045126417, 0.6495953570782271, 0.3238325336028986, 0.19984876305160615, 0.5469162456091242, 0.20202838617166377, 0.5891882623694303, 0.3280443577580964, 0.25512204822839724, 0.5706611138206126, 0.15813627736963587, 0.15813627736963587, 0.7035544293697492, 0.7071040615607717], "layer_D_star_score": [2.0650738843359617, 12.641542655211644, 2.5829559479616955, 10.795506275981841, 3.163727595759021, 2.2601919655900615, 8.711254717044861, 2.8600681136595494, 10.176646555941941, 4.693407360610768, 3.5553833957734287, 8.669177264158908, 2.0596641874752297, 2.0596641874752297, 12.803809141272085, 12.999900000769225], "layer_Op2_score": [4.610526272669481, 11.936879843001124, 3.543493192727192, 10.630739848465367, 4.042343444689677, 2.6874354752823164, 8.561302854622468, 2.979146262883837, 9.777176788737224, 4.869245532889046, 3.7167253733901964, 8.982408555296034, 2.2548448140269968, 2.2548448140269968, 11.968499373564047, 12.071435204034257], "layer_Barinel_score": [0.4481788628303886, 0.49745116666666667, 0.29320657538813605, 0.48417762428864825, 0.3267166539313237, 0.18993124607732417, 0.4310275153476705, 0.17368585700453962, 0.43178368796140265, 0.2745296707486354, 0.22264899872603508, 0.4393016659152877, 0.13736153162530187, 0.13736153162530187, 0.498582502092634, 0.5], "time": 4.717345476150513}