{"neuron_counts": [3276800, 409600, 819200, 102400, 102400, 204800, 25600, 51200, 5120, 5120, 5120, 5120, 128, 128, 128, 1], "neuron_counts_selected": [2000, 2000, 2000, 2000, 2000, 2000, 2000, 2000, 2000, 2000, 2000, 2000, 128, 128, 128, 1], "layer_tarantula_score": [0.5080239013222759, 0.49983945652173917, 0.41403975621946143, 0.49988441732782257, 0.46333492818508354, 0.340349873202899, 0.4846715520343613, 0.31467224703643965, 0.4742834468688421, 0.3680876716573984, 0.3885250127753037, 0.4796726914666749, 0.28490868751568477, 0.28490868751568477, 0.4996763392857143, 0.5], "layer_ochiai_score": [0.48105527999932907, 0.7041140464185858, 0.44765581819399886, 0.6826908698413091, 0.5028485524392591, 0.3854206009363338, 0.6350597200908554, 0.37999612000750993, 0.6326245291390088, 0.4440286759034668, 0.4645152098313345, 0.6328092909233642, 0.33304907960206354, 0.33304907960206354, 0.7053166911817692, 0.7071040615607717], "layer_D_star_score": [3.499073453241737, 12.82144315950861, 5.986540242509855, 12.106247551797853, 7.151172402348633, 5.733632506349686, 10.937100231132886, 6.055945819051593, 11.018202028120037, 7.211536021979348, 7.564496440773453, 10.646956634626651, 5.270014200854427, 5.270014200854427, 12.901058666199116, 12.999900000769225], "layer_Op2_score": [5.583788701509276, 11.973792297912158, 6.503289297933587, 11.420506246383953, 7.439539810429926, 5.871467525231963, 10.462112909907788, 5.988360443853972, 10.484184341540418, 7.053289583645832, 7.3758611759916, 10.340612845622532, 5.161275075713744, 5.161275075713744, 12.019537862675982, 12.071435204034257], "layer_Barinel_score": [0.5080239013222759, 0.49983945652173917, 0.41403975621946143, 0.49988441732782257, 0.46333492818508354, 0.340349873202899, 0.4846715520343613, 0.31467224703643965, 0.4742834468688421, 0.3680876716573984, 0.3885250127753037, 0.4796726914666749, 0.28490868751568477, 0.28490868751568477, 0.4996763392857143, 0.5], "time": 20.898136615753174}