{"neuron_counts": [3276800, 409600, 819200, 102400, 102400, 204800, 25600, 51200, 5120, 5120, 5120, 5120, 128, 128, 128, 1], "neuron_counts_selected": [100, 100, 100, 100, 100, 100, 100, 100, 100, 100, 100, 100, 100, 100, 100, 1], "layer_tarantula_score": [0.4520980878555666, 0.4967795515123683, 0.2674734705765065, 0.4597041546958927, 0.3665674876475325, 0.20760865438528872, 0.4306000947154426, 0.16124223351733624, 0.44543897471682775, 0.22630377425320983, 0.2523868683257652, 0.40240972490780286, 0.08882028086057754, 0.1521319116384172, 0.49831362523949113, 0.5000001602551262], "layer_ochiai_score": [0.44025503838069474, 0.7140804072572082, 0.2745012974928553, 0.6293915660851533, 0.3531249105118057, 0.205504064735682, 0.5637605833598394, 0.19592087339910152, 0.6138073272399981, 0.27833350575315174, 0.3133916165501999, 0.5349730317874334, 0.09499749465695904, 0.17859366373533228, 0.7154144316135663, 0.7211074816078176], "layer_D_star_score": [2.3706451631103076, 13.579222384565101, 2.6412602801226357, 11.112556765500232, 3.535185944059808, 2.1078118805458343, 9.810450403107865, 2.6064935425591282, 10.82996640744705, 4.318733814086378, 4.757405704387043, 8.807946196682376, 1.1427973820236192, 2.287387679833261, 13.69887333086583, 14.083215973200224], "layer_Op2_score": [4.845641851985754, 11.905799402312287, 3.3811638533549755, 10.122959954154194, 4.232602599210775, 2.5419631748986573, 8.829558938008166, 2.7598478080937823, 9.780005690725451, 4.100494830039769, 4.636102723055975, 8.295520392150832, 1.2473084907039156, 2.4718399189237013, 11.84863767432558, 12.076930177460174], "layer_Barinel_score": [0.47141795995670993, 0.5167786666666666, 0.2791599835713112, 0.478437153939467, 0.3818404645801769, 0.2161890975520643, 0.4481018905361737, 0.16796768123784442, 0.46342754909526396, 0.2354386183261185, 0.26268218292310297, 0.41886528397327316, 0.09242567993600602, 0.15836467300521892, 0.5183073157894738, 0.52], "time": 3.641510486602783}