{"neuron_counts": [3276800, 409600, 819200, 102400, 102400, 204800, 25600, 51200, 5120, 5120, 5120, 5120, 128, 128, 128, 1], "neuron_counts_selected": [500, 500, 500, 500, 500, 500, 500, 500, 500, 500, 500, 500, 128, 128, 128, 1], "layer_tarantula_score": [0.33971515056055057, 0.4721204103385748, 0.1214145278985203, 0.37267410958046066, 0.1491082241861693, 0.04338922367501775, 0.22967991198359272, 0.01782020078398811, 0.12088941490343898, 0.05449638071952193, 0.06783372709464214, 0.13223132418599617, 0.061018089538223734, 0.061018089538223734, 0.001180013020833366, 0.5], "layer_ochiai_score": [0.19584000577775387, 0.5862352066996104, 0.09941274663638935, 0.3822879734904695, 0.12919078772990333, 0.0343102402535059, 0.23460356380430913, 0.01846894644774687, 0.13167312277860646, 0.056873449354566355, 0.07113818247570468, 0.12088393492965273, 0.05629869386036391, 0.05629869386036391, 0.0007523872337990635, 0.7071040615607717], "layer_D_star_score": [0.24497522045056833, 6.738656492878967, 0.6416558543582134, 4.02802605574849, 0.9395359928669007, 0.24194909873390238, 2.5536133366879787, 0.20457118452864553, 1.6818674023524653, 0.5926749124482422, 0.7557580447793179, 0.877748827433915, 0.48994794504758415, 0.48994794504758415, 0.0036249475349496955, 12.999900000769225], "layer_Op2_score": [1.2710843970543073, 8.640988909107794, 1.0029975102463566, 4.931772212369925, 1.3888291045063896, 0.34558568761650743, 3.047195751916058, 0.24454302120698937, 1.8365664603538616, 0.7370158484868123, 0.9273525371390283, 1.349290249755365, 0.6551255948408975, 0.6551255948408975, 0.006304062636997338, 12.071435204034257], "layer_Barinel_score": [0.33971515056055057, 0.4721204103385747, 0.12141452789852035, 0.3726741095804606, 0.1491082241861693, 0.04338922367501775, 0.22967991198359272, 0.017820200783988122, 0.12088941490343898, 0.054496380719521904, 0.06783372709464214, 0.13223132418599617, 0.061018089538223734, 0.061018089538223734, 0.0011800130208333695, 0.5], "time": 6.518603801727295}