{"neuron_counts": [512, 128, 64, 64, 8, 2], "neuron_counts_selected": [500, 128, 64, 64, 8, 2], "layer_tarantula_score": [0.44499302567962185, 0.44256629564106476, 0.13785776104300287, 0.13785776104300287, 0.0, 0.10076993466039037], "layer_ochiai_score": [0.11167166290486133, 0.18374833010474176, 0.1080132681936154, 0.1080132681936154, 0.0, 0.025182498275693473], "layer_D_star_score": [0.3964450428695179, 2.1919907178273927, 7.976588074491379, 7.976588074491379, 0.0, 0.03789786661383962], "layer_Op2_score": [6.174481831117046, 17.382909954271547, 21.21556144967991, 21.21556144967991, 0.0, 1.6289989752972727], "layer_Barinel_score": [0.25787816148788073, 0.24348107281432355, 0.07777132862384041, 0.07777132862384041, 0.0, 0.04557107447189518], "time": 3.3129758834838867}