{"neuron_counts": [512, 128, 64, 64, 8, 2], "neuron_counts_selected": [500, 128, 64, 64, 8, 2], "layer_tarantula_score": [0.499983021909788, 0.49999986164565174, 0.48448514590141734, 0.48448514590141734, 0.11841850305724616, 0.49999986164565186], "layer_ochiai_score": [0.553192399924301, 0.5532271712692742, 0.535641857833966, 0.535641857833966, 0.05536277795875141, 0.5532271712692743], "layer_D_star_score": [44.53784812993529, 44.545832076055845, 43.06642955720587, 43.06642955720587, 1.007418580720672, 44.54583207605586], "layer_Op2_score": [99.9963762589738, 100.00434825897902, 96.75249914505814, 96.75249914505814, 5.157540801069217, 100.00434825897902], "layer_Barinel_score": [0.30604633496000705, 0.30606060606060603, 0.2965609204605772, 0.2965609204605772, 0.06425067383829251, 0.30606060606060603], "time": 2.6773102283477783}