{"neuron_counts": [256, 2, 1], "neuron_counts_selected": [100, 2, 1], "layer_tarantula_score": [0.4933498035947933, 0.49296536796536794, 0.5], "layer_ochiai_score": [0.4796763482666813, 0.45144754379631674, 0.7071061012771617], "layer_D_star_score": [12.770637166829042, 23.967857585819242, 51.999900000192305], "layer_Op2_score": [23.90584995122651, 21.094340388037004, 51.018869775717405], "layer_Barinel_score": [0.49334980359479325, 0.49296536796536794, 0.5], "time": 0.15329551696777344}