{"neuron_counts": [256, 2, 1], "neuron_counts_selected": [256, 2, 1], "layer_tarantula_score": [0.45462773676786866, 0.32028334462235475, 0.4999999799920368], "layer_ochiai_score": [0.43444029304604315, 0.28901269769147253, 0.6999992857153791], "layer_D_star_score": [8.806031138904883, 12.915811655423083, 47.07833906208027], "layer_Op2_score": [20.047157017767027, 12.471154863163726, 48.019232655321815], "layer_Barinel_score": [0.44495465441874366, 0.31488095238095243, 0.49], "time": 0.2771174907684326}