{"neuron_counts": [256, 2, 1], "neuron_counts_selected": [200, 2, 1], "layer_tarantula_score": [0.4386313752476733, 0.34478764478764484, 0.5], "layer_ochiai_score": [0.36002942580139496, 0.2878656512024204, 0.7071061012771617], "layer_D_star_score": [4.825566227787406, 10.599958560164476, 51.999900000192305], "layer_Op2_score": [14.807324713491106, 12.066038554644239, 51.018869775717405], "layer_Barinel_score": [0.4386313752476733, 0.34478764478764473, 0.5], "time": 0.295651912689209}