{"neuron_counts": [2, 2, 2, 1], "neuron_counts_selected": [2, 2, 2, 1], "layer_tarantula_score": [0.0, 0.0, 0.0, 0.0], "layer_ochiai_score": [0.0, 0.0, 0.0, 0.0], "layer_D_star_score": [0.0, 0.0, 0.0, 0.0], "layer_Op2_score": [-0.5129566369711999, -0.328664209648138, -0.328664209648138, -0.657328419296276], "layer_Barinel_score": [0.0, 0.0, 0.0, 0.0], "time": 1.1522650718688965}