{"neuron_counts": [8640000, 2131296, 2841728, 700928, 700928, 175232, 175232, 300, 300, 1], "neuron_counts_selected": [500, 500, 500, 500, 500, 500, 500, 300, 300, 1], "layer_tarantula_score": [0.817216, 0.9254439999999999, 0.28090000000000004, 0.268324, 0.31360000000000005, 0.264196, 0.22657599999999997, 0.19067777777777775, 0.19067777777777775, 1.0], "layer_ochiai_score": [0.41184748124578324, 0.6299028446361873, 0.2526912531407629, 0.23777211185094377, 0.31156386929438473, 0.26126795272519504, 0.22333225183340732, 0.18726093390968912, 0.18726093390968912, 0.99999960000024], "layer_D_star_score": [1156042.257092967, 39376668.98835729, 35402562.729747646, 34810117.106103756, 48650624.99840303, 40640625.01657366, 34809999.999253914, 28001783.093982104, 28001783.093982104, 156249999.99481302], "layer_Op2_score": [35.724676, 67.165252, 31.073324, 29.000848, 38.92273599999999, 32.573828000000006, 27.859360000000002, 23.222433333333335, 23.222433333333335, 125.0], "layer_Barinel_score": [0.817216, 0.9254439999999999, 0.28090000000000004, 0.268324, 0.31360000000000005, 0.264196, 0.22657599999999997, 0.19067777777777775, 0.19067777777777775, 1.0], "time": 20.124353408813477}