{"neuron_counts": [8640000, 2131296, 2841728, 700928, 700928, 175232, 175232, 300, 300, 1], "neuron_counts_selected": [2000, 2000, 2000, 2000, 2000, 2000, 2000, 300, 300, 1], "layer_tarantula_score": [0.895, 0.963, 0.513, 0.5335, 0.524, 0.5405, 0.5325, 0.43666666666666665, 0.43666666666666665, 1.0], "layer_ochiai_score": [0.5908724496578004, 0.7952161140239582, 0.48514954278408084, 0.49118562890965756, 0.5225862157951462, 0.5366231853192283, 0.5291163223396173, 0.4328508120150341, 0.4328508120150341, 0.9999996153848373], "layer_D_star_score": [15464675.990396818, 86106366.44209078, 76472586.54500754, 80444053.6435954, 87795521.49091819, 90499500.30055429, 89147500.6046922, 71543394.28372516, 71543394.28372516, 168999999.99438977], "layer_Op2_score": [62.701, 95.138, 62.4585, 62.788, 67.889, 69.6865, 68.7085, 56.05, 56.05, 130.0], "layer_Barinel_score": [0.895, 0.963, 0.513, 0.5335, 0.524, 0.5405, 0.5325, 0.43666666666666665, 0.43666666666666665, 1.0], "time": 25.040013074874878}