{"neuron_counts": [8640000, 2131296, 2841728, 700928, 700928, 175232, 175232, 300, 300, 1], "neuron_counts_selected": [100, 100, 100, 100, 100, 100, 100, 100, 100, 1], "layer_tarantula_score": [0.88, 0.94, 0.49, 0.56, 0.5, 0.57, 0.57, 0.38, 0.48, 1.0], "layer_ochiai_score": [0.6108260460235848, 0.7884653399943561, 0.45890930827674814, 0.5353988500591735, 0.49999980769241864, 0.5612401314843446, 0.5699997807693573, 0.37925659476804907, 0.4755468190596648, 0.9999996153848373], "layer_D_star_score": [18591327.004482888, 94640569.48068827, 69290210.31022412, 89570000.01431315, 84499999.99719489, 94639999.99717078, 96329999.9968022, 59150198.926591136, 79430000.17514077, 168999999.99438977], "layer_Op2_score": [66.53, 95.86, 58.78, 69.07, 65.0, 72.82, 74.1, 49.21, 61.5, 130.0], "layer_Barinel_score": [0.88, 0.94, 0.49, 0.56, 0.5, 0.57, 0.57, 0.38, 0.48, 1.0], "time": 10.680271625518799}