{"neuron_counts": [8640000, 2131296, 2841728, 700928, 700928, 175232, 175232, 300, 300, 1], "neuron_counts_selected": [200, 200, 200, 200, 200, 200, 200, 200, 200, 1], "layer_tarantula_score": [0.765625, 0.8835999999999999, 0.30802500000000005, 0.3481, 0.235225, 0.403225, 0.2916, 0.1681, 0.16402500000000003, 1.0], "layer_ochiai_score": [0.39016230158779175, 0.5999878752918737, 0.26608741659003754, 0.3226680409856827, 0.2351692494662913, 0.40322484491355104, 0.2818383436813169, 0.16809993534619086, 0.15188866297370215, 0.9999996153848373], "layer_D_star_score": [1081967.2908775085, 47472583.68995909, 40576926.898341306, 52998400.03835391, 38130743.97598771, 68145024.99773778, 47472099.99850711, 28408899.99905693, 24403600.098102704, 168999999.99438977], "layer_Op2_score": [34.8299, 65.868075, 33.739399999999996, 41.115975, 30.564824999999995, 52.41925, 36.527699999999996, 21.853, 19.162, 130.0], "layer_Barinel_score": [0.765625, 0.8835999999999999, 0.30802500000000005, 0.3481, 0.235225, 0.403225, 0.2916, 0.1681, 0.16402500000000003, 1.0], "time": 12.501091957092285}