{"neuron_counts": [8640000, 2131296, 2841728, 700928, 700928, 175232, 175232, 300, 300, 1], "neuron_counts_selected": [500, 500, 500, 500, 500, 500, 500, 300, 300, 1], "layer_tarantula_score": [0.7992360000000001, 0.933156, 0.29593600000000003, 0.30470400000000003, 0.293764, 0.27457600000000004, 0.264196, 0.19067777777777775, 0.19067777777777775, 1.0], "layer_ochiai_score": [0.4123517691562099, 0.6490895749526104, 0.2452109432835956, 0.24945422799823028, 0.29373795855282336, 0.2726710050999771, 0.26419589432166346, 0.1870148041782503, 0.1870148041782503, 0.99999960000024], "layer_D_star_score": [1102829.4318442538, 43891723.9099943, 31640695.635150917, 36905625.03773028, 44890099.44053356, 42575624.998603545, 41280624.99862972, 28001759.538237624, 28001759.538237624, 156249999.99481302], "layer_Op2_score": [35.232104, 70.05059599999998, 29.742316, 29.911692, 36.714032, 34.062591999999995, 33.0245, 23.185155555555554, 23.185155555555554, 125.0], "layer_Barinel_score": [0.7992360000000001, 0.933156, 0.29593600000000003, 0.30470400000000003, 0.293764, 0.27457600000000004, 0.264196, 0.19067777777777775, 0.19067777777777775, 1.0], "time": 61.030789375305176}