{"neuron_counts": [8640000, 2131296, 2841728, 700928, 700928, 175232, 175232, 300, 300, 1], "neuron_counts_selected": [500, 500, 500, 500, 500, 500, 500, 300, 300, 1], "layer_tarantula_score": [0.81, 0.9254439999999999, 0.27878400000000003, 0.268324, 0.31360000000000005, 0.264196, 0.22657599999999997, 0.19067777777777775, 0.19067777777777775, 1.0], "layer_ochiai_score": [0.40853342270456233, 0.6263595070765675, 0.25208952502098464, 0.23763307223462107, 0.31155140457192937, 0.26124527387121627, 0.22323797059530526, 0.1871804604090177, 0.1871804604090177, 0.9999996153848373], "layer_D_star_score": [1192890.655174361, 42589676.76705769, 38291408.20269028, 37332241.90089381, 52244021.070723735, 43956900.015576534, 37650495.99889888, 30286727.29032587, 30286727.29032587, 168999999.99438977], "layer_Op2_score": [36.829144, 69.40638, 32.289536000000005, 30.149096000000004, 40.47732800000001, 33.874328, 28.969496, 24.135533333333335, 24.135533333333335, 130.0], "layer_Barinel_score": [0.81, 0.9254439999999999, 0.27878400000000003, 0.268324, 0.31360000000000005, 0.264196, 0.22657599999999997, 0.19067777777777775, 0.19067777777777775, 1.0], "time": 13.865150928497314}