{"neuron_counts": [8640000, 2131296, 2841728, 700928, 700928, 175232, 175232, 300, 300, 1], "neuron_counts_selected": [500, 500, 500, 500, 500, 500, 500, 300, 300, 1], "layer_tarantula_score": [0.896, 0.968, 0.544, 0.554, 0.542, 0.524, 0.514, 0.43666666666666665, 0.43666666666666665, 1.0], "layer_ochiai_score": [0.6171404080109433, 0.8040927757036691, 0.4954211324570293, 0.5007507647928482, 0.5419766700741872, 0.5221752107672806, 0.5139998023078065, 0.43263140284023904, 0.43263140284023904, 0.9999996153848373], "layer_D_star_score": [14535185.090757675, 91261066.1560698, 76050089.2156764, 82134000.05753, 90584099.8330093, 88217999.99708696, 86865999.99711633, 71543391.56002855, 71543391.56002855, 168999999.99438977], "layer_Op2_score": [65.85, 97.394, 63.474, 63.674, 70.454, 67.862, 66.82, 56.013333333333335, 56.013333333333335, 130.0], "layer_Barinel_score": [0.896, 0.968, 0.544, 0.554, 0.542, 0.524, 0.514, 0.43666666666666665, 0.43666666666666665, 1.0], "time": 13.843843936920166}