{"neuron_counts": [512, 200, 200, 200, 128, 1], "neuron_counts_selected": [500, 200, 200, 200, 128, 1], "layer_tarantula_score": [0.2586507303457154, 0.13185488705341725, 0.06714812423462209, 0.01969927601868584, 0.018928364973469725, 0.4100634040410434], "layer_ochiai_score": [0.0376883285452223, 0.027935930945304503, 0.014877262877673745, 0.005796213389459535, 0.007938978694094836, 0.20529881123157384], "layer_D_star_score": [0.017611167486893287, 0.05710300317742813, 0.03194628989215887, 0.01622845114386743, 0.07252239411415261, 2.299966837168882], "layer_Op2_score": [0.5841708889719818, 0.694874703788426, 0.3328533727863092, 0.1487305055156348, 0.36645850767881394, 17.528991394656128], "layer_Barinel_score": [0.2187427612116269, 0.10850345871320492, 0.06335247606296839, 0.019221655455893393, 0.01489282294363568, 0.19437002826844085], "time": 2.2349891662597656}