{"neuron_counts": [512, 200, 200, 200, 128, 1], "neuron_counts_selected": [500, 200, 200, 200, 128, 1], "layer_tarantula_score": [0.4286347499073202, 0.16872050815001738, 0.051902549242178464, 0.02633256266811841, 0.017795010220945245, 0.5265947579902421], "layer_ochiai_score": [0.11402558789610014, 0.043346917706109045, 0.013301246310304198, 0.00811407407557772, 0.005028330770512513, 0.4215821397449138], "layer_D_star_score": [0.31192083572801776, 0.18103262513715015, 0.04657275849843309, 0.033647215737344055, 0.01704183584731217, 16.62620949362537], "layer_Op2_score": [4.814167516622207, 1.6803260660770138, 0.42634972450583836, 0.25949851893544107, 0.14171211038200743, 51.92255447219318], "layer_Barinel_score": [0.21559316207326573, 0.09166441282113544, 0.03189511658870945, 0.01871423634338994, 0.01374482682746374, 0.2785474792145859], "time": 2.296422004699707}