{"neuron_counts": [512, 200, 200, 200, 128, 1], "neuron_counts_selected": [500, 200, 200, 200, 128, 1], "layer_tarantula_score": [0.4711083033579286, 0.4214368986135552, 0.3260445517090079, 0.2339626647816976, 0.10774444353200643, 0.5026879089153379], "layer_ochiai_score": [0.28570878729547267, 0.1851012139421432, 0.13002938129809527, 0.09688774199258712, 0.046310709311452154, 0.5040157287618608], "layer_D_star_score": [4.4220628207795825, 2.259912416181011, 1.602366583031112, 1.3981016777504227, 0.7532979906038446, 21.454042457274348], "layer_Op2_score": [21.683920077176555, 10.93359955731407, 7.629727459799225, 5.9450013778317246, 3.0187784007404344, 62.01595797023512], "layer_Barinel_score": [0.23190082850086233, 0.21061710381845886, 0.16119364384202972, 0.11871376834227049, 0.054480969947570713, 0.2540322580645161], "time": 2.63179087638855}