{"neuron_counts": [67500, 700928, 175232, 165888, 41472, 36992, 9248, 9248, 1, 1], "neuron_counts_selected": [500, 500, 500, 500, 500, 500, 500, 500, 1, 1], "layer_tarantula_score": [1.0, 0, 4.000000000000004e-06, 0, 0, 0, 0, 0, 0, 0], "layer_ochiai_score": [0.11536967855698345, 0, 2.3491644109615065e-08, 0, 0, 0, 0, 0, 0, 0], "layer_D_star_score": [9.502625117816738, 0, 1.3796909444674344e-10, 0, 0, 0, 0, 0, 0, 0], "layer_Op2_score": [431.53821999999997, 0, 4.000000000000004e-06, 0, 0, 0, 0, 0, 0, 0], "layer_Barinel_score": [1.0, 0, 4.000000000000004e-06, 0, 0, 0, 0, 0, 0, 0], "time": 2122.7224085330963}