{"neuron_counts": [67500, 700928, 175232, 165888, 41472, 36992, 9248, 9248, 1, 1], "neuron_counts_selected": [1000, 1000, 1000, 1000, 1000, 1000, 1000, 1000, 1, 1], "layer_tarantula_score": [1.0, 0.661, 0.732, 0.586, 0.61, 0.629, 0.673, 0.681, 1.0, 0.0], "layer_ochiai_score": [0.9809957542675938, 0.32344949302502246, 0.3283605317811916, 0.18981606208441923, 0.18457141735652732, 0.22159458102157226, 0.21847615334907625, 0.2393414943644972, 0.9999999989094178, 0.0], "layer_D_star_score": [1618845.8456232795, 166473.046192398, 190584.1479600656, 59187.22308632608, 51836.564183901, 8559.051231781004, 9340.656806368299, 10690.612741811543, 21019542984274.74, 0.0], "layer_Op2_score": [44126.101228308784, 12067.076020706356, 12178.066175762888, 6511.138875201494, 6098.968709074009, 6117.170455003262, 6028.566405587304, 6867.59700377411, 45847.076223734766, 0.0], "layer_Barinel_score": [1.0, 0.661, 0.732, 0.586, 0.61, 0.629, 0.673, 0.681, 1.0, 0.0], "time": 2487.0707869529724}