{"neuron_counts": [67500, 700928, 175232, 165888, 41472, 36992, 9248, 9248, 1, 1], "neuron_counts_selected": [200, 200, 200, 200, 200, 200, 200, 200, 1, 1], "layer_tarantula_score": [1.0, 0.4096, 0.4830249999999999, 0.32489999999999997, 0.44222500000000003, 0.378225, 0.46922500000000006, 0.511225, 1.0, NaN], "layer_ochiai_score": [0.9744450336395261, 0.09624999383147788, 0.12408246929673629, 0.035212942610398416, 0.05025863662204971, 0.06203327508189922, 0.0738426987313032, 0.08631143414168561, 0.9999999989094178, NaN], "layer_D_star_score": [1019576.4486756176, 11433.818402373938, 15447.13197085281, 3729.66175379195, 4170.671688411384, 1005.8655913963821, 1284.6932958932487, 1744.0775533366623, 21019542984274.74, NaN], "layer_Op2_score": [43538.129592253725, 2925.2288127912225, 3742.5276995734785, 845.5203118077229, 1079.0546538941035, 1253.0914166172715, 1528.738524327499, 1808.574553333234, 45847.076223734766, NaN], "layer_Barinel_score": [1.0, 0.4096, 0.4830249999999999, 0.32489999999999997, 0.44222500000000003, 0.378225, 0.46922500000000006, 0.511225, 1.0, NaN], "time": 816.0718770027161}