{"neuron_counts": [67500, 700928, 175232, 165888, 41472, 36992, 9248, 9248, 1, 1], "neuron_counts_selected": [500, 500, 500, 500, 500, 500, 500, 500, 1, 1], "layer_tarantula_score": [1.0, 0.024336000000000003, 0.02890000000000001, 0.0023040000000000022, 0.005775999999999996, 0, 0, 0, 1.0, 0], "layer_ochiai_score": [0.37842900474641145, 0.00273079396904485, 0.00383250613462086, 0.000153216020215513, 0.0002163042952616281, 0, 0, 0, 0.9997240315246596, 0], "layer_D_star_score": [856.0939574107376, 1.2130376475574336, 1.6032778714224412, 0.023509778548948666, 0.017782038218346632, 0, 0, 0, 52478830.069808416, 0], "layer_Op2_score": [4278.2087360000005, 17.350548000000007, 23.282155999999993, 0.6932479999999992, 0.7045960000000014, 0, 0, 0, 28977.0, 0], "layer_Barinel_score": [1.0, 0.024336000000000003, 0.02890000000000001, 0.0023040000000000022, 0.005775999999999996, 0, 0, 0, 1.0, 0], "time": 1106.2539319992065}