{"neuron_counts": [67500, 700928, 175232, 165888, 41472, 36992, 9248, 9248, 1, 1], "neuron_counts_selected": [500, 500, 500, 500, 500, 500, 500, 500, 1, 1], "layer_tarantula_score": [1.0, 0.334, 0.372, 0.164, 0.18, 0.2, 0.184, 0.162, 1.0, 0.0], "layer_ochiai_score": [0.8291291640196666, 0.09886533139773696, 0.11189186501427216, 0.03230784747615816, 0.039518910703645986, 0.007406621175467132, 0.008538635207024504, 0.0068736506033208146, 0.9999999989094178, 0.0], "layer_D_star_score": [86380.4100086099, 2147.2650217257915, 2970.5682383799676, 81.37240187360233, 93.59672399415237, 0.41517225949138264, 0.774063688401133, 0.46778532588322097, 21019542984274.74, 0.0], "layer_Op2_score": [31675.520803203985, 2320.2567751456572, 2771.5730909320937, 469.5290519436598, 579.8280598562285, 27.666666526533664, 36.885472947113215, 26.639811216555536, 45847.076223734766, 0.0], "layer_Barinel_score": [1.0, 0.334, 0.372, 0.164, 0.18, 0.2, 0.184, 0.162, 1.0, 0.0], "time": 1295.2807626724243}