{"neuron_counts": [50176, 50176, 25088, 50176, 50176, 25088, 25088, 25088, 5376, 10752, 10752, 10752, 10752, 10], "neuron_counts_selected": [200, 200, 200, 200, 200, 200, 200, 200, 200, 200, 200, 200, 200, 10], "layer_tarantula_score": [0.46003039114415395, 0.44623614727507666, 0.4669926637385732, 0.43294235883384047, 0.4178786367855469, 0.4475347666909853, 0.47199121389718496, 0.44058154623273593, 0.4563505287621645, 0.3860564535501956, 0.3263174300195372, 0.3227214673686047, 0.34184134681276374, 0.48788651690717494], "layer_ochiai_score": [0.5193931299783285, 0.42307086190513854, 0.556804402274168, 0.4034631465017658, 0.30113917950795627, 0.436015060339627, 0.3848859845215056, 0.2565099559473947, 0.48796257087071454, 0.36073157325459315, 0.2047738882881225, 0.22577132280434956, 0.21710649283122055, 0.7764441699368729], "layer_D_star_score": [14.269289711963125, 6.909812777557067, 21.5629446192956, 9.47776594759389, 2.884316246031471, 9.301239459214724, 9.696138596461767, 1.520839962131533, 16.78531632834059, 21.181887409784267, 2.818761977019056, 3.4857124358584133, 3.4450199208484547, 116.43316477437996], "layer_Op2_score": [27.468710434072833, 18.875244986150072, 31.46506066494668, 18.812864889550553, 10.834603203108983, 20.47348006134969, 16.8100846985765, 7.769030480347603, 25.454316586292073, 18.98386361443192, 7.451116669416644, 8.773924275128621, 8.182566701416496, 59.57100344498276], "layer_Barinel_score": [0.7751630188696293, 0.7650654392954006, 0.7865026801867354, 0.739895692186935, 0.7196312350436656, 0.7700714026374673, 0.7852898691250876, 0.7352832467171937, 0.7780258083691182, 0.6460017623041271, 0.5263898089391525, 0.5401674015617772, 0.5508062609085673, 0.8021697901102127], "time": 2.8876535892486572}