{"neuron_counts": [50176, 50176, 25088, 50176, 50176, 25088, 25088, 25088, 5376, 10752, 10752, 10752, 10752, 10], "neuron_counts_selected": [1000, 1000, 1000, 1000, 1000, 1000, 1000, 1000, 1000, 1000, 1000, 1000, 1000, 10], "layer_tarantula_score": [0.5131950768786206, 0.5271526754232783, 0.5051323523763098, 0.5165264484483334, 0.5433481059229197, 0.5165024951857091, 0.5164670334315183, 0.5337962903501492, 0.511180563269379, 0.48150685456606424, 0.4855197878817909, 0.4892080835728395, 0.499503841456017, 0.5060874623070126], "layer_ochiai_score": [0.560658760277607, 0.47344263862546404, 0.6116394588460375, 0.49575169309522654, 0.3855279092119285, 0.5266741880827351, 0.48868948675643786, 0.3325618633519689, 0.5775393562105952, 0.46881540391297505, 0.339693151898852, 0.3352825662898426, 0.33907404225988247, 0.8077481777156018], "layer_D_star_score": [37.960516313253656, 20.27920914163069, 71.32096737193893, 40.901740551509036, 14.67242532995472, 46.9713436447413, 67.30378801895313, 11.016213898470596, 72.69924466072716, 118.68911256225705, 30.721912619567746, 27.061647637624077, 29.03394877857803, 296.6162413488306], "layer_Op2_score": [60.45575689475865, 44.04011196870073, 73.29407260962185, 51.73850302770692, 32.44370623995418, 56.80624541195993, 53.483648814055556, 25.97049115183777, 68.0732634640077, 58.55334801863552, 32.721390355206054, 31.63186945822205, 32.455773849751516, 124.48605971624947], "layer_Barinel_score": [0.8083713381983809, 0.812564366356141, 0.8057133855566605, 0.7991921332501786, 0.8003439859846017, 0.8057529815030057, 0.7977769223874243, 0.7719426044111314, 0.8054370228061477, 0.7156000568217542, 0.6845432005127879, 0.6872572060346468, 0.6925325248901743, 0.8100293039906695], "time": 15.04357624053955}