{"neuron_counts": [50176, 50176, 25088, 50176, 50176, 25088, 25088, 25088, 5376, 10752, 10752, 10752, 10752, 10], "neuron_counts_selected": [500, 500, 500, 500, 500, 500, 500, 500, 500, 500, 500, 500, 500, 10], "layer_tarantula_score": [0.09968191756061258, 0.231310887247997, 0.30671206654996525, 0.304537075017717, 0.28566550111440125, 0.37670020577531665, 0.41323924023300185, 0.2562647910205538, 0.41062721983411477, 0.31366201479265077, 0.16961875076246938, 0.1837534747771699, 0.16880997442140522, 0.4943565511079557], "layer_ochiai_score": [0.03591083654974276, 0.11532594316660956, 0.19933687455922766, 0.13631417404782284, 0.11234982888420378, 0.21307110074335864, 0.23047336756080292, 0.10223245168151789, 0.29041802690084845, 0.19373494574363445, 0.06063208217242227, 0.08069651776007024, 0.06381479752088062, 0.367544867522201], "layer_D_star_score": [0.09378635124533893, 1.087377635576351, 3.2919060934804234, 1.0921873393904071, 0.4632474727977916, 2.1572408860548755, 4.655871418997349, 0.5368994329782859, 6.900718530861819, 9.745804993952675, 0.4144112116848277, 0.6478972154936189, 0.42103384035201896, 6.862096517915978], "layer_Op2_score": [1.3210356901009501, 6.315103521776023, 13.29829368926559, 6.634356567851076, 4.606522658705056, 11.98295103397817, 13.945541629838957, 4.4073721441577565, 21.053128571705827, 14.562669517088016, 2.69039240768088, 3.9788163195100714, 2.886489611227174, 26.923018283820447], "layer_Barinel_score": [0.1563760308317702, 0.3716819188648164, 0.514022026385632, 0.4965229405562891, 0.45253859768231236, 0.6328129046933443, 0.6792791842054559, 0.40644591228686766, 0.6878222759995323, 0.5133983435011963, 0.24821685653916925, 0.286913286342497, 0.2535002719213995, 0.8020154301904833], "time": 8.480314254760742}