{"neuron_counts": [50176, 50176, 25088, 50176, 50176, 25088, 25088, 25088, 5376, 10752, 10752, 10752, 10752, 10], "neuron_counts_selected": [2000, 2000, 2000, 2000, 2000, 2000, 2000, 2000, 2000, 2000, 2000, 2000, 2000, 10], "layer_tarantula_score": [0.45806422353043336, 0.4509110504881084, 0.4625951263103667, 0.44533275002814743, 0.42510715145017114, 0.44779971367467625, 0.4349551259144927, 0.39787384688504895, 0.45918316336036796, 0.35166503114551767, 0.3176507661429778, 0.3240765462889545, 0.32013257504774006, 0.4890102002513594], "layer_ochiai_score": [0.5155574867136241, 0.4078857479494566, 0.5447308893858301, 0.4130137557075377, 0.29746439185951973, 0.4426674303064601, 0.3645074705140354, 0.23953663007915038, 0.49272424651567354, 0.29977876494057076, 0.20069627690699884, 0.19787683709785575, 0.20315847465577103, 0.7779381135699699], "layer_D_star_score": [25.895206168342057, 11.02724919026966, 38.61069009088376, 17.83566030923301, 5.02232710445587, 20.62039882002119, 15.768752261834837, 3.0978937593894824, 34.45443214560269, 28.757134392204776, 5.7035400040328, 5.589813607797885, 5.505212865419239, 225.85149283541892], "layer_Op2_score": [52.134019470792715, 33.48385055298217, 58.49250465086725, 36.83714384378677, 20.061362018785758, 41.08238801694968, 30.05772203694857, 14.302613122065427, 50.43598059787944, 28.59269562544639, 14.122791559383478, 13.819009799083712, 14.241429598929477, 115.17872450967917], "layer_Barinel_score": [0.7758659220913928, 0.7675472045800118, 0.7792440093121674, 0.7564210673815635, 0.7241909518699251, 0.7623302327686889, 0.7471233166895805, 0.6741416525858636, 0.7741461078430169, 0.5904080785307376, 0.521139383050045, 0.5285679666752374, 0.5279881403075363, 0.7999894699028336], "time": 33.03857922554016}