{"neuron_counts": [50176, 50176, 25088, 50176, 50176, 25088, 25088, 25088, 5376, 10752, 10752, 10752, 10752, 10], "neuron_counts_selected": [500, 500, 500, 500, 500, 500, 500, 500, 500, 500, 500, 500, 500, 10], "layer_tarantula_score": [0.1319790075092805, 0.32435124266618437, 0.40165958650564104, 0.32877639611362236, 0.3242885146846901, 0.4093227675414395, 0.42433801627122403, 0.31800547668486395, 0.4326850320999025, 0.3274641821861684, 0.23298152469157712, 0.22439162526182269, 0.20685589072537, 0.4787626235886989], "layer_ochiai_score": [0.06169382659722568, 0.1556951185141964, 0.25904880820398185, 0.16734717267113747, 0.15262322194937453, 0.2639398659851255, 0.269472529232942, 0.13469782997208418, 0.3182012201399474, 0.22015048849794305, 0.09729289784861955, 0.09500702430048856, 0.08103042890207321, 0.4978144885231102], "layer_D_star_score": [0.16751853279716722, 0.8151115041085353, 2.9141196260928535, 0.8140697250316083, 0.480229674525054, 2.0334529381648223, 2.808210014298878, 0.4321798391961694, 4.712779920805862, 6.6930327402159255, 0.4771694795574052, 0.44976158581381737, 0.35199937427600475, 11.666949669822314], "layer_Op2_score": [1.498419504562475, 4.437126278228605, 9.431472360758196, 4.5486327171764245, 3.771330664646677, 8.72209875424623, 9.012602370768146, 3.1588106123269353, 12.49939717719412, 9.194868934795322, 2.5302503340883336, 2.417572939195307, 1.9634515137624342, 24.61700136499317], "layer_Barinel_score": [0.213877282619341, 0.51573924041533, 0.6639963848471512, 0.5521915878425343, 0.5373105383916075, 0.6970719548951023, 0.7209262238329927, 0.5151054327395618, 0.7297447953626894, 0.5395654227283858, 0.35351571419961547, 0.346415726000537, 0.3135132086752915, 0.7932274372638823], "time": 6.836321592330933}