{"neuron_counts": [50176, 50176, 25088, 50176, 50176, 25088, 25088, 25088, 5376, 10752, 10752, 10752, 10752, 10], "neuron_counts_selected": [500, 500, 500, 500, 500, 500, 500, 500, 500, 500, 500, 500, 500, 10], "layer_tarantula_score": [0.46067409286761646, 0.4434616582647177, 0.46445164668551947, 0.42872298742285897, 0.42415606782305837, 0.4478476094007367, 0.444166982761434, 0.3916683759524374, 0.45083938488797703, 0.3597800661851909, 0.3059000666256221, 0.3532068145303372, 0.2931906788994365, 0.48788651690717494], "layer_ochiai_score": [0.51820143893856, 0.39677654655846906, 0.5587844619487136, 0.4041081209383679, 0.31142937363524703, 0.4395056286244345, 0.37937093998376814, 0.2496741113713009, 0.4977534808868212, 0.3050009047907782, 0.1879084684730468, 0.22344279880322115, 0.201927131166002, 0.7764441699368729], "layer_D_star_score": [13.755357684447553, 5.353525254539973, 22.119159483130996, 9.124002982291378, 2.9086071386790833, 10.68859153732021, 9.418017570350882, 1.8969865548515112, 18.549564364906132, 18.169899318564394, 2.4429915338691583, 3.2336622313982097, 3.13447502977976, 116.43316477437996], "layer_Op2_score": [27.220881115734418, 16.644008284338586, 31.880592377278116, 18.824514615346924, 11.247232306838464, 21.116146534647328, 16.67796021415894, 8.097356927955364, 26.81064847315764, 15.550504713816444, 6.606874585487067, 8.187831850980745, 7.614349691251548, 59.57100344498276], "layer_Barinel_score": [0.780895540394112, 0.7653196064092046, 0.7843839211974949, 0.7411075126212091, 0.7273306909525917, 0.7674775354620964, 0.7572653688516591, 0.6734552245458268, 0.7686993314117933, 0.5988178107764813, 0.49906335598472035, 0.570866083130289, 0.5000853268274498, 0.8021697901102127], "time": 6.561204433441162}