{"neuron_counts": [50176, 50176, 25088, 50176, 50176, 25088, 25088, 25088, 5376, 10752, 10752, 10752, 10752, 10], "neuron_counts_selected": [1000, 1000, 1000, 1000, 1000, 1000, 1000, 1000, 1000, 1000, 1000, 1000, 1000, 10], "layer_tarantula_score": [0.4589020930575407, 0.4465563572116248, 0.4639562850232507, 0.4503006095182296, 0.4331333082538062, 0.4563774721651213, 0.4482827632887414, 0.3973720813321679, 0.4658401763588045, 0.3638370718583585, 0.2992741000214386, 0.32304835795437026, 0.32926893882114394, 0.4890102002513594], "layer_ochiai_score": [0.5156195754853845, 0.40377276645400323, 0.5572700984726612, 0.4144449712050801, 0.30530365000882975, 0.4464340435446985, 0.3790314579914603, 0.23572559176603936, 0.49808925100230017, 0.30227966529673045, 0.19368219995421554, 0.2037554071077086, 0.20420254887666614, 0.7779381135699699], "layer_D_star_score": [25.871312647955033, 10.786934771871774, 41.904850372015325, 17.819642568465593, 5.306715347943517, 20.765207860453827, 17.7704539429495, 2.8010399749913204, 35.529167520163064, 32.38807209548958, 5.087621163596216, 5.45184216119245, 5.0955057597329825, 225.85149283541892], "layer_Op2_score": [52.071651053708074, 32.99348790600102, 61.05508642257017, 36.78726643016484, 20.728822622298168, 41.28244779964646, 31.914696626093175, 13.81828203783751, 51.0586126916516, 29.067159793096266, 13.57757336002897, 14.295307032869575, 14.039540646944827, 115.17872450967917], "layer_Barinel_score": [0.776357292854141, 0.763473848129268, 0.7807816171809978, 0.7629742199539297, 0.7384005216902516, 0.7716000993794718, 0.7601764243753141, 0.6731909126818414, 0.7797842662106449, 0.6053236772949194, 0.4961368669239832, 0.5336655034797783, 0.5445191332457084, 0.7999894699028336], "time": 16.981094360351562}