{"neuron_counts": [50176, 50176, 25088, 50176, 50176, 25088, 25088, 25088, 5376, 10752, 10752, 10752, 10752, 10], "neuron_counts_selected": [100, 100, 100, 100, 100, 100, 100, 100, 100, 100, 100, 100, 100, 10], "layer_tarantula_score": [0.5151739782970498, 0.5082028833111779, 0.4973501065320141, 0.5313423936520144, 0.5228470644812602, 0.5189642901513962, 0.5398744044439242, 0.5084735784283788, 0.5139754506685028, 0.4914346079768943, 0.509743357767827, 0.4348821715046708, 0.44362861405392306, 0.5060874623070126], "layer_ochiai_score": [0.5606701281414714, 0.46543601837918175, 0.6157000640792255, 0.5572931634778344, 0.36667754757299287, 0.5163061502475705, 0.4646322129108338, 0.3373442289507973, 0.6078299452159908, 0.45008478167734994, 0.33348603582463066, 0.31587156173135233, 0.29021931480247715, 0.8077481777156018], "layer_D_star_score": [38.973082338330734, 19.867501393811597, 78.58813219082896, 65.81501646650395, 11.624829879793902, 39.04718694704564, 50.30623773864493, 12.477303994548206, 85.67797600299484, 92.59148667562667, 19.131192951646806, 17.528422143320594, 17.973832754550934, 296.6162413488306], "layer_Op2_score": [60.49074458164272, 43.25908439282423, 75.14540720964804, 63.18592396914528, 29.591113884579208, 53.74208728135094, 47.15410250241019, 27.200025929242564, 73.84100776344057, 52.816905183133315, 29.948100497254682, 28.12294891902255, 24.984125957098826, 124.48605971624947], "layer_Barinel_score": [0.8111176126134939, 0.801618810917151, 0.8002590510325244, 0.8187330440859952, 0.7881326084521936, 0.8113770836443092, 0.8114808905022914, 0.75521094148515, 0.809866930665107, 0.7274318882338935, 0.7237275526114152, 0.6483721735832563, 0.6451431402026835, 0.8100293039906695], "time": 1.8610620498657227}