{"neuron_counts": [176960, 829500, 829500, 414750, 414750, 750, 1], "neuron_counts_selected": [200, 200, 200, 200, 200, 200, 1], "layer_tarantula_score": [0.26771032501078323, 0.21955783270375892, 0.171205287865809, 0.1750081913152875, 0.1710131703222363, 0.49171073951541977, 0.4999906252929596], "layer_ochiai_score": [0.17965825300354554, 0.15309562139320948, 0.1200126765210015, 0.1252636409112678, 0.1261068778799146, 0.4385550713701512, 0.4472024155793157], "layer_D_star_score": [1.1495456951471705, 1.1299548236152315, 0.10058191354060811, 0.11221258103349523, 0.11814065735640618, 0.4873062275181381, 0.499993750078124], "layer_Op2_score": [0.11497462083754645, 0.12964015066499232, 0.03359846140598431, 0.11178392601193347, 0.06465389051232782, 1.0702958903234405, 1.1111209875445827], "layer_Barinel_score": [0.11238418650793644, 0.09264043650793659, 0.071102371031746, 0.07354278769841274, 0.07281776785714285, 0.19625249999999997, 0.19999999999999996], "time": 0.4710206985473633}