{"neuron_counts": [176960, 829500, 829500, 414750, 414750, 750, 1], "neuron_counts_selected": [500, 500, 500, 500, 500, 500, 1], "layer_tarantula_score": [0.25936964819138314, 0.04664281026163691, 0.0565567334343124, 0.02041507987964453, 0.005214271938992141, 0.30364709838535564, 0.4999944445678985], "layer_ochiai_score": [0.18563378867085614, 0.03268066077051593, 0.03930177697416927, 0.015141343780818257, 0.0037827600306413753, 0.2732208681028142, 0.4999916668749942], "layer_D_star_score": [180.50929845016293, 180.08320266163443, 180.10232482481086, 180.0411968903575, 0.012665644535176664, 0.6606624889361161, 0.9999888890123443], "layer_Op2_score": [0.39380190198098025, 0.055800221997780015, 0.06700030999690003, 0.03180012199878001, 0.0048000519994800045, 0.9854041459585404, 2.100008999910001], "layer_Barinel_score": [0.18673809523809523, 0.044, 0.050349206349206345, 0.016555555555555556, 0.004333333333333334, 0.17323131313131312, 0.25], "time": 0.5971062183380127}