{"neuron_counts": [176960, 829500, 829500, 414750, 414750, 750, 1], "neuron_counts_selected": [1000, 1000, 1000, 1000, 1000, 750, 1], "layer_tarantula_score": [0.25421823608844035, 0.186960415480805, 0.18230938719849424, 0.15632906844444192, 0.1656314821462989, 0.4921268307234292, 0.4999906252929596], "layer_ochiai_score": [0.16932053070439818, 0.13056463145022137, 0.12833524468235624, 0.11297243521275752, 0.1190853797260596, 0.4384460551530768, 0.4472024155793157], "layer_D_star_score": [0.49811482300652765, 0.11086431349859176, 0.7515290823654478, 0.4596422480296644, 0.26600414971365055, 0.48695736788779664, 0.499993750078124], "layer_Op2_score": [0.09760256054932735, 0.07594395734491856, 0.04866984540171791, 0.06910192671192546, 0.07890188825679724, 1.0766987174117812, 1.1111209875445827], "layer_Barinel_score": [0.10695150039682585, 0.07862554642857149, 0.07710416309523825, 0.06539151666666679, 0.06982717777777775, 0.19648857777777776, 0.19999999999999996], "time": 2.028766393661499}