{"neuron_counts": [176960, 829500, 829500, 414750, 414750, 750, 1], "neuron_counts_selected": [500, 500, 500, 500, 500, 500, 1], "layer_tarantula_score": [0.23436668819412682, 0.18039303769831516, 0.1852178328318093, 0.1372058670322267, 0.1227647378435837, 0.4941965665007842, 0.4999944445678985], "layer_ochiai_score": [0.1725470941959611, 0.13612294097651584, 0.1403091006466107, 0.10893203829179166, 0.09596088608903625, 0.49307767345592335, 0.4999916668749942], "layer_D_star_score": [0.6308589959193407, 3.443445551637397, 0.569131041714309, 0.16797265740824593, 0.14256133276453167, 0.9823601932806114, 0.9999888890123443], "layer_Op2_score": [0.2966411049889503, 0.23737950496495036, 0.2505570695893048, 0.2014831346486538, 0.14040480419195905, 2.0601857203827967, 2.100008999910001], "layer_Barinel_score": [0.12258632582972571, 0.09246083116883135, 0.09609067316017336, 0.07078790101010098, 0.06279739509379513, 0.24690061616161618, 0.25], "time": 0.7380087375640869}