{"neuron_counts": [176960, 829500, 829500, 414750, 414750, 750, 1], "neuron_counts_selected": [100, 100, 100, 100, 100, 100, 1], "layer_tarantula_score": [0.3734679339981116, 0.3530514156049914, 0.37897828608593814, 0.3917917315191246, 0.36100843657927245, 0.4999944445678983, 0.4999944445678985], "layer_ochiai_score": [0.29420231885033277, 0.2887829748056798, 0.317535520904243, 0.323188492950735, 0.2926918378639587, 0.4999916668749942, 0.4999916668749942], "layer_D_star_score": [0.7411713805738139, 900.631145865123, 1800.7734294648253, 900.7013115248006, 0.7568575557519508, 0.9999888890123445, 0.9999888890123443], "layer_Op2_score": [0.8240042599574002, 0.8830039699603005, 0.9970038299617002, 1.0560038399616003, 0.9010034899651004, 2.100008999910001, 2.100008999910001], "layer_Barinel_score": [0.2130793650793651, 0.20675613275613278, 0.23254509379509375, 0.23565692640692643, 0.22900937950937952, 0.25, 0.25], "time": 0.31665492057800293}