{"neuron_counts": [176960, 829500, 829500, 414750, 414750, 750, 1], "neuron_counts_selected": [200, 200, 200, 200, 200, 200, 1], "layer_tarantula_score": [0.250089752053462, 0.1865803510221343, 0.21221635368835584, 0.13151468993679033, 0.15558570791162377, 0.49445266440003066, 0.4999906252929596], "layer_ochiai_score": [0.1669012240426992, 0.130152778233736, 0.1491761307142894, 0.09838088942346017, 0.10821828363095523, 0.43987526862309073, 0.4472024155793157], "layer_D_star_score": [1.142036906987169, 1.1071634488980306, 0.12686630013996622, 0.09466571211907311, 0.09218362403195085, 0.48873732143447457, 0.499993750078124], "layer_Op2_score": [0.09190473022521964, 0.06718167937022926, 0.09169050927211925, 0.019272844190619802, 0.07836114320951995, 1.083504186064599, 1.1111209875445827], "layer_Barinel_score": [0.1077795634920635, 0.0781360515873016, 0.08863387896825398, 0.0558415476190476, 0.06720777777777778, 0.19767472222222215, 0.19999999999999996], "time": 0.47446608543395996}