{"neuron_counts": [176960, 829500, 829500, 414750, 414750, 750, 1], "neuron_counts_selected": [500, 500, 500, 500, 500, 500, 1], "layer_tarantula_score": [0.08127253975658551, 0.002729336530195803, 0.003231621074259475, 0.0007043772992171067, 0.0005571669163911076, 0.13882082021055364, 0.4999944445678985], "layer_ochiai_score": [0.05376787055912046, 0.001838378851903106, 0.0019986584369842534, 0.0005278372754837327, 0.00039097972126828664, 0.127265566423545, 0.4999916668749942], "layer_D_star_score": [0.4425435485395551, 0.3640680988843757, 0.36333517265953647, 0.0013364264425320856, 0.36079704779320604, 0.22635409893449096, 0.9999888890123443], "layer_Op2_score": [-0.06207882365176366, -0.04205393494065026, -0.033907210447895415, -0.01740460979390221, -0.016204226717732494, 0.38557386978130287, 2.100008999910001], "layer_Barinel_score": [0.04876533809523843, 0.002273500000000001, 0.0024175999999996043, 0.0005157333333331891, 0.00041357575757587265, 0.06995271948051938, 0.25], "time": 0.7453885078430176}