{"neuron_counts": [176960, 829500, 829500, 414750, 414750, 750, 1], "neuron_counts_selected": [500, 500, 500, 500, 500, 500, 1], "layer_tarantula_score": [0.23664647038517755, 0.1701974173286531, 0.17460972554466828, 0.15352980961729457, 0.16457781356243115, 0.4916326299077922, 0.4999944445678985], "layer_ochiai_score": [0.17208412795689312, 0.13227345114611289, 0.13351777896451741, 0.12530883486869654, 0.13215180536421758, 0.48887906918519125, 0.4999916668749942], "layer_D_star_score": [0.6044247669707757, 0.20012196707742966, 1.6414187303977021, 0.5701026975602264, 0.5751939995370603, 0.9665631958313057, 0.9999888890123443], "layer_Op2_score": [0.27477023681763185, 0.2198107118528817, 0.2143159133208663, 0.2742237754422466, 0.2580840917190823, 2.03024738408616, 2.100008999910001], "layer_Barinel_score": [0.12065834963924968, 0.08782834343434337, 0.09071957316017303, 0.07934785887445887, 0.08537397243867245, 0.2448787717171717, 0.25], "time": 0.7647674083709717}