{"neuron_counts": [176960, 829500, 829500, 414750, 414750, 750, 1], "neuron_counts_selected": [500, 500, 500, 500, 500, 500, 1], "layer_tarantula_score": [0.24746766252728983, 0.177305507582942, 0.18344402755569827, 0.15791962423082012, 0.16781716633451985, 0.4938682853653843, 0.4999906252929596], "layer_ochiai_score": [0.1655418345726351, 0.12503358656049426, 0.12918729700169362, 0.11625228057358934, 0.12102718537774071, 0.43905226112763196, 0.4472024155793157], "layer_D_star_score": [0.2920007882358414, 0.10750750692166171, 0.7509902710285511, 0.2671437519261543, 0.2657484415654112, 0.48481375301701113, 0.499993750078124], "layer_Op2_score": [0.06867632301863343, 0.053361697758913876, 0.056586171086987574, 0.09276647335029567, 0.0691258863790399, 1.0732720791991197, 1.1111209875445827], "layer_Barinel_score": [0.10256040634920635, 0.07430947301587304, 0.07773210158730157, 0.06593759047619041, 0.07013606190476186, 0.19669902222222221, 0.19999999999999996], "time": 0.9332714080810547}