{"neuron_counts": [176960, 829500, 829500, 414750, 414750, 750, 1], "neuron_counts_selected": [1000, 1000, 1000, 1000, 1000, 750, 1], "layer_tarantula_score": [0.26770837148855275, 0.19020377093958798, 0.19154001907835486, 0.15300054367206262, 0.16284607322990208, 0.4921268307234292, 0.4999906252929596], "layer_ochiai_score": [0.17803708862546924, 0.13335934800961818, 0.1340170033513686, 0.10945918558772959, 0.11689761264112096, 0.4384460551530768, 0.4472024155793157], "layer_D_star_score": [0.3016275091450321, 0.1566818002090907, 0.11498419975493786, 0.4549057252119875, 0.7439867316601315, 0.48695736788779664, 0.499993750078124], "layer_Op2_score": [0.11906746787257885, 0.06627363728180866, 0.06793746427261835, 0.05867368768124756, 0.07315316262041523, 1.0766987174117812, 1.1111209875445827], "layer_Barinel_score": [0.11162472222222229, 0.08133484166666688, 0.08186348452380965, 0.06400160158730178, 0.06913076666666663, 0.19648857777777776, 0.19999999999999996], "time": 2.278998613357544}