{"neuron_counts": [176960, 829500, 829500, 414750, 414750, 750, 1], "neuron_counts_selected": [500, 500, 500, 500, 500, 500, 1], "layer_tarantula_score": [0.37929484374690886, 0.25240399016388, 0.2646524509739411, 0.2413062982293535, 0.24088856854242738, 0.4932621915754729, 0.4999944445678985], "layer_ochiai_score": [0.29344456244328354, 0.19492108606723185, 0.20522259495762057, 0.1893875110441272, 0.18821426293264143, 0.4893308513949436, 0.4999916668749942], "layer_D_star_score": [180.75021008125637, 360.53480780117246, 180.56370519749908, 180.49281824825061, 180.50314783405207, 0.9887744127745723, 0.9999888890123443], "layer_Op2_score": [0.8174036459635404, 0.5254022459775403, 0.5400021999780003, 0.5294020859791402, 0.5230021499785003, 2.0388086919130815, 2.100008999910001], "layer_Barinel_score": [0.22631919191919192, 0.16225959595959596, 0.18343261183261184, 0.16421269841269842, 0.15593217893217895, 0.24853181818181821, 0.25], "time": 0.8968534469604492}