{"neuron_counts": [176960, 829500, 829500, 414750, 414750, 750, 1], "neuron_counts_selected": [500, 500, 500, 500, 500, 500, 1], "layer_tarantula_score": [0.2409761616751477, 0.15149272978876702, 0.16011831857167247, 0.180101818697999, 0.1765712763974297, 0.4940134354048805, 0.4999944445678985], "layer_ochiai_score": [0.17516368793424517, 0.11557080493357995, 0.12420875742638555, 0.14391646998685412, 0.13943015056151611, 0.49401048284592103, 0.4999916668749942], "layer_D_star_score": [0.2506948119562912, 0.5417731896787535, 0.5638767480748567, 0.2257549138380226, 0.21592277498749754, 0.9880297218092317, 0.9999888890123443], "layer_Op2_score": [0.29547606783932207, 0.15146699833001676, 0.176532564634354, 0.3185081959580398, 0.2789012585874141, 2.0712981280987193, 2.100008999910001], "layer_Barinel_score": [0.12362193405483404, 0.07870326464646459, 0.0856970828282826, 0.09394640057720056, 0.09156299639249654, 0.24700977272727276, 0.25], "time": 1.0978128910064697}