{"neuron_counts": [176960, 829500, 829500, 414750, 414750, 750, 1], "neuron_counts_selected": [500, 500, 500, 500, 500, 500, 1], "layer_tarantula_score": [0.2737459657586791, 0.18548646493622997, 0.1778739375497064, 0.18391728020962908, 0.1728877856844256, 0.4957777228237201, 0.4999906252929596], "layer_ochiai_score": [0.18265035730449672, 0.1290181274241344, 0.12480100240155251, 0.13144909742561378, 0.12636828691630766, 0.4430010809541955, 0.4472024155793157], "layer_D_star_score": [0.7924176378849213, 0.2689835177259115, 0.10831958196258788, 0.2744207883505043, 0.2759039279063082, 0.4946754328367842, 0.499993750078124], "layer_Op2_score": [0.14542081070210325, 0.05046750222775271, 0.06382811186542334, 0.11286526060821532, 0.10082031844090594, 1.0978226914367615, 1.1111209875445827], "layer_Barinel_score": [0.11581923809523814, 0.07894828730158726, 0.07604650476190476, 0.07748565714285702, 0.07369184444444436, 0.19827062222222222, 0.19999999999999996], "time": 0.9237504005432129}