{"neuron_counts": [176960, 829500, 829500, 414750, 414750, 750, 1], "neuron_counts_selected": [500, 500, 500, 500, 500, 500, 1], "layer_tarantula_score": [0.0994934343908022, 0.0021846380173535886, 0.0018084641689566558, 0.0002701318306993105, 0.00025119810271154446, 0.1360817497498089, 0.4999906252929596], "layer_ochiai_score": [0.06363466650391474, 0.00154757691297556, 0.0011993203594635356, 0.00017646715024659764, 0.00016662876393409555, 0.11126704761304874, 0.4472024155793157], "layer_D_star_score": [1.4991079558974547, 0.002083811518050506, 0.001358164068083685, 0.0002006520123311421, 0.0001939857012415702, 0.27163748435507334, 0.499993750078124], "layer_Op2_score": [-0.0684846253263854, -0.03324582464639278, -0.036576901278874564, -0.014459391295652298, -0.01486694227841898, 0.16532199775557946, 1.1111209875445827], "layer_Barinel_score": [0.05219906666666655, 0.0018114666666663407, 0.0013102666666666325, 0.00020066666666650754, 0.00016999999999998868, 0.05499344126984134, 0.19999999999999996], "time": 0.9141640663146973}