{"neuron_counts": [176960, 829500, 829500, 414750, 414750, 750, 1], "neuron_counts_selected": [500, 500, 500, 500, 500, 500, 1], "layer_tarantula_score": [0.35232824295251886, 0.17993968062541965, 0.18264482428030474, 0.13839697763015907, 0.1303015711273352, 0.47300698080790743, 0.4999944445678985], "layer_ochiai_score": [0.26635864766274275, 0.1311243064531041, 0.13124543257344767, 0.10740245439458464, 0.09861524758995348, 0.4612739043993546, 0.4999916668749942], "layer_D_star_score": [540.7105410576261, 360.3343535978206, 540.3009133976132, 180.38958720843863, 360.27529285771567, 0.9613537384821761, 0.9999888890123443], "layer_Op2_score": [0.6930029299707002, 0.2954013259867401, 0.2916012639873601, 0.26860083399166007, 0.23560094399056009, 1.882807911920881, 2.100008999910001], "layer_Barinel_score": [0.2242214285714286, 0.13541111111111112, 0.13615873015873015, 0.10869545454545457, 0.09871212121212122, 0.24414357864357866, 0.25], "time": 0.8625457286834717}