{"neuron_counts": [176960, 829500, 829500, 414750, 414750, 750, 1], "neuron_counts_selected": [500, 500, 500, 500, 500, 500, 1], "layer_tarantula_score": [0.4005978437467616, 0.32487353696815385, 0.34067559874313086, 0.3533275625453224, 0.348560267266257, 0.4973390166610326, 0.4999944445678985], "layer_ochiai_score": [0.316874728467564, 0.26360667024412116, 0.2756984973788141, 0.2893452212203137, 0.2864112331345636, 0.49726092319413523, 0.4999916668749942], "layer_D_star_score": [0.7736671952044014, 180.67227304461264, 180.69663389588624, 0.6652030970564494, 0.6948996142769375, 0.9958388999990126, 0.9999888890123443], "layer_Op2_score": [0.9234042259577404, 0.7726036539634604, 0.8046035339646604, 0.9174037059629404, 0.9014038259617405, 2.0866089539104613, 2.100008999910001], "layer_Barinel_score": [0.22984538239538238, 0.19625425685425685, 0.21333795093795094, 0.2136691197691198, 0.2102452380952381, 0.24879545454545457, 0.25], "time": 0.8960399627685547}