{"neuron_counts": [3686400, 3686400, 921600, 921600, 921600, 230400, 460800, 460800, 112640, 112640, 112640, 112640, 112640, 1024, 1024, 9], "neuron_counts_selected": [2000, 2000, 2000, 2000, 2000, 2000, 2000, 2000, 2000, 2000, 2000, 2000, 2000, 1024, 1024, 9], "layer_tarantula_score": [0.6360478412217522, 0.6576792860615883, 0.563364111169451, 0.4470784419870712, 0.4230411152776414, 0.4079752655040892, 0.26706771275212066, 0.23664292933925785, 0.23599296770751066, 0.14897724529026596, 0.14992440216865957, 0.1561813191504758, 0.13428623598734146, 0.20202454707162085, 0.20202454707162085, 0.38889368509679234], "layer_ochiai_score": [0.5788858137327808, 0.4956447026317701, 0.7631829719117379, 0.426192088488013, 0.3999852844861291, 0.5311431921758728, 0.31669296803911334, 0.3095721994047108, 0.3616145468506269, 0.20777745174504536, 0.24368285341902082, 0.2553906662856421, 0.22112579777086466, 0.3843012948437621, 0.3843012948437621, 0.7429426268004425], "layer_D_star_score": [9.733021903083428, 14.767328103895892, 7419.377838995841, 73.55309863468914, 66.95514133317198, 7420.1887233050065, 85.00558950790378, 7379.216669302578, 120.30907926085978, 69.21787882369823, 87.44862199164993, 93.79777639193543, 80.9484093468382, 159.14305564114798, 159.14305564114798, 309.4779112039661], "layer_Op2_score": [13.956576900293458, 11.882315404946745, 25.25363050691148, 12.971656079580866, 12.001408294063706, 18.219170149551772, 10.762149553306562, 10.78076161093422, 13.279168511415465, 7.509421960225711, 9.117789958342922, 9.625598046606251, 8.338809237922831, 15.023997261239405, 15.023997261239405, 29.090916841181453], "layer_Barinel_score": [0.9155014131498374, 0.8770709921955461, 0.9125173048560354, 0.6330322984387114, 0.5905374324109252, 0.6435791004365413, 0.4014559415861088, 0.3695438988987804, 0.39330355803452777, 0.2365777435183002, 0.25519283497516504, 0.2659111675651235, 0.23014379606581867, 0.3680424355814136, 0.3680424355814136, 0.7096695326920778], "time": 12.948887825012207}