{"neuron_counts": [3686400, 3686400, 921600, 921600, 921600, 230400, 460800, 460800, 112640, 112640, 112640, 112640, 112640, 1024, 1024, 9], "neuron_counts_selected": [200, 200, 200, 200, 200, 200, 200, 200, 200, 200, 200, 200, 200, 200, 200, 9], "layer_tarantula_score": [0.472970355801184, 0.49513699271845546, 0.47143491743177457, 0.2303434855194862, 0.17770119917297916, 0.19688171412684394, 0.09515685617405764, 0.06619844199283567, 0.091286386902025, 0.02314516576069106, 0.04257754331193648, 0.03374833802855962, 0.04205513328007446, 0.0626975908400018, 0.09680220950517633, 0.30247603980165594], "layer_ochiai_score": [0.512052953201086, 0.3960606038835159, 0.6590529349719523, 0.21146008249718587, 0.18986032190791877, 0.24905995482993834, 0.12191956731391441, 0.10344212092040919, 0.14740160920699089, 0.03620435071128772, 0.07391743052710256, 0.052002000496597346, 0.06475504214190553, 0.12026951964168088, 0.18569419290007913, 0.5802351451448757], "layer_D_star_score": [3.209295845993685, 2.61280058466893, 34.37717742113904, 10.745952215381982, 9.661798180609823, 18.706104850901003, 13.649987856723609, 13.986333180807382, 22.67143384144528, 5.904079867510854, 15.772550922719871, 9.819789807049053, 12.595697880472336, 32.49989557110412, 51.20463976801154, 159.99817293085965], "layer_Op2_score": [6.565882915569481, 4.61492986817106, 11.432494006033133, 3.0075950926635735, 2.8357613787873723, 4.362179291523619, 2.1643605063164535, 2.008185457151426, 2.966127815739479, 0.7102007524749139, 1.6174848763374587, 1.0799427010766383, 1.352576310789647, 2.7898861337955445, 4.323737635412148, 13.510301508468237], "layer_Barinel_score": [0.8756551624070374, 0.8164941426465692, 0.898634609598687, 0.411031526785777, 0.33380969478882316, 0.36383206156556297, 0.18095258605080394, 0.1296319276270229, 0.17249400688203848, 0.04541249864718594, 0.07960496853546889, 0.06204774859720598, 0.07719269636613363, 0.11583333333333341, 0.17811199999999996, 0.5565432098765433], "time": 2.2388193607330322}