{"neuron_counts": [3686400, 3686400, 921600, 921600, 921600, 230400, 460800, 460800, 112640, 112640, 112640, 112640, 112640, 1024, 1024, 9], "neuron_counts_selected": [2000, 2000, 2000, 2000, 2000, 2000, 2000, 2000, 2000, 2000, 2000, 2000, 2000, 1024, 1024, 9], "layer_tarantula_score": [0.6296228790196939, 0.6666459986644251, 0.564098659367899, 0.4375025256783967, 0.3966921463992676, 0.405020835255725, 0.2592767202060477, 0.23600021166330448, 0.24312698999885266, 0.1492218024216964, 0.1466538112546968, 0.14711319247556784, 0.13619270359174293, 0.20202454707162085, 0.20202454707162085, 0.38889368509679234], "layer_ochiai_score": [0.5753785031051946, 0.49714755422532997, 0.7560222545899696, 0.4165346765804421, 0.3930938630639284, 0.5321146690329729, 0.31414003713737326, 0.3156573240576837, 0.3691219246097327, 0.21494147227577673, 0.24324132031069798, 0.2408013592726131, 0.22899938451871948, 0.3843012948437621, 0.3843012948437621, 0.7429426268004425], "layer_D_star_score": [9.597971947619003, 14.364303960181154, 127.93222767771826, 69.559461864971, 65.4732042303651, 131.5632805352065, 86.45761650499321, 90.50910341157427, 121.87337178236693, 7363.535066652346, 89.19216926917566, 88.77836691541387, 85.0440266160031, 159.14305564114798, 159.14305564114798, 309.4779112039661], "layer_Op2_score": [13.839771981349076, 11.934524948691179, 24.951866670923255, 12.666653042011552, 11.86205066796151, 18.289423763742324, 10.772473396995771, 11.07491214041225, 13.518031338227573, 7.81156517900735, 9.18311357188913, 9.071888612916748, 8.67237349355454, 15.023997261239405, 15.023997261239405, 29.090916841181453], "layer_Barinel_score": [0.9124337337109375, 0.8782740679778686, 0.9094853714537029, 0.6178490309776962, 0.5738125132626126, 0.6408216348416941, 0.39135884082327277, 0.3709096532366648, 0.4025749815057891, 0.24088570298828085, 0.25155637122686225, 0.25087751400575226, 0.23589590983148156, 0.3680424355814136, 0.3680424355814136, 0.7096695326920778], "time": 13.139771938323975}