{"neuron_counts": [3686400, 3686400, 921600, 921600, 921600, 230400, 460800, 460800, 112640, 112640, 112640, 112640, 112640, 1024, 1024, 9], "neuron_counts_selected": [500, 500, 500, 500, 500, 500, 500, 500, 500, 500, 500, 500, 500, 500, 500, 9], "layer_tarantula_score": [0.0016000000000000014, NaN, 4.000000000000004e-06, NaN, NaN, NaN, NaN, NaN, NaN, NaN, NaN, NaN, NaN, 0.06270877215110283, 0.03919508058978271, 0.3024728661863941], "layer_ochiai_score": [0.0003268714015996891, NaN, 9.11908621988585e-07, NaN, NaN, NaN, NaN, NaN, NaN, NaN, NaN, NaN, NaN, 0.11482373989168955, 0.07415082965476276, 0.577844265289233], "layer_D_star_score": [0.00011571609007521148, NaN, 4.3524673054379026e-07, NaN, NaN, NaN, NaN, NaN, NaN, NaN, NaN, NaN, NaN, 47.08737450935016, 30.639331593093342, 240.70504204752916], "layer_Op2_score": [-0.0021786427589885592, NaN, 7.939136981964559e-06, NaN, NaN, NaN, NaN, NaN, NaN, NaN, NaN, NaN, NaN, 4.444028403493982, 2.89355047110485, 22.626268654252243], "layer_Barinel_score": [0.0016000000000000014, NaN, 4.000000000000004e-06, NaN, NaN, NaN, NaN, NaN, NaN, NaN, NaN, NaN, NaN, 0.11435111740716304, 0.0715326470512934, 0.5519651920938383], "time": 7.619104862213135}