{"neuron_counts": [3686400, 3686400, 921600, 921600, 921600, 230400, 460800, 460800, 112640, 112640, 112640, 112640, 112640, 1024, 1024, 9], "neuron_counts_selected": [500, 500, 500, 500, 500, 500, 500, 500, 500, 500, 500, 500, 500, 500, 500, 9], "layer_tarantula_score": [0.028175468707487474, 0.0, 0.002, 0.002, 0.0, 0.0, 0.0, 0.0, 0.0, 0.0, 0.0, 0.0, 0.0, 0.1570019116314358, 0.18700223229219273, 0.38889368509679234], "layer_ochiai_score": [0.006098829415905372, 0.0, 0.0004561150825139846, 0.0004576986928262564, 0.0, 0.0, 0.0, 0.0, 0.0, 0.0, 0.0, 0.0, 0.0, 0.2965667647030586, 0.3474587599085343, 0.7429426268004425], "layer_D_star_score": [0.0022904211155993174, 0.0, 0.00021793889487836546, 0.0002210657542596574, 0.0, 0.0, 0.0, 0.0, 0.0, 0.0, 0.0, 0.0, 0.0, 123.34926136595956, 144.04156495853658, 309.4779112039661], "layer_Op2_score": [0.04727397638392309, 0.0, 0.003972368359565735, 0.004, 0.0, 0.0, 0.0, 0.0, 0.0, 0.0, 0.0, 0.0, 0.0, 11.598693099535227, 13.557924153107509, 29.090916841181453], "layer_Barinel_score": [0.029001029391936876, 0.0, 0.002, 0.002, 0.0, 0.0, 0.0, 0.0, 0.0, 0.0, 0.0, 0.0, 0.0, 0.28485399945869955, 0.33630047678725566, 0.7096695326920778], "time": 5.097639560699463}