{"neuron_counts": [1401856, 350464, 165888, 41472, 82944, 82944, 4], "neuron_counts_selected": [2000, 2000, 2000, 2000, 2000, 2000, 4], "layer_tarantula_score": [0.055713764624094525, 0.065016468725493, 0.04730445257277781, 0.053308187466452765, 0.2727871450834129, 0.2718550269458462, 0.4776996077190085], "layer_ochiai_score": [0.0625438097594112, 0.0972786668963212, 0.06792809022644321, 0.08167204694097706, 0.2503677302392573, 0.24845053125443348, 0.6507175448453224], "layer_D_star_score": [7.596792929346089, 40.67386181585378, 35.45737475779012, 60.36858471804611, 20.21672702114725, 19.408827361274188, 139.3389043289009], "layer_Op2_score": [12.34570130644352, 25.538381350034015, 18.297151625032434, 23.75464477977699, 42.38782455852888, 41.69602322534567, 151.53232478255944], "layer_Barinel_score": [0.08312233679654864, 0.09712384034575662, 0.06913795244427158, 0.07740184056417618, 0.4029442037790456, 0.4021058996841498, 0.7300214154874877], "time": 44.09439826011658}