{"neuron_counts": [1401856, 350464, 165888, 41472, 82944, 82944, 4], "neuron_counts_selected": [500, 500, 500, 500, 500, 500, 4], "layer_tarantula_score": [0.06516264769334768, 0.07009521377993388, 0.0385550479456707, 0.051224277925021225, 0.25635845389488165, 0.23363738521027688, 0.4776996077190085], "layer_ochiai_score": [0.03510421149324221, 0.05893255878672004, 0.05602257211781692, 0.08227706087868372, 0.19520967684771634, 0.17240826507582943, 0.6507175448453224], "layer_D_star_score": [0.5811669242750848, 4.003640479822215, 24.210371755321443, 51.38040090098511, 10.754966034536848, 9.26407312795145, 139.3389043289009], "layer_Op2_score": [3.7447784137977562, 9.453222628335043, 14.42342279836285, 23.22688302758774, 28.845767336526844, 25.206759125817516, 151.53232478255944], "layer_Barinel_score": [0.09337683205121741, 0.10251870852501524, 0.057870112878577365, 0.07638301489169597, 0.37568108167242115, 0.33943226698348894, 0.7300214154874877], "time": 8.476746559143066}