{"neuron_counts": [1401856, 350464, 165888, 41472, 82944, 82944, 4], "neuron_counts_selected": [500, 500, 500, 500, 500, 500, 4], "layer_tarantula_score": [0.007118538016300763, 0.00886723636863587, 0.002912091883167102, 0.005165405240955881, 0.12962057723582954, 0.1146759667668364, 0.47141148139009803], "layer_ochiai_score": [0.005885321515035482, 0.01027474725091423, 0.00417666278837486, 0.008311464643315484, 0.09706325930274684, 0.08016625359211142, 0.6470299801374855], "layer_D_star_score": [0.22643380416127196, 1.3878837708731295, 1.4197974002021807, 4.78074534747818, 3.6320255251107993, 2.8106596363669687, 134.90471434993225], "layer_Op2_score": [0.8278707177119712, 2.0481842464873656, 1.0273097607907822, 2.320029082617012, 12.934165402834191, 10.257250336334893, 149.57751746030522], "layer_Barinel_score": [0.011009951155222561, 0.013511629772955143, 0.004441003654325861, 0.007747292220916804, 0.20136013137667996, 0.17673445855076353, 0.7250638256543492], "time": 14.177414655685425}