{"neuron_counts": [1401856, 350464, 165888, 41472, 82944, 82944, 4], "neuron_counts_selected": [1000, 1000, 1000, 1000, 1000, 1000, 4], "layer_tarantula_score": [0.06296821345822658, 0.06124746126088185, 0.05288210309664988, 0.042605118396371267, 0.2799974593540594, 0.2615695001994173, 0.4776996077190085], "layer_ochiai_score": [0.0713694931661991, 0.09118117008329518, 0.07655925886781235, 0.06783865267376454, 0.25504460125242945, 0.24246177420426762, 0.6507175448453224], "layer_D_star_score": [8.775882057347626, 36.11764413765127, 37.892835313414295, 50.6941513156788, 20.447950667473602, 19.64847786877211, 139.3389043289009], "layer_Op2_score": [14.164635633865895, 23.75049968297908, 20.358477976658147, 19.774372036681783, 42.740150223260656, 41.05168602527163, 151.53232478255944], "layer_Barinel_score": [0.09435708525088417, 0.09169463049407692, 0.0777365705589437, 0.06260372048792717, 0.41486931197578425, 0.38975084183489533, 0.7300214154874877], "time": 16.78839898109436}