{"neuron_counts": [1401856, 350464, 165888, 41472, 82944, 82944, 4], "neuron_counts_selected": [100, 100, 100, 100, 100, 100, 4], "layer_tarantula_score": [0.003968663821698975, 0.01418794200935831, 0.004860451866769757, 0.00492064135022913, 0.12838975261818322, 0.15560713542285415, 0.47141148139009803], "layer_ochiai_score": [0.004352070520673267, 0.020885894534851374, 0.006830204356541386, 0.00805109106869819, 0.11757371625739912, 0.1432188143617124, 0.6470299801374855], "layer_D_star_score": [0.42400051581318643, 7.20201011583018, 1.9996522518319955, 4.784899790616243, 7.029810729534199, 7.824061839921703, 134.90471434993225], "layer_Op2_score": [0.808575826017911, 5.3033303373524525, 1.6453265087422764, 2.2707138953242008, 18.546579639820003, 22.317088080010176, 149.57751746030522], "layer_Barinel_score": [0.005984486288913991, 0.02139146947827326, 0.0073633319283173465, 0.007411720934355085, 0.19645831466761174, 0.24084866155351375, 0.7250638256543492], "time": 14.938137292861938}