{"neuron_counts": [1401856, 350464, 165888, 41472, 82944, 82944, 4], "neuron_counts_selected": [100, 100, 100, 100, 100, 100, 4], "layer_tarantula_score": [0.0036950357033523396, 0.010966168667545184, 0.0050163188463170595, 0.008342626141037954, 0.10991472553347213, 0.11183723581806233, 0.47141148139009803], "layer_ochiai_score": [0.004185351661090737, 0.016159314470072995, 0.007282912521051409, 0.013313008236798188, 0.09732785034246934, 0.0921123505528317, 0.6470299801374855], "layer_D_star_score": [0.4153493796679395, 5.430708139540275, 3.119403135557637, 6.922690405737587, 5.0173751044739845, 3.8415253900389157, 134.90471434993225], "layer_Op2_score": [0.7915834646996958, 4.0766391920806635, 1.8509667193684471, 3.6673971291232426, 14.649400311960797, 13.035896768103616, 149.57751746030522], "layer_Barinel_score": [0.0057593735328487815, 0.01659375690466299, 0.007483999196364529, 0.01254716293596294, 0.16774748213075638, 0.17245574341298034, 0.7250638256543492], "time": 14.65218472480774}