{"neuron_counts": [1401856, 350464, 165888, 41472, 82944, 82944, 4], "neuron_counts_selected": [500, 500, 500, 500, 500, 500, 4], "layer_tarantula_score": [0.007866760827447776, 0.01010548056062115, 0.007508269629503634, 0.0026848951552574055, 0.1235756665730902, 0.1374806104040028, 0.46668165493454195], "layer_ochiai_score": [0.007513670626023233, 0.01350427137851765, 0.010892980970810021, 0.004387808502484468, 0.09898040762544948, 0.1092061941088574, 0.6290336277736881], "layer_D_star_score": [0.33161075990586975, 2.1568368286029918, 2.8305910418948574, 1.8502115069555205, 2.7712905240913663, 3.0226928276041334, 83.79721800403019], "layer_Op2_score": [0.8712354993912614, 2.199725923082614, 1.947851000661917, 0.8805607694210076, 9.653187958158789, 10.654605108125239, 101.03869140683905], "layer_Barinel_score": [0.01204858996950144, 0.015387404546782224, 0.011422944905710873, 0.004077566622258558, 0.19354097025699046, 0.2137241435804665, 0.726190067419905], "time": 11.752164363861084}