{"neuron_counts": [1401856, 350464, 165888, 41472, 82944, 82944, 4], "neuron_counts_selected": [1000, 1000, 1000, 1000, 1000, 1000, 4], "layer_tarantula_score": [0.007633452122752029, 0.0073629614334887504, 0.005230513572763301, 0.0034142722377858716, 0.1440927219658602, 0.12695842400104582, 0.47141148139009803], "layer_ochiai_score": [0.008657427008051792, 0.010868718800635542, 0.007302124032279953, 0.005391838898555112, 0.12380649281356267, 0.1116087716437625, 0.6470299801374855], "layer_D_star_score": [0.909356964648957, 3.61711055822048, 2.6469581272874416, 3.5445074061170208, 5.8959287880359375, 5.512955201643643, 134.90471434993225], "layer_Op2_score": [1.6596248727910072, 2.750727831374462, 1.8272922850341717, 1.5343279455079957, 18.183748299445178, 16.668873262852816, 149.57751746030522], "layer_Barinel_score": [0.011704858491588721, 0.011149388035914453, 0.00786943696377253, 0.005124632681833372, 0.2217522920427474, 0.19675832650384986, 0.7250638256543492], "time": 20.681864261627197}