{"neuron_counts": [2, 2, 1], "neuron_counts_selected": [2, 2, 1], "layer_tarantula_score": [0.7474226526070973, 0.5000014254027639, 0.5000014254027639], "layer_ochiai_score": [0.6822123269913705, 0.7362678643536918, 0.7362678643536918], "layer_D_star_score": [2.3096445139997224, 3.818698200249384, 3.818698200249384], "layer_Op2_score": [1.768497801416197, 2.494107146913057, 2.494107146913057], "layer_Barinel_score": [0.7684915857769562, 0.5421071739781839, 0.5421071739781839], "time": 0.061200618743896484}