{"neuron_counts": [3200, 3200, 800, 800, 1600, 1600, 1600, 1600, 256, 256, 512, 512, 512, 512, 512, 512, 128, 128, 128, 512, 512, 512, 2], "neuron_counts_selected": [200, 200, 200, 200, 200, 200, 200, 200, 200, 200, 200, 200, 200, 200, 200, 200, 128, 128, 128, 200, 200, 200, 2], "layer_tarantula_score": [0.41123738897860723, 0.4305486927868128, 0.47080753957503896, 0.47472614814380537, 0.23319027104505144, 0.11597781123366531, 0.10201039521519072, 0.05460105873689478, 0.22117988509551367, 0.21327716293932972, 0.01821594986649472, 0.0010209621619793599, 0.00010000000000000009, 0, 0, 0, 0, 0, 0, 0, 0, 0, 0.5000001602551262], "layer_ochiai_score": [0.3235697173989332, 0.3412801275661251, 0.5894167067772382, 0.5978294216298291, 0.1834803121883713, 0.08969093758390394, 0.07626458532063535, 0.036873388258814456, 0.17803480730705065, 0.17202269984374127, 0.010509813703311863, 0.00058112502893997, 3.060694639654871e-05, 0, 0, 0, 0, 0, 0, 0, 0, 0, 0.7211074816078176], "layer_D_star_score": [0.9677375206197896, 1.1059491806016852, 7.1410297957340445, 7.389129611877198, 1.0059270066753256, 0.40760651736940984, 0.2975214671258067, 0.12083802892616062, 0.9789435468164733, 1.0797457230836383, 0.022558323382292394, 0.0013367667813192008, 1.5340774364129164e-05, 0, 0, 0, 0, 0, 0, 0, 0, 0, 14.083215973200224], "layer_Op2_score": [2.8342427019792154, 3.0340675094806966, 8.448161199529235, 8.616207355135732, 1.7110337280097838, 0.7799140310459158, 0.642060096653104, 0.25832345847339566, 1.6896664381427822, 1.6949818303320738, 0.059150116729871215, 0.0022788588164698773, -0.0036961244528887966, 0, 0, 0, 0, 0, 0, 0, 0, 0, 12.076930177460174], "layer_Barinel_score": [0.429052339049839, 0.44828820776445777, 0.49057571548073237, 0.49453818645926934, 0.24251704405597066, 0.1205860499784238, 0.10621250861064613, 0.05673735401700517, 0.23033640957630386, 0.22207733315634695, 0.018884079070758817, 0.0010466485507246263, 0.00010000000000000009, 0, 0, 0, 0, 0, 0, 0, 0, 0, 0.52], "time": 1.7993841171264648}