{"neuron_counts": [3200, 3200, 800, 800, 1600, 1600, 1600, 1600, 256, 256, 512, 512, 512, 512, 512, 512, 128, 128, 128, 512, 512, 512, 2], "neuron_counts_selected": [100, 100, 100, 100, 100, 100, 100, 100, 100, 100, 100, 100, 100, 100, 100, 100, 100, 100, 100, 100, 100, 100, 2], "layer_tarantula_score": [0.4752204701931754, 0.4907262051936537, 0.4974135228548087, 0.5081211057174335, 0.3883297597711644, 0.2836916309273853, 0.3299274090413478, 0.24005690805355367, 0.3416981963664078, 0.3389939905794266, 0.10668555654789963, 0.01609732010794048, 0.0, 0.0, 0.0, 0.0, 0.0, 0.0, 0.0, 0.0, 0.0, 0.0, 0.5000001170598994], "layer_ochiai_score": [0.3753965254682356, 0.39311996734490384, 0.6325680513167632, 0.6430168956201774, 0.31465008389877785, 0.21670166187050338, 0.2455801372741622, 0.163090792518937, 0.3333243441611033, 0.32120543022761344, 0.06984315876084733, 0.00925135981075092, 0.0, 0.0, 0.0, 0.0, 0.0, 0.0, 0.0, 0.0, 0.0, 0.0, 0.7227748445052279], "layer_D_star_score": [2.9147112820664827, 2.880291381304116, 14.672656622127795, 15.247917691974553, 4.079308947066227, 3.498096058281176, 2.9727626354938956, 1.487626532455137, 6.86954188005226, 6.310867996632397, 0.8615224142192716, 0.045862073981157596, 0.0, 0.0, 0.0, 0.0, 0.0, 0.0, 0.0, 0.0, 0.0, 0.0, 21.91865024565284], "layer_Op2_score": [5.605875407264314, 5.901054876252596, 14.796071846180087, 15.001956530827995, 5.576209508644596, 3.952434990950641, 4.155137816485146, 2.5382397573116178, 7.097102651544938, 6.394269370912016, 1.1394792437472443, 0.10250064028389014, -0.0006888471670722221, 0.0, 0.0, 0.0, 0.0, 0.0, 0.0, 0.0, 0.0, 0.0, 19.090336263447412], "layer_Barinel_score": [0.4941575506558711, 0.5098443377223437, 0.5194127350932892, 0.5301418514818931, 0.4012874238522988, 0.29161913381416255, 0.3406219101667538, 0.24776872369394948, 0.3546532032171897, 0.3515678669326834, 0.10935431363882747, 0.016308511076133937, 0.0, 0.0, 0.0, 0.0, 0.0, 0.0, 0.0, 0.0, 0.0, 0.0, 0.522406082839278], "time": 0.6544778347015381}