{"neuron_counts": [3200, 3200, 800, 800, 1600, 1600, 1600, 1600, 256, 256, 512, 512, 512, 512, 512, 512, 128, 128, 128, 512, 512, 512, 2], "neuron_counts_selected": [1000, 1000, 800, 800, 1000, 1000, 1000, 1000, 256, 256, 512, 512, 512, 512, 512, 512, 128, 128, 128, 512, 512, 512, 2], "layer_tarantula_score": [0.40583546557740935, 0.4079573493183296, 0.46717883489895895, 0.46717883489895895, 0.22841623679042072, 0.15025621384251822, 0.12593103427059113, 0.07700493952519624, 0.205416260766868, 0.205416260766868, 0.027533549343724244, 0.002537254326867034, 0.00029470703730941815, 0, 0, 0, 0, 0, 0, 0, 0, 0, 0.5000001602551262], "layer_ochiai_score": [0.32183101301546646, 0.316700110009582, 0.5857781016192467, 0.5857781016192467, 0.17970216797791846, 0.11117048865992095, 0.08874901433578536, 0.05162099989468069, 0.16567377560964983, 0.16567377560964983, 0.017732437430758512, 0.0013396497306648082, 0.00010712361119756971, 0, 0, 0, 0, 0, 0, 0, 0, 0, 0.7211074816078176], "layer_D_star_score": [0.963894368261792, 0.9176248988729359, 6.9693413372726205, 6.9693413372726205, 0.950922718213207, 0.5067356353426318, 0.33130952952251996, 0.16776561902933051, 1.0224535711595195, 1.0224535711595195, 0.05661426382519328, 0.0028600911318712717, 7.015868260337545e-05, 0, 0, 0, 0, 0, 0, 0, 0, 0, 14.083215973200224], "layer_Op2_score": [2.8311211661756457, 2.7328768239167402, 8.377350148700781, 8.377350148700781, 1.6443362452134955, 0.9489647252636518, 0.713352832132062, 0.38598840377381677, 1.6172530484365868, 1.6172530484365868, 0.12364210841731024, 0.005466781144247568, -0.002226588683880316, 0, 0, 0, 0, 0, 0, 0, 0, 0, 12.076930177460174], "layer_Barinel_score": [0.4235111238899988, 0.42553792517482525, 0.48691097987398174, 0.48691097987398174, 0.23760211240267068, 0.15605018028037418, 0.13091951338888677, 0.07996504906043134, 0.21383384298070318, 0.21383384298070318, 0.028536265811025835, 0.0026136018688553, 0.0002984827215021896, 0, 0, 0, 0, 0, 0, 0, 0, 0, 0.52], "time": 5.898778200149536}