{"neuron_counts": [3200, 3200, 800, 800, 1600, 1600, 1600, 1600, 256, 256, 512, 512, 512, 512, 512, 512, 128, 128, 128, 512, 512, 512, 2], "neuron_counts_selected": [100, 100, 100, 100, 100, 100, 100, 100, 100, 100, 100, 100, 100, 100, 100, 100, 100, 100, 100, 100, 100, 100, 2], "layer_tarantula_score": [0.3963972267986438, 0.39741846056058155, 0.4508978410415607, 0.48641189827600284, 0.2099898704718119, 0.13892599656017154, 0.1112223351562979, 0.07383037137525078, 0.22699649250541343, 0.20090046673658196, 0.042036545482653856, 0.001418247711690527, NaN, NaN, NaN, NaN, NaN, NaN, NaN, NaN, NaN, NaN, 0.5000001170598994], "layer_ochiai_score": [0.3181315232455876, 0.3089702059967763, 0.5530191360050147, 0.6184914498376, 0.18431683528267057, 0.09763134519887001, 0.0849550898442245, 0.05014863678931676, 0.16629858338814565, 0.16799629276945968, 0.023720009195015976, 0.0009133920606926762, NaN, NaN, NaN, NaN, NaN, NaN, NaN, NaN, NaN, NaN, 0.7227748445052279], "layer_D_star_score": [1.607557218910506, 1.290334375395578, 9.025107079370448, 12.851254213604099, 1.7826479807963214, 0.5265606214790006, 0.6180846301455395, 0.24408205723486462, 1.357536736281366, 2.173307227711746, 0.09516435816608353, 0.004544527915808492, NaN, NaN, NaN, NaN, NaN, NaN, NaN, NaN, NaN, NaN, 21.91865024565284], "layer_Op2_score": [4.5499969699590554, 4.208478764832191, 12.140067036359104, 14.229853879132314, 2.912544584988801, 1.2361259591859532, 1.1837090087988302, 0.584352421529846, 2.336915362739382, 2.8399283352287084, 0.24097933441857985, 0.007755628651674978, -0.0013708058624737217, NaN, NaN, NaN, NaN, NaN, NaN, NaN, NaN, NaN, 19.090336263447412], "layer_Barinel_score": [0.41545378240890823, 0.4167072137811813, 0.47279846498245603, 0.5086553617031887, 0.21956657169884208, 0.14503947094411324, 0.11584476916779717, 0.07623375295964843, 0.23675264930600812, 0.2099291631971469, 0.04377158444659831, 0.001459829645381355, NaN, NaN, NaN, NaN, NaN, NaN, NaN, NaN, NaN, NaN, 0.522406082839278], "time": 0.6661255359649658}