{"neuron_counts": [3200, 3200, 800, 800, 1600, 1600, 1600, 1600, 256, 256, 512, 512, 512, 512, 512, 512, 128, 128, 128, 512, 512, 512, 2], "neuron_counts_selected": [500, 500, 500, 500, 500, 500, 500, 500, 256, 256, 500, 500, 500, 500, 500, 500, 128, 128, 128, 500, 500, 500, 2], "layer_tarantula_score": [0.40482061564024047, 0.41290928225146367, 0.4718431726191713, 0.4681386101834741, 0.21749606350050024, 0.12174407673148556, 0.12934494135288446, 0.0638655980228872, 0.205416260766868, 0.205416260766868, 0.031299357674078605, 0.0028043154598533645, 0.0005276471129718481, 0, 0, 0, 0, 0, 0, 0, 0, 0, 0.5000001602551262], "layer_ochiai_score": [0.32351193839909703, 0.3197158939745776, 0.5934703343760133, 0.5834000473283585, 0.1679317080597084, 0.08787966790296906, 0.09099251051898533, 0.04224396848786614, 0.16567377560964983, 0.16567377560964983, 0.022569601354439056, 0.0015235270348019107, 0.0002157272133043921, 0, 0, 0, 0, 0, 0, 0, 0, 0, 0.7211074816078176], "layer_D_star_score": [0.9965075112192712, 0.9371568629960951, 7.2101017973751516, 6.85467523228738, 0.8515836176667675, 0.369877975569459, 0.3351654877857894, 0.11682653164114432, 1.0224535711595195, 1.0224535711595195, 0.09310967571668556, 0.0035650133530130876, 0.00029075620171904276, 0, 0, 0, 0, 0, 0, 0, 0, 0, 14.083215973200224], "layer_Op2_score": [2.8723047923015987, 2.7742252162983365, 8.521678047738094, 8.28919612046061, 1.5109117552634221, 0.7266824009969169, 0.7274778121706731, 0.30301813641433684, 1.6172530484365868, 1.6172530484365868, 0.18145799189237005, 0.006935103545356344, -0.00378980844762622, 0, 0, 0, 0, 0, 0, 0, 0, 0, 12.076930177460174], "layer_Barinel_score": [0.42231414693084685, 0.4306754053991757, 0.491631390507813, 0.4878560559448068, 0.2261046796736032, 0.12656597388570165, 0.13457433668627486, 0.06633507159981163, 0.21383384298070318, 0.21383384298070318, 0.03245459165213403, 0.0028742937373737575, 0.0005343636363635449, 0, 0, 0, 0, 0, 0, 0, 0, 0, 0.52], "time": 3.6913723945617676}