{"neuron_counts": [3200, 3200, 800, 800, 1600, 1600, 1600, 1600, 256, 256, 512, 512, 512, 512, 512, 512, 128, 128, 128, 512, 512, 512, 2], "neuron_counts_selected": [100, 100, 100, 100, 100, 100, 100, 100, 100, 100, 100, 100, 100, 100, 100, 100, 100, 100, 100, 100, 100, 100, 2], "layer_tarantula_score": [0.4294574109234042, 0.39033254782671684, 0.46148698023586543, 0.47111743717008275, 0.21643270131894415, 0.1393745050099066, 0.14086758855470613, 0.0724122459460091, 0.21945162167133941, 0.19969666620137586, 0.03290324395625605, 0.0025918835770141566, 0.0009000000000000007, 0, 0, 0, 0, 0, 0, 0, 0, 0, 0.5000001602551262], "layer_ochiai_score": [0.33918459655107264, 0.3029587445647761, 0.5860090680740427, 0.5871771426813684, 0.16847415996460094, 0.10077616780750276, 0.09432433171688866, 0.04386272974188698, 0.17607715607084168, 0.1608476189063875, 0.021625102145977636, 0.0014608460247541913, 0.0002496141282488583, 0, 0, 0, 0, 0, 0, 0, 0, 0, 0.7211074816078176], "layer_D_star_score": [1.0214568379544604, 0.8579665325110056, 7.109621692880802, 6.977802199676477, 0.8717078106535584, 0.3963145478729387, 0.3377509141473331, 0.14865355600841554, 1.198365387271014, 0.9584558136049057, 0.058834273367210276, 0.0035365543998419624, 7.499937500520724e-05, 0, 0, 0, 0, 0, 0, 0, 0, 0, 14.083215973200224], "layer_Op2_score": [2.9794638225859806, 2.613794616964485, 8.476728719779079, 8.36449763924893, 1.5389087730094377, 0.8087313289897771, 0.7400466865639498, 0.3020156783409357, 1.7763625979800153, 1.5438009276851705, 0.15258476857870293, 0.006900027692094771, 0.0009000000000000007, 0, 0, 0, 0, 0, 0, 0, 0, 0, 12.076930177460174], "layer_Barinel_score": [0.44770921939171937, 0.40765472777222783, 0.48113286579013415, 0.490883820077348, 0.22519126589453906, 0.14448921009425358, 0.1465735153759284, 0.07485024196277922, 0.22844908333453978, 0.20777975433155924, 0.03416679908326967, 0.0026766666666667273, 0.0009000000000000007, 0, 0, 0, 0, 0, 0, 0, 0, 0, 0.52], "time": 1.035804033279419}