{"neuron_counts": [3200, 3200, 800, 800, 1600, 1600, 1600, 1600, 256, 256, 512, 512, 512, 512, 512, 512, 128, 128, 128, 512, 512, 512, 2], "neuron_counts_selected": [100, 100, 100, 100, 100, 100, 100, 100, 100, 100, 100, 100, 100, 100, 100, 100, 100, 100, 100, 100, 100, 100, 2], "layer_tarantula_score": [0.39967821207472787, 0.4007115531280101, 0.45116996582919583, 0.48563583943526806, 0.211288489494447, 0.1408070938037877, 0.11034757990156163, 0.07377204889951282, 0.2263071180064982, 0.19708275418224713, 0.041923795995730616, 0.001387557764216662, 0, 0, 0, 0, 0, 0, 0, 0, 0, 0, 0.5000001602551262], "layer_ochiai_score": [0.3185812107339286, 0.3099428688193772, 0.5537423281221527, 0.6165428900519796, 0.1840050012239955, 0.09855980953547379, 0.0852455621516931, 0.049525912330717375, 0.16544561155355283, 0.16601156734827757, 0.0244503091095838, 0.0009005464687128576, 0, 0, 0, 0, 0, 0, 0, 0, 0, 0, 0.7211074816078176], "layer_D_star_score": [1.0445005568450823, 0.8489619942394327, 5.891794953837809, 8.244272922376654, 1.1426307380694611, 0.3438885843457739, 0.39932028928531077, 0.1493346000643107, 0.8775583557023966, 1.3499607781722045, 0.06317923390362593, 0.0028428343818605087, 0, 0, 0, 0, 0, 0, 0, 0, 0, 0, 14.083215973200224], "layer_Op2_score": [2.860971480988607, 2.654225212113752, 7.704059202621519, 8.997774615579882, 1.83637807170714, 0.788800520765225, 0.7528081599372312, 0.3604002399981545, 1.4881161206452278, 1.7835241367374082, 0.15652324674425597, 0.0035307951477295944, -0.001530757455711879, 0, 0, 0, 0, 0, 0, 0, 0, 0, 12.076930177460174], "layer_Barinel_score": [0.41667377206127204, 0.4178968426018425, 0.4707190024822958, 0.505484271429222, 0.21990280240064, 0.14630275759669442, 0.11445437693154802, 0.07590440586657926, 0.23504936390935532, 0.20513247932483233, 0.0434884118490205, 0.0014250000000000393, 0, 0, 0, 0, 0, 0, 0, 0, 0, 0, 0.52], "time": 1.0885534286499023}