{"neuron_counts": [3200, 3200, 800, 800, 1600, 1600, 1600, 1600, 256, 256, 512, 512, 512, 512, 512, 512, 128, 128, 128, 512, 512, 512, 2], "neuron_counts_selected": [500, 500, 500, 500, 500, 500, 500, 500, 256, 256, 500, 500, 500, 500, 500, 500, 128, 128, 128, 500, 500, 500, 2], "layer_tarantula_score": [0.415731270292222, 0.3879624314719033, 0.46441433991282083, 0.4716365311270962, 0.2468370069405619, 0.12286525869976658, 0.12644868922046265, 0.0745698737174926, 0.205416260766868, 0.205416260766868, 0.028545768551913923, 0.0021523541725050224, 0.000217181970948018, 0, 0, 0, 0, 0, 0, 0, 0, 0, 0.5000001602551262], "layer_ochiai_score": [0.3307554918211457, 0.30370732781736937, 0.5811529714888174, 0.5921313250139195, 0.19174859051179574, 0.08982768077458839, 0.09155424990021319, 0.04624018016518907, 0.16567377560964983, 0.16567377560964983, 0.017785227738156918, 0.0011905264380164227, 8.584946616420702e-05, 0, 0, 0, 0, 0, 0, 0, 0, 0, 0.7211074816078176], "layer_D_star_score": [1.0474855960319942, 0.8382934926773993, 6.872093142890211, 7.136247309306155, 1.028728571791294, 0.3841008019073153, 0.3589201287590756, 0.11361846546278775, 1.0224535711595195, 1.0224535711595195, 0.05348957019432503, 0.0024909764514029916, 5.030027322030926e-05, 0, 0, 0, 0, 0, 0, 0, 0, 0, 14.083215973200224], "layer_Op2_score": [2.943176439965847, 2.6065629217313697, 8.290426660717996, 8.492722050722685, 1.7485675395420046, 0.7400683003976884, 0.7618744299197686, 0.3102338244782733, 1.6172530484365868, 1.6172530484365868, 0.12081705229960124, 0.003370190167767413, -0.003582123183667771, 0, 0, 0, 0, 0, 0, 0, 0, 0, 12.076930177460174], "layer_Barinel_score": [0.43353323739593735, 0.4051560674103675, 0.48409764501602837, 0.49140424832416085, 0.25665754994298356, 0.12758312124735557, 0.1316278548177433, 0.0772864930779917, 0.21383384298070318, 0.21383384298070318, 0.029499455406676558, 0.0022208711111113507, 0.0002216000000000017, 0, 0, 0, 0, 0, 0, 0, 0, 0, 0.52], "time": 3.9093687534332275}