{"neuron_counts": [3, 3], "neuron_counts_selected": [3, 3], "layer_tarantula_score": [0.17322317919169175, 0.05555555568222752], "layer_ochiai_score": [0.23122656186340143, 0.08042252453204361], "layer_D_star_score": [429.2536176760563, 269.0633076348522], "layer_Op2_score": [644.3173201681193, 244.41266337536322], "layer_Barinel_score": [0.1832564842673099, 0.05821004471401757], "time": 0.3567972183227539}