{"neuron_counts": [246016, 61504, 53824, 12544, 9216, 2304, 2304, 64, 64, 1], "neuron_counts_selected": [500, 500, 500, 500, 500, 500, 500, 64, 64, 1], "layer_tarantula_score": [0.5053768765901716, 0.49933115126440863, 0.4210002215599042, 0.428000225243798, 0.2850001499871085, 0.2830001489345674, 0.31600016630149574, 0.21875011512168419, 0.21875011512168419, 0.5000002631352781], "layer_ochiai_score": [0.4846742811040826, 0.7685162762691224, 0.7282202883843265, 0.740328464200693, 0.4929757296663493, 0.48951625086167316, 0.5465976511388294, 0.37838049426145226, 0.37838049426145226, 0.8648697011690338], "layer_D_star_score": [23.886534374598163, 251.18562848298944, 467.36271847187544, 475.1335950260396, 316.38568827668524, 314.16543783263836, 350.79957015941244, 242.83989231763127, 242.83989231763127, 555.0626110117286], "layer_Op2_score": [58.42137547910082, 147.16218872158015, 156.62515754506632, 159.22937631659948, 106.02890712670761, 105.28484462055528, 117.56187597206878, 81.38183661041154, 81.38183661041154, 186.01562653808352], "layer_Barinel_score": [0.7496413655693358, 0.7472374379311857, 0.629816, 0.640288, 0.42636, 0.4233680000000001, 0.47273600000000005, 0.32725000000000004, 0.32725000000000004, 0.748], "time": 6.2663421630859375}