{"neuron_counts": [246016, 61504, 53824, 12544, 9216, 2304, 2304, 64, 64, 1], "neuron_counts_selected": [200, 200, 200, 200, 200, 200, 200, 64, 64, 1], "layer_tarantula_score": [0.4845587537681894, 0.4973638468274863, 0.34445018127389293, 0.32000016840657786, 0.18911259952434067, 0.1800000947287002, 0.20480010778021013, 0.09570317536573678, 0.09570317536573678, 0.5000002631352781], "layer_ochiai_score": [0.6444201713922512, 0.8498320914781752, 0.595808737135347, 0.5535166087481814, 0.3271153427246575, 0.31135309242085196, 0.35425062959883596, 0.1655414662393854, 0.1655414662393854, 0.8648697011690338], "layer_D_star_score": [93.85283277846484, 486.6753201430555, 382.3826327259796, 355.2400710475061, 209.93855604991103, 199.82253996422216, 227.35364547040422, 106.24245288896371, 106.24245288896371, 555.0626110117286], "layer_Op2_score": [104.4419958171159, 179.66222257941783, 128.14616512208576, 119.0500009843735, 70.3557603473666, 66.96562555371018, 76.19200062999907, 35.604553517055066, 35.604553517055066, 186.01562653808352], "layer_Barinel_score": [0.7356612137628877, 0.745993998512664, 0.5152972000000003, 0.4787200000000002, 0.2829123, 0.2692800000000001, 0.3063808000000001, 0.143171875, 0.143171875, 0.748], "time": 2.852048397064209}