{"neuron_counts": [246016, 61504, 53824, 12544, 9216, 2304, 2304, 64, 64, 1], "neuron_counts_selected": [1000, 1000, 1000, 1000, 1000, 1000, 1000, 64, 64, 1], "layer_tarantula_score": [0.49979494551424486, 0.5001339335622244, 0.413500217612875, 0.41400021787601027, 0.29950015761803156, 0.29600015577608463, 0.3100001631438724, 0.21875011512168419, 0.21875011512168419, 0.5000002631352781], "layer_ochiai_score": [0.657534138268973, 0.854164244119194, 0.7152472428667911, 0.7161121125679601, 0.5180569510002513, 0.512002863092068, 0.5362192147248009, 0.37838049426145226, 0.37838049426145226, 0.8648697011690338], "layer_D_star_score": [103.44506954182744, 506.3371748797337, 459.03677930669943, 459.5918419177112, 332.4825039960254, 328.59706571894327, 344.1388188272717, 242.83989231763127, 242.83989231763127, 555.0626110117286], "layer_Op2_score": [107.73018839501815, 181.44415774975346, 153.834923146995, 154.02093877353315, 111.42336029631204, 110.12125091054544, 115.32968845361178, 81.38183661041154, 81.38183661041154, 186.01562653808352], "layer_Barinel_score": [0.7470465234878513, 0.7480722513946811, 0.618596, 0.619344, 0.44805200000000006, 0.44281600000000004, 0.4637600000000001, 0.32725000000000004, 0.32725000000000004, 0.748], "time": 11.8936128616333}