{"neuron_counts": [246016, 61504, 53824, 12544, 9216, 2304, 2304, 64, 64, 1], "neuron_counts_selected": [2000, 2000, 2000, 2000, 2000, 2000, 2000, 64, 64, 1], "layer_tarantula_score": [0.5019753409124168, 0.5000187658141572, 0.4182502201126601, 0.4217502219546071, 0.2975001565654905, 0.29725015643392283, 0.3080001620913313, 0.21875011512168419, 0.21875011512168419, 0.5000002631352781], "layer_ochiai_score": [0.6593443157990917, 0.854046054525586, 0.7234635050278969, 0.7295175929360802, 0.5145974721955752, 0.5141650373449906, 0.5327597359201247, 0.37838049426145226, 0.37838049426145226, 0.8648697011690338], "layer_D_star_score": [104.46740113045148, 505.97959739591954, 464.3098741113109, 468.195312388393, 330.26225355197846, 329.9847222464726, 341.9185683832248, 242.83989231763127, 242.83989231763127, 555.0626110117286], "layer_Op2_score": [108.08805557803817, 181.41490775014407, 155.60207159910684, 156.90418098487345, 110.67929779015971, 110.58628997689067, 114.58562594745946, 81.38183661041154, 81.38183661041154, 186.01562653808352], "layer_Barinel_score": [0.7487159909762973, 0.7479874686947142, 0.625702, 0.6309380000000001, 0.44506000000000007, 0.444686, 0.460768, 0.32725000000000004, 0.32725000000000004, 0.748], "time": 23.73533582687378}