{"neuron_counts": [246016, 61504, 53824, 12544, 9216, 2304, 2304, 64, 64, 1], "neuron_counts_selected": [2000, 2000, 2000, 2000, 2000, 2000, 2000, 64, 64, 1], "layer_tarantula_score": [0.48195602532196835, 0.4966517695301095, 0.358281313552807, 0.3595521892216308, 0.1875782237168444, 0.19406460213043222, 0.18331522147335297, 0.09570317536573678, 0.09570317536573678, 0.5000002631352781], "layer_ochiai_score": [0.6420154954973872, 0.8481303128844028, 0.61973297902651, 0.6219312615894571, 0.32446127382919493, 0.33568101224503555, 0.31708739475702746, 0.1655414662393854, 0.1655414662393854, 0.8648697011690338], "layer_D_star_score": [92.44293670700577, 480.4011705639215, 397.7369134374391, 399.1477438289781, 208.235207662369, 215.4358961493709, 203.50274384088297, 106.24245288896371, 106.24245288896371, 555.0626110117286], "layer_Op2_score": [103.91931761413927, 179.17767995434727, 133.29177588728868, 133.764581106042, 69.78492489342791, 72.19805911259974, 68.1989556615643, 35.604553517055066, 35.604553517055066, 186.01562653808352], "layer_Barinel_score": [0.7336542691474818, 0.7454515226852232, 0.5359885630000001, 0.5378897920000005, 0.2806168750000004, 0.29032049200000015, 0.27423942700000065, 0.143171875, 0.143171875, 0.748], "time": 23.235483407974243}