{"neuron_counts": [3686400, 3686400, 921600, 921600, 921600, 230400, 460800, 460800, 112640, 112640, 112640, 112640, 112640, 1024, 1024, 9], "neuron_counts_selected": [2000, 2000, 2000, 2000, 2000, 2000, 2000, 2000, 2000, 2000, 2000, 2000, 2000, 1024, 1024, 9], "layer_tarantula_score": [0.4410848999628167, 0.39697978513483434, 0.43822566368902677, 0.174851318214101, 0.17139775218601697, 0.22570830875330827, 0.0754925070239998, 0.03915069530773167, 0.04983695191745259, 0.016637846793131017, 0.00675986513833224, 0.0049069111875947894, 0.006213790603293867, 0.04852457860215361, 0.04852457860215361, 0.3950649384147887], "layer_ochiai_score": [0.5015514406034877, 0.30773861586684276, 0.5894259657881086, 0.15353649912792383, 0.1755789494059157, 0.2897131807390729, 0.07236992916318583, 0.04270138622945258, 0.06046640473564262, 0.024171220353951698, 0.008760080373071749, 0.006257276332319277, 0.008755962808160284, 0.08970892010937014, 0.08970892010937014, 0.7332388088784776], "layer_D_star_score": [4.688072495509651, 2.084974578443002, 27.66523918664113, 3.7457150029841584, 6.3738660489964865, 24.938390120592086, 4.0932514323502325, 2.606350412852704, 5.775204960461306, 3.1927971107160498, 1.1060178185659206, 0.6918699537694653, 1.0108106675573463, 19.129029424339787, 19.129029424339787, 156.99472977722127], "layer_Op2_score": [9.534683728495924, 4.770069409438144, 14.395143352896413, 2.9196364784634596, 3.6701436969702184, 7.484388703868043, 1.533565804593848, 0.9746380531947836, 1.5438758486498316, 0.6949589616605572, 0.2408959637834336, 0.16492797526827913, 0.2415568674783251, 3.0089065000013564, 3.0089065000013564, 24.64223032897505], "layer_Barinel_score": [0.8032673449085406, 0.6542585022122543, 0.7961821708730996, 0.2927453102471914, 0.29799017594001087, 0.3997009684326081, 0.12836516401665374, 0.06852293480326012, 0.0873892201165208, 0.029377287040216346, 0.011587205987436497, 0.008604925938260033, 0.011098530451984499, 0.08357667424395421, 0.08357667424395421, 0.6804516749994857], "time": 9.506708145141602}