{"neuron_counts": [3686400, 3686400, 921600, 921600, 921600, 230400, 460800, 460800, 112640, 112640, 112640, 112640, 112640, 1024, 1024, 9], "neuron_counts_selected": [500, 500, 500, 500, 500, 500, 500, 500, 500, 500, 500, 500, 500, 500, 500, 9], "layer_tarantula_score": [0.2267251070236515, 0.004, 0.03, 0.014552003787679454, 0.0, 0.0, 0.0, 0.0, 0.0, 0.0, 0.0, 0.0, 0.0, 0.09122225909857477, 0.09622229972538693, 0.4444480557166373], "layer_ochiai_score": [0.05070860437661664, 0.000834318215141326, 0.006625121730904425, 0.00672049461714519, 0.0, 0.0, 0.0, 0.0, 0.0, 0.0, 0.0, 0.0, 0.0, 0.1678820664763921, 0.1771621201512603, 0.8248936599882873], "layer_D_star_score": [0.021998411672958962, 0.0002535422515985334, 0.0028106766052523914, 0.019146360522955503, 0.0, 0.0, 0.0, 0.0, 0.0, 0.0, 0.0, 0.0, 0.0, 35.3185575194666, 37.305522068209555, 176.61907099937395], "layer_Op2_score": [0.3639263044132481, 0.005573329746723175, 0.04780611751973629, 0.08551108281114318, 0.0, 0.0, 0.0, 0.0, 0.0, 0.0, 0.0, 0.0, 0.0, 5.615401530014216, 5.927279757615306, 27.722509120096934], "layer_Barinel_score": [0.22873566372110887, 0.004, 0.03, 0.017913216942275243, 0.0, 0.0, 0.0, 0.0, 0.0, 0.0, 0.0, 0.0, 0.0, 0.15681268640579707, 0.16542465291750932, 0.7655081343744214], "time": 3.576936960220337}