{"neuron_counts": [3686400, 3686400, 921600, 921600, 921600, 230400, 460800, 460800, 112640, 112640, 112640, 112640, 112640, 1024, 1024, 9], "neuron_counts_selected": [100, 100, 100, 100, 100, 100, 100, 100, 100, 100, 100, 100, 100, 100, 100, 9], "layer_tarantula_score": [0.600800812649983, 0.5380677303160613, 0.5635163971728623, 0.34791313313194294, 0.42390712579586315, 0.4087294949342455, 0.21138192945773449, 0.1294191331004235, 0.20722913181225822, 0.10604690259122453, 0.08147079393179364, 0.07904336931448017, 0.05611198952595018, 0.14500117817755293, 0.15500125943117726, 0.4444480557166373], "layer_ochiai_score": [0.551971362126507, 0.42404394856715627, 0.7174367366554242, 0.2872367929342319, 0.40455287953447877, 0.5157727821215101, 0.20954366768402785, 0.15662188656600032, 0.23935682644082834, 0.11823146857611114, 0.11130827222640648, 0.09768703487992399, 0.06751202076842609, 0.2691215565711787, 0.2876816639209152, 0.8248936599882873], "layer_D_star_score": [7.164234136730567, 10.063529513061429, 76.72253322807293, 14.411080353010822, 31.495019424197327, 69.45568144268408, 26.083928282044653, 16.16432229075158, 39.65561486572924, 19.960932444579402, 16.97684784594097, 16.06487596752942, 10.187562636508625, 57.62197191354574, 61.59590101103166, 176.61907099937395], "layer_Op2_score": [11.14294233137231, 8.729973117491067, 20.507662240444102, 6.548063684081107, 10.171209749794714, 15.08671168039916, 5.834644940234236, 4.323243620146767, 7.077898537179555, 3.468786855123476, 3.359448341735741, 2.8826661067838844, 2.005823644869853, 9.044468600431625, 9.668225055633805, 27.722509120096934], "layer_Barinel_score": [0.8721501337118768, 0.7356657101446302, 0.868162111250672, 0.46470429952268816, 0.6055580463618473, 0.6188442075250663, 0.287681191197131, 0.20387022781651698, 0.30464489796951966, 0.1505979291459115, 0.12351697084687291, 0.12063072883155428, 0.0807505826705392, 0.249747028839655, 0.26697096186307945, 0.7655081343744214], "time": 2.3163845539093018}