{"neuron_counts": [3686400, 3686400, 921600, 921600, 921600, 230400, 460800, 460800, 112640, 112640, 112640, 112640, 112640, 1024, 1024, 9], "neuron_counts_selected": [200, 200, 200, 200, 200, 200, 200, 200, 200, 200, 200, 200, 200, 200, 200, 9], "layer_tarantula_score": [0.43855711311076845, 0.3370520330255285, 0.44901192918454874, 0.18925596802906947, 0.23201213160275772, 0.19674879963333103, 0.07119584400184724, 0.026102452793245683, 0.05951401434473962, 0.02168356874264423, 0.004190114811064148, 0.014764912867373223, 0.01043385841687964, 0.04061308456279225, 0.04962571392587251, 0.3950674147819404], "layer_ochiai_score": [0.4962666338511688, 0.3095637322514534, 0.5962787211270595, 0.15790814513613835, 0.2345436165701968, 0.2564009906633959, 0.06615206645587848, 0.030122133583039754, 0.05210687016188477, 0.0318373207158857, 0.005985315050738475, 0.018229533679999584, 0.015919120027430133, 0.07619563084664008, 0.09130356612386854, 0.7411998182437851], "layer_D_star_score": [2.932231971954644, 1.7207730029013317, 21.584707657957672, 2.749102408148847, 5.552827369815628, 18.75909352009475, 2.4250380145560655, 1.5850456604332748, 3.5069504830187386, 2.924362287096196, 0.4223500110269643, 1.639211224826909, 1.8554236786288212, 13.103863204559843, 15.50509680148219, 127.46900206207118], "layer_Op2_score": [6.188312990925224, 3.4276727869303234, 9.729846120096992, 1.968126666833325, 3.2193218782030377, 4.596097838179034, 0.868994643883895, 0.48189426201844254, 0.812025642483924, 0.6140442551436158, 0.10491891640208682, 0.3255315360865974, 0.3207878415539588, 1.7260327729306748, 2.051501801829948, 16.79013827123457], "layer_Barinel_score": [0.829214726939727, 0.6172176974900958, 0.8225622705364315, 0.3111212458633465, 0.4172112134224081, 0.3516206989146624, 0.1276386390188759, 0.047044424473884135, 0.09423604938733915, 0.03836562876580833, 0.00776020295055808, 0.02611175747742584, 0.018434094367589023, 0.07147799999999999, 0.08732100000000009, 0.6953086419753086], "time": 2.331998586654663}