{"neuron_counts": [3686400, 3686400, 921600, 921600, 921600, 230400, 460800, 460800, 112640, 112640, 112640, 112640, 112640, 1024, 1024, 9], "neuron_counts_selected": [200, 200, 200, 200, 200, 200, 200, 200, 200, 200, 200, 200, 200, 200, 200, 9], "layer_tarantula_score": [0.4375693349305049, 0.33630696508698943, 0.4502105503823517, 0.18885230818620813, 0.23223912638519115, 0.19630014706378804, 0.0712536403397899, 0.026014944431184177, 0.059589502118124124, 0.021679418439468984, 0.004189145700632952, 0.014849821201572945, 0.010428828310856283, 0.04061282999128186, 0.0496254030179768, 0.3950649384147887], "layer_ochiai_score": [0.4892235471817584, 0.30341934665317755, 0.5905971185556957, 0.1568796112488994, 0.2325095415395281, 0.25412918575204174, 0.0647806426700824, 0.030071757239671076, 0.05147390201673044, 0.03151726540031923, 0.0059173168462684405, 0.01815792175747835, 0.015739801717915582, 0.07537723597411743, 0.09033931716143526, 0.7332388088784776], "layer_D_star_score": [4.214675483101872, 2.4397752797845107, 28.98245418801278, 3.749281608126804, 7.447936709521355, 23.763525593567046, 3.127294574339146, 2.022537232084292, 4.454243525654055, 3.801617208205529, 0.5353207375418282, 2.0765946962939745, 2.3279201234866815, 16.13911954716467, 19.096916729808132, 156.99472977722127], "layer_Op2_score": [9.074684104684254, 4.991551678337807, 14.28836674112541, 2.895340848593581, 4.74623005947853, 6.741237591687532, 1.2676617821201386, 0.712306798698136, 1.1863642103187948, 0.9020122729898437, 0.15518416872334018, 0.4813677612470796, 0.471358003643505, 2.533230903689865, 3.010892262854069, 24.64223032897505], "layer_Barinel_score": [0.8043382238423465, 0.5965435454769681, 0.8025974052044444, 0.30283211681934175, 0.4062744832911895, 0.3427089366990607, 0.12383373143523765, 0.04581732396345955, 0.09253922604084443, 0.03747159630421843, 0.007567320522591817, 0.025619124656863362, 0.018029062199677967, 0.06995069799138261, 0.08545570779618525, 0.6804516749994857], "time": 2.7156715393066406}