{"neuron_counts": [3686400, 3686400, 921600, 921600, 921600, 230400, 460800, 460800, 112640, 112640, 112640, 112640, 112640, 1024, 1024, 9], "neuron_counts_selected": [2000, 2000, 2000, 2000, 2000, 2000, 2000, 2000, 2000, 2000, 2000, 2000, 2000, 1024, 1024, 9], "layer_tarantula_score": [0.43521744734567824, 0.39439557911705014, 0.4415828223131126, 0.1779866199780268, 0.1653283235440137, 0.20989138150571388, 0.06494563706249942, 0.03905199686086514, 0.05536406388056383, 0.013445199869518969, 0.006520861672746064, 0.006309026183447429, 0.006504839739706176, 0.04852457860215361, 0.04852457860215361, 0.3950649384147887], "layer_ochiai_score": [0.5029008255505184, 0.31103188203486276, 0.5877398588140721, 0.16096284783584422, 0.16987557241420445, 0.276521770035382, 0.06320823252707768, 0.04249588416626046, 0.07027944673264176, 0.019525745085237974, 0.009155169062858166, 0.008531928508282756, 0.008485642445181997, 0.08970892010937014, 0.08970892010937014, 0.7332388088784776], "layer_D_star_score": [4.7342333003144015, 2.2373208103971804, 28.57011496704821, 4.288318896403164, 6.096198506415327, 24.813248782498153, 3.816275438079419, 2.827358110996724, 7.348303048668673, 2.4566761025318837, 1.1328533080619616, 1.0356215024338296, 1.0168020291727, 19.129029424339787, 19.129029424339787, 156.99472977722127], "layer_Op2_score": [9.595831339129703, 4.859060105201806, 14.361952718131452, 3.1346479844624975, 3.556860650892669, 7.2403892414975655, 1.365341894188613, 0.9805510053754679, 1.846868449315165, 0.5551972709936313, 0.2571324292761554, 0.23627220619314027, 0.23333347345846348, 3.0089065000013564, 3.0089065000013564, 24.64223032897505], "layer_Barinel_score": [0.8016552034092361, 0.6593927597231203, 0.7991945039621473, 0.2999804434453646, 0.2881061674570435, 0.37437743791229333, 0.11045095040388352, 0.06817787064026844, 0.09773527425141079, 0.02377006002317272, 0.011503579450684786, 0.011073888539605349, 0.011297034300205724, 0.08357667424395421, 0.08357667424395421, 0.6804516749994857], "time": 9.460998058319092}