{"neuron_counts": [1, 5, 1], "neuron_counts_selected": [1, 5, 1], "layer_tarantula_score": [0, 0.039999999999999994, 0], "layer_ochiai_score": [0, 0.02170404917816132, 0], "layer_D_star_score": [0, 0.9680568575130519, 0], "layer_Op2_score": [0, 2.3199999999999994, 0], "layer_Barinel_score": [0, 0.039999999999999994, 0], "time": 0.09197044372558594}