{"neuron_counts": [1, 5, 1], "neuron_counts_selected": [1, 5, 1], "layer_tarantula_score": [0, 0.09827774634516458, 0.5000082062909257], "layer_ochiai_score": [0, 0.09488791840619613, 0.9924714101676954], "layer_D_star_score": [0, 10.756858627235703, 12935.902136595432], "layer_Op2_score": [0, 11.540000499987494, 196.25001874953125], "layer_Barinel_score": [0, 0.1580952380952381, 0.985], "time": 0.08856511116027832}