{"neuron_counts": [20, 20, 1, 1, 1], "neuron_counts_selected": [20, 20, 1, 1, 1], "layer_tarantula_score": [0.26764840212410546, 0.26764840212410546, 0.22617352901305404, 0.20622566882165597, 0.49999998150207037], "layer_ochiai_score": [0.17919985828001136, 0.17919985828001136, 0.1968181146194716, 0.18786710314220068, 0.7002739848431035], "layer_D_star_score": [2.1204938545267806, 2.1204938545267806, 1.0945931154147088, 1.0384602071022986, 49.075379103058296], "layer_Op2_score": [6.025417050153609, 6.025417050153609, 8.407408504799065, 8.333334567898948, 50.01852033607345], "layer_Barinel_score": [0.2632439287157823, 0.2632439287157823, 0.2195121951219512, 0.19999999999999996, 0.4903846153846154], "time": 0.3709828853607178}