{"neuron_counts": [20, 20, 1, 1, 1], "neuron_counts_selected": [20, 20, 1, 1, 1], "layer_tarantula_score": [0.413667007517395, 0.413667007517395, 0.17647058823529413, 0.19999999999999998, 0.5], "layer_ochiai_score": [0.2944076806613048, 0.2944076806613048, 0.14552122950064306, 0.1788852593148133, 0.707106074080827], "layer_D_star_score": [5.730075946221929, 5.730075946221929, 0.49999930555652006, 0.8648636961301404, 49.99990000019999], "layer_Op2_score": [10.298431851114021, 10.298431851114021, 5.450981468663787, 7.372550249901471, 49.019609765471046], "layer_Barinel_score": [0.413667007517395, 0.413667007517395, 0.17647058823529416, 0.19999999999999996, 0.5], "time": 0.3621857166290283}