{"neuron_counts": [2, 3, 1], "neuron_counts_selected": [2, 3, 1], "layer_tarantula_score": [0.08333472217592747, NaN, 0.5000062497656338], "layer_ochiai_score": [0.12499843752929626, NaN, 0.8164863749118269], "layer_D_star_score": [0.24999375015624611, NaN, 7.999600019999001], "layer_Op2_score": [0.33333888870370987, NaN, 3.3333555548148395], "layer_Barinel_score": [0.125, NaN, 0.6666666666666667], "time": 0.05855250358581543}