{"neuron_counts": [1577088, 3097600, 774400, 774400, 774400, 128, 128, 2], "neuron_counts_selected": [200, 200, 200, 200, 200, 128, 128, 2], "layer_tarantula_score": [0.5105622185437946, 0.5020255126540882, 0.5127238373280533, 0.5103414758157652, 0.514409736287196, 0.015625069825436596, 0.015625069825436596, 0.5000022344139711], "layer_ochiai_score": [0.4877258578993818, 0.40550232176607837, 0.6505112549338858, 0.6463134095647779, 0.6609189727024338, 0.02503711422092975, 0.02503711422092975, 0.801187655069752], "layer_D_star_score": [3.040164861574105, 2.56884024096551, 8.4566408212763, 8.356206332843712, 9.662344628431848, 0.4967486892976568, 0.4967486892976568, 15.895958057525018], "layer_Op2_score": [3.196178863226704, 2.502244951851003, 5.503614665296099, 5.455593091626512, 5.678105330700444, 0.2511238288169715, 0.2511238288169715, 8.035962522143087], "layer_Barinel_score": [0.6165102030015515, 0.5807373983085964, 0.6413200751627959, 0.6399686549519147, 0.6443200212077207, 0.020059653037743194, 0.020059653037743194, 0.6419088972077822], "time": 0.6443221569061279}