{"neuron_counts": [1577088, 3097600, 774400, 774400, 774400, 128, 128, 2], "neuron_counts_selected": [500, 500, 500, 500, 500, 128, 128, 2], "layer_tarantula_score": [0.18268070363989405, 0.002, 0.010640118875769466, 0.018, 0.03, 0.015625069825436596, 0.015625069825436596, 0.0], "layer_ochiai_score": [0.08674725389629762, 0.0007881862751684218, 0.00437442338574295, 0.007202102534652838, 0.012396013357002564, 0.02503711422092975, 0.02503711422092975, 0.0], "layer_D_star_score": [0.11973938554293305, 0.0005064637249078519, 0.0027334363395766646, 0.005143476234812045, 0.010396598097049242, 0.4967486892976568, 0.4967486892976568, 0.0], "layer_Op2_score": [0.3297868819455188, 0.002418232453935117, 0.011704482364534384, 0.02250891201413587, 0.042426849127056125, 0.2511238288169715, 0.2511238288169715, 0.0], "layer_Barinel_score": [0.18887526021300016, 0.002, 0.010915279253002732, 0.018, 0.03, 0.020059653037743194, 0.020059653037743194, 0.0], "time": 1.147049903869629}