{"neuron_counts": [1577088, 3097600, 774400, 774400, 774400, 128, 128, 2], "neuron_counts_selected": [500, 500, 500, 500, 500, 128, 128, 2], "layer_tarantula_score": [0.0044176016079675836, 0, 0, 0, 0, 0.0004882832844628462, 0.0004882832844628462, 0], "layer_ochiai_score": [0.0019069695462670421, 0, 0, 0, 0, 0.0007564357562010914, 0.0007564357562010914, 0], "layer_D_star_score": [0.0009659810470402909, 0, 0, 0, 0, 0.00878884277893162, 0.00878884277893162, 0], "layer_Op2_score": [-0.013983622007560002, 0, 0, 0, 0, 0.005078140624687363, 0.005078140624687363, 0], "layer_Barinel_score": [0.004498000000000002, 0, 0, 0, 0, 0.0005859374999999729, 0.0005859374999999729, 0], "time": 1.8028569221496582}