{"neuron_counts": [1577088, 3097600, 774400, 774400, 774400, 128, 128, 2], "neuron_counts_selected": [500, 500, 500, 500, 500, 128, 128, 2], "layer_tarantula_score": [0.5271165332281774, 0.26198910814876686, 0.44324685885652026, 0.428666085743615, 0.45254845827516144, 0.015625069825436596, 0.015625069825436596, 0.5000022344139711], "layer_ochiai_score": [0.36532805531753243, 0.15284027611657502, 0.36001731337925325, 0.3383657922771597, 0.35854960081691556, 0.02503711422092975, 0.02503711422092975, 0.801187655069752], "layer_D_star_score": [1.2796529815574207, 0.4054060424294662, 1575.281182951286, 2.25109327779168, 2.514790543743876, 0.4967486892976568, 0.4967486892976568, 15.895958057525018], "layer_Op2_score": [1.9262138362731969, 0.7156731329550914, 2.3325880860042645, 2.103415083474343, 2.245809387754176, 0.2511238288169715, 0.2511238288169715, 8.035962522143087], "layer_Barinel_score": [0.596837622445644, 0.28477399300094114, 0.5077463238092602, 0.4906743762081019, 0.5159228080676598, 0.020059653037743194, 0.020059653037743194, 0.6419088972077822], "time": 1.1494519710540771}