{"neuron_counts": [1577088, 3097600, 774400, 774400, 774400, 128, 128, 2], "neuron_counts_selected": [500, 500, 500, 500, 500, 128, 128, 2], "layer_tarantula_score": [0.06633191944566641, 0.0, 0.0, 0.0, 0.0, 0.015625069825436596, 0.015625069825436596, 0.0], "layer_ochiai_score": [0.029183715886320367, 0.0, 0.0, 0.0, 0.0, 0.02503711422092975, 0.02503711422092975, 0.0], "layer_D_star_score": [0.027420541533669577, 0.0, 0.0, 0.0, 0.0, 0.4967486892976568, 0.4967486892976568, 0.0], "layer_Op2_score": [0.10270651907297469, 0.0, 0.0, 0.0, 0.0, 0.2511238288169715, 0.2511238288169715, 0.0], "layer_Barinel_score": [0.06718183991252684, 0.0, 0.0, 0.0, 0.0, 0.020059653037743194, 0.020059653037743194, 0.0], "time": 1.3297717571258545}