{"neuron_counts": [1577088, 3097600, 774400, 774400, 774400, 128, 128, 2], "neuron_counts_selected": [500, 500, 500, 500, 500, 128, 128, 2], "layer_tarantula_score": [0.3891967571541394, 0.0654412388045336, 0.15010199660416929, 0.15756796565681463, 0.15418517477424779, 0.015625069825436596, 0.015625069825436596, 0.25000111720698553], "layer_ochiai_score": [0.21136847059668992, 0.02848385349980552, 0.08078286609055448, 0.0804032734790415, 0.08441387953118402, 0.02503711422092975, 0.02503711422092975, 0.400593827534876], "layer_D_star_score": [0.3885081543305822, 0.029184926918989954, 0.14290929198369295, 0.12313531420899125, 0.3216321805430339, 0.4967486892976568, 0.4967486892976568, 7.947979028762509], "layer_Op2_score": [0.9088391760753386, 0.10489264500453976, 0.3442094905722614, 0.3254805839418809, 0.3856191813841226, 0.2511238288169715, 0.2511238288169715, 3.933905679310534], "layer_Barinel_score": [0.4183503162550486, 0.06600529372387137, 0.16222435343330255, 0.16799746059726572, 0.1633180777626799, 0.020059653037743194, 0.020059653037743194, 0.3209544486038911], "time": 1.2626466751098633}