{"neuron_counts": [1577088, 3097600, 774400, 774400, 774400, 128, 128, 2], "neuron_counts_selected": [500, 500, 500, 500, 500, 128, 128, 2], "layer_tarantula_score": [0.048972425414849245, 0, 0.0002832001359973917, 0.0003240000000000003, 0.0005208001839961686, 0.0004882832844628462, 0.0004882832844628462, 0], "layer_ochiai_score": [0.023084326548718486, 0, 0.00012414043701187158, 0.00013227134385364732, 0.00022482481934961996, 0.0007564357562010914, 0.0007564357562010914, 0], "layer_D_star_score": [0.012562954854167842, 0, 6.253212046809918e-05, 6.479870402591913e-05, 0.00011533105782293684, 0.00878884277893162, 0.00878884277893162, 0], "layer_Op2_score": [0.009239468730624647, -0.003191936161276751, -0.006824657026859412, -0.00602467302653936, -0.0018311517769643267, 0.005078140624687363, 0.005078140624687363, 0], "layer_Barinel_score": [0.05116399999999988, 0, 0.0002900000000000005, 0.0003240000000000003, 0.0005300000000000011, 0.0005859374999999729, 0.0005859374999999729, 0], "time": 1.0686447620391846}