{"neuron_counts": [1577088, 3097600, 774400, 774400, 774400, 128, 128, 2], "neuron_counts_selected": [1000, 1000, 1000, 1000, 1000, 128, 128, 2], "layer_tarantula_score": [0.3799805293639107, 0.2900675535337321, 0.43800386051824497, 0.4276932561411336, 0.434368249411874, 0.000488283432044878, 0.000488283432044878, 0.5000022344139711], "layer_ochiai_score": [0.38361412072730944, 0.2586075343791817, 0.5750894725614077, 0.5596298633575241, 0.5683662650663409, 0.0007824098194040991, 0.0007824098194040991, 0.801187655069752], "layer_D_star_score": [2.088826200999394, 0.7790420150119539, 6.081838494953611, 5.115021483587992, 6.183203649021591, 0.015523396540551775, 0.015523396540551775, 15.895958057525018], "layer_Op2_score": [2.2169564331086127, 1.327037429866295, 4.483241283366103, 4.34820525325592, 4.444781610741769, 0.00784761965053022, 0.00784761965053022, 8.035962522143087], "layer_Barinel_score": [0.49925631046596297, 0.36887240279853467, 0.5751996718285775, 0.562733581067222, 0.5701850101581748, 0.0006268641574295082, 0.0006268641574295082, 0.6419088972077822], "time": 1.9631295204162598}