{"neuron_counts": [1577088, 3097600, 774400, 774400, 774400, 128, 128, 2], "neuron_counts_selected": [200, 200, 200, 200, 200, 128, 128, 2], "layer_tarantula_score": [0.3580495620339696, 0.3331632250298818, 0.4240900574219065, 0.4064587557815419, 0.42238167012123906, 0.000488283432044878, 0.000488283432044878, 0.5000022344139711], "layer_ochiai_score": [0.36267563241388256, 0.2888813128971068, 0.557586989419803, 0.5196778181991767, 0.5355072723050985, 0.0007824098194040991, 0.0007824098194040991, 0.801187655069752], "layer_D_star_score": [20.95773137682312, 0.7488709910162568, 5.235697812389064, 4.5129997901486885, 4.898870965192132, 0.015523396540551775, 0.015523396540551775, 15.895958057525018], "layer_Op2_score": [2.090698603908489, 1.467423427299103, 4.379682125668427, 3.9133910089519737, 4.099422044991082, 0.00784761965053022, 0.00784761965053022, 8.035962522143087], "layer_Barinel_score": [0.47214592831491725, 0.4214399406923085, 0.5574518127354009, 0.5340558920297406, 0.554619545885011, 0.0006268641574295082, 0.0006268641574295082, 0.6419088972077822], "time": 0.67372727394104}