{"neuron_counts": [5120000, 5120000, 128, 25, 2], "neuron_counts_selected": [2000, 2000, 128, 25, 2], "layer_tarantula_score": [0.27931225, 0.33988899999999994, 0.27398681640625, 0.2304, 1.0], "layer_ochiai_score": [0.09254829973019106, 0.17807541325651466, 0.24607693607434433, 0.19897352180761765, 0.9999966798090819], "layer_D_star_score": [0.07753790325544731, 113.09389942629954, 388818.24082798045, 232232.15104320852, 2267825.155080558], "layer_Op2_score": [0.4790086140070634, 1.5991698603483968, 3.4971841484042256, 2.766949789613137, 15.059299967379866], "layer_Barinel_score": [0.27931225, 0.33988899999999994, 0.27398681640625, 0.2304, 1.0], "time": 12.980677843093872}