{"neuron_counts": [5120000, 5120000, 128, 25, 2], "neuron_counts_selected": [500, 500, 128, 25, 2], "layer_tarantula_score": [0.29593600000000003, 0.318096, 0.27398681640625, 0.2304, 1.0], "layer_ochiai_score": [0.0985057451063401, 0.1712492508413934, 0.24607693607434433, 0.19897352180761765, 0.9999966798090819], "layer_D_star_score": [0.0847572129935359, 147.09022951788802, 388818.24082798045, 232232.15104320852, 2267825.155080558], "layer_Op2_score": [0.5131605114866333, 1.5696594924594856, 3.4971841484042256, 2.766949789613137, 15.059299967379866], "layer_Barinel_score": [0.29593600000000003, 0.318096, 0.27398681640625, 0.2304, 1.0], "time": 11.408087253570557}