{"neuron_counts": [5120000, 5120000, 128, 25, 2], "neuron_counts_selected": [500, 500, 128, 25, 2], "layer_tarantula_score": [0.528, 0.558, 0.5234375, 0.48, 1.0], "layer_ochiai_score": [0.2027335069298231, 0.3697629542902315, 0.49525035938941864, 0.44433357454800293, 0.9999966798090819], "layer_D_star_score": [0.3620544552233181, 18155.81712594352, 939026.6740560761, 725713.2848799947, 2267825.155080558], "layer_Op2_score": [1.2495472197217965, 4.109418259707392, 7.243190046873517, 6.421027921680378, 15.059299967379866], "layer_Barinel_score": [0.528, 0.558, 0.5234375, 0.48, 1.0], "time": 11.533412218093872}