{"neuron_counts": [5120000, 5120000, 128, 25, 2], "neuron_counts_selected": [1000, 1000, 128, 25, 2], "layer_tarantula_score": [0.288369, 0.34222499999999995, 0.27398681640625, 0.2304, 1.0], "layer_ochiai_score": [0.09407027408837224, 0.18772010917025592, 0.24607693607434433, 0.19897352180761765, 0.9999966798090819], "layer_D_star_score": [0.07492392265668701, 276.73890366072015, 388818.24082798045, 232232.15104320852, 2267825.155080558], "layer_Op2_score": [0.47891511595811026, 1.7474206525501468, 3.4971841484042256, 2.766949789613137, 15.059299967379866], "layer_Barinel_score": [0.288369, 0.34222499999999995, 0.27398681640625, 0.2304, 1.0], "time": 12.474511623382568}