{"neuron_counts": [5120000, 5120000, 128, 25, 2], "neuron_counts_selected": [500, 500, 128, 25, 2], "layer_tarantula_score": [NaN, 0.00025600000000000026, 0.1650390625, 0.1296, 1.0], "layer_ochiai_score": [NaN, 7.80610543919665e-05, 0.12802322356446655, 0.106962727355059, 0.9999966798090819], "layer_D_star_score": [NaN, 4.31609501154982e-05, 558.6383630938219, 130629.13275969967, 2267825.155080558], "layer_Op2_score": [NaN, 0.0003659649751499643, 1.571675557038145, 1.4384480103327992, 15.059299967379866], "layer_Barinel_score": [NaN, 0.00025600000000000026, 0.1650390625, 0.1296, 1.0], "time": 10.810534238815308}