{"neuron_counts": [320000, 80000, 160000, 40000, 80000, 18432, 36864, 9216, 18432, 4608, 4608, 1024, 1024, 512, 512, 256, 128, 64, 9], "neuron_counts_selected": [2000, 2000, 2000, 2000, 2000, 2000, 2000, 2000, 2000, 2000, 2000, 1024, 1024, 512, 512, 256, 128, 64, 9], "layer_tarantula_score": [0.4999751750904783, 0.4998099389211937, 0.2094758726143816, 0.2473839546351935, 0.02724853366518741, 0.03515103678150498, 0.0, 0.0, 0.0, 0.0, 0.0, 0.0634163268746098, 0.0634163268746098, 0.14460491830021982, 0.14460491830021982, 0.16799560383338344, 0.17187500226557845, 0.22656250298644431, 0.11111111257572749], "layer_ochiai_score": [0.44503898640722334, 0.6612176159738901, 0.07585614075977763, 0.12906765109420776, 0.005913008598729863, 0.013225870908260355, 0.0, 0.0, 0.0, 0.0, 0.0, 0.08873431040450179, 0.08873431040450179, 0.2061770752771751, 0.2061770752771751, 0.2399928053649924, 0.2459933805361139, 0.3242640016157865, 0.15902602378092212], "layer_D_star_score": [29.575592423123023, 144.27667302538816, 2.9666603703516694, 11.597766312196454, 0.05890238059424185, 1.0678759260906325, 0.0, 0.0, 0.0, 0.0, 0.0, 24.134917316163843, 24.134917316163843, 56.66893780532804, 56.66893780532804, 66.01588394499089, 67.9308215493244, 89.54517386047308, 43.91487453693699], "layer_Op2_score": [72.57525821863153, 160.02997929596614, 8.245822685975899, 19.989061140224962, 0.37475910321663436, 1.8218145144250348, 0.0, 0.0, 0.0, 0.0, 0.0, 23.026343378207482, 23.026343378207482, 53.83216337241984, 53.83216337241984, 62.70788755151486, 64.37674562791008, 84.86025560042694, 41.61729010289137], "layer_Barinel_score": [0.5120070823292292, 0.5119089550354589, 0.21295467973766904, 0.2521192962142202, 0.02758665004901257, 0.03568630246446551, 0.0, 0.0, 0.0, 0.0, 0.0, 0.06493696853371791, 0.06493696853371791, 0.14810475866678696, 0.14810475866678696, 0.17206314711154197, 0.17603716482521645, 0.23204898999687623, 0.11380180352337226], "time": 78.30792737007141}