{"neuron_counts": [320000, 80000, 160000, 40000, 80000, 18432, 36864, 9216, 18432, 4608, 4608, 1024, 1024, 512, 512, 256, 128, 64, 9], "neuron_counts_selected": [500, 500, 500, 500, 500, 500, 500, 500, 500, 500, 500, 500, 500, 500, 500, 256, 128, 64, 9], "layer_tarantula_score": [0.46376007761121135, 0.4861667971252453, 0.012683406374468822, 0.03157066466889571, NaN, NaN, NaN, NaN, NaN, NaN, NaN, 1.7580816682301238e-05, 1.8000000237270866e-05, 0.0030372541295333815, 0.003690750419230177, 0.028401505073585336, 0.04177856500383107, 0.09570312626151525, 0.024691358350161674], "layer_ochiai_score": [0.29623197374740934, 0.5283979772864406, 0.0025172565553159593, 0.010147888845904519, NaN, NaN, NaN, NaN, NaN, NaN, NaN, 1.0934737401532537e-05, 2.576221585249749e-05, 0.004337528491745353, 0.005270473979645345, 0.03804321606581299, 0.059794910858298876, 0.1369735868894269, 0.035339116395760484], "layer_D_star_score": [6.490450588397521, 59.90163871996546, 0.003275224557037151, 0.08040329910513577, NaN, NaN, NaN, NaN, NaN, NaN, NaN, 0.0008883905764704246, 0.0071142096749863, 1.1862532087373399, 1.4392243929357695, 10.184945538018907, 16.512303746630906, 37.82511654451019, 9.75886100820823], "layer_Op2_score": [34.00133615796491, 104.01087480259365, 0.08981124862978768, 0.6807906591058607, NaN, NaN, NaN, NaN, NaN, NaN, NaN, 0.001513116219240116, 0.006742000996673773, 1.1327067467111216, 1.3762239466731203, 9.749423528514678, 15.648395732352398, 35.84614245190448, 9.24828668953141], "layer_Barinel_score": [0.47568721745645176, 0.4982499023087785, 0.012969341738374555, 0.03233660241224758, NaN, NaN, NaN, NaN, NaN, NaN, NaN, 1.8016688476288144e-05, 1.84358921707679e-05, 0.003110919107050817, 0.0037803017467353765, 0.029088779905903608, 0.04279028385044766, 0.0980206940504045, 0.0252892896718605], "time": 30.482300519943237}