{"neuron_counts": [320000, 80000, 160000, 40000, 80000, 18432, 36864, 9216, 18432, 4608, 4608, 1024, 1024, 512, 512, 256, 128, 64, 9], "neuron_counts_selected": [500, 500, 500, 500, 500, 500, 500, 500, 500, 500, 500, 500, 500, 500, 500, 256, 128, 64, 9], "layer_tarantula_score": [0.17472780730460527, 0.34559342169703927, 0, 4.000000000000004e-06, 0, 0, 0, 0, 0, 0, 0, 0, 0, 0, 0, 0.0003730798390962334, 0.00987060559534135, 0.03527832076417781, 0], "layer_ochiai_score": [0.02675144781871479, 0.08677027216047611, 0, 3.5494246402530635e-07, 0, 0, 0, 0, 0, 0, 0, 0, 0, 0, 0, 0.0005290007850538398, 0.014003295553406658, 0.050288604008649256, 0], "layer_D_star_score": [0.006300971427271417, 0.086702907782433, 0, 3.1746006550807864e-08, 0, 0, 0, 0, 0, 0, 0, 0, 0, 0, 0, 0.09526583665081508, 2.5316244304648, 9.252090499443707, 0], "layer_Op2_score": [0.4815102656175275, 2.618127055829793, -3.2225780463080296e-05, 4.000000000000004e-06, 0, 0, 0, 0, 0, 0, 0, 0, 0, 0, 0, 0.09303000724775264, 2.46424276629276, 8.890705780357939, 0], "layer_Barinel_score": [0.1771657984126985, 0.35163632847527765, 0, 4.000000000000004e-06, 0, 0, 0, 0, 0, 0, 0, 0, 0, 0, 0, 0.00037906138102215646, 0.010028808593749898, 0.035842773437499906, 0], "time": 22.43360733985901}