{"neuron_counts": [320000, 80000, 160000, 40000, 80000, 18432, 36864, 9216, 18432, 4608, 4608, 1024, 1024, 512, 512, 256, 128, 64, 9], "neuron_counts_selected": [200, 200, 200, 200, 200, 200, 200, 200, 200, 200, 200, 200, 200, 200, 200, 200, 128, 64, 9], "layer_tarantula_score": [0.48456228472016843, 0.49369170396002016, 0.0560519550767342, 0.08784748014015933, 0.0012283233196060848, 0.004970202899581292, NaN, NaN, NaN, NaN, NaN, 0.012792901370515895, 0.0036125000476182867, 0.03781250049842713, 0.036450000480467606, 0.0420501724046475, 0.059082032028792614, 0.10266113416573253, 0.024691358350161674], "layer_ochiai_score": [0.4281734383548871, 0.6513145522266373, 0.018075566675520304, 0.036996186464506364, 0.00018118944172528634, 0.001070609614351745, NaN, NaN, NaN, NaN, NaN, 0.01746295564327249, 0.005170333598177181, 0.05411854371794489, 0.05216848710133161, 0.05988177373927622, 0.08456022455928915, 0.14693212573215314, 0.035339116395760484], "layer_D_star_score": [25.866315268344906, 135.68149152668423, 0.17175544634488, 1.4163258052301677, 7.615894799825028e-05, 0.002454525154535603, NaN, NaN, NaN, NaN, NaN, 4.531183150027878, 1.427782358382113, 14.944780740851401, 14.406274591842125, 16.346487570357517, 23.35121990758024, 40.575156905526875, 9.75886100820823], "layer_Op2_score": [68.63876209577981, 156.18861606609957, 1.3027450138098255, 4.059429114197188, 0.00468596633547747, 0.043081955023533396, NaN, NaN, NaN, NaN, NaN, 4.433419129442351, 1.3530821444702217, 14.162884038140279, 13.652552018253477, 15.598631276624646, 22.129506309594063, 38.452303318943464, 9.24828668953141], "layer_Barinel_score": [0.4966234498900437, 0.5057953062509446, 0.057552844659817595, 0.09014164698007676, 0.0012475878665828546, 0.005065348431838231, NaN, NaN, NaN, NaN, NaN, 0.013102872343670847, 0.0036999811370535952, 0.03872817626154767, 0.03733268164584226, 0.04306846423584539, 0.06051277540866813, 0.10514719859233448, 0.0252892896718605], "time": 35.89611077308655}