{"neuron_counts": [320000, 80000, 160000, 40000, 80000, 18432, 36864, 9216, 18432, 4608, 4608, 1024, 1024, 512, 512, 256, 128, 64, 9], "neuron_counts_selected": [200, 200, 200, 200, 200, 200, 200, 200, 200, 200, 200, 200, 200, 200, 200, 200, 128, 64, 9], "layer_tarantula_score": [0.4966621408887248, 0.5026053432047061, 0.21066124574192052, 0.2546938588690542, 0.01708432036219373, 0.05333189529313127, 0.0, 0.0, 0.0, 0.0, 0.0, 0.06142106327460242, 0.07450040617438847, 0.13250000174655505, 0.152500002010186, 0.14753437201697636, 0.17187500226557845, 0.22656250298644431, 0.11111111257572749], "layer_ochiai_score": [0.4405525614797453, 0.665753495414003, 0.09042505888630908, 0.1471718450746613, 0.0030430822441491843, 0.010481280016678855, 0.0, 0.0, 0.0, 0.0, 0.0, 0.08318382713682373, 0.09914041312009214, 0.1896385333587496, 0.2182632176393156, 0.21058248142028005, 0.2459933805361139, 0.3242640016157865, 0.15902602378092212], "layer_D_star_score": [28.565446025831793, 148.07866665423953, 3.4063003769103295, 15.349907318010716, 0.004393013310247883, 0.14632387909268774, 0.0, 0.0, 0.0, 0.0, 0.0, 22.727483681767072, 26.709906645211895, 52.36848788529736, 60.27316530194602, 57.82204516839911, 67.9308215493244, 89.54517386047308, 43.91487453693699], "layer_Op2_score": [71.59375763152352, 161.35055084312515, 10.249901498426928, 24.12109267579246, 0.12287068752802949, 0.7147612325083159, 0.0, 0.0, 0.0, 0.0, 0.0, 21.57435744956213, 25.48167184772188, 49.62861844769795, 57.1197306662184, 54.983592328432515, 64.37674562791008, 84.86025560042694, 41.61729010289137], "layer_Barinel_score": [0.5086858848923296, 0.5147041469071575, 0.21448349296577085, 0.25985995900049924, 0.01737971437790718, 0.05373228254109185, 0.0, 0.0, 0.0, 0.0, 0.0, 0.06285391888532722, 0.07623239366076018, 0.1357086507016214, 0.15619297533582843, 0.1511062326623251, 0.17603716482521645, 0.23204898999687623, 0.11380180352337226], "time": 9.59253454208374}