{"neuron_counts": [320000, 80000, 160000, 40000, 80000, 18432, 36864, 9216, 18432, 4608, 4608, 1024, 1024, 512, 512, 256, 128, 64, 9], "neuron_counts_selected": [500, 500, 500, 500, 500, 500, 500, 500, 500, 500, 500, 500, 500, 500, 500, 256, 128, 64, 9], "layer_tarantula_score": [0.35692958816594267, 0.45026476863202675, 0.0001362839290271043, 0.00022602035951068306, NaN, NaN, NaN, NaN, NaN, NaN, NaN, NaN, NaN, NaN, NaN, 0.0027648012549703065, 0.016143822373016887, 0.044067383393376326, NaN], "layer_ochiai_score": [0.0867113924591587, 0.20645610576974047, 1.457231907324517e-05, 3.6585018579979e-05, NaN, NaN, NaN, NaN, NaN, NaN, NaN, NaN, NaN, NaN, NaN, 0.0031225798742724304, 0.023082617174516935, 0.06307074600393259, NaN], "layer_D_star_score": [0.11823257708972972, 1.9415864701952605, 2.689473732804917e-06, 2.2210864226743526e-05, NaN, NaN, NaN, NaN, NaN, NaN, NaN, NaN, NaN, NaN, NaN, 0.7751923994195612, 6.35506189091134, 17.41692228643898, NaN], "layer_Op2_score": [3.7685420919805885, 17.301521689282104, 0.00011229475461939741, 0.0009678276566435082, NaN, NaN, NaN, NaN, NaN, NaN, NaN, NaN, NaN, NaN, NaN, 0.7558184792353937, 6.034443151426952, 16.505685491246833, NaN], "layer_Barinel_score": [0.36625001465927615, 0.4619154178695906, 0.0001373451138814868, 0.00022999168896373594, NaN, NaN, NaN, NaN, NaN, NaN, NaN, NaN, NaN, NaN, NaN, 0.002831449787315956, 0.0165347641192094, 0.04513452876555625, NaN], "time": 25.673340797424316}