{"neuron_counts": [320000, 80000, 160000, 40000, 80000, 18432, 36864, 9216, 18432, 4608, 4608, 1024, 1024, 512, 512, 256, 128, 64, 9], "neuron_counts_selected": [500, 500, 500, 500, 500, 500, 500, 500, 500, 500, 500, 500, 500, 500, 500, 256, 128, 64, 9], "layer_tarantula_score": [0.4356274248496579, 0.4740889107373257, 0.0018044788774460967, 0.005771237846260173, 0, 0, 0, 0, 0, 0, 0, 0, 0, 7.937565684792688e-06, 7.953174289186588e-06, 0.01044464124700691, 0.03525702210866254, 0.0645751961392735, 0.0061728395852053445], "layer_ochiai_score": [0.17754641536096089, 0.3586890334015031, 0.00028461448533953786, 0.0009662862231780296, 0, 0, 0, 0, 0, 0, 0, 0, 0, 1.1179648509761966e-05, 1.1235700008879023e-05, 0.014888645953252896, 0.04746006011360435, 0.09205076650718165, 0.008799270452365643], "layer_D_star_score": [0.7240996098407595, 9.613462490236458, 0.00011624240961619241, 0.0012726590659083842, 0, 0, 0, 0, 0, 0, 0, 0, 0, 0.0019365104507912648, 0.001976902736857148, 2.7392110496839086, 8.541209218022129, 16.935487453999002, 1.6188885764330543], "layer_Op2_score": [8.861248519125391, 33.41811931940377, 0.004862193914359092, 0.020938452120601768, 0, 0, 0, 0, 0, 0, 0, 0, 0, 0.001952387109365453, 0.0019683225932936033, 2.632218039210648, 8.296670289678461, 16.273990857471787, 1.5556551273589665], "layer_Barinel_score": [0.4432272994497458, 0.4820189348898198, 0.0018246801042093779, 0.0058433435219378, 0, 0, 0, 0, 0, 0, 0, 0, 0, 8.065573770490018e-06, 8.081180327887721e-06, 0.010611755371093799, 0.03582097875292066, 0.06560839843750002, 0.006271604938271607], "time": 23.260011196136475}