{"neuron_counts": [320000, 80000, 160000, 40000, 80000, 18432, 36864, 9216, 18432, 4608, 4608, 1024, 1024, 512, 512, 256, 128, 64, 9], "neuron_counts_selected": [500, 500, 500, 500, 500, 500, 500, 500, 500, 500, 500, 500, 500, 500, 500, 256, 128, 64, 9], "layer_tarantula_score": [0.43462135765350984, 0.4736307076006489, 0.0018080612344685517, 0.0057975281993528005, NaN, NaN, NaN, NaN, NaN, NaN, NaN, NaN, NaN, 7.950325578611787e-06, 7.962744210322834e-06, 0.010444641250957808, 0.035266640995859945, 0.06457519616370093, 0.0061728395875404185], "layer_ochiai_score": [0.17788651046429022, 0.3599683068326022, 0.0002801597314310199, 0.0009703079973597794, NaN, NaN, NaN, NaN, NaN, NaN, NaN, NaN, NaN, 1.1277692807796633e-05, 1.1320738033882167e-05, 0.014948727714574724, 0.04775815210541618, 0.09242222890880979, 0.008834779098940131], "layer_D_star_score": [1.0713522322872773, 14.313582668036402, 0.0001744694211913228, 0.0018485030392354368, NaN, NaN, NaN, NaN, NaN, NaN, NaN, NaN, NaN, 0.002972538052359135, 0.003019871280938144, 4.128075936657733, 12.910785053542753, 25.52230440311974, 2.4397152520520584], "layer_Op2_score": [13.138300060692018, 49.65838732210808, 0.007248993489534357, 0.031082627303332635, NaN, NaN, NaN, NaN, NaN, NaN, NaN, NaN, NaN, 0.0029245319759949586, 0.00294251020384846, 3.912098933088108, 12.354037860203825, 24.187001730940654, 2.3120716723828525], "layer_Barinel_score": [0.4461252308658421, 0.485634606451898, 0.0018380801902288448, 0.005906454012831762, NaN, NaN, NaN, NaN, NaN, NaN, NaN, NaN, NaN, 8.144076991175495e-06, 8.156490206784407e-06, 0.010697570962611912, 0.03612021314818098, 0.06613896320492858, 0.006322322417965135], "time": 23.802549839019775}