{"neuron_counts": [320000, 80000, 160000, 40000, 80000, 18432, 36864, 9216, 18432, 4608, 4608, 1024, 1024, 512, 512, 256, 128, 64, 9], "neuron_counts_selected": [500, 500, 500, 500, 500, 500, 500, 500, 500, 500, 500, 500, 500, 500, 500, 256, 128, 64, 9], "layer_tarantula_score": [0.17216285589386646, 0.3449077774578419, NaN, 4.000000000000004e-06, NaN, NaN, NaN, NaN, NaN, NaN, NaN, NaN, NaN, NaN, NaN, 0.00037324526296049764, 0.0098744897818361, 0.03527832077752293, NaN], "layer_ochiai_score": [0.026390726133846222, 0.0869603862293789, NaN, 3.3769459570134973e-07, NaN, NaN, NaN, NaN, NaN, NaN, NaN, NaN, NaN, NaN, NaN, 0.0005319901019461661, 0.014077981317994117, 0.050491539044699475, NaN], "layer_D_star_score": [0.008928130847676564, 0.1275824078950241, NaN, 3.853092982677657e-08, NaN, NaN, NaN, NaN, NaN, NaN, NaN, NaN, NaN, NaN, NaN, 0.14442048869215798, 3.8314710357467585, 13.943187093575832, NaN], "layer_Op2_score": [0.696594582837587, 3.8783903402507947, -3.0642087889967936e-05, 5.367533922195439e-06, NaN, NaN, NaN, NaN, NaN, NaN, NaN, NaN, NaN, NaN, NaN, 0.13864529351025004, 3.6702621975440026, 13.213692817092323, NaN], "layer_Barinel_score": [0.17583572028394243, 0.3540594387805571, NaN, 4.000000000000004e-06, NaN, NaN, NaN, NaN, NaN, NaN, NaN, NaN, NaN, NaN, NaN, 0.0003822985246808292, 0.010113936163802736, 0.03613262829153952, NaN], "time": 22.53986668586731}