{"neuron_counts": [320000, 80000, 160000, 40000, 80000, 18432, 36864, 9216, 18432, 4608, 4608, 1024, 1024, 512, 512, 256, 128, 64, 9], "neuron_counts_selected": [500, 500, 500, 500, 500, 500, 500, 500, 500, 500, 500, 500, 500, 500, 500, 256, 128, 64, 9], "layer_tarantula_score": [0.19778345951209117, 0.36033956045039844, 4.000000000000004e-06, 4.000000000000004e-06, 0, 0, 0, 0, 0, 0, 0, 0, 0, 0, 0, 0.0003730798390962334, 0.00987060559534135, 0.03527832076417781, 0], "layer_ochiai_score": [0.02942496982211493, 0.09179458577167332, 3.549424640260157e-07, 5.01964446486852e-07, 0, 0, 0, 0, 0, 0, 0, 0, 0, 0, 0, 0.0005290007850538398, 0.014003295553406658, 0.050288604008649256, 0], "layer_D_star_score": [0.006761278988943846, 0.11011372438741479, 3.1746006550799056e-08, 1.2799989760005363e-07, 0, 0, 0, 0, 0, 0, 0, 0, 0, 0, 0, 0.09526583665081508, 2.5316244304648, 9.252090499443707, 0], "layer_Op2_score": [0.51901907172333, 2.869412119941838, 4.000000000000004e-06, -2.4225780463017194e-05, 0, 0, 0, 0, 0, 0, 0, 0, 0, 0, 0, 0.09303000724775264, 2.46424276629276, 8.890705780357939, 0], "layer_Barinel_score": [0.2003378047619047, 0.36640733187891816, 4.000000000000004e-06, 4.000000000000004e-06, 0, 0, 0, 0, 0, 0, 0, 0, 0, 0, 0, 0.00037906138102215646, 0.010028808593749898, 0.035842773437499906, 0], "time": 22.480420351028442}