{"neuron_counts": [320000, 80000, 160000, 40000, 80000, 18432, 36864, 9216, 18432, 4608, 4608, 1024, 1024, 512, 512, 256, 128, 64, 9], "neuron_counts_selected": [200, 200, 200, 200, 200, 200, 200, 200, 200, 200, 200, 200, 200, 200, 200, 200, 128, 64, 9], "layer_tarantula_score": [0.4736280672627822, 0.4955847411046945, 0.06566003968631133, 0.1049712459565125, 0.00040723383772796004, 0.003020327538019277, 0, 0, 0, 0, 0, 0.007207370851416989, 0.010528681134765313, 0.03511250044955469, 0.04651250059551201, 0.04351267046001476, 0.059082032006443026, 0.10266113412689791, 0.024691358340821416], "layer_ochiai_score": [0.41746757980825727, 0.650335852407049, 0.022841508933738076, 0.04364023621936187, 6.906925402865546e-05, 0.0005088895014138882, 0, 0, 0, 0, 0, 0.009612512227586117, 0.013647276230876797, 0.05005223016890749, 0.06630272284033653, 0.06167850993188421, 0.084220361038707, 0.14634157775527362, 0.03519708180946257], "layer_D_star_score": [16.372879217389414, 91.08685922396343, 0.20339298024047103, 1.290267403572692, 3.109440082637787e-05, 0.0008784827550772926, 0, 0, 0, 0, 0, 1.7343455280704427, 2.3946495044199, 9.208602472680905, 12.198365895637536, 11.20950059982314, 15.494850525019881, 26.923903494920918, 6.475554305732221], "layer_Op2_score": [45.18067752792134, 105.45947849741654, 1.2081818635025285, 3.2162887310574733, 0.0014372983973403165, 0.011156250378023291, 0, 0, 0, 0, 0, 1.6711471880063187, 2.329552434050443, 8.848916386821493, 11.721900276027991, 10.849819020448388, 14.889624905512933, 25.872261457719784, 6.2226205094358695], "layer_Barinel_score": [0.48157912383677953, 0.5035821026428788, 0.0667158118451198, 0.10673058379572184, 0.0004139393939393615, 0.003048357398873722, 0, 0, 0, 0, 0, 0.007322500000000078, 0.010696775000000281, 0.03567430000000013, 0.04725669999999989, 0.0442088698224854, 0.060027343750000135, 0.10430371093750007, 0.02508641975308642], "time": 8.29381537437439}