{"neuron_counts": [320000, 80000, 160000, 40000, 80000, 18432, 36864, 9216, 18432, 4608, 4608, 1024, 1024, 512, 512, 256, 128, 64, 9], "neuron_counts_selected": [2000, 2000, 2000, 2000, 2000, 2000, 2000, 2000, 2000, 2000, 2000, 1024, 1024, 512, 512, 256, 128, 64, 9], "layer_tarantula_score": [0.49935880674978955, 0.500290031052475, 0.19969614791583684, 0.23584352494504607, 0.020549839990471545, 0.04130637166245805, 0.0, 0.0, 0.0, 0.0, 0.0, 0.0634163268746098, 0.0634163268746098, 0.14460491830021982, 0.14460491830021982, 0.16799560383338344, 0.17187500226557845, 0.22656250298644431, 0.11111111257572749], "layer_ochiai_score": [0.4434047588579718, 0.662384020242807, 0.07327650977860088, 0.12417296609142056, 0.00525965654207391, 0.012626541339028581, 0.0, 0.0, 0.0, 0.0, 0.0, 0.08873431040450179, 0.08873431040450179, 0.2061770752771751, 0.2061770752771751, 0.2399928053649924, 0.2459933805361139, 0.3242640016157865, 0.15902602378092212], "layer_D_star_score": [29.2098743666043, 145.1907257291934, 2.6712405902855205, 11.338951664524586, 0.07762839683521627, 0.9060621539730744, 0.0, 0.0, 0.0, 0.0, 0.0, 24.134917316163843, 24.134917316163843, 56.66893780532804, 56.66893780532804, 66.01588394499089, 67.9308215493244, 89.54517386047308, 43.91487453693699], "layer_Op2_score": [72.13899554116887, 160.44049706772623, 7.837748670802071, 19.273774970159558, 0.40488797674405624, 1.585055506739449, 0.0, 0.0, 0.0, 0.0, 0.0, 23.026343378207482, 23.026343378207482, 53.83216337241984, 53.83216337241984, 62.70788755151486, 64.37674562791008, 84.86025560042694, 41.61729010289137], "layer_Barinel_score": [0.5113892606089089, 0.5123894070342819, 0.20310338807452222, 0.24048439867522262, 0.02084027850951959, 0.04179871547321932, 0.0, 0.0, 0.0, 0.0, 0.0, 0.06493696853371791, 0.06493696853371791, 0.14810475866678696, 0.14810475866678696, 0.17206314711154197, 0.17603716482521645, 0.23204898999687623, 0.11380180352337226], "time": 80.10523080825806}