{"neuron_counts": [320000, 80000, 160000, 40000, 80000, 18432, 36864, 9216, 18432, 4608, 4608, 1024, 1024, 512, 512, 256, 128, 64, 9], "neuron_counts_selected": [1000, 1000, 1000, 1000, 1000, 1000, 1000, 1000, 1000, 1000, 1000, 1000, 1000, 512, 512, 256, 128, 64, 9], "layer_tarantula_score": [0.4772239910212955, 0.49309572388075484, 0.05292234274588609, 0.0915661217162906, 0.0007271276849329365, 0.0018811478533878338, 0, 0, 0, 0, 0, 0.00994110511135682, 0.011101906879516966, 0.04177872361142396, 0.04177872361142396, 0.056427106376083266, 0.059082032006443026, 0.10266113412689791, 0.024691358340821416], "layer_ochiai_score": [0.4201534276288556, 0.6468083958429687, 0.015755618630974733, 0.036364316923264, 0.0001456635361413812, 0.0005086458530358773, 0, 0, 0, 0, 0, 0.01370334289490676, 0.0152289071830446, 0.05912610435382844, 0.05912610435382844, 0.08012543829772974, 0.084220361038707, 0.14634157775527362, 0.03519708180946257], "layer_D_star_score": [16.62853609858898, 89.29988479762179, 0.10578225879633679, 1.0068917371767865, 0.0004782695506274737, 0.004792793694040166, 0, 0, 0, 0, 0, 2.4593747492287377, 2.6987128632230744, 10.773731630428546, 10.773731630428546, 14.618271890927893, 15.494850525019881, 26.923903494920918, 6.475554305732221], "layer_Op2_score": [45.44457773569054, 104.69263927893526, 0.725210054235426, 2.6018114932342806, 0.004039629334169573, 0.02098082295094761, 0, 0, 0, 0, 0, 2.3892994990205585, 2.6351149118032633, 10.402926941699748, 10.402926941699748, 14.117007314372003, 14.889624905512933, 25.872261457719784, 6.2226205094358695], "layer_Barinel_score": [0.485179270635232, 0.5010920289169526, 0.053793197338195285, 0.09306585319265924, 0.000737385876198692, 0.0019088905979599677, 0, 0, 0, 0, 0, 0.010100141734488075, 0.011279507133920346, 0.042447179906508606, 0.042447179906508606, 0.057329937635794116, 0.060027343750000135, 0.10430371093750007, 0.02508641975308642], "time": 38.4747474193573}