{"neuron_counts": [1401856, 350464, 165888, 41472, 82944, 82944, 4], "neuron_counts_selected": [500, 500, 500, 500, 500, 500, 4], "layer_tarantula_score": [0.0005312396500327305, 0.0013405321803528728, NaN, NaN, NaN, NaN, NaN], "layer_ochiai_score": [9.386350965993191e-05, 0.00026225436249276385, NaN, NaN, NaN, NaN, NaN], "layer_D_star_score": [5.429032241287779e-05, 0.00040293425978584933, NaN, NaN, NaN, NaN, NaN], "layer_Op2_score": [0.0023684287135204685, 0.008115357622576367, NaN, NaN, NaN, NaN, NaN], "layer_Barinel_score": [0.0007352632034632866, 0.001972516683316657, NaN, NaN, NaN, NaN, NaN], "time": 10.081135988235474}