{"neuron_counts": [1401856, 350464, 165888, 41472, 82944, 82944, 4], "neuron_counts_selected": [500, 500, 500, 500, 500, 500, 4], "layer_tarantula_score": [0.1766313283037103, 0.18579814028047945, 0, 0, 0, 0, 0.1250000815849865], "layer_ochiai_score": [0.10229438100997965, 0.17453413585458674, 0, 0, 0, 0, 0.22079396504436624], "layer_D_star_score": [1.4745476915044764, 16.554729493756362, 0, 0, 0, 0, 172.8405948352821], "layer_Op2_score": [7.896128074707013, 23.130299207708582, 0, 0, 0, 0, 48.504464724170134], "layer_Barinel_score": [0.2878114542067477, 0.2960508459452023, 0, 0, 0, 0, 0.195], "time": 9.865401029586792}