{"neuron_counts": [1401856, 350464, 165888, 41472, 82944, 82944, 4], "neuron_counts_selected": [100, 100, 100, 100, 100, 100, 4], "layer_tarantula_score": [0.19337002826350044, 0.14060038934573807, 0, 0, 0, 0, 0.1250000815849865], "layer_ochiai_score": [0.11335350937674663, 0.1388148014371799, 0, 0, 0, 0, 0.22079396504436624], "layer_D_star_score": [1.7833472947776832, 16.548979378948246, 0, 0, 0, 0, 172.8405948352821], "layer_Op2_score": [8.922335786186101, 19.072703743207615, 0, 0, 0, 0, 48.504464724170134], "layer_Barinel_score": [0.3035307266509641, 0.2233301885369327, 0, 0, 0, 0, 0.195], "time": 7.229000806808472}