{"neuron_counts": [1401856, 350464, 165888, 41472, 82944, 82944, 4], "neuron_counts_selected": [200, 200, 200, 200, 200, 200, 4], "layer_tarantula_score": [0.19958628189997163, 0.1746083776732568, NaN, NaN, NaN, NaN, 0.1250000815849865], "layer_ochiai_score": [0.11398199092627914, 0.16891084798656364, NaN, NaN, NaN, NaN, 0.22079396504436624], "layer_D_star_score": [1.715157191852437, 18.70828283902065, NaN, NaN, NaN, NaN, 172.8405948352821], "layer_Op2_score": [8.772622402951058, 23.3945859329269, NaN, NaN, NaN, NaN, 48.504464724170134], "layer_Barinel_score": [0.32250942782713055, 0.2818477524901986, NaN, NaN, NaN, NaN, 0.195], "time": 5.711205244064331}