{"neuron_counts": [1401856, 350464, 165888, 41472, 82944, 82944, 4], "neuron_counts_selected": [500, 500, 500, 500, 500, 500, 4], "layer_tarantula_score": [3.331148985745737e-05, 0.0001602089468118411, NaN, NaN, NaN, NaN, NaN], "layer_ochiai_score": [5.056290435565217e-06, 4.019625052118001e-05, NaN, NaN, NaN, NaN, NaN], "layer_D_star_score": [8.870248082933406e-07, 1.6475661555755622e-05, NaN, NaN, NaN, NaN, NaN], "layer_Op2_score": [-0.0001144996169650072, 0.0009712144299744086, NaN, NaN, NaN, NaN, NaN], "layer_Barinel_score": [4.799999999991627e-05, 0.0002982999999999828, NaN, NaN, NaN, NaN, NaN], "time": 28.312143564224243}