{"neuron_counts": [1401856, 350464, 165888, 41472, 82944, 82944, 4], "neuron_counts_selected": [2000, 2000, 2000, 2000, 2000, 2000, 4], "layer_tarantula_score": [0.1629671278138062, 0.17832760368821898, 0, 0, 0, 0, 0.1250000815849865], "layer_ochiai_score": [0.09601076782815228, 0.16886587668674535, 0, 0, 0, 0, 0.22079396504436624], "layer_D_star_score": [1.4053290625965906, 17.023239833334582, 0, 0, 0, 0, 172.8405948352821], "layer_Op2_score": [7.4769024862464475, 22.518052931559108, 0, 0, 0, 0, 48.504464724170134], "layer_Barinel_score": [0.2662942739573171, 0.28471596698544643, 0, 0, 0, 0, 0.195], "time": 36.8014931678772}