{"neuron_counts": [1000, 500, 250, 125, 64, 32, 9, 3], "neuron_counts_selected": [200, 200, 200, 125, 64, 32, 9, 3], "layer_tarantula_score": [0.08022042175009607, 0.10247529690437215, 0.11076182865410045, 0.14553631412457826, 0.08258925271489147, 0.11009711862356607, 0.055555283410477066, 0.49999755069429375], "layer_ochiai_score": [0.06641061724925355, 0.08460131475572841, 0.0916874915469095, 0.11935895282352524, 0.06959829400028968, 0.09283526566376987, 0.046848265127678375, 0.4216343861491055], "layer_D_star_score": [0.27191742489870174, 0.34748795607451155, 0.37163030108558937, 0.4800685790873466, 0.28548392822582663, 0.38318501106260433, 0.19219167275523874, 1.729725054797149], "layer_Op2_score": [1.0258945443564624, 1.3231677694269208, 1.4326165232459915, 1.8954012815755743, 1.0823465580723801, 1.448654185285038, 0.5666025375306841, 7.026318351793811], "layer_Barinel_score": [0.02880412898844024, 0.036538834820162264, 0.0395111440279011, 0.05153694591951703, 0.029405381944444416, 0.039260912698412684, 0.019753086419753086, 0.1777777777777778], "time": 0.5702271461486816}