{"neuron_counts": [1000, 500, 250, 125, 64, 32, 9, 3], "neuron_counts_selected": [500, 500, 250, 125, 64, 32, 9, 3], "layer_tarantula_score": [9.664136399668009e-05, 0.010605210621067757, 0.03491331065736149, 0.05625424695877806, 0.038184156391389903, 0.06058175510172006, 0.024691240027641437, NaN], "layer_ochiai_score": [6.308982417391232e-05, 0.007204911418477078, 0.024376718531481167, 0.040385043973045875, 0.027237916237035472, 0.044358558484794024, 0.018096226988238904, NaN], "layer_D_star_score": [0.00030812593564421946, 0.029677219518302315, 0.09061559301961399, 0.15462474092835865, 0.10220970173221304, 0.17366489374835672, 0.06771251200667178, NaN], "layer_Op2_score": [-0.009344023712838772, 0.12208059350616356, 0.4583253026045266, 0.8040433469871634, 0.534504564587113, 0.8987604489640003, 0.3879979164585878, NaN], "layer_Barinel_score": [3.4762060059310596e-05, 0.0031618963239682303, 0.009578344014158632, 0.015418576848211255, 0.010289345796760342, 0.01674933367555745, 0.0066314119995757505, NaN], "time": 1.7539329528808594}