{"neuron_counts": [1000, 500, 250, 125, 64, 32, 9, 3], "neuron_counts_selected": [100, 100, 100, 100, 64, 32, 9, 3], "layer_tarantula_score": [0.06196624055739532, 0.1220430158198573, 0.1353656541463542, 0.14403296375914074, 0.08259443498525067, 0.1101019553519544, 0.05555529006219319, 0.4999976105597386], "layer_ochiai_score": [0.045345970760471574, 0.08946927294643714, 0.09898331255751472, 0.10467834375101938, 0.060497541556320665, 0.08070591883544657, 0.04071651072353751, 0.3664485965118376], "layer_D_star_score": [0.17327231578802507, 0.34741167683008023, 0.37124411429085946, 0.39265004857708763, 0.22639141945983096, 0.30385610708004135, 0.15235315201501157, 1.3711783681351044], "layer_Op2_score": [0.9181796984226079, 1.8268163820282848, 1.9871301078049335, 2.1517072329317926, 1.2114384946335823, 1.6228998150425524, 0.6412471761755584, 7.856957808286399], "layer_Barinel_score": [0.016901055543804423, 0.033551054174148116, 0.036471097194688516, 0.03875876624745534, 0.02222624982653588, 0.029679561814458688, 0.014920676999045451, 0.13428609299140903], "time": 0.4705188274383545}