{"neuron_counts": [1000, 500, 250, 125, 64, 32, 9, 3], "neuron_counts_selected": [100, 100, 100, 100, 64, 32, 9, 3], "layer_tarantula_score": [0.18703151018333905, 0.265289557670369, 0.2697891308654312, 0.2798781720409678, 0.20794310680870132, 0.24202825196425815, 0.16666587018657955, 0.4999976105597386], "layer_ochiai_score": [0.13654876438615082, 0.1947366812694097, 0.19745249212528215, 0.2042847849823908, 0.15009910128117138, 0.17777048812535648, 0.12214953217061253, 0.3664485965118376], "layer_D_star_score": [0.5798625123085831, 0.8595660650514345, 0.7952303201418605, 0.8336673320377398, 0.5630205440570272, 0.7250373856746996, 0.45705945604503484, 1.3711783681351044], "layer_Op2_score": [2.746401005525486, 3.872933855580996, 4.0359192037846086, 4.176263964861878, 3.1155406310875864, 3.648600121926192, 2.488997808159896, 7.856957808286399], "layer_Barinel_score": [0.054785733071007627, 0.07923288878761969, 0.07600948992104654, 0.07945209476627693, 0.05863685695429794, 0.0684934928065572, 0.04476203099713635, 0.13428609299140903], "time": 0.3892190456390381}