{"neuron_counts": [1000, 500, 250, 125, 64, 32, 9, 3], "neuron_counts_selected": [500, 500, 250, 125, 64, 32, 9, 3], "layer_tarantula_score": [0.2260565753228528, 0.23620307460825093, 0.26817824119896766, 0.27824941817547716, 0.20794310680870132, 0.24202825196425815, 0.16666587018657955, 0.4999976105597386], "layer_ochiai_score": [0.16094001915502357, 0.1707604965392276, 0.1941243376399856, 0.20065927690412969, 0.15009910128117138, 0.17777048812535648, 0.12214953217061253, 0.3664485965118376], "layer_D_star_score": [0.6669422738159997, 0.711217048756147, 0.7959778656818087, 0.7888573814879121, 0.5630205440570272, 0.7250373856746996, 0.45705945604503484, 1.3711783681351044], "layer_Op2_score": [3.1738711835013484, 3.4279609604982886, 3.9349411741796922, 4.131186335745831, 3.1155406310875864, 3.648600121926192, 2.488997808159896, 7.856957808286399], "layer_Barinel_score": [0.0664301317693904, 0.06812255774031056, 0.07677828264124656, 0.07756521211977126, 0.05863685695429794, 0.0684934928065572, 0.04476203099713635, 0.13428609299140903], "time": 0.9148344993591309}