{"neuron_counts": [1000, 500, 250, 125, 64, 32, 9, 3], "neuron_counts_selected": [200, 200, 200, 125, 64, 32, 9, 3], "layer_tarantula_score": [0.2144140373778013, 0.239393132166792, 0.24482957302690572, 0.27824941817547716, 0.20794310680870132, 0.24202825196425815, 0.16666587018657955, 0.4999976105597386], "layer_ochiai_score": [0.1544574463514208, 0.17362682156694403, 0.1774478129167445, 0.20065927690412969, 0.15009910128117138, 0.17777048812535648, 0.12214953217061253, 0.3664485965118376], "layer_D_star_score": [0.6508223729570288, 0.7293073463663027, 0.7128810089229408, 0.7888573814879121, 0.5630205440570272, 0.7250373856746996, 0.45705945604503484, 1.3711783681351044], "layer_Op2_score": [3.0601016748630125, 3.4877753717389806, 3.6197202290953316, 4.131186335745831, 3.1155406310875864, 3.648600121926192, 2.488997808159896, 7.856957808286399], "layer_Barinel_score": [0.06311297241239266, 0.06931283119882024, 0.06929005504698259, 0.07756521211977126, 0.05863685695429794, 0.0684934928065572, 0.04476203099713635, 0.13428609299140903], "time": 0.7122437953948975}