{"neuron_counts": [1000, 500, 250, 125, 64, 32, 9, 3], "neuron_counts_selected": [200, 200, 200, 125, 64, 32, 9, 3], "layer_tarantula_score": [0.08484508821436086, 0.09167937909396968, 0.15261639187355902, 0.14553631412457826, 0.08258925271489147, 0.11009711862356607, 0.055555283410477066, 0.49999755069429375], "layer_ochiai_score": [0.06822926361902082, 0.07308912131083357, 0.1269836324747967, 0.11935895282352524, 0.06959829400028968, 0.09283526566376987, 0.046848265127678375, 0.4216343861491055], "layer_D_star_score": [0.272906767005882, 0.29630794792008336, 0.5252395048272435, 0.4800685790873466, 0.28548392822582663, 0.38318501106260433, 0.19219167275523874, 1.729725054797149], "layer_Op2_score": [1.0014076681377155, 1.0939374736513838, 2.0023674028489364, 1.8954012815755743, 1.0823465580723801, 1.448654185285038, 0.5666025375306841, 7.026318351793811], "layer_Barinel_score": [0.03100338455375414, 0.032487279937414175, 0.054828673742923585, 0.05153694591951703, 0.029405381944444416, 0.039260912698412684, 0.019753086419753086, 0.1777777777777778], "time": 0.4779074192047119}