{"neuron_counts": [50176, 12544, 12544, 3136, 3136, 10, 10], "neuron_counts_selected": [500, 500, 500, 500, 500, 10, 10], "layer_tarantula_score": [0.031037145498805912, 0.039952770488614, 0.21994014465608797, 0.3106830760334264, 0.29316162394087725, 0.08433851292420698, 0.04794389533662741], "layer_ochiai_score": [0.0024367831965386604, 0.0041730108568042296, 0.028559923183524474, 0.07458088432527049, 0.06706281466576061, 0.014218093369826648, 0.007220648258431459], "layer_D_star_score": [0.4012359377990176, 0.8749836797408371, 3.3809789570393725, 20.17947089526874, 17.962414253781017, 0.4170241970211115, 0.13924230823588346], "layer_Op2_score": [3.989167536502196, 8.116282853548979, 50.70653727651509, 214.21201428578155, 191.3166653425368, 33.17578306431568, 15.415286653835503], "layer_Barinel_score": [0.0075347262300492655, 0.00986655344839444, 0.048140417945871324, 0.0688199506791851, 0.0641597902147556, 0.013833690262629728, 0.00765916246685654], "time": 173.34199404716492}