{"neuron_counts": [50176, 12544, 12544, 3136, 3136, 10, 10], "neuron_counts_selected": [500, 500, 500, 500, 500, 10, 10], "layer_tarantula_score": [0.027224374728884313, 0.03981772393607454, 0.21150295562751908, 0.3049915388151903, 0.30783741596258624, 0.05094123398055314, 0.027780583913174322], "layer_ochiai_score": [0.0027445957425214665, 0.004632695158686801, 0.03811321711420337, 0.09517476115823346, 0.0964606389649396, 0.010992040696014805, 0.0054091077571356855], "layer_D_star_score": [0.6199139346619881, 0.9320409124260054, 3.548235519985897, 28.782446499194602, 32.68884548420555, 0.16334791196296847, 0.049513439676233374], "layer_Op2_score": [3.5562300306930386, 5.9738530290668015, 45.71739310900961, 194.79744957592746, 201.71880971125032, 17.405695096873718, 7.829206692191019], "layer_Barinel_score": [0.011038130455204971, 0.015955469547430386, 0.08066618129370855, 0.11570480110833924, 0.11775355827649231, 0.014531212486929245, 0.007810954439887379], "time": 216.52006936073303}