{"neuron_counts": [50176, 12544, 12544, 3136, 3136, 10, 10], "neuron_counts_selected": [1000, 1000, 1000, 1000, 1000, 10, 10], "layer_tarantula_score": [0.2340196282670242, 0.2580214851073286, 0.29395880326017415, 0.40146213254790125, 0.3923848838910207, 0.08573519597492575, 0.06363689892181398], "layer_ochiai_score": [0.06499819559545, 0.07844533005104226, 0.06461855317090297, 0.15462351352058987, 0.1496907785586836, 0.014549438734774848, 0.009763019682825636], "layer_D_star_score": [34.16102815831562, 43.3067293455994, 14.465207052640281, 74.89693206423051, 73.33551809291569, 0.43581144169660174, 0.2247807730449089], "layer_Op2_score": [268.92333898408543, 323.4598455812959, 168.1089296694014, 627.5556007079836, 615.0243771174569, 34.08446139327436, 20.828819172955654], "layer_Barinel_score": [0.055362742984660276, 0.0615987130383574, 0.06606636402061201, 0.09353616629906218, 0.0906342779139426, 0.01408158267744403, 0.010350023650893905], "time": 337.5724370479584}