{"neuron_counts": [50176, 12544, 12544, 3136, 3136, 10, 10], "neuron_counts_selected": [500, 500, 500, 500, 500, 10, 10], "layer_tarantula_score": [0.15034545541799907, 0.1866660920324239, 0.24604187136734043, 0.356341809769476, 0.3359432849669406, 0.08570636395682564, 0.05443609468345989], "layer_ochiai_score": [0.020732970880289036, 0.03063863970668331, 0.039754529264298885, 0.104931800816232, 0.09534625907353826, 0.014521062871105238, 0.008302388238850876], "layer_D_star_score": [5.292430029406213, 7.66955339077945, 5.830426926525082, 37.213344201004354, 32.2019085162362, 0.4322805018640785, 0.1840019095241144], "layer_Op2_score": [48.61247559928457, 70.29788490693197, 82.30703217041938, 355.201672425917, 315.7833306952183, 33.993022952351986, 17.73637553354262], "layer_Barinel_score": [0.03586866408699205, 0.04523097833138542, 0.05336781627074798, 0.08009450443563787, 0.07468835477021994, 0.01407404975784274, 0.00880628626872235], "time": 174.0730574131012}