{"neuron_counts": [50176, 12544, 12544, 3136, 3136, 10, 10], "neuron_counts_selected": [500, 500, 500, 500, 500, 10, 10], "layer_tarantula_score": [0.0692025178190462, 0.08908071970092439, 0.3374251863749668, 0.39491651441508435, 0.3980660560096035, 0.12247550478805706, 0.08083091738163196], "layer_ochiai_score": [0.005577795384518238, 0.010750509051554228, 0.06410809748875192, 0.12263488149907291, 0.12149956152851721, 0.021710355470278754, 0.012421447944356956], "layer_D_star_score": [0.5572224879472806, 1.5061006297271486, 17.508884076979566, 59.028551254430816, 56.59909852695826, 0.821613027751015, 0.30940850096754285], "layer_Op2_score": [6.595220352080256, 17.428535242083818, 167.21241654814023, 464.1566359158288, 451.5387853148778, 52.278558247144204, 26.185202848368572], "layer_Barinel_score": [0.024297190162557894, 0.03153844837404348, 0.09117771371296347, 0.10131234347001689, 0.10245263186051383, 0.0205622396291536, 0.013362258257219784], "time": 174.89640951156616}