{"neuron_counts": [1000, 500, 250, 125, 64, 32, 9, 3], "neuron_counts_selected": [200, 200, 200, 125, 64, 32, 9, 3], "layer_tarantula_score": [0.26172446721879544, 0.2975754000770863, 0.3113220536081293, 0.29839748573565866, 0.348226672086418, 0.4157158953174838, 0.43338402376442503, 0.64120017612055], "layer_ochiai_score": [0.3305829002398199, 0.35120240305102096, 0.41836084236413584, 0.3604810850229797, 0.4118185764782025, 0.4319113887546367, 0.47288999855744407, 0.7594021207355087], "layer_D_star_score": [26.57048243791891, 27.157245514432542, 37.6518736544103, 28.785827552061782, 29.077539175474797, 24.26114976202203, 30.88333291401941, 64.39691727932252], "layer_Op2_score": [17.51371225166384, 17.97258452878117, 22.81293925565516, 18.522695886342913, 20.86174519899886, 19.766224328566494, 22.525097089610803, 39.15060649654743], "layer_Barinel_score": [0.32433486994598504, 0.3550926153061542, 0.38311190486539887, 0.356084206586069, 0.42539245634099343, 0.48151103598168754, 0.5028068595320422, 0.7467694771633017], "time": 0.4785456657409668}