{"neuron_counts": [1000, 500, 250, 125, 64, 32, 9, 3], "neuron_counts_selected": [500, 500, 250, 125, 64, 32, 9, 3], "layer_tarantula_score": [0.003747336988993383, 0.012524242872856306, 0.03304005016797062, 0.029802195814951315, 0.038417278388060215, 0.019301800339028827, 0.06860665438559584, 0.03456799451261698], "layer_ochiai_score": [0.001209679979143991, 0.007851956205086112, 0.03924862950914002, 0.033484033279200125, 0.04677238139268374, 0.02446160931661045, 0.09395366484999851, 0.050878303481578104], "layer_D_star_score": [0.003118129314275888, 0.053217787501525345, 0.8335867368757932, 0.9488280507186679, 0.8037658026480056, 0.7677441514523092, 1.2952669333263251, 0.6057328130482734], "layer_Op2_score": [0.012500533889775156, 0.12743896171359437, 0.9411639685602168, 0.8395180392664039, 1.1650719952231539, 0.645442930120048, 2.468313832640293, 1.3481487901191775], "layer_Barinel_score": [0.004065459829060092, 0.016018070001504906, 0.04663749338438406, 0.04047303025882257, 0.056247764465901275, 0.028336588541666728, 0.10428849902534112, 0.05555555555555556], "time": 0.8736703395843506}