{"neuron_counts": [1000, 500, 250, 125, 64, 32, 9, 3], "neuron_counts_selected": [500, 500, 250, 125, 64, 32, 9, 3], "layer_tarantula_score": [0.12271387316963152, 0.1732355821677921, 0.22827825778101396, 0.2018642371719514, 0.22932113204572724, 0.19807617387343524, 0.33087510204129816, 0.1625884406052688], "layer_ochiai_score": [0.08950819304969045, 0.16880741934147173, 0.2581764531209173, 0.2303163329868629, 0.2762889367078434, 0.21497764733776376, 0.32702691206120604, 0.253202425092969], "layer_D_star_score": [2.872761370956271, 10.025784824150527, 18.17144945206885, 16.049735097712418, 18.435401596044464, 11.451934937814066, 15.447619229549057, 21.661117495214217], "layer_Op2_score": [3.491816846177552, 7.960480530533574, 12.907618825310541, 11.410255865968823, 13.844172740636969, 10.039611425557874, 14.511212756138715, 14.38788777717972], "layer_Barinel_score": [0.1382146593804812, 0.2028919627228148, 0.2761703309772032, 0.24050532671804753, 0.27969070011538844, 0.24172710610102288, 0.3897515216340362, 0.21028654274733616], "time": 0.6243200302124023}