{"neuron_counts": [1000, 500, 250, 125, 64, 32, 9, 3], "neuron_counts_selected": [200, 200, 200, 125, 64, 32, 9, 3], "layer_tarantula_score": [0.15259781249288792, 0.10139951952829078, 0.14266541436694283, 0.12581473454554207, 0.18210294024269164, 0.2183120543064866, 0.24397369658264462, 0.5470670001491726], "layer_ochiai_score": [0.21179414786381118, 0.13151825396032987, 0.19723104748062878, 0.16699248098253122, 0.22694929872783934, 0.2562768955548846, 0.2967517443691857, 0.7314281446096524], "layer_D_star_score": [15.277880121499113, 7.728237425954442, 12.933894960716323, 9.992483016084034, 10.736464667518046, 9.188317625317012, 13.3876741725111, 49.65183740222742], "layer_Op2_score": [10.800625094748918, 6.154892279839792, 9.59447478203507, 7.692935666734881, 10.212038647842498, 10.449252248972975, 12.396415409601618, 33.75717804089646], "layer_Barinel_score": [0.19943742861565003, 0.13125572005725475, 0.18462779133394847, 0.16026721790939233, 0.2389172009663764, 0.272649699652027, 0.3013657556014419, 0.6770459097709394], "time": 0.4120757579803467}