{"neuron_counts": [1000, 500, 250, 125, 64, 32, 9, 3], "neuron_counts_selected": [500, 500, 250, 125, 64, 32, 9, 3], "layer_tarantula_score": [0.017054079436313655, 0.03722927848739189, 0.07185832146097176, 0.05486897964307244, 0.07413566929012382, 0.05374348831558604, 0.13503917447344657, 0.05377731740170345], "layer_ochiai_score": [0.01319847301767378, 0.03812377632202491, 0.08869282873060448, 0.07140276976515259, 0.09904062894637207, 0.06579393636530165, 0.16141297363428292, 0.08519413772727095], "layer_D_star_score": [0.1315658496544561, 0.8867998071557607, 3.0312088429592747, 2.5794526706137773, 3.0754583221918397, 1.448290550949641, 2.9509194969858754, 4.764677854836148], "layer_Op2_score": [0.24874059199605122, 0.9031570197798795, 2.3632645981826816, 1.9606830921927179, 2.6713548895351065, 1.6621750321143705, 3.8378610809261273, 2.903704345674733], "layer_Barinel_score": [0.022699623493340006, 0.051686749410529975, 0.10236905140107316, 0.0762335343448869, 0.10714766114342196, 0.07932034676535092, 0.18899357447115733, 0.07499999999999998], "time": 0.8913953304290771}