{"neuron_counts": [1000, 500, 250, 125, 64, 32, 9, 3], "neuron_counts_selected": [500, 500, 250, 125, 64, 32, 9, 3], "layer_tarantula_score": [0.289853724925637, 0.31860239424833553, 0.3211170970024539, 0.29839748573565866, 0.348226672086418, 0.4157158953174838, 0.43338402376442503, 0.64120017612055], "layer_ochiai_score": [0.3756875496103581, 0.3826030130962668, 0.41630091137822034, 0.3604810850229797, 0.4118185764782025, 0.4319113887546367, 0.47288999855744407, 0.7594021207355087], "layer_D_star_score": [31.742432721847265, 29.571176790347213, 35.24413666959797, 28.785827552061782, 29.077539175474797, 24.26114976202203, 30.88333291401941, 64.39691727932252], "layer_Op2_score": [20.16424814877218, 19.66994896399144, 22.256689973954437, 18.522695886342913, 20.86174519899886, 19.766224328566494, 22.525097089610803, 39.15060649654743], "layer_Barinel_score": [0.3599383070905337, 0.38447345948363765, 0.39411753382994696, 0.356084206586069, 0.42539245634099343, 0.48151103598168754, 0.5028068595320422, 0.7467694771633017], "time": 0.709716796875}