{"neuron_counts": [3072, 25088, 25088, 25088, 6272, 6272, 9216, 9216, 9216, 2304, 2304, 2048, 512, 160, 10, 10], "neuron_counts_selected": [500, 500, 500, 500, 500, 500, 500, 500, 500, 500, 500, 500, 500, 160, 10, 10], "layer_tarantula_score": [0.4820025747173255, 0.08321583914340369, 0.3664931214687088, 0.3478660943007814, 0.36066929213996035, 0.3411323916460736, 0.42928233333935123, 0.4635539246494539, 0.4182687055390229, 0.4412143696143768, 0.436001533773011, 0.34567307957062177, 0.42819768274397896, 0.21990986053713732, 0.2563281889607775, 0.19535673303662845], "layer_ochiai_score": [0.4558589205491876, 0.041349773614477475, 0.1110491265893619, 0.08807138760540678, 0.13382824400825075, 0.12584694920842607, 0.1753101244578687, 0.22389243193781766, 0.17151138584183162, 0.2624205960789834, 0.2594661006807424, 0.10610248162938372, 0.1847611509719728, 0.10054686686688441, 0.1840807088642472, 0.06462412430075204], "layer_D_star_score": [1248.2320502305136, 46.61684895651849, 31.9634891190305, 7.763430283057625, 37.17518810910088, 34.48708094501422, 79.38374077973388, 149.19486185076607, 64.32653856107194, 259.8217031599895, 253.73488815849925, 25.839566594216162, 113.86987437599096, 41.59185948559235, 237.40276497158334, 9.454009225647148], "layer_Op2_score": [3363.6687399500474, 194.86678356298268, 294.6255497055472, 167.38953501322797, 379.99109981381724, 357.4394072230121, 586.1145387722806, 872.3500399010723, 543.8776410117874, 1201.116043904226, 1188.1001184617248, 275.0316036118415, 668.3870783313733, 393.1630733971126, 1093.6112003827443, 180.7854338930419], "layer_Barinel_score": [0.3094826555164219, 0.052905091639763306, 0.23490885185916469, 0.22087429639091594, 0.23119668511967698, 0.21752949642733865, 0.2704052364775313, 0.2948851180746503, 0.26758452973662566, 0.28359765203653375, 0.2799936327699362, 0.2167691528866224, 0.2683608476555525, 0.12991977825109632, 0.15634908007972684, 0.1137737955219374], "time": 736.7438781261444}