{"neuron_counts": [3072, 25088, 25088, 25088, 6272, 6272, 9216, 9216, 9216, 2304, 2304, 2048, 512, 160, 10, 10], "neuron_counts_selected": [1000, 1000, 1000, 1000, 1000, 1000, 1000, 1000, 1000, 1000, 1000, 1000, 512, 160, 10, 10], "layer_tarantula_score": [0.49647251377448315, 0.07350583659648255, 0.37069651626383965, 0.3611244064549032, 0.3464667020277799, 0.37087614606930713, 0.42612061665398937, 0.47283411963346283, 0.4194711770673418, 0.44719293022309003, 0.4339665924821138, 0.3516554360193212, 0.4336732992902544, 0.22148937808009986, 0.2680875410788788, 0.34658285317658305], "layer_ochiai_score": [0.5468001265425366, 0.04157060280665033, 0.16990532896208216, 0.14034376924792394, 0.19137242637374152, 0.2068905581824546, 0.1895238578343034, 0.24013654416645375, 0.18338984950077641, 0.27905193209643936, 0.27041435030715677, 0.10898189363707471, 0.1879860247864092, 0.10312121935674864, 0.21388852604051137, 0.17893679271320137], "layer_D_star_score": [2133.4814966066174, 67.1285099689279, 115.13609728319854, 42.329446353806574, 154.1249351705647, 169.2393688009707, 102.14140988821453, 186.00071739620208, 80.36720450749173, 307.8175182124174, 299.0321348367761, 28.345329965740834, 120.73493361057722, 44.88690388883625, 353.9093678578443, 140.21051664730183], "layer_Op2_score": [4652.224354682402, 226.9180016085405, 639.4407383563589, 405.7995214476644, 799.4637517355726, 871.4727318008415, 680.504639618964, 976.2114549914777, 617.1841698070011, 1331.7997922299246, 1297.2548695736418, 285.7439381436332, 688.0741748657656, 410.21355906116037, 1394.2947709539471, 682.9919030212782], "layer_Barinel_score": [0.321944253595993, 0.046949558220679685, 0.2383773220957717, 0.23090530619866353, 0.22356077632872653, 0.23873491313286982, 0.26915543344487364, 0.3026572134466719, 0.2685679342327635, 0.28828743661314454, 0.27914694507563054, 0.22128477311532674, 0.27242162546291704, 0.13102523114040934, 0.16524933181787868, 0.23410112822054602], "time": 1334.0300061702728}