{"neuron_counts": [3072, 25088, 25088, 25088, 6272, 6272, 9216, 9216, 9216, 2304, 2304, 2048, 512, 160, 10, 10], "neuron_counts_selected": [2000, 2000, 2000, 2000, 2000, 2000, 2000, 2000, 2000, 2000, 2000, 2000, 512, 160, 10, 10], "layer_tarantula_score": [0.4964548045376371, 0.07914060212486657, 0.36219986672494686, 0.35458283680172986, 0.3568274890491495, 0.36957252889180053, 0.42438743844018906, 0.47154772637947795, 0.4236318743404934, 0.43627767319291977, 0.4338336153702319, 0.35457821637597586, 0.4336732992902544, 0.22148937808009986, 0.2680875410788788, 0.34658285317658305], "layer_ochiai_score": [0.5468548863380808, 0.042656000563391624, 0.16712279878651393, 0.13748544010411265, 0.1960477103383953, 0.20609874047265433, 0.18560180590674835, 0.24030313608339884, 0.1856199799252078, 0.27033217030318674, 0.2674832791498414, 0.1088386230828095, 0.1879860247864092, 0.10312121935674864, 0.21388852604051137, 0.17893679271320137], "layer_D_star_score": [2134.1190541332153, 68.68839039704746, 114.36311563535354, 41.612109097099854, 155.19549248199522, 167.91212566911892, 98.14159077773041, 186.204554301819, 83.02243814978192, 293.46578762673977, 286.2120071028287, 28.84039992871516, 120.73493361057722, 44.88690388883625, 353.9093678578443, 140.21051664730183], "layer_Op2_score": [4653.29239308418, 230.16380468934202, 631.733871046795, 398.3199074776961, 813.1295546671415, 866.6254230935814, 661.0636674182061, 981.1448308146408, 628.62572167798, 1283.1561386984354, 1266.4286186842523, 285.7011527641693, 688.0741748657656, 410.21355906116037, 1394.2947709539471, 682.9919030212782], "layer_Barinel_score": [0.3219288360382548, 0.05059251208296033, 0.23302651814659214, 0.22711552579429636, 0.23007456680284805, 0.23803349342528712, 0.2676926955283329, 0.3015479789444997, 0.2711324501591586, 0.2810646820621794, 0.2791530554340761, 0.22274749240204694, 0.27242162546291704, 0.13102523114040934, 0.16524933181787868, 0.23410112822054602], "time": 2584.0023653507233}