{"neuron_counts": [3072, 25088, 25088, 25088, 6272, 6272, 9216, 9216, 9216, 2304, 2304, 2048, 512, 160, 10, 10], "neuron_counts_selected": [500, 500, 500, 500, 500, 500, 500, 500, 500, 500, 500, 500, 500, 160, 10, 10], "layer_tarantula_score": [0.49669903642115215, 0.08454237999612237, 0.3708556377876938, 0.36375364945423866, 0.3760506029528821, 0.356816078201179, 0.42562646558247885, 0.46423267124592477, 0.4190067848408228, 0.4425204938293538, 0.4363830030266528, 0.3382878606619885, 0.4172053496192852, 0.2096854344361448, 0.25949294844681486, 0.3419641628919001], "layer_ochiai_score": [0.6092650247603305, 0.05542446958879432, 0.18001449812104958, 0.15869002524510328, 0.2313558167858434, 0.2204445537967888, 0.2071461805668819, 0.2655403764129955, 0.20215423175977035, 0.30655453988154335, 0.3021243505279249, 0.11564159126905563, 0.2008726581297145, 0.10674240080915397, 0.22766500541452822, 0.1950586074905217], "layer_D_star_score": [2369.940316924773, 77.61393331703466, 97.29513964663083, 38.485942475975655, 156.03613999546099, 151.7471826909388, 88.52483215761045, 169.95663778278532, 69.903401730296, 289.26767109976566, 279.20016992509073, 22.430712423053702, 107.30683150870563, 31.522673246214687, 301.3867815088062, 121.00345663823828], "layer_Op2_score": [3739.2102092850264, 217.5802292441269, 479.3646739514169, 334.63403705509614, 698.031785175665, 672.1870045590621, 531.7878021340841, 789.9335043810819, 488.96815372397145, 1060.4306827700182, 1044.0357392392943, 216.73695031941318, 526.5488543116046, 292.18924715192816, 1041.8162460313597, 547.3857405876864], "layer_Barinel_score": [0.39943062871016227, 0.06737080561004567, 0.2965391439986782, 0.29083879416164526, 0.30229900453701436, 0.28606849938259854, 0.3361684142504855, 0.3693534247088695, 0.33440395470274153, 0.35421762311548355, 0.3489934125100938, 0.2659542603208716, 0.3278292260136141, 0.15875397118016438, 0.2016522466257927, 0.27980050054484], "time": 555.4592554569244}