{"neuron_counts": [3072, 25088, 25088, 25088, 6272, 6272, 9216, 9216, 9216, 2304, 2304, 2048, 512, 160, 10, 10], "neuron_counts_selected": [500, 500, 500, 500, 500, 500, 500, 500, 500, 500, 500, 500, 500, 160, 10, 10], "layer_tarantula_score": [0.46650410999789155, 0.18616944285397183, 0.4294213694735571, 0.41083379423176386, 0.39361603025157527, 0.4242445424461983, 0.45303225622372717, 0.48989451205852497, 0.4586982484134037, 0.48334480047747685, 0.4721344219386548, 0.45267648872363564, 0.48440441776803383, 0.2989305792925867, 0.31106487601939575, 0.05171932912360239], "layer_ochiai_score": [0.1303245064635923, 0.07007381250716861, 0.06219368557028171, 0.02980045350225557, 0.0449699935823445, 0.04938674259746611, 0.18201315561040812, 0.2221827514819705, 0.17527344134643613, 0.26599700470390464, 0.2591002779471744, 0.16697228652131016, 0.25313974639893655, 0.1400556679755555, 0.19429903353248792, 0.009560950903052538], "layer_D_star_score": [21.08145364453503, 63.32160893231379, 4.101230658496581, 0.1331465393022158, 0.6352837356370405, 0.7385510168577935, 112.1416140060504, 144.8936052988972, 66.0103645141286, 239.56388444663105, 237.91941027616204, 92.84660013628317, 331.40744450384085, 66.37344220432117, 182.77078486900226, 0.13147265941962094], "layer_Op2_score": [300.74400490794915, 289.6870417465682, 93.43154313419403, 19.0791037747085, 44.010017958566166, 49.11597000867409, 662.5809462336894, 841.4126864657011, 538.9561393958626, 1149.94454490209, 1121.2183621301656, 542.1072104629482, 1154.6274470055089, 554.9539210116475, 1010.2460957954711, 18.81613161251147], "layer_Barinel_score": [0.2974333773439229, 0.12139789047271443, 0.2869468674644033, 0.2711821627493011, 0.25440155083582444, 0.2776840171238963, 0.28993660225876894, 0.3181422768316534, 0.29920280060247467, 0.3163946730726842, 0.30888182807074893, 0.29911650709077175, 0.3171239779315022, 0.18021787778347537, 0.18894305309292853, 0.026177974336985856], "time": 618.746096611023}