{"neuron_counts": [3072, 25088, 25088, 25088, 6272, 6272, 9216, 9216, 9216, 2304, 2304, 2048, 512, 160, 10, 10], "neuron_counts_selected": [2000, 2000, 2000, 2000, 2000, 2000, 2000, 2000, 2000, 2000, 2000, 2000, 512, 160, 10, 10], "layer_tarantula_score": [0.49790537150305175, 0.1973062447310554, 0.441537453604517, 0.4346907888775533, 0.44973999099308837, 0.4437489683007974, 0.46626185491380023, 0.4999500779701117, 0.48142064798741946, 0.48756814527090214, 0.4883405951236485, 0.44063974731756683, 0.48823101936316377, 0.30573394685411537, 0.3503974230029473, 0.4676294375135961], "layer_ochiai_score": [0.5508291812017986, 0.13719564297588374, 0.23244986746307347, 0.17763944473231327, 0.2651661358061946, 0.2620173743328912, 0.24009172614456498, 0.2876166704267102, 0.2273638016469915, 0.323900993486089, 0.3230340008949597, 0.17090824121410855, 0.26045328180432115, 0.1548183427333702, 0.2937300285343192, 0.2569333994075337], "layer_D_star_score": [2180.4029967943397, 327.29549190441645, 236.69444537769962, 77.54312568814392, 284.03595981487973, 279.9536402991845, 236.790075274302, 325.26052702811984, 144.1215279357231, 465.8126018557502, 460.7346490140386, 108.20077850488642, 363.92536714974494, 90.87469289095951, 571.4127174622887, 265.76042934756845], "layer_Op2_score": [4705.140976472888, 894.3538430255078, 1043.6731499999414, 593.0793295054119, 1232.0653047362161, 1218.3442168257618, 1068.6618786662611, 1348.2849961336988, 845.8536780064991, 1672.8594543171018, 1659.0288767843194, 583.1406460158419, 1212.1820760482797, 660.0692022539253, 1988.7148420524125, 1019.7924306958378], "layer_Barinel_score": [0.32319703714214393, 0.12860204256655267, 0.2887778866795519, 0.28382245983328325, 0.29509539587042716, 0.2910332321653665, 0.30064415890349744, 0.3264649491921623, 0.31646495510404826, 0.3202711115397392, 0.32102838440413134, 0.2899082342115013, 0.320477071499471, 0.18516647146346932, 0.21881676278654522, 0.32649765016843046], "time": 2555.666678905487}