{"neuron_counts": [3072, 25088, 25088, 25088, 6272, 6272, 9216, 9216, 9216, 2304, 2304, 2048, 512, 160, 10, 10], "neuron_counts_selected": [200, 200, 200, 200, 200, 200, 200, 200, 200, 200, 200, 200, 200, 160, 10, 10], "layer_tarantula_score": [0.49687779860100717, 0.06945569703412117, 0.36099171870157815, 0.3368624727166137, 0.3498738808834101, 0.3898200949954632, 0.4262274265639697, 0.4688050247869748, 0.43305387236112547, 0.42350052875442223, 0.4544264714816363, 0.3526953011985581, 0.4374385556158656, 0.22148937808009986, 0.2680875410788788, 0.34658285317658305], "layer_ochiai_score": [0.5474010881742237, 0.0406531758447079, 0.16579085976565652, 0.13115383859080826, 0.1996441852595525, 0.21648760891518815, 0.18561529767195997, 0.2471575329062029, 0.19037900745393488, 0.2681683126411751, 0.2809712523801891, 0.11608682159061641, 0.20101250479446783, 0.10312121935674864, 0.21388852604051137, 0.17893679271320137], "layer_D_star_score": [2140.1768664636234, 62.75491670891865, 111.44793994527312, 40.157836372411914, 175.63813954148648, 180.0511215747978, 96.63355184801685, 207.39044681535484, 87.41052621668706, 306.7018934607883, 304.17732172855636, 37.16690235612407, 147.53843380093767, 44.88690388883625, 353.9093678578443, 140.21051664730183], "layer_Op2_score": [4657.380196559997, 219.9396731889216, 618.9481820855221, 381.2849443167106, 866.7527607691859, 908.2539315941526, 661.0413993147557, 1046.7358489245244, 649.4749682168125, 1299.8813437915576, 1329.3364507884996, 327.89211818290835, 775.7939601388871, 410.21355906116037, 1394.2947709539471, 682.9919030212782], "layer_Barinel_score": [0.3222975446061501, 0.04427126272073658, 0.23257071085239908, 0.21589993921415004, 0.22515642031632188, 0.2520760239677572, 0.26818613348697734, 0.2991940056957849, 0.27716640740808574, 0.273043549329956, 0.2930384265241982, 0.22165737294717544, 0.2753472839585755, 0.13102523114040934, 0.16524933181787868, 0.23410112822054602], "time": 292.2147219181061}