{"neuron_counts": [4704, 1176, 1600, 400, 400, 128, 128, 64, 64, 64, 64, 64, 64, 2], "neuron_counts_selected": [500, 500, 500, 400, 400, 128, 128, 64, 64, 64, 64, 64, 64, 2], "layer_tarantula_score": [0.5039823849480957, 0.5005618457826195, 0.31146024072529127, 0.34815969460541607, 0.34815969460541607, 0.0, 0.0, 0.0, 0.0, 0.0, 0.0, 0.0, 0.0, 0.0], "layer_ochiai_score": [0.3101765188581227, 0.5301291241818358, 0.17166383958064835, 0.27689363039635273, 0.27689363039635273, 0.0, 0.0, 0.0, 0.0, 0.0, 0.0, 0.0, 0.0, 0.0], "layer_D_star_score": [4.848426294012583, 40.30583288012393, 10.118810990412333, 30.2169734457472, 30.2169734457472, 0.0, 0.0, 0.0, 0.0, 0.0, 0.0, 0.0, 0.0, 0.0], "layer_Op2_score": [23.78887316438638, 69.7156671082007, 18.166412813958086, 38.620119293556115, 38.620119293556115, 0.0, 0.0, 0.0, 0.0, 0.0, 0.0, 0.0, 0.0, 0.0], "layer_Barinel_score": [0.5039823849480957, 0.5005618457826195, 0.31146024072529127, 0.34815969460541607, 0.34815969460541607, 0.0, 0.0, 0.0, 0.0, 0.0, 0.0, 0.0, 0.0, 0.0], "time": 7.8940110206604}