{"neuron_counts": [4704, 1176, 1600, 400, 400, 128, 128, 64, 64, 64, 64, 64, 64, 2], "neuron_counts_selected": [500, 500, 500, 400, 400, 128, 128, 64, 64, 64, 64, 64, 64, 2], "layer_tarantula_score": [0.46528731319906674, 0.48308779935806734, 0.11858585167661019, 0.19885028791108222, 0.19885028791108222, NaN, NaN, NaN, NaN, NaN, NaN, NaN, NaN, NaN], "layer_ochiai_score": [0.28291844411839057, 0.5100053549184779, 0.06274150464288306, 0.1228379274530564, 0.1228379274530564, NaN, NaN, NaN, NaN, NaN, NaN, NaN, NaN, NaN], "layer_D_star_score": [3.671757570330188, 35.328217663123084, 1.701096269180084, 8.93483471924291, 8.93483471924291, NaN, NaN, NaN, NaN, NaN, NaN, NaN, NaN, NaN], "layer_Op2_score": [21.08810589497945, 66.26135234527273, 5.062671557295593, 14.036270328952135, 14.036270328952135, NaN, NaN, NaN, NaN, NaN, NaN, NaN, NaN, NaN], "layer_Barinel_score": [0.46528731319906674, 0.48308779935806734, 0.11858585167661019, 0.19885028791108222, 0.19885028791108222, NaN, NaN, NaN, NaN, NaN, NaN, NaN, NaN, NaN], "time": 7.8174889087677}