{"neuron_counts": [4704, 1176, 1600, 400, 400, 128, 128, 64, 64, 64, 64, 64, 64, 2], "neuron_counts_selected": [100, 100, 100, 100, 100, 100, 100, 64, 64, 64, 64, 64, 64, 2], "layer_tarantula_score": [0.501099658071062, 0.5010156386075072, 0.4311215420851149, 0.4078089026232295, 0.3747482618842112, 0.0, 0.0, 0.0, 0.0, 0.0, 0.0, 0.0, 0.0, 0.5], "layer_ochiai_score": [0.4747503977146946, 0.6741686412132321, 0.3681368649050824, 0.41990486047664866, 0.43165357590750275, 0.0, 0.0, 0.0, 0.0, 0.0, 0.0, 0.0, 0.0, 0.7071064983440047], "layer_D_star_score": [26.013369935676515, 103.69368724100399, 40.41165570814741, 58.06669929117104, 60.115274712578184, 0.0, 0.0, 0.0, 0.0, 0.0, 0.0, 0.0, 0.0, 124.99990000007999], "layer_Op2_score": [55.86555590828894, 112.51365150503848, 51.64071461054397, 64.83182580807475, 67.40603217775224, 0.0, 0.0, 0.0, 0.0, 0.0, 0.0, 0.0, 0.0, 124.00793729528786], "layer_Barinel_score": [0.501099658071062, 0.5010156386075072, 0.4311215420851149, 0.40780890262322955, 0.3747482618842112, 0.0, 0.0, 0.0, 0.0, 0.0, 0.0, 0.0, 0.0, 0.5], "time": 2.929530620574951}