{"neuron_counts": [10, 90, 10, 10, 10, 10, 10, 10, 10, 10, 10, 1], "neuron_counts_selected": [10, 90, 10, 10, 10, 10, 10, 10, 10, 10, 10, 1], "layer_tarantula_score": [0.059760674522116794, 0.009149455188772667, 0.12965860952687527, 0.08650520374327962, 0.00015779867651005038, 0.02498532910334891, 0, 0, 0, 0, 0, 0], "layer_ochiai_score": [0.08941685127778627, 0.015073432362846816, 0.16219142943388556, 0.15918617208386415, 0.0008441185414867183, 0.012306076592539607, 0, 0, 0, 0, 0, 0], "layer_D_star_score": [7375.585852823713, 691.4594618467619, 22236.488420102112, 19591.751118153894, 0.0006458122456294402, 2479.9790892595656, 0, 0, 0, 0, 0, 0], "layer_Op2_score": [88.72000099996669, 14.540823248278668, 158.67333688877034, 158.19333555548147, 0.07666677777407419, 10.133333555548147, 0, 0, 0, 0, 0, 0], "layer_Barinel_score": [0.0899088237224451, 0.017590501193052423, 0.2495172408374557, 0.15971901267784008, 0.008888888888888877, 0.03993987975951904, 0, 0, 0, 0, 0, 0], "time": 1.9642398357391357}