{"neuron_counts": [10, 90, 10, 10, 10, 10, 10, 10, 10, 10, 10, 1], "neuron_counts_selected": [10, 90, 10, 10, 10, 10, 10, 10, 10, 10, 10, 1], "layer_tarantula_score": [0.19714308253260468, 0.0, 0.11583119809280833, 0.11614666137787096, 0.0, 0.0, 0.0, 0.0, 0.0, 0.0, 0.0, 0.0], "layer_ochiai_score": [0.29348243491049, 0.0, 0.1979910405898817, 0.19868243338009858, 0.0, 0.0, 0.0, 0.0, 0.0, 0.0, 0.0, 0.0], "layer_D_star_score": [10282.570586574893, 0.0, 15216.442367533757, 21224.323234253672, 0.0, 0.0, 0.0, 0.0, 0.0, 0.0, 0.0, 0.0], "layer_Op2_score": [408.52408817118464, 0.0, 279.03268175638243, 280.97880561537056, 0.0, 0.0, 0.0, 0.0, 0.0, 0.0, 0.0, 0.0], "layer_Barinel_score": [0.2995600809034965, 0.0, 0.1995721330939763, 0.19957432438027103, 0.0, 0.0, 0.0, 0.0, 0.0, 0.0, 0.0, 0.0], "time": 2.214799404144287}