{"neuron_counts": [19620, 6540, 6360, 2120, 1940, 20, 3], "neuron_counts_selected": [1000, 1000, 1000, 1000, 1000, 20, 3], "layer_tarantula_score": [0.5037672299109923, 0.5008762279936819, 0.47850030743040306, 0.496371681753748, 0.3537541427284474, 0.16799328456104706, 0.1666666985114564], "layer_ochiai_score": [0.4936127237987532, 0.6917629934179383, 0.49109836347681657, 0.6090486416064645, 0.35047705919272887, 0.24523721176623386, 0.2694263775547906], "layer_D_star_score": [40.028681445256765, 193.3432706901024, 139.9442628006113, 246.7333574551562, 114.64416563872426, 130.8495208836003, 145.38790950372194], "layer_Op2_score": [85.85206562928559, 168.88403131659783, 110.5164720096146, 154.20565095796977, 78.88599605780843, 69.20581357569755, 76.82012216805957], "layer_Barinel_score": [0.6554717176841164, 0.6538352012575949, 0.6134923346118494, 0.6383552312110987, 0.45678112706672064, 0.22171561597823866, 0.21777181285613775], "time": 13.352198600769043}