{"neuron_counts": [19620, 6540, 6360, 2120, 1940, 20, 3], "neuron_counts_selected": [500, 500, 500, 500, 500, 20, 3], "layer_tarantula_score": [0.06419639012340589, 0.14640936271684163, 0.041700083578681824, 0.06147044611630248, 0.01133717402555908, 0, 0], "layer_ochiai_score": [0.0061704852775313875, 0.019553252692396206, 0.009450496818181454, 0.018513468960347154, 0.005428748034809994, 0, 0], "layer_D_star_score": [0.000619597899211602, 0.00332055854619378, 0.01561448423943779, 0.10900677582573208, 0.042107010502044344, 0, 0], "layer_Op2_score": [0.08715377133747562, 0.34209284440366833, 0.2921183750437519, 0.8278756811305993, 0.3393052122730032, 0, 0], "layer_Barinel_score": [0.06935433333333409, 0.1748229307359311, 0.054428828644477775, 0.08250032911834455, 0.015528744803688677, 0, 0], "time": 5.910781145095825}