{"neuron_counts": [19620, 6540, 6360, 2120, 1940, 20, 3], "neuron_counts_selected": [500, 500, 500, 500, 500, 20, 3], "layer_tarantula_score": [0.5025701122401811, 0.4970932541516735, 0.432418210830107, 0.45532818436999345, 0.2749660373807503, 0.10000001910687384, 0.12974402084332545], "layer_ochiai_score": [0.32601591629346965, 0.5081391978948236, 0.36337769312678325, 0.47460572351087027, 0.2162570935635772, 0.16165582653287436, 0.11641939363567688], "layer_D_star_score": [7.248196826292239, 47.247163157695994, 72.70343175142284, 154.96189657103022, 84.26127061185088, 87.23274570223317, 4.005504953085107], "layer_Op2_score": [37.96356981100075, 92.11836539300369, 72.20431396305206, 110.96243622765768, 50.1036961399065, 46.092073300835736, 17.131301187651832], "layer_Barinel_score": [0.6516236303000321, 0.649501573818714, 0.5479480729855134, 0.5848949436267021, 0.34093076743976053, 0.13066308771368265, 0.18188276306547604], "time": 6.375715732574463}