{"neuron_counts": [19620, 6540, 6360, 2120, 1940, 20, 3], "neuron_counts_selected": [500, 500, 500, 500, 500, 20, 3], "layer_tarantula_score": [0.4229296182493077, 0.4581274039454652, 0.2105156497111973, 0.23921862847907993, 0.039668730224905184, 0.019508767090727176, NaN], "layer_ochiai_score": [0.151928820070116, 0.2702414974909786, 0.09803426114436464, 0.15472562787491, 0.030680298054810286, 0.028528067164413085, NaN], "layer_D_star_score": [0.4517863253829259, 3.6692150106791863, 3.8219719933236513, 15.744063520538884, 9.014463253017722, 11.43513331360897, NaN], "layer_Op2_score": [9.154418766600958, 26.910179809644603, 10.748844539786134, 23.989049129831134, 6.790488061185277, 7.429012292497131, NaN], "layer_Barinel_score": [0.5696809923147325, 0.6117083458939392, 0.27892491905955447, 0.32140551337406426, 0.052313644042296825, 0.02567977254334814, NaN], "time": 7.519383430480957}