{"neuron_counts": [19620, 6540, 6360, 2120, 1940, 20, 3], "neuron_counts_selected": [500, 500, 500, 500, 500, 20, 3], "layer_tarantula_score": [0.42256339654029246, 0.4568356212540495, 0.19696844673524785, 0.24396467751653517, 0.04385351235211269, 0.019508767090727176, NaN], "layer_ochiai_score": [0.1500133734411146, 0.2684948799263832, 0.08476782832511473, 0.15846887489507136, 0.03909984788778548, 0.028528067164413085, NaN], "layer_D_star_score": [0.42946881126320396, 3.7688477384484727, 2.0277171167972616, 17.331301963099538, 11.673229905960131, 11.43513331360897, NaN], "layer_Op2_score": [8.960755006497198, 26.887932760492646, 8.116058378131793, 24.837839196982575, 8.943360980455804, 7.429012292497131, NaN], "layer_Barinel_score": [0.5693921276184984, 0.6100443020305933, 0.2631010524941666, 0.32528353790635556, 0.05779098183355317, 0.02567977254334814, NaN], "time": 7.849434852600098}