{"neuron_counts": [19620, 6540, 6360, 2120, 1940, 20, 3], "neuron_counts_selected": [500, 500, 500, 500, 500, 20, 3], "layer_tarantula_score": [0.06423622245743581, 0.14580226112592723, 0.04160215390598827, 0.06155068281262737, 0.01136878110083315, NaN, NaN], "layer_ochiai_score": [0.006124245886333082, 0.019339951542050236, 0.00944578045207729, 0.018621279813922646, 0.005480994101287164, NaN, NaN], "layer_D_star_score": [0.000843605779295477, 0.004575235362022902, 0.02249941184304874, 0.15521647370932426, 0.06209211707126221, NaN, NaN], "layer_Op2_score": [0.12132954400898967, 0.4754073064959047, 0.41468570893847423, 1.1818746766686297, 0.48881816736921707, NaN, NaN], "layer_Barinel_score": [0.06914953211232032, 0.17261524170737608, 0.05373238163689832, 0.08153393164308093, 0.015376447177465724, NaN, NaN], "time": 7.054264783859253}