{"neuron_counts": [19620, 6540, 6360, 2120, 1940, 20, 3], "neuron_counts_selected": [500, 500, 500, 500, 500, 20, 3], "layer_tarantula_score": [0.4578250064955948, 0.47694835934464247, 0.31322464251955995, 0.3631635865567683, 0.12823216196068862, 0.020000005704094756, 0.042278394402220094], "layer_ochiai_score": [0.2995865844619786, 0.48644280739532475, 0.19454756751381952, 0.30641099520186366, 0.07842097181977167, 0.032496143771229065, 0.035517276221601994], "layer_D_star_score": [3.775487954727542, 27.481672470773404, 10.55626573526198, 47.90644116579604, 15.844219711310304, 12.81174963323572, 0.6673606940106772], "layer_Op2_score": [23.404730739629372, 60.03885183417229, 19.48684070060849, 42.64404802236279, 10.326794399425177, 6.56046516224981, 3.4108527522384025], "layer_Barinel_score": [0.6184182126084109, 0.6383062234394231, 0.42052510302036167, 0.48650999096501435, 0.17327862070215597, 0.02640000000000005, 0.060428849902534124], "time": 6.0044989585876465}