{"neuron_counts": [19620, 6540, 6360, 2120, 1940, 20, 3], "neuron_counts_selected": [100, 100, 100, 100, 100, 20, 3], "layer_tarantula_score": [0.4802453614490868, 0.4850023667251276, 0.43716061575286264, 0.4619891017246701, 0.2524586192219976, 0.05605001699420987, 0.055555571400263154], "layer_ochiai_score": [0.48217451059661215, 0.6747018644044381, 0.3974162965245061, 0.47173770707786306, 0.14984520422628042, 0.07490538906145468, 0.09026706603119179], "layer_D_star_score": [25.8356089493153, 121.52488677327817, 45.43825608544128, 101.16496189531415, 12.931053932090299, 28.826633644357962, 35.58819342565478], "layer_Op2_score": [58.883070197476506, 114.61782175846307, 52.25873293251989, 73.78016563166786, 15.102264060506887, 14.79316870852474, 18.22351433958281], "layer_Barinel_score": [0.6412491174539554, 0.646154660650356, 0.585609231165351, 0.6145389845669939, 0.33931097945754174, 0.07565, 0.07333333333333333], "time": 1.7671945095062256}