{"neuron_counts": [19620, 6540, 6360, 2120, 1940, 20, 3], "neuron_counts_selected": [500, 500, 500, 500, 500, 20, 3], "layer_tarantula_score": [0.5147163456122246, 0.5265502512465499, 0.24650689985759927, 0.26072745551561155, 0.10156593018225829, 0.06883383388123823, 0.0], "layer_ochiai_score": [0.08191051089524064, 0.14673080761032373, 0.10578702179182893, 0.14654021223703825, 0.10095481150068898, 0.09359213054827502, 0.0], "layer_D_star_score": [0.06576314526951794, 0.45284634736613133, 5.304259417134742, 15.439246771516643, 17.472019759944068, 43.79236974390292, 0.0], "layer_Op2_score": [2.9167293664452134, 8.448276086681421, 12.622342662723797, 22.19136869598094, 20.65099726989644, 24.45245260524808, 0.0], "layer_Barinel_score": [0.5881903989759576, 0.650906606676911, 0.30026643854801055, 0.326658901751287, 0.13131765495512096, 0.09195382844097026, 0.0], "time": 6.183664321899414}