{"neuron_counts": [21632, 5408, 7744, 1600, 576, 64, 64, 32, 32, 32, 1], "neuron_counts_selected": [500, 500, 500, 500, 500, 64, 64, 32, 32, 32, 1], "layer_tarantula_score": [0.0004565975755761931, 0.0006933078637591975, 0.13345522402836058, 0.2731707008821249, 0.3115792101419998, 0.2646853628055093, 0.2646853628055093, 0.1913525098833246, 0.28210178602464653, 0.250155133156488, 0.49999999651622795], "layer_ochiai_score": [4.680301133908613e-05, 0.0001353415013007154, 0.03170296799472998, 0.10231076854988384, 0.10381758968318637, 0.24810836364334282, 0.24810836364334282, 0.19067000992794045, 0.28169285820033224, 0.25008855212910397, 0.6807032589270839], "layer_D_star_score": [0.0014685034408208968, 0.01015133805312491, 3.508766914902196, 31.235645014107032, 169.92013579982938, 4623.620519033925, 4623.620519033925, 40224.55596557418, 83376.55174792254, 121641.1884538761, 846.16732632887], "layer_Op2_score": [0.009719718309900649, 0.042155267614875126, 11.497962434122718, 54.99064745735706, 57.09897311056618, 231.9694794551154, 231.9694794551154, 185.33374632235186, 274.8467846277279, 244.33157999959278, 979.0008803696409], "layer_Barinel_score": [0.0004532323198323035, 0.0006846083840109882, 0.13009338056468514, 0.2643254235490439, 0.3056133028248186, 0.2615255708696049, 0.2615255708696049, 0.1913355110694502, 0.2820820711096939, 0.25007138179205535, 0.46335697399527187], "time": 46.17334604263306}