{"neuron_counts": [21632, 5408, 7744, 1600, 576, 64, 64, 32, 32, 32, 1], "neuron_counts_selected": [200, 200, 200, 200, 200, 64, 64, 32, 32, 32, 1], "layer_tarantula_score": [0.011643584178684767, 0.012260432291890137, 0.1698446014297452, 0.3220031342670441, 0.38169572133819296, 0.25936515142936467, 0.25936515142936467, 0.19162645878578818, 0.2824847934368522, 0.25054451144273604, 0.4999999965034874], "layer_ochiai_score": [0.0014051796287603917, 0.0017799430821573887, 0.042357791411283215, 0.11104045022941629, 0.14792602588990514, 0.2599535847277065, 0.2599535847277065, 0.19151206816780503, 0.282372633357282, 0.25045528940893114, 0.6805679667147357], "layer_D_star_score": [0.019383476916634244, 0.03272507101259944, 7.372057010518557, 36.98543037923909, 362.1170790723773, 5378.054105800872, 5378.054105800872, 78541.74415473439, 132921.45751146734, 120043.99815455376, 846.4036194895673], "layer_Op2_score": [0.23829097101792795, 0.4136107866642588, 17.36748957080498, 59.35256367441225, 79.38800342869692, 259.7612264512856, 259.7612264512856, 186.9098370930126, 276.2258992212969, 245.0010984840861, 980.0008788224184], "layer_Barinel_score": [0.011487661057903836, 0.012049619648445378, 0.16439941495130495, 0.31325377958011913, 0.37502437852676734, 0.2550704251845282, 0.2550704251845282, 0.19154576533282835, 0.2823800168459458, 0.2504047886088989, 0.4631728045325779], "time": 21.39000916481018}