{"neuron_counts": [21632, 5408, 7744, 1600, 576, 64, 64, 32, 32, 32, 1], "neuron_counts_selected": [500, 500, 500, 500, 500, 64, 64, 32, 32, 32, 1], "layer_tarantula_score": [0.2244945770358449, 0.274414670985851, 0.2626322255601982, 0.3558096561957441, 0.3801739647151717, 0.21819689758867486, 0.21819689758867486, 0.1846266785936926, 0.28016462074053616, 0.2502439827343669, 0.49999999651622795], "layer_ochiai_score": [0.058449529555563866, 0.09968517159876067, 0.11003959427967527, 0.23619004173128688, 0.2040799673442795, 0.2546284868600222, 0.2546284868600222, 0.19060261095157668, 0.2861050114959487, 0.25100845104410546, 0.6807032589270839], "layer_D_star_score": [8.626921185164495, 37.431631492188366, 38.246605363832785, 154.67911044323395, 378.38845161505554, 2099.981136154551, 2099.981136154551, 3587.6106640978064, 11623.93503528584, 28060.893516898246, 846.16732632887], "layer_Op2_score": [24.281589079824048, 57.096994194524946, 64.92038288422927, 187.0654101450831, 142.2278025978809, 309.28760739879243, 309.28760739879243, 195.80527213473476, 290.1511196730282, 246.67614924639832, 979.0008803696409], "layer_Barinel_score": [0.2176325980982323, 0.2648589029534675, 0.25242916954111605, 0.33856594121053996, 0.3655769129793233, 0.20756194570347278, 0.20756194570347278, 0.18120749372211117, 0.2763334423635675, 0.249560104992681, 0.46335697399527187], "time": 43.311761140823364}