{"neuron_counts": [21632, 5408, 7744, 1600, 576, 64, 64, 32, 32, 32, 1], "neuron_counts_selected": [100, 100, 100, 100, 100, 64, 64, 32, 32, 32, 1], "layer_tarantula_score": [0.1992363397042073, 0.3423775306980952, 0.2528335708284426, 0.32781778723232724, 0.44170239400684713, 0.21819689758867486, 0.21819689758867486, 0.1846266785936926, 0.28016462074053616, 0.2502439827343669, 0.49999999651622795], "layer_ochiai_score": [0.0575090119395091, 0.10006510865377961, 0.10092060636747192, 0.18835681688882017, 0.23088012377431963, 0.2546284868600222, 0.2546284868600222, 0.19060261095157668, 0.2861050114959487, 0.25100845104410546, 0.6807032589270839], "layer_D_star_score": [9.714046619113313, 30.99140699663395, 43.182016392365945, 73.26229924298994, 352.17388626186056, 2099.981136154551, 2099.981136154551, 3587.6106640978064, 11623.93503528584, 28060.893516898246, 846.16732632887], "layer_Op2_score": [26.55898688693777, 52.912929405032635, 58.72801004769288, 135.35691551377525, 147.3807184239069, 309.28760739879243, 309.28760739879243, 195.80527213473476, 290.1511196730282, 246.67614924639832, 979.0008803696409], "layer_Barinel_score": [0.1913295439147524, 0.32894606160585393, 0.24417840342621666, 0.31030419740458537, 0.42953157148179283, 0.20756194570347278, 0.20756194570347278, 0.18120749372211117, 0.2763334423635675, 0.249560104992681, 0.46335697399527187], "time": 11.559739589691162}