{"neuron_counts": [21632, 5408, 7744, 1600, 576, 64, 64, 32, 32, 32, 1], "neuron_counts_selected": [500, 500, 500, 500, 500, 64, 64, 32, 32, 32, 1], "layer_tarantula_score": [0.017883318017257073, 0.01598677470889039, 0.4064452257937202, 0.49977023657580244, 0.5421145636944701, 0.5129956635627307, 0.5129956635627307, 0.43742186892705137, 0.5311125577322373, 0.49992933528924766, 0.4999999965034874], "layer_ochiai_score": [0.0037361033495473196, 0.004764279393236742, 0.14895963332218629, 0.23106104390220894, 0.25528843815051844, 0.49088829439598275, 0.49088829439598275, 0.4363155757642448, 0.5304210529611415, 0.4997884384907145, 0.6805679667147357], "layer_D_star_score": [0.5405375864592724, 1.0694858707112782, 166.61398511301576, 256.8133131142548, 1647.9310367169473, 25925.294152111885, 25925.294152111885, 127292.79778951558, 191361.76010342973, 270065.38653870166, 846.4036194895673], "layer_Op2_score": [1.477319859637974, 2.336119508249604, 85.28450088449026, 163.23511952169423, 179.46613709963646, 468.7963258197429, 468.7963258197429, 426.41319754442463, 519.2208370357348, 489.750741476209, 980.0008788224184], "layer_Barinel_score": [0.017701823685801567, 0.015786805485781884, 0.4014128813273729, 0.4913926779427076, 0.5371332525512765, 0.5098667546960627, 0.5098667546960627, 0.4374000311042816, 0.5310907237512742, 0.4998332674250832, 0.4631728045325779], "time": 46.400755882263184}