{"neuron_counts": [21632, 5408, 7744, 1600, 576, 64, 64, 32, 32, 32, 1], "neuron_counts_selected": [200, 200, 200, 200, 200, 64, 64, 32, 32, 32, 1], "layer_tarantula_score": [0.24751612789308405, 0.2914607153018842, 0.23359824767764076, 0.39382364688740845, 0.40058436266285796, 0.21819689758867486, 0.21819689758867486, 0.1846266785936926, 0.28016462074053616, 0.2502439827343669, 0.49999999651622795], "layer_ochiai_score": [0.07080392987656017, 0.1027563738704811, 0.09062167370671073, 0.21757409882127565, 0.2366947527790445, 0.2546284868600222, 0.2546284868600222, 0.19060261095157668, 0.2861050114959487, 0.25100845104410546, 0.6807032589270839], "layer_D_star_score": [10.924813596604798, 34.65728220734192, 22.628868431493455, 147.4099537007645, 836.8735029541798, 2099.981136154551, 2099.981136154551, 3587.6106640978064, 11623.93503528584, 28060.893516898246, 846.16732632887], "layer_Op2_score": [30.703710411977475, 57.083756210998594, 49.15795742641444, 158.80843734069444, 167.17420075899642, 309.28760739879243, 309.28760739879243, 195.80527213473476, 290.1511196730282, 246.67614924639832, 979.0008803696409], "layer_Barinel_score": [0.23953353534823757, 0.28193225125779553, 0.22322247957071972, 0.37805868179647384, 0.3861543261738822, 0.20756194570347278, 0.20756194570347278, 0.18120749372211117, 0.2763334423635675, 0.249560104992681, 0.46335697399527187], "time": 19.60658884048462}