{"neuron_counts": [21632, 5408, 7744, 1600, 576, 64, 64, 32, 32, 32, 1], "neuron_counts_selected": [2000, 2000, 2000, 1600, 576, 64, 64, 32, 32, 32, 1], "layer_tarantula_score": [0.23761260414261587, 0.3014725597702744, 0.2848529622287645, 0.35320027647176244, 0.4031449339994347, 0.21819689758867486, 0.21819689758867486, 0.1846266785936926, 0.28016462074053616, 0.2502439827343669, 0.49999999651622795], "layer_ochiai_score": [0.060376581546518274, 0.10353054840260172, 0.11431500689583891, 0.21888244398569426, 0.21721679683632678, 0.2546284868600222, 0.2546284868600222, 0.19060261095157668, 0.2861050114959487, 0.25100845104410546, 0.6807032589270839], "layer_D_star_score": [8.907049111883282, 34.71834707518432, 39.58099256300222, 139.57246218547684, 377.27527283335706, 2099.981136154551, 2099.981136154551, 3587.6106640978064, 11623.93503528584, 28060.893516898246, 846.16732632887], "layer_Op2_score": [24.992902603645568, 57.06064724586393, 65.23265697724484, 168.47874624076235, 150.28212470499508, 309.28760739879243, 309.28760739879243, 195.80527213473476, 290.1511196730282, 246.67614924639832, 979.0008803696409], "layer_Barinel_score": [0.23033487192160723, 0.2906029837166125, 0.27438274960596815, 0.3365225633216528, 0.3883515805968936, 0.20756194570347278, 0.20756194570347278, 0.18120749372211117, 0.2763334423635675, 0.249560104992681, 0.46335697399527187], "time": 135.9862015247345}