{"neuron_counts": [21632, 5408, 7744, 1600, 576, 64, 64, 32, 32, 32, 1], "neuron_counts_selected": [200, 200, 200, 200, 200, 64, 64, 32, 32, 32, 1], "layer_tarantula_score": [0.22963687500494676, 0.3155979777599133, 0.2541254957509211, 0.35580716797218825, 0.3678293610153716, 0.21818107049503346, 0.21818107049503346, 0.18470690845964646, 0.2802703686565391, 0.25024534883087746, 0.4999999965034874], "layer_ochiai_score": [0.06190025593412005, 0.12464064474336178, 0.10200377970864977, 0.21765000081825656, 0.1925059494717792, 0.25458289561996655, 0.25458289561996655, 0.1906610662688121, 0.28619181626308005, 0.2510065674343008, 0.6805679667147357], "layer_D_star_score": [9.661371932242078, 49.23456613682019, 26.04430889124469, 107.26429875143602, 420.849734999648, 2103.70012069441, 2103.70012069441, 3594.937350745483, 11647.67650952922, 28118.18985084251, 846.4036194895673], "layer_Op2_score": [26.25909804635562, 75.19028996819947, 56.63338351192372, 161.11443387492017, 129.32265658375397, 309.6039853130766, 309.6039853130766, 196.06311450026863, 290.5417760010384, 246.92615203221285, 980.0008788224184], "layer_Barinel_score": [0.22297348687495744, 0.3022103088738204, 0.24477112893510475, 0.3393449724286597, 0.3542761960059889, 0.2074943413438001, 0.2074943413438001, 0.1812660190280121, 0.27641266867063735, 0.24955895676419837, 0.4631728045325779], "time": 20.988066911697388}