{"neuron_counts": [21632, 5408, 7744, 1600, 576, 64, 64, 32, 32, 32, 1], "neuron_counts_selected": [500, 500, 500, 500, 500, 64, 64, 32, 32, 32, 1], "layer_tarantula_score": [0.05907420287993582, 0.09501333396455312, 0.22938213177126573, 0.3226842921861116, 0.3470658775324321, 0.24901290108439375, 0.24901290108439375, 0.19121250962177574, 0.28278627367511194, 0.2503888063831907, 0.4999999965034874], "layer_ochiai_score": [0.009220319039973552, 0.02170914624477719, 0.0779299066645301, 0.17838792376877646, 0.14593856394419674, 0.2643128530009284, 0.2643128530009284, 0.19169113343895292, 0.282920608688843, 0.2504858274028257, 0.6805679667147357], "layer_D_star_score": [0.3567208788880869, 2.463528924009241, 20.022320333603897, 88.25679700629495, 200.17792201763635, 4738.662049292364, 4738.662049292364, 50901.19649393415, 125290.39900220306, 120139.74536597048, 846.4036194895673], "layer_Op2_score": [2.384523996902899, 8.147746053651177, 39.02610333014242, 125.63200198635629, 88.88962019901162, 282.7591549095544, 282.7591549095544, 188.01885081657932, 277.06881854254743, 245.1307101245979, 980.0008788224184], "layer_Barinel_score": [0.05770248193714708, 0.0923886721709521, 0.22199018785537286, 0.3080335451920155, 0.33689653514460355, 0.24277853651930328, 0.24277853651930328, 0.19083284300051595, 0.2825422944832034, 0.2502147807831802, 0.4631728045325779], "time": 46.488717794418335}