{"neuron_counts": [21632, 5408, 7744, 1600, 576, 64, 64, 32, 32, 32, 1], "neuron_counts_selected": [500, 500, 500, 500, 500, 64, 64, 32, 32, 32, 1], "layer_tarantula_score": [0.02132786712820941, 0.026237429252119072, 0.36104460704522356, 0.5123089402756665, 0.5544235615257358, 0.5129956635627307, 0.5129956635627307, 0.43742186892705137, 0.5311125577322373, 0.49992933528924766, 0.4999999965034874], "layer_ochiai_score": [0.0041057920182613694, 0.00792716126619299, 0.12621175040172708, 0.2540084476803961, 0.2743600794159588, 0.49088829439598275, 0.49088829439598275, 0.4363155757642448, 0.5304210529611415, 0.4997884384907145, 0.6805679667147357], "layer_D_star_score": [0.34874785498343563, 2.2414186354119843, 64.99180975895149, 328.3364507542712, 5767.108487593175, 25925.294152111885, 25925.294152111885, 127292.79778951558, 191361.76010342973, 270065.38653870166, 846.4036194895673], "layer_Op2_score": [1.3879824253091015, 3.629398945747017, 68.86732337984856, 181.97924254417902, 198.51295783453796, 468.7963258197429, 468.7963258197429, 426.41319754442463, 519.2208370357348, 489.750741476209, 980.0008788224184], "layer_Barinel_score": [0.021244429422801015, 0.02607332715854931, 0.35638732966859127, 0.5035790564101026, 0.549070324654787, 0.5098667546960627, 0.5098667546960627, 0.4374000311042816, 0.5310907237512742, 0.4998332674250832, 0.4631728045325779], "time": 46.48558759689331}