{"neuron_counts": [21632, 5408, 7744, 1600, 576, 64, 64, 32, 32, 32, 1], "neuron_counts_selected": [1000, 1000, 1000, 1000, 576, 64, 64, 32, 32, 32, 1], "layer_tarantula_score": [0.23228010930915896, 0.2657379615754463, 0.28446148042363517, 0.3555842463035404, 0.40333918543984926, 0.21818107049503346, 0.21818107049503346, 0.18470690845964646, 0.2802703686565391, 0.25024534883087746, 0.4999999965034874], "layer_ochiai_score": [0.06220530450762436, 0.08389759867851562, 0.10475507361588578, 0.20876404678504087, 0.21731314485601239, 0.25458289561996655, 0.25458289561996655, 0.1906610662688121, 0.28619181626308005, 0.2510065674343008, 0.6805679667147357], "layer_D_star_score": [8.966443713767143, 28.276531488829555, 31.635460883497196, 116.67771484948982, 377.60355364620784, 2103.70012069441, 2103.70012069441, 3594.937350745483, 11647.67650952922, 28118.18985084251, 846.4036194895673], "layer_Op2_score": [26.356720927341453, 44.66492428289937, 58.083702672903314, 155.45925345506853, 150.53101588200175, 309.6039853130766, 309.6039853130766, 196.06311450026863, 290.5417760010384, 246.92615203221285, 980.0008788224184], "layer_Barinel_score": [0.22492926122595036, 0.2559329520691635, 0.2744800220854137, 0.3386788029908475, 0.38846525506750046, 0.2074943413438001, 0.2074943413438001, 0.1812660190280121, 0.27641266867063735, 0.24955895676419837, 0.4631728045325779], "time": 81.5615348815918}