{"neuron_counts": [32, 32, 20, 20, 15, 15, 4], "neuron_counts_selected": [32, 32, 20, 20, 15, 15, 4], "layer_tarantula_score": [1.0, 1.0, 1.0, 1.0, 0.5377777777777778, 0.5377777777777778, 0.0625], "layer_ochiai_score": [0.9467374934984114, 0.9467374934984114, 0.862691387458289, 0.862691387458289, 0.4611403264483868, 0.4611403264483868, 0.06249998750000375], "layer_D_star_score": [2443632.494881607, 2443632.494881607, 225000805.47667065, 225000805.47667065, 277777777.79323953, 277777777.79323953, 39062499.998703256], "layer_Op2_score": [224.1318359375, 224.1318359375, 193.72, 193.72, 111.85777777777777, 111.85777777777777, 15.625], "layer_Barinel_score": [1.0, 1.0, 1.0, 1.0, 0.5377777777777778, 0.5377777777777778, 0.0625], "time": 0.4232146739959717}