{"neuron_counts": [32, 32, 20, 20, 15, 15, 4], "neuron_counts_selected": [32, 32, 20, 20, 15, 15, 4], "layer_tarantula_score": [1.0, 1.0, 1.0, 1.0, 0.6400000000000001, 0.6400000000000001, 0.0625], "layer_ochiai_score": [0.9995048955476686, 0.9995048955476686, 0.9999998846807108, 0.9999998846807108, 0.6399999261956548, 0.6399999261956548, 0.062499992792544416], "layer_D_star_score": [1543961211.2134745, 1543961211.2134745, 1879905175.1932514, 1879905175.1932514, 1203139312.1236808, 1203139312.1236808, 117494073.44957821], "layer_Op2_score": [433.1501771176045, 433.1501771176045, 433.57873272582884, 433.57873272582884, 277.4903889445303, 277.4903889445303, 27.0986707953643], "layer_Barinel_score": [1.0, 1.0, 1.0, 1.0, 0.6400000000000001, 0.6400000000000001, 0.0625], "time": 0.48392796516418457}