{"neuron_counts": [5120000, 5120000, 128, 25, 2], "neuron_counts_selected": [500, 500, 128, 25, 2], "layer_tarantula_score": [0, 0, 0, 0.2304, 1.0], "layer_ochiai_score": [0, 0, 0, 0.21176603062966592, 0.9999950000374996], "layer_D_star_score": [0, 0, 0, 129603.63543202725, 1000000.0000023306], "layer_Op2_score": [0, 0, 0, 1.9856000000000007, 10.0], "layer_Barinel_score": [0, 0, 0, 0.2304, 1.0], "time": 11.767231225967407}