{"neuron_counts": [5120000, 5120000, 128, 25, 2], "neuron_counts_selected": [500, 500, 128, 25, 2], "layer_tarantula_score": [0.0, 0.066, 0.4140625, 0.68, 1.0], "layer_ochiai_score": [0.0, 0.028563840053345325, 0.38953184785345896, 0.6714333956704621, 0.9999966765230771], "layer_D_star_score": [0.0, 0.08922191005031781, 548162.9259215152, 1267484.0967456026, 2263342.838913411], "layer_Op2_score": [0.0, 0.20245975116932047, 5.5673469152060004, 9.98361205974283, 15.044410386944834], "layer_Barinel_score": [0.0, 0.066, 0.4140625, 0.68, 1.0], "time": 11.61469030380249}