{"neuron_counts": [5120000, 5120000, 128, 25, 2], "neuron_counts_selected": [1000, 1000, 128, 25, 2], "layer_tarantula_score": [0.239121, 0.31696899999999995, 0.27398681640625, 0.4624000000000001, 1.0], "layer_ochiai_score": [0.08184276794326599, 0.16351018548856958, 0.2584218099938339, 0.4623976880173398, 0.9999950000374996], "layer_D_star_score": [0.04929227715357301, 145.54071169625308, 219728.16071502314, 462400.00000107766, 1000000.0000023306], "layer_Op2_score": [0.28846099999999997, 0.97702, 2.5023193359375, 4.624, 10.0], "layer_Barinel_score": [0.239121, 0.31696899999999995, 0.27398681640625, 0.4624000000000001, 1.0], "time": 13.313487768173218}