{"neuron_counts": [5120000, 5120000, 128, 25, 2], "neuron_counts_selected": [1000, 1000, 128, 25, 2], "layer_tarantula_score": [0.538, 0.543, 0.5234375, 0.68, 1.0], "layer_ochiai_score": [0.20618896041085605, 0.35955297000300956, 0.5083774822557412, 0.6799977400356925, 0.9999966765230771], "layer_D_star_score": [0.3615742432478802, 43015.41954144715, 1060944.5129459277, 1539073.1304611193, 2263342.838913411], "layer_Op2_score": [1.2692449046914203, 4.040317349227789, 7.5250082781316845, 10.23019906312249, 15.044410386944834], "layer_Barinel_score": [0.538, 0.543, 0.5234375, 0.68, 1.0], "time": 10.285805463790894}