{"neuron_counts": [5120000, 5120000, 128, 25, 2], "neuron_counts_selected": [1000, 1000, 128, 25, 2], "layer_tarantula_score": [0.28944400000000003, 0.29484899999999997, 0.27398681640625, 0.4624000000000001, 1.0], "layer_ochiai_score": [0.0951725754385947, 0.1558300328554853, 0.25868275435616706, 0.46239846322427086, 0.9999966765230771], "layer_D_star_score": [0.07686548896774369, 819.4892150201246, 497318.9950825159, 1046569.7287135612, 2263342.838913411], "layer_Op2_score": [0.48767042268971944, 1.448675199184879, 3.767547802994707, 6.956535362923292, 15.044410386944834], "layer_Barinel_score": [0.28944400000000003, 0.29484899999999997, 0.27398681640625, 0.4624000000000001, 1.0], "time": 11.039286375045776}