{"neuron_counts": [5120000, 5120000, 128, 25, 2], "neuron_counts_selected": [500, 500, 128, 25, 2], "layer_tarantula_score": [0.002, 0.256, 0.484375, 0.68, 1.0], "layer_ochiai_score": [0.0005946815088899369, 0.15201437818752844, 0.4641221684681847, 0.6799977400356925, 0.9999966765230771], "layer_D_star_score": [0.0002580043237205853, 1.9443070208457038, 884124.2365354041, 1539073.1304611193, 2263342.838913411], "layer_Op2_score": [0.0026602161899269383, 1.4587988468121211, 6.7990187602532695, 10.23019906312249, 15.044410386944834], "layer_Barinel_score": [0.002, 0.256, 0.484375, 0.68, 1.0], "time": 12.139945268630981}