{"neuron_counts": [5120000, 5120000, 128, 25, 2], "neuron_counts_selected": [1000, 1000, 128, 25, 2], "layer_tarantula_score": [0.489, 0.563, 0.5234375, 0.68, 1.0], "layer_ochiai_score": [0.19369974005401036, 0.3645519205363039, 0.5083774822557412, 0.6799977400356925, 0.9999966765230771], "layer_D_star_score": [0.4710723898709562, 27172.780066512947, 1060944.5129459277, 1539073.1304611193, 2263342.838913411], "layer_Op2_score": [1.2443099138273561, 4.0168054771821895, 7.5250082781316845, 10.23019906312249, 15.044410386944834], "layer_Barinel_score": [0.489, 0.563, 0.5234375, 0.68, 1.0], "time": 11.153570652008057}