{"neuron_counts": [5120000, 5120000, 128, 25, 2], "neuron_counts_selected": [500, 500, 128, 25, 2], "layer_tarantula_score": [0.566, 0.596, 0.5234375, 0.68, 1.0], "layer_ochiai_score": [0.2142902661987965, 0.39512405316084476, 0.5083774822557412, 0.6799977400356925, 0.9999966765230771], "layer_D_star_score": [0.363754912936613, 27173.705867676625, 1060944.5129459277, 1539073.1304611193, 2263342.838913411], "layer_Op2_score": [1.3037320716437508, 4.426078143636199, 7.5250082781316845, 10.23019906312249, 15.044410386944834], "layer_Barinel_score": [0.566, 0.596, 0.5234375, 0.68, 1.0], "time": 11.559006929397583}