{"neuron_counts": [2, 2, 1], "neuron_counts_selected": [2, 2, 1], "layer_tarantula_score": [0.125, 0.125, 0], "layer_ochiai_score": [0.12499687511718263, 0.12499687511718263, 0], "layer_D_star_score": [0.12499375031248439, 0.12499375031248439, 0], "layer_Op2_score": [0.16666944435185493, 0.16666944435185493, 0], "layer_Barinel_score": [0.125, 0.125, 0], "time": 0.0722966194152832}