{"neuron_counts": [1000, 500, 250, 125, 64, 32, 9, 3], "neuron_counts_selected": [100, 100, 100, 100, 64, 32, 9, 3], "layer_tarantula_score": [0.2866826995617749, 0.3279034541700074, 0.3348465337409625, 0.290398367511633, 0.2833626872843016, 0.25130229416554156, 0.22222213563881965, 0.4999998051873442], "layer_ochiai_score": [0.3225155486947576, 0.39362529662976975, 0.3897569321636029, 0.3300961432220565, 0.3255342234219072, 0.3121780516534517, 0.29451337892927787, 0.6626551025908752], "layer_D_star_score": [155262.42330301867, 388131.566204636, 310510.67469760973, 465753.043236786, 363877.0469681403, 485158.95051822846, 9.694293688702372, 21.812160799580337], "layer_Op2_score": [11.698095889964241, 14.656349332101641, 14.56565119992381, 11.764430026210812, 11.821878639405366, 11.770977389236263, 11.950418011363322, 26.888440525567475], "layer_Barinel_score": [0.26277167469972634, 0.29854133987932485, 0.30536104469684305, 0.2680156024467515, 0.26094641979818867, 0.22819643320485328, 0.19516149380631598, 0.439113361064211], "time": 0.36652207374572754}