{"neuron_counts": [1000, 500, 250, 125, 64, 32, 9, 3], "neuron_counts_selected": [200, 200, 200, 125, 64, 32, 9, 3], "layer_tarantula_score": [0.14304386693820847, 0.13658129690114545, 0.17180178895652068, 0.10308797879015254, 0.11288055341134555, 0.09883648376601262, 0.09876539361725317, 0.4999998051873442], "layer_ochiai_score": [0.1618481880644766, 0.17255697220825061, 0.21814430504341784, 0.12608593737226947, 0.1372752576214755, 0.12922571566333546, 0.13089483507967906, 0.6626551025908752], "layer_D_star_score": [9514.667663118827, 6991.643315408185, 9517.18099494834, 7952.196458710382, 17060.914371727104, 30326.013586968824, 4.30857497275661, 21.812160799580337], "layer_Op2_score": [5.4722766339121955, 6.5460161741930065, 8.238001299706415, 4.46177441494605, 5.061509680452705, 5.039156863569516, 5.311296893939253, 26.888440525567475], "layer_Barinel_score": [0.12820037491394418, 0.12040935484856062, 0.15172629894704606, 0.09098352472200101, 0.1002157199221176, 0.0871724664922723, 0.08673844169169599, 0.439113361064211], "time": 0.653296947479248}