{"neuron_counts": [1000, 500, 250, 125, 64, 32, 9, 3], "neuron_counts_selected": [500, 500, 250, 125, 64, 32, 9, 3], "layer_tarantula_score": [0, 0.003584886719551229, 0.009037710560473247, 0.008696306230388957, 0.007934575761160093, 0.004394534363520068, 0.0023148174798867036, 0], "layer_ochiai_score": [0, 0.0015486527197528612, 0.011956335672155866, 0.011004746437543567, 0.011935369589908597, 0.006680702533947727, 0.002905418636931234, 0], "layer_D_star_score": [0, 108.23681266381713, 5300.367212098531, 433.4983719935368, 1650.937856910053, 0.31270394629501697, 0.011395982175544283, 0], "layer_Op2_score": [0, 0.02365620001900123, 0.35227775157123603, 0.33746885601571286, 0.33018836858940626, 0.1617190839827036, 0.06234573765402781, 0], "layer_Barinel_score": [0, 0.003588761904761843, 0.010262019047618844, 0.009848658993570378, 0.009130859374999968, 0.00507812500000003, 0.002962962962962961, 0], "time": 0.8891892433166504}