{"neuron_counts": [1000, 500, 250, 125, 64, 32, 9, 3], "neuron_counts_selected": [500, 500, 250, 125, 64, 32, 9, 3], "layer_tarantula_score": [0.0, 0.05986632167237654, 0.08375500572007658, 0.08297314363711705, 0.07031247869236577, 0.04687498173631352, 0.021977411943577288, 0.0], "layer_ochiai_score": [0.0, 0.035862941338044706, 0.09358279963836479, 0.08973216164657608, 0.08810287380507004, 0.06212391586789455, 0.022192989977928478, 0.0], "layer_D_star_score": [0.0, 31053.304773814143, 217350.14767408217, 62110.255479290776, 121290.0782602886, 2.0448900749606564, 0.09267629968327196, 0.0], "layer_Op2_score": [0.0, 0.7585697158201247, 3.2820611620230857, 3.1449053937830453, 3.3442360268967066, 2.490395500499387, 0.6552182074520672, 0.0], "layer_Barinel_score": [0.0, 0.05983235796316825, 0.07807105523409896, 0.07735277363456597, 0.06365302386639807, 0.04116687759976978, 0.017977973913077292, 0.0], "time": 0.8611342906951904}