{"neuron_counts": [1000, 500, 250, 125, 64, 32, 9, 3], "neuron_counts_selected": [500, 500, 250, 125, 64, 32, 9, 3], "layer_tarantula_score": [0.02445209323540059, 0.06271170698287708, 0.06769608122561485, 0.05165078479848941, 0.05925637095953675, 0.06689451127409296, 0.05555553390970492, NaN], "layer_ochiai_score": [0.01328646857975442, 0.06405154916825208, 0.0832348615545661, 0.06353200827942479, 0.06811337691015164, 0.08087019068016368, 0.07362834473231945, NaN], "layer_D_star_score": [2515.705367576972, 8975.536458618873, 7951.660420475482, 498.70553317581385, 1897.388660745859, 68226.43239686801, 2.423573422175592, NaN], "layer_Op2_score": [0.27002872375924836, 2.061320510503859, 3.006633096801327, 2.2458714184074546, 2.439027539159126, 2.7024491556442887, 2.98760450284083, NaN], "layer_Barinel_score": [0.02381228406763239, 0.056833642572300926, 0.06003319248983025, 0.04557781943335344, 0.05225417975504879, 0.06065127237474807, 0.04879037345157897, NaN], "time": 1.0566163063049316}