{"neuron_counts": [1000, 500, 250, 125, 64, 32, 9, 3], "neuron_counts_selected": [100, 100, 100, 100, 64, 32, 9, 3], "layer_tarantula_score": [0.1221181601936664, 0.15094754251959808, 0.1909117092399571, 0.12413469021642454, 0.11278286999889013, 0.09870521831596786, 0.09876550207395529, 0.5000003542493986], "layer_ochiai_score": [0.15965580451733047, 0.2223111804690187, 0.2796106878136644, 0.1794780872015579, 0.1560541234643234, 0.14766982201660875, 0.15014626929519864, 0.7601154883069432], "layer_D_star_score": [10822.917902912199, 6094.033975551169, 33139.37815034189, 10823.193655517816, 14861.014710811622, 26412.921661224493, 7.027903231958298, 35.57876011178889], "layer_Op2_score": [4.737136385818077, 7.060601676991611, 8.841237075314627, 5.4110616201919, 4.7113420353308415, 4.684913709220514, 4.948149086415063, 25.05000474997625], "layer_Barinel_score": [0.13938129658958923, 0.17475230543958561, 0.2186646932646929, 0.14337800865800865, 0.1290214784683718, 0.11365559895833338, 0.1141289437585734, 0.5777777777777777], "time": 0.4331552982330322}