{"neuron_counts": [20, 15, 6, 6], "neuron_counts_selected": [20, 15, 6, 6], "layer_tarantula_score": [1.0, 0.8711111111111112, 0.6944444444444445, 1.0], "layer_ochiai_score": [0.6952365945818602, 0.5779948372354035, 0.6118609190836037, 0.8100866927943972], "layer_D_star_score": [267.2742058072313, 364.38546601073784, 1478.99111592263, 725.0198881661674], "layer_Op2_score": [239.866555390765, 206.62841315085197, 267.00279211955797, 324.8751273650799], "layer_Barinel_score": [1.0, 0.8711111111111112, 0.6944444444444445, 1.0], "time": 0.23355507850646973}