{"neuron_counts": [20, 15, 6, 6], "neuron_counts_selected": [20, 15, 6, 6], "layer_tarantula_score": [1.0, 0.9333333333333333, 0.8333333333333334, 1.0], "layer_ochiai_score": [0.70316523444873, 0.6658936512505097, 0.7444181595228514, 0.41513514044692607], "layer_D_star_score": [424.1731117506679, 865.2154015608892, 1832.7796798075676, 20.03302405738633], "layer_Op2_score": [247.52670559254435, 251.12087668365842, 329.3237463468444, 86.4249805171058], "layer_Barinel_score": [1.0, 0.9333333333333333, 0.8333333333333334, 1.0], "time": 0.24008488655090332}