{"neuron_counts": [20, 15, 6, 6], "neuron_counts_selected": [20, 15, 6, 6], "layer_tarantula_score": [1.0, 0.9333333333333333, 0.8333333333333334, 1.0], "layer_ochiai_score": [0.662882928685202, 0.6320207712285059, 0.7226356243040688, 0.25706207506917117], "layer_D_star_score": [280.8222077799336, 606.0430730191115, 1152.7459976358784, 3.1385880181500965], "layer_Op2_score": [220.5873252610444, 231.08002571377935, 310.09296389611717, 34.49061110367984], "layer_Barinel_score": [1.0, 0.9333333333333333, 0.8333333333333334, 1.0], "time": 0.23858642578125}