{"neuron_counts": [1440000, 1440000, 360000, 720000, 720000, 175232, 350464, 350464, 350464, 82944, 165888, 165888, 165888, 41472, 41472, 41472, 41472, 8192, 8192, 256, 256, 1], "neuron_counts_selected": [200, 200, 200, 200, 200, 200, 200, 200, 200, 200, 200, 200, 200, 200, 200, 200, 200, 200, 200, 200, 200, 1], "layer_tarantula_score": [0.5008469912540711, 0.5014238791170371, 0.5000324331627367, 0.47969090853712787, 0.49501294934249684, 0.49981022782621354, 0.4604281602301134, 0.4849315621590833, 0.43929970931624657, 0.4404112243281863, 0.31730482457172837, 0.26437120859794594, 0.14199722328836212, 0.20707539701646238, 0.24746215422653442, 0.27769470874751767, 0.1830066831128017, 0.19496637167067668, 0.21742379921558494, 0.10447824478099348, 0.09110677071464852, 0.5], "layer_ochiai_score": [0.5604136500030134, 0.581478497225833, 0.6817029267584787, 0.5182709100687137, 0.4723679469083181, 0.6103243079053285, 0.486289268082768, 0.505192721444056, 0.30295573910450746, 0.39525527800117355, 0.3004114410263845, 0.20212155660198966, 0.0760340785491001, 0.11876969138328713, 0.20218335340551008, 0.2636324183740153, 0.15480914803847315, 0.17243145728457435, 0.20903874115322899, 0.14476091492107226, 0.1270627539660894, 0.707105421369737], "layer_D_star_score": [11.523851863573068, 14.021757958243274, 23.27843232170041, 11.462666950454594, 8.138800584775467, 16.587548946518897, 11.845051279708251, 11.750133016791837, 4.5740532039064155, 7.917424560980853, 7.289595582037382, 3.697821743151717, 1.0548507370823146, 1.7241825750550483, 4.202000664809277, 6.920240067284891, 3.71427509592376, 4.260243712386902, 5.4441206715813, 5.313059156057435, 4.657191316828761, 25.999900000384613], "layer_Op2_score": [15.83018742523176, 17.29333576542309, 23.36537368380117, 14.883891022625845, 12.107038751708329, 19.15722497324084, 14.227964970500107, 14.414261243476876, 6.760000981477847, 10.482964470501962, 8.544816037718379, 4.981297013714765, 1.5553705727015825, 2.494259595334832, 5.380556349791298, 7.757408509598113, 4.294445039092448, 4.876296995196314, 6.160000888885596, 5.033519209188114, 4.443148766115681, 25.03704060355332], "layer_Barinel_score": [0.500846991254071, 0.5014238791170371, 0.5000324331627368, 0.47969090853712787, 0.4950129493424968, 0.49981022782621354, 0.4604281602301134, 0.4849315621590833, 0.43929970931624657, 0.4404112243281864, 0.31730482457172837, 0.26437120859794594, 0.14199722328836215, 0.20707539701646238, 0.24746215422653442, 0.2776947087475177, 0.1830066831128017, 0.19496637167067668, 0.21742379921558494, 0.10447824478099349, 0.09110677071464852, 0.5], "time": 6.5677900314331055}