{"neuron_counts": [2, 3, 1], "neuron_counts_selected": [2, 3, 1], "layer_tarantula_score": [0.0, 0.0, 0.5000062497656338], "layer_ochiai_score": [0.0, 0.0, 0.8164863749118269], "layer_D_star_score": [0.0, 0.0, 7.999600019999001], "layer_Op2_score": [0.0, 0.0, 3.3333555548148395], "layer_Barinel_score": [0.0, 0.0, 0.6666666666666667], "time": 0.060234785079956055}