{"neuron_counts": [4, 4, 4, 4, 4, 4, 1], "neuron_counts_selected": [4, 4, 4, 4, 4, 4, 1], "layer_tarantula_score": [0.1385908798392202, 0.14227221628083783, 0.14227221628083783, 0.0976510355968856, 0.0976510355968856, 0.0976510355968856, 0.8166238878488664], "layer_ochiai_score": [0.1291425712808622, 0.1298834622246154, 0.1298834622246154, 0.08040681991148597, 0.08040681991148597, 0.08040681991148597, 0.957506774408701], "layer_D_star_score": [3.7782627791595016, 3.9144989221310422, 3.9144989221310422, 0.5792607925394206, 0.5792607925394206, 0.5792607925394206, 601.6814191478875], "layer_Op2_score": [4.328972080778533, 4.36577280323287, 4.36577280323287, 2.4797837925908275, 2.4797837925908275, 2.4797837925908275, 54.37417713547438], "layer_Barinel_score": [0.18583494147286003, 0.18766214063289957, 0.18766214063289957, 0.13065461125095945, 0.13065461125095945, 0.13065461125095945, 0.9168209025332803], "time": 0.09083032608032227}