{"neuron_counts": [4, 4, 4, 4, 4, 4, 1], "neuron_counts_selected": [4, 4, 4, 4, 4, 4, 1], "layer_tarantula_score": [0.14374488096837473, 0.14374488096837473, 0.14374488096837473, 0.09262867225025813, 0.09262867225025813, 0.09262867225025813, NaN], "layer_ochiai_score": [0.10952583859326802, 0.10952583859326802, 0.10952583859326802, 0.06775037514184976, 0.06460448432391766, 0.06460448432391766, NaN], "layer_D_star_score": [2.4106413280694454, 2.4106413280694454, 2.4106413280694454, 0.3201877068045984, 0.21255818721844344, 0.21255818721844344, NaN], "layer_Op2_score": [3.2011621872974394, 3.2011621872974394, 3.2011621872974394, 1.973300893673463, 1.6135963135154685, 1.6135963135154685, NaN], "layer_Barinel_score": [0.18748824849897763, 0.18748824849897763, 0.18748824849897763, 0.12278259131094109, 0.12278259131094109, 0.12278259131094109, NaN], "time": 0.0980525016784668}