{"neuron_counts": [49152, 262144, 65536, 65536, 131072, 32768, 32768, 32768, 32768, 65536, 65536, 16384, 32768, 32768, 8192, 16384, 16384, 4096, 8192, 2048, 2048, 2048, 1], "neuron_counts_selected": [100, 100, 100, 100, 100, 100, 100, 100, 100, 100, 100, 100, 100, 100, 100, 100, 100, 100, 100, 100, 100, 100, 1], "layer_tarantula_score": [0.45493154618603887, 0.44390787178737523, 0.48207426771721335, 0.47288728633756005, 0.2814695225020332, 0.33166841543734993, 0.3019163548566128, 0.03957644864000099, 0.026525994590882118, 0, 0, 0, 0, 0, 0, 0, 0, 0, 0, 0, 0, 0, 0.4999998389700525], "layer_ochiai_score": [0.4090174943496715, 0.3356559216428286, 0.5868626803432009, 0.5629025396214776, 0.25021054343679755, 0.3921502737624563, 0.33504961811448675, 0.035328312051330156, 0.02236492265616299, 0, 0, 0, 0, 0, 0, 0, 0, 0, 0, 0, 0, 0, 0.6782315238977732], "layer_D_star_score": [3.37558218735763, 1.7507702557033007, 11.938983597427237, 10.636265476668715, 3.3625889915991842, 8.637672093805048, 7.18550577326874, 0.45177750541151585, 0.19821269809229863, 0, 0, 0, 0, 0, 0, 0, 0, 0, 0, 0, 0, 0, 19.5925200277036], "layer_Op2_score": [8.729205178552935, 5.975754685876123, 16.977527785972196, 15.924599124288843, 5.756097388580761, 11.130962464062632, 9.378130062035497, 0.7909894139663786, 0.4543250795532885, 0, 0, 0, 0, 0, 0, 0, 0, 0, 0, 0, 0, 0, 22.035717729579538], "layer_Barinel_score": [0.41592380326444717, 0.4056684134685479, 0.44235593700865633, 0.4333912994405257, 0.25752803574672317, 0.30452584750012585, 0.27686910813909943, 0.03629505711953532, 0.024290151690949047, 0, 0, 0, 0, 0, 0, 0, 0, 0, 0, 0, 0, 0, 0.45999999999999996], "time": 1.9501307010650635}