{"neuron_counts": [49152, 262144, 65536, 65536, 131072, 32768, 32768, 32768, 32768, 65536, 65536, 16384, 32768, 32768, 8192, 16384, 16384, 4096, 8192, 2048, 2048, 2048, 1], "neuron_counts_selected": [1000, 1000, 1000, 1000, 1000, 1000, 1000, 1000, 1000, 1000, 1000, 1000, 1000, 1000, 1000, 1000, 1000, 1000, 1000, 1000, 1000, 1000, 1], "layer_tarantula_score": [0.45263963593078865, 0.43432554306361887, 0.4818113744764844, 0.4814985406332574, 0.29795025096338607, 0.3462672996503236, 0.3357406095556877, 0.03349490531892441, 0.02991225752090672, 5.384613905444126e-07, NaN, NaN, NaN, NaN, NaN, NaN, NaN, NaN, NaN, NaN, NaN, NaN, 0.49999985119105195], "layer_ochiai_score": [0.41054222891757297, 0.33616072593678514, 0.5830323530246271, 0.5834048821025382, 0.25944483591993817, 0.3841116207336982, 0.3674031232080727, 0.03200883609293186, 0.02695362485948894, 2.4999947917406766e-07, NaN, NaN, NaN, NaN, NaN, NaN, NaN, NaN, NaN, NaN, NaN, NaN, 0.6793648051448877], "layer_D_star_score": [3.670020678963654, 1.9207341505696283, 12.212349225975833, 12.238090240817657, 3.545442874334779, 8.203551374285112, 7.818227124766429, 0.41196027143749725, 0.32896903108766573, 3.749984375013482e-07, NaN, NaN, NaN, NaN, NaN, NaN, NaN, NaN, NaN, NaN, NaN, NaN, 20.571355102303205], "layer_Op2_score": [9.188597498515522, 6.390913982379372, 17.463193375419397, 17.490608448891557, 6.0462017179630445, 10.979526517243048, 10.473700844769501, 0.7639228749142103, 0.6167357843490163, -6.603424470946023e-05, NaN, NaN, NaN, NaN, NaN, NaN, NaN, NaN, NaN, NaN, NaN, NaN, 23.03448608797901], "layer_Barinel_score": [0.4154386722171556, 0.3980634123852971, 0.44363540948374414, 0.4433312489587811, 0.27364509730019043, 0.3188883112535931, 0.3089764735992067, 0.03079634886711991, 0.027529111021525297, 5.000000000000005e-07, NaN, NaN, NaN, NaN, NaN, NaN, NaN, NaN, NaN, NaN, NaN, NaN, 0.46153846153846156], "time": 9.764159679412842}