{"neuron_counts": [49152, 262144, 65536, 65536, 131072, 32768, 32768, 32768, 32768, 65536, 65536, 16384, 32768, 32768, 8192, 16384, 16384, 4096, 8192, 2048, 2048, 2048, 1], "neuron_counts_selected": [200, 200, 200, 200, 200, 200, 200, 200, 200, 200, 200, 200, 200, 200, 200, 200, 200, 200, 200, 200, 200, 200, 1], "layer_tarantula_score": [0.44721796271951986, 0.44349034455211145, 0.479648525910456, 0.48131698191584316, 0.2814174050327298, 0.3549740652335694, 0.32274058306937264, 0.028452562302500185, 0.022599589084655206, NaN, NaN, NaN, NaN, NaN, NaN, NaN, NaN, NaN, NaN, NaN, NaN, NaN, 0.49999985119105195], "layer_ochiai_score": [0.4029203343169543, 0.339056939530497, 0.5813545772185847, 0.5867123538712773, 0.25685215979222886, 0.42695108404223087, 0.33437805395641496, 0.0259731053577213, 0.02011399367652018, NaN, NaN, NaN, NaN, NaN, NaN, NaN, NaN, NaN, NaN, NaN, NaN, NaN, 0.6793648051448877], "layer_D_star_score": [3.463121725663377, 1.9574949171618246, 12.1004810238614, 12.474339086238311, 3.929132447909797, 10.305233760873408, 6.576763836338415, 0.2834093822559021, 0.1838088098248248, NaN, NaN, NaN, NaN, NaN, NaN, NaN, NaN, NaN, NaN, NaN, NaN, NaN, 20.571355102303205], "layer_Op2_score": [8.951766219340623, 6.382651104651364, 17.46811044513639, 17.667175956117394, 6.317964772535265, 13.009110509705135, 9.16569101459995, 0.5931802679128727, 0.44095093430712196, NaN, NaN, NaN, NaN, NaN, NaN, NaN, NaN, NaN, NaN, NaN, NaN, NaN, 23.03448608797901], "layer_Barinel_score": [0.4100750572190722, 0.4070663951960641, 0.4414922513659193, 0.44317007832778005, 0.25840248611873956, 0.3271005639327743, 0.29704769356799904, 0.02611629051707188, 0.02071078035245483, NaN, NaN, NaN, NaN, NaN, NaN, NaN, NaN, NaN, NaN, NaN, NaN, NaN, 0.46153846153846156], "time": 2.2694408893585205}