{"neuron_counts": [49152, 262144, 65536, 65536, 131072, 32768, 32768, 32768, 32768, 65536, 65536, 16384, 32768, 32768, 8192, 16384, 16384, 4096, 8192, 2048, 2048, 2048, 1], "neuron_counts_selected": [500, 500, 500, 500, 500, 500, 500, 500, 500, 500, 500, 500, 500, 500, 500, 500, 500, 500, 500, 500, 500, 500, 1], "layer_tarantula_score": [0.4060696398662466, 0.001958769110888186, 0.013555076080725825, 0.010912508271083062, 4.000000000000004e-06, 3.6000000000000035e-05, 1.0461536686390526e-05, NaN, NaN, NaN, NaN, NaN, NaN, NaN, NaN, NaN, NaN, NaN, NaN, NaN, NaN, NaN, 0.49999985119105195], "layer_ochiai_score": [0.22766129008296154, 0.00043936506682951256, 0.0036167127383644024, 0.002730978312741898, 8.164948798985442e-07, 7.348453919093833e-06, 2.8867453319037037e-06, NaN, NaN, NaN, NaN, NaN, NaN, NaN, NaN, NaN, NaN, NaN, NaN, NaN, NaN, NaN, 0.6793648051448877], "layer_D_star_score": [0.5255338119324857, 0.0001039224769966912, 0.0011598331986772453, 0.0008821603720154485, 1.739122873378813e-07, 1.5652105860393099e-06, 1.2272673381747213e-06, NaN, NaN, NaN, NaN, NaN, NaN, NaN, NaN, NaN, NaN, NaN, NaN, NaN, NaN, NaN, 20.571355102303205], "layer_Op2_score": [3.122975400539998, 0.00014455929462289064, 0.015440575832497087, 0.008675061672201414, -0.00027158525660256474, -0.00037655030155068743, -0.0003929640932272649, NaN, NaN, NaN, NaN, NaN, NaN, NaN, NaN, NaN, NaN, NaN, NaN, NaN, NaN, NaN, 23.03448608797901], "layer_Barinel_score": [0.37205812130842997, 0.001927333333333388, 0.013043799999999689, 0.010600066666667025, 4.000000000000004e-06, 3.6000000000000035e-05, 9.999999999999897e-06, NaN, NaN, NaN, NaN, NaN, NaN, NaN, NaN, NaN, NaN, NaN, NaN, NaN, NaN, NaN, 0.46153846153846156], "time": 4.978509187698364}