{"neuron_counts": [49152, 262144, 65536, 65536, 131072, 32768, 32768, 32768, 32768, 65536, 65536, 16384, 32768, 32768, 8192, 16384, 16384, 4096, 8192, 2048, 2048, 2048, 1], "neuron_counts_selected": [500, 500, 500, 500, 500, 500, 500, 500, 500, 500, 500, 500, 500, 500, 500, 500, 500, 500, 500, 500, 500, 500, 1], "layer_tarantula_score": [0.4181186062772687, 0.023031608586105642, 0.09447157679006168, 0.0976156499076723, 0.0003871853060590942, 0.000615073232962347, 0.0008191278447194195, 0, 0, 0, 0, 0, 0, 0, 0, 0, 0, 0, 0, 0, 0, 0, 0.4999998389700525], "layer_ochiai_score": [0.26986672929143346, 0.005700980042772982, 0.030817438641174724, 0.032341924371754885, 0.00013464370786540889, 0.00030330259209518086, 0.000340679959745976, 0, 0, 0, 0, 0, 0, 0, 0, 0, 0, 0, 0, 0, 0, 0, 0.6782315238977732], "layer_D_star_score": [0.8706612712126887, 0.0015854869238145631, 0.016475087486341584, 0.01809274478298034, 9.235826052489387e-05, 0.0005159790612335498, 0.0005147793312289129, 0, 0, 0, 0, 0, 0, 0, 0, 0, 0, 0, 0, 0, 0, 0, 19.5925200277036], "layer_Op2_score": [4.087897438452006, 0.022108183499344403, 0.20930052156956533, 0.22116494906803918, -0.0007737074939018748, 0.002203004689268969, 0.002110004507126639, 0, 0, 0, 0, 0, 0, 0, 0, 0, 0, 0, 0, 0, 0, 0, 22.035717729579538], "layer_Barinel_score": [0.38163803718764894, 0.02232379999999945, 0.08843183874458807, 0.09144320072150044, 0.0003603619047619278, 0.0005648483516481672, 0.0007625593573092657, 0, 0, 0, 0, 0, 0, 0, 0, 0, 0, 0, 0, 0, 0, 0, 0.45999999999999996], "time": 6.875398635864258}