{"neuron_counts": [49152, 262144, 65536, 65536, 131072, 32768, 32768, 32768, 32768, 65536, 65536, 16384, 32768, 32768, 8192, 16384, 16384, 4096, 8192, 2048, 2048, 2048, 1], "neuron_counts_selected": [500, 500, 500, 500, 500, 500, 500, 500, 500, 500, 500, 500, 500, 500, 500, 500, 500, 500, 500, 500, 500, 500, 1], "layer_tarantula_score": [0.45197638207288465, 0.4440558192532936, 0.4776436390106217, 0.48021743704033243, 0.30704424958143733, 0.33476704219642056, 0.328541261525706, 0.02851002576134694, 0.03314177755052016, 4.000000000000004e-06, 0, 0, 0, 0, 0, 0, 0, 0, 0, 0, 0, 0, 0.4999998389700525], "layer_ochiai_score": [0.40914598473926905, 0.34113031897390245, 0.5767123090393274, 0.5828665997299154, 0.2526902082104898, 0.3766268972907885, 0.357884016418048, 0.02480434520721596, 0.030170060393187093, 8.340558430650702e-07, 0, 0, 0, 0, 0, 0, 0, 0, 0, 0, 0, 0, 0.6782315238977732], "layer_D_star_score": [3.4879222217193737, 1.9104996922149242, 11.355067248060513, 11.678172929007204, 2.9810651683478078, 8.028822216144878, 7.176335159930198, 0.27592404641487145, 0.3267096366006305, 1.818173553757282e-07, 0, 0, 0, 0, 0, 0, 0, 0, 0, 0, 0, 0, 19.5925200277036], "layer_Op2_score": [8.775877624922767, 6.170916999682144, 16.552080343227345, 16.800553063181916, 5.342067566701543, 10.569398980646502, 9.768789555908732, 0.531127371959392, 0.6642636849296969, 4.000000000000004e-06, 0, 0, 0, 0, 0, 0, 0, 0, 0, 0, 0, 0, 22.035717729579538], "layer_Barinel_score": [0.4132878586625196, 0.4061770891431067, 0.4380318618678249, 0.4405353602595812, 0.2812986526560931, 0.30700565597314666, 0.3013897645582048, 0.02615296952551165, 0.030338414094715185, 4.000000000000004e-06, 0, 0, 0, 0, 0, 0, 0, 0, 0, 0, 0, 0, 0.45999999999999996], "time": 6.886487722396851}