{"neuron_counts": [49152, 262144, 65536, 65536, 131072, 32768, 32768, 32768, 32768, 65536, 65536, 16384, 32768, 32768, 8192, 16384, 16384, 4096, 8192, 2048, 2048, 2048, 1], "neuron_counts_selected": [200, 200, 200, 200, 200, 200, 200, 200, 200, 200, 200, 200, 200, 200, 200, 200, 200, 200, 200, 200, 200, 200, 1], "layer_tarantula_score": [0.49564214672028273, 0.5052561863623819, 0.4969240271266449, 0.5012132847034223, 0.36038337280777627, 0.4542754301188544, 0.4475117476473389, 0.11541739859886448, 0.1356800309431433, 0.0020588228085380057, 0.0, 0.0, 0.0, 0.0, 0.0, 0.0, 0.0, 0.0, 0.0, 0.0, 0.0, 0.0, 0.49999985119105195], "layer_ochiai_score": [0.4539668269168831, 0.39851129464194357, 0.60837425115413, 0.6147913952551172, 0.3720052939796109, 0.5176102331379703, 0.5302456171325837, 0.11517057013695439, 0.13722086660717878, 0.001082529499463107, 0.0, 0.0, 0.0, 0.0, 0.0, 0.0, 0.0, 0.0, 0.0, 0.0, 0.0, 0.0, 0.6793648051448877], "layer_D_star_score": [5.2462684087515115, 3.246577393001091, 14.352832177961181, 14.767363537104925, 8.01682000617282, 12.962339156897109, 13.816995729243974, 2.14657100693416, 2.7569555647605286, 0.0017307625739901, 0.0, 0.0, 0.0, 0.0, 0.0, 0.0, 0.0, 0.0, 0.0, 0.0, 0.0, 0.0, 20.571355102303205], "layer_Op2_score": [10.428967038044698, 7.952242492267268, 18.64138202971714, 18.87276133530574, 10.604139485725911, 15.859485036258496, 16.627071372167684, 3.0820694066572183, 3.84948332936783, 0.014137934007124113, 0.0, 0.0, 0.0, 0.0, 0.0, 0.0, 0.0, 0.0, 0.0, 0.0, 0.0, 0.0, 23.03448608797901], "layer_Barinel_score": [0.45830847140589476, 0.468225981829813, 0.45870443160007013, 0.46293920282317613, 0.3336893532633617, 0.4210197426561502, 0.4142175567740925, 0.10714612572263028, 0.1259983024839896, 0.001875, 0.0, 0.0, 0.0, 0.0, 0.0, 0.0, 0.0, 0.0, 0.0, 0.0, 0.0, 0.0, 0.46153846153846156], "time": 2.1846282482147217}