{"neuron_counts": [49152, 262144, 65536, 65536, 131072, 32768, 32768, 32768, 32768, 65536, 65536, 16384, 32768, 32768, 8192, 16384, 16384, 4096, 8192, 2048, 2048, 2048, 1], "neuron_counts_selected": [500, 500, 500, 500, 500, 500, 500, 500, 500, 500, 500, 500, 500, 500, 500, 500, 500, 500, 500, 500, 500, 500, 1], "layer_tarantula_score": [0.4171044578930966, 0.0009127418423122947, 0.008424966743621032, 0.010580817825886612, 1.6000000000000016e-05, 2.6799996800015768e-05, 1.6000000000000016e-05, 0, 0, 0, 0, 0, 0, 0, 0, 0, 0, 0, 0, 0, 0, 0, 0.4999998389700525], "layer_ochiai_score": [0.23618202802925115, 0.00020953793370705987, 0.0021129131232726244, 0.0027209399312869403, 3.336223372263707e-06, 6.285056084853043e-06, 3.6817006142402352e-06, 0, 0, 0, 0, 0, 0, 0, 0, 0, 0, 0, 0, 0, 0, 0, 0.6782315238977732], "layer_D_star_score": [0.5424574648581388, 5.367781425402753e-05, 0.0006314667257625131, 0.000834865775739079, 7.272694215022265e-07, 1.5968308581916408e-06, 1.3073531999277411e-06, 0, 0, 0, 0, 0, 0, 0, 0, 0, 0, 0, 0, 0, 0, 0, 19.5925200277036], "layer_Op2_score": [3.1481533745950916, -0.0036936969082251615, 0.0037408881396854394, 0.007252888768254161, 1.6000000000000016e-05, -0.00039199847143405245, -0.00040728418827077294, 0, 0, 0, 0, 0, 0, 0, 0, 0, 0, 0, 0, 0, 0, 0, 22.035717729579538], "layer_Barinel_score": [0.38091309932453166, 0.0008940000000000703, 0.008169466666666911, 0.010242733333334227, 1.6000000000000016e-05, 2.5999999999999914e-05, 1.6000000000000016e-05, 0, 0, 0, 0, 0, 0, 0, 0, 0, 0, 0, 0, 0, 0, 0, 0.45999999999999996], "time": 6.884130954742432}