{"neuron_counts": [49152, 262144, 65536, 65536, 131072, 32768, 32768, 32768, 32768, 65536, 65536, 16384, 32768, 32768, 8192, 16384, 16384, 4096, 8192, 2048, 2048, 2048, 1], "neuron_counts_selected": [100, 100, 100, 100, 100, 100, 100, 100, 100, 100, 100, 100, 100, 100, 100, 100, 100, 100, 100, 100, 100, 100, 1], "layer_tarantula_score": [0.496066404559443, 0.48511349871482684, 0.5039004231834038, 0.4954763373248843, 0.4041177771604428, 0.43349101749666014, 0.43181574198106304, 0.12145405401431086, 0.13715830731212758, 0.005384613905331134, 0.0, 0.0, 0.0, 0.0, 0.0, 0.0, 0.0, 0.0, 0.0, 0.0, 0.0, 0.0, 0.49999985119105195], "layer_ochiai_score": [0.4554680875620379, 0.3846788531147223, 0.61489882157353, 0.6094715077684965, 0.40694273223066857, 0.5017520024243267, 0.4995663022458327, 0.1313649607939039, 0.1394519313199044, 0.002499994791682943, 0.0, 0.0, 0.0, 0.0, 0.0, 0.0, 0.0, 0.0, 0.0, 0.0, 0.0, 0.0, 0.6793648051448877], "layer_D_star_score": [5.1848026468273405, 3.0354610784018776, 14.736074669976372, 14.504495833505796, 8.818037927059564, 12.834939028179194, 12.550051511789894, 2.993196989512561, 2.3132303719976544, 0.003749984375065104, 0.0, 0.0, 0.0, 0.0, 0.0, 0.0, 0.0, 0.0, 0.0, 0.0, 0.0, 0.0, 20.571355102303205], "layer_Op2_score": [10.495518774073192, 7.685173568367004, 18.775519912000302, 18.751382064199774, 11.585518912003751, 15.483105644463297, 15.400347067768736, 3.823793642090889, 3.65413846848804, 0.028965520808548938, 0.0, 0.0, 0.0, 0.0, 0.0, 0.0, 0.0, 0.0, 0.0, 0.0, 0.0, 0.0, 23.03448608797901], "layer_Barinel_score": [0.4585562525660917, 0.4487656103554542, 0.465605320097953, 0.4572689165536447, 0.37523945035988826, 0.40193851041645684, 0.39991406876514246, 0.11311008914716768, 0.1266064652933825, 0.005, 0.0, 0.0, 0.0, 0.0, 0.0, 0.0, 0.0, 0.0, 0.0, 0.0, 0.0, 0.0, 0.46153846153846156], "time": 1.3388285636901855}