{"neuron_counts": [49152, 262144, 65536, 65536, 131072, 32768, 32768, 32768, 32768, 65536, 65536, 16384, 32768, 32768, 8192, 16384, 16384, 4096, 8192, 2048, 2048, 2048, 1], "neuron_counts_selected": [1000, 1000, 1000, 1000, 1000, 1000, 1000, 1000, 1000, 1000, 1000, 1000, 1000, 1000, 1000, 1000, 1000, 1000, 1000, 1000, 1000, 1000, 1], "layer_tarantula_score": [0.4974911723503623, 0.4987896871506097, 0.4979792383838061, 0.4990716289279829, 0.38813573509114574, 0.4227931053163061, 0.4293585869366598, 0.12361536025213794, 0.12303539540005562, 0.003, 0.0, 0.0, 0.0, 0.0, 0.0, 0.0, 0.0, 0.0, 0.0, 0.0, 0.0, 0.0, 0.49999985119105195], "layer_ochiai_score": [0.4565301462065967, 0.3940432150436933, 0.6076814251787823, 0.6110281959386931, 0.3862604872766532, 0.5007800195446868, 0.49205128980701474, 0.12247194453497091, 0.12540079799182463, 0.0006123711599238736, 0.0, 0.0, 0.0, 0.0, 0.0, 0.0, 0.0, 0.0, 0.0, 0.0, 0.0, 0.0, 0.6793648051448877], "layer_D_star_score": [5.246535538912482, 3.2317301915923298, 14.299943627084712, 14.466049265005012, 7.930542780995469, 12.885067398710882, 12.348536496424211, 2.3263396423738993, 2.286545362471912, 0.00013043421550341087, 0.0, 0.0, 0.0, 0.0, 0.0, 0.0, 0.0, 0.0, 0.0, 0.0, 0.0, 0.0, 20.571355102303205], "layer_Op2_score": [10.498449798448972, 7.87103560677377, 18.561244078468697, 18.71386478322488, 10.781311926510599, 15.603553977400079, 15.110484929362313, 3.3205866876321117, 3.3906556770493896, 0.0028965520808548937, 0.0, 0.0, 0.0, 0.0, 0.0, 0.0, 0.0, 0.0, 0.0, 0.0, 0.0, 0.0, 23.03448608797901], "layer_Barinel_score": [0.460143425181092, 0.4621681778909374, 0.4597472566080802, 0.46081303537281015, 0.36027283840668123, 0.39101431859624364, 0.39800562929954775, 0.11470081501165251, 0.11371417805657316, 0.003, 0.0, 0.0, 0.0, 0.0, 0.0, 0.0, 0.0, 0.0, 0.0, 0.0, 0.0, 0.0, 0.46153846153846156], "time": 9.339415550231934}