{"neuron_counts": [49152, 262144, 65536, 65536, 131072, 32768, 32768, 32768, 32768, 65536, 65536, 16384, 32768, 32768, 8192, 16384, 16384, 4096, 8192, 2048, 2048, 2048, 1], "neuron_counts_selected": [2000, 2000, 2000, 2000, 2000, 2000, 2000, 2000, 2000, 2000, 2000, 2000, 2000, 2000, 2000, 2000, 2000, 2000, 2000, 2000, 2000, 2000, 1], "layer_tarantula_score": [0.4982818743414082, 0.5015351973577981, 0.5000009167247207, 0.49918041361577153, 0.413486735081905, 0.42812903708454353, 0.43844379562880526, 0.12145299695202391, 0.13410619709036045, 0.001573578450465314, 0.0, 0.0, 0.0, 0.0, 0.0, 0.0, 0.0, 0.0, 0.0, 0.0, 0.0, 0.0, 0.49999985119105195], "layer_ochiai_score": [0.45898741909852797, 0.39559861923245376, 0.6128762385934675, 0.611752797123567, 0.40328347662606395, 0.5017838077833582, 0.5035872935013554, 0.12285056336381321, 0.13389418036334855, 0.00043059538176994913, 0.0, 0.0, 0.0, 0.0, 0.0, 0.0, 0.0, 0.0, 0.0, 0.0, 0.0, 0.0, 0.6793648051448877], "layer_D_star_score": [5.306706836074396, 3.1458347966245483, 14.61291614479635, 14.527489703888609, 8.288308730721, 12.860755127876391, 12.722037161927089, 2.2906221018328377, 2.5009476474100065, 0.000412135893038372, 0.0, 0.0, 0.0, 0.0, 0.0, 0.0, 0.0, 0.0, 0.0, 0.0, 0.0, 0.0, 20.571355102303205], "layer_Op2_score": [10.594277395595189, 7.880587335905738, 18.79153719642346, 18.754157889110722, 11.172053334298846, 15.59276087323837, 15.507191885545224, 3.3150522032682646, 3.621828114385812, 0.0033620694411398582, 0.0, 0.0, 0.0, 0.0, 0.0, 0.0, 0.0, 0.0, 0.0, 0.0, 0.0, 0.0, 23.03448608797901], "layer_Barinel_score": [0.4608161861197187, 0.46471480371109275, 0.4617265664742617, 0.46090640959471024, 0.3843087560261108, 0.3964061722355572, 0.40647951002139504, 0.11256601463162233, 0.12440798379107891, 0.0015357142857142857, 0.0, 0.0, 0.0, 0.0, 0.0, 0.0, 0.0, 0.0, 0.0, 0.0, 0.0, 0.0, 0.46153846153846156], "time": 18.462730169296265}