{"neuron_counts": [63845, 63845, 32490, 32490, 32490, 32490, 1], "neuron_counts_selected": [500, 500, 500, 500, 500, 500, 1], "layer_tarantula_score": [0.21622761984445876, 0.19449818806664562, 0.020709875950708757, 0.022774040776998714, 0.024584925287427076, 0.023075411013956573, NaN], "layer_ochiai_score": [0.11824166272376271, 0.10736721002601195, 0.009008829535423998, 0.010367660178858857, 0.011314599395167898, 0.010710420675128816, NaN], "layer_D_star_score": [0.144314626284512, 0.1281526590153161, 0.006916974836710218, 0.00835601693395154, 0.00962152498501187, 0.009382969846396165, NaN], "layer_Op2_score": [0.5167458339047004, 0.4630757541312108, 0.002541860782707326, -0.005075604981247391, 0.010907146529227543, 0.0006309440927321524, NaN], "layer_Barinel_score": [0.18344950576400196, 0.16334096624105615, 0.019461852962342378, 0.02098191398504989, 0.022647854877679688, 0.021120829487320896, NaN], "time": 0.6161038875579834}