{"neuron_counts": [63845, 63845, 32490, 32490, 32490, 32490, 1], "neuron_counts_selected": [500, 500, 500, 500, 500, 500, 1], "layer_tarantula_score": [0.20018146193466715, 0.21347510237479764, 0.02082491934391732, 0.02832420357600835, 0.02760005231158683, 0.028447083964886353, 0], "layer_ochiai_score": [0.10644039987384836, 0.11510414675317882, 0.009795645645724386, 0.013132913624476284, 0.012225623159505402, 0.01283274158147511, 0], "layer_D_star_score": [0.07790714565868895, 0.08646142282597397, 0.005981469166333564, 0.007450421590245709, 0.006708289047044198, 0.007007544065344075, 0], "layer_Op2_score": [0.2513842818771809, 0.2937638212817878, -0.00977440557594438, -0.0023075770442295123, -0.005045992060079627, -0.0019051941880578478, 0], "layer_Barinel_score": [0.16838588571428537, 0.17900535238095244, 0.01906799999999972, 0.025750999999999743, 0.025831000000000638, 0.026202999999999706, 0], "time": 0.890143871307373}