{"neuron_counts": [63845, 63845, 32490, 32490, 32490, 32490, 1], "neuron_counts_selected": [2000, 2000, 2000, 2000, 2000, 2000, 1], "layer_tarantula_score": [0.3967615121673291, 0.39280001466550984, 0.336746442121932, 0.3415196620360522, 0.35396574111354706, 0.3406089501442499, 0.4999991172599038], "layer_ochiai_score": [0.3254194510684638, 0.32503906279401906, 0.2547770185619437, 0.25779450656828545, 0.26906052669143404, 0.25846382026173925, 0.6362681779458949], "layer_D_star_score": [1.0643172077617724, 1.096452198886893, 0.914494921600118, 0.7060182921632475, 0.7533498192110946, 0.6962280586575353, 6.160229006475165], "layer_Op2_score": [2.573095551206683, 2.5827052817929754, 1.7800675210576207, 1.8114421646997778, 1.8955115379788083, 1.8167802680232636, 8.126100118293905], "layer_Barinel_score": [0.3161653488025938, 0.31310046783594037, 0.2714894676340539, 0.2739878599359973, 0.28524464691733475, 0.2729921204885548, 0.404841664528492], "time": 2.5151734352111816}