{"neuron_counts": [63845, 63845, 32490, 32490, 32490, 32490, 1], "neuron_counts_selected": [500, 500, 500, 500, 500, 500, 1], "layer_tarantula_score": [0.4737322878592189, 0.4668976433596996, 0.31087987363441283, 0.3606890608604666, 0.33593194626672646, 0.3537121532647239, 0.5368768414050867], "layer_ochiai_score": [0.3243185503842525, 0.31600513166607513, 0.17305788077030668, 0.20756822309655695, 0.19561211951253843, 0.19984636323501007, 0.5679814037282288], "layer_D_star_score": [1.1009492134615162, 1.0407600984798313, 0.3761375676950405, 0.5050468384334241, 0.5466754476773704, 0.49757491063583736, 4.05344801176544], "layer_Op2_score": [2.2195944714787936, 2.1302129189398746, 0.9399659960009356, 1.1752497084632427, 1.1163184985746626, 1.1069363496219864, 6.039503859212791], "layer_Barinel_score": [0.4056550713548335, 0.39937291984113377, 0.2763281456895464, 0.32404970406457767, 0.3010041884585099, 0.3197994740302058, 0.4408896585371431], "time": 0.6264994144439697}