{"neuron_counts": [63845, 63845, 32490, 32490, 32490, 32490, 1], "neuron_counts_selected": [500, 500, 500, 500, 500, 500, 1], "layer_tarantula_score": [0.3615037458424554, 0.3615165036903428, 0.19944697548098722, 0.2608218989622189, 0.2471885464243324, 0.2438050528603884, 0.5195096735893343], "layer_ochiai_score": [0.2633086305452681, 0.26376236620836874, 0.13261425057964324, 0.16954459158298998, 0.16022968853079103, 0.1613640829375067, 0.6509850601726755], "layer_D_star_score": [0.640943420151465, 0.6505110597870567, 0.2432992856042347, 0.2990501865083218, 0.2800283201068221, 0.3053569673817643, 6.660504348360414], "layer_Op2_score": [1.8088229831864822, 1.8138757741805183, 0.711100688544961, 0.9499153570809633, 0.9012870312563255, 0.9127417813510932, 8.195963368320536], "layer_Barinel_score": [0.2885704843483487, 0.2884938331432542, 0.16319747411489097, 0.21361984282571747, 0.20202055582253056, 0.19952732567512368, 0.42378622801580657], "time": 0.6936483383178711}