{"neuron_counts": [63845, 63845, 32490, 32490, 32490, 32490, 1], "neuron_counts_selected": [100, 100, 100, 100, 100, 100, 1], "layer_tarantula_score": [0.43897101095023344, 0.41081544313210316, 0.30192419382692315, 0.32719070477318907, 0.3428173103451559, 0.3571826972278754, 0.4999991172599038], "layer_ochiai_score": [0.37411562320339864, 0.33752906135467853, 0.23833790649622666, 0.2424751811052884, 0.25574934362302126, 0.2586238982457472, 0.6362681779458949], "layer_D_star_score": [1.3540679022854019, 1.0762062152603993, 0.7351791299806129, 0.6212740549099152, 0.7025165877652545, 0.7132936752127514, 6.160229006475165], "layer_Op2_score": [3.093900223524292, 2.6905861761153065, 1.6715447555622058, 1.6322991216048623, 1.7936242673368878, 1.7376745270732636, 8.126100118293905], "layer_Barinel_score": [0.3527789859930931, 0.3271218070091298, 0.2463215661639915, 0.26285385567626984, 0.2763771772643172, 0.291274085824952, 0.404841664528492], "time": 0.1889204978942871}