{"neuron_counts": [63845, 63845, 32490, 32490, 32490, 32490, 1], "neuron_counts_selected": [500, 500, 500, 500, 500, 500, 1], "layer_tarantula_score": [0.44460676935240634, 0.4448673720482649, 0.22339647710056806, 0.25616167099041715, 0.25385559024869586, 0.26589391250837946, 0.0], "layer_ochiai_score": [0.2754888954232958, 0.27151721386752603, 0.1103161133969995, 0.12959616398338508, 0.1295319838330487, 0.13712391149417177, 0.0], "layer_D_star_score": [0.8226655651967448, 0.7170031823490617, 0.19087278345751363, 0.23355019708051647, 0.24283377236397177, 0.2657450291382279, 0.0], "layer_Op2_score": [1.6855481789023166, 1.6352054108009637, 0.5126145914188757, 0.6215084583044177, 0.6208847075321987, 0.6688326084710005, -0.26535749946676146], "layer_Barinel_score": [0.388549221630556, 0.3895916132242384, 0.20870108831517317, 0.23565966486750636, 0.23833638279097863, 0.2464780877893934, 0.0], "time": 0.6186294555664062}