{"neuron_counts": [63845, 63845, 32490, 32490, 32490, 32490, 1], "neuron_counts_selected": [500, 500, 500, 500, 500, 500, 1], "layer_tarantula_score": [0.3633544667503061, 0.37591483871998244, 0.22168156174161951, 0.25759058409266516, 0.23277491259364735, 0.2646623108171167, 0.5294103806418343], "layer_ochiai_score": [0.27139450171299845, 0.2742513824826723, 0.1437285374086222, 0.16781621297276528, 0.15379453387756503, 0.17008467188168178, 0.6546482153289134], "layer_D_star_score": [0.482689082075476, 0.4514794134652642, 0.16437872438417425, 0.2073996873600381, 0.1978513916415706, 0.20971930607502093, 4.499943750703117], "layer_Op2_score": [1.1743106339736598, 1.1749265722142785, 0.4824225876141247, 0.5653548677713216, 0.5232360126798726, 0.5729619965400344, 5.20000799992], "layer_Barinel_score": [0.28805199581529584, 0.2970530238095239, 0.17853550389610384, 0.20941417142857152, 0.1877091494949494, 0.215394765079365, 0.4285714285714286], "time": 1.0329957008361816}