{"neuron_counts": [63845, 63845, 32490, 32490, 32490, 32490, 1], "neuron_counts_selected": [200, 200, 200, 200, 200, 200, 1], "layer_tarantula_score": [0.3927454648411364, 0.393759814632749, 0.3065779630090991, 0.3751832587885965, 0.34861358809545034, 0.36319887494373587, 0.4999991172599038], "layer_ochiai_score": [0.32904415519568747, 0.3313799387147156, 0.23156371909008872, 0.2800603046646269, 0.25912571932512746, 0.28061987166030267, 0.6362681779458949], "layer_D_star_score": [1.1612109764204586, 1.13638499831017, 0.6629464516778689, 0.7663292837315937, 0.7354309404695156, 0.8171067558555755, 6.160229006475165], "layer_Op2_score": [2.6368217895096158, 2.672164976074045, 1.5792053683031646, 1.9470958195330945, 1.805980096757093, 2.0289115394402377, 8.126100118293905], "layer_Barinel_score": [0.3138129445402012, 0.313411034562305, 0.2485082520358486, 0.30280007388982516, 0.28176603814505774, 0.29242224479271994, 0.404841664528492], "time": 0.30292320251464844}