{"neuron_counts": [63845, 63845, 32490, 32490, 32490, 32490, 1], "neuron_counts_selected": [200, 200, 200, 200, 200, 200, 1], "layer_tarantula_score": [0.3967061216957736, 0.40409062909223137, 0.3585048214203568, 0.31761990865286643, 0.30928986336549436, 0.34076273810493746, 0.49999861113040095], "layer_ochiai_score": [0.32033073669096596, 0.32717357189880064, 0.2572002243294868, 0.23966793929947178, 0.22779241948505238, 0.2627898083909423, 0.6324502616367887], "layer_D_star_score": [0.6568390250277296, 0.7155720920516584, 0.43800820283450215, 0.42004656079603564, 0.38782003772309925, 0.4910526432411081, 3.999955556049377], "layer_Op2_score": [1.545224074259257, 1.6083016554834457, 1.0710477212727865, 1.0227407865921334, 0.9292878073719261, 1.1699959547904517, 5.100008999910001], "layer_Barinel_score": [0.3117207025613275, 0.3176289357864357, 0.2862789141414141, 0.2503111363636364, 0.24601606421356412, 0.26892487012987015, 0.4], "time": 0.4219348430633545}