{"neuron_counts": [21632, 36864, 9216, 9216, 9216, 128, 128, 10], "neuron_counts_selected": [500, 500, 500, 500, 500, 128, 128, 10], "layer_tarantula_score": [0.009376074775572051, 0.0, 0.0, 0.0, 0.0, 0.0, 0.0, 0.0], "layer_ochiai_score": [0.0010550541890079494, 0.0, 0.0, 0.0, 0.0, 0.0, 0.0, 0.0], "layer_D_star_score": [0.021375368429497114, 0.0, 0.0, 0.0, 0.0, 0.0, 0.0, 0.0], "layer_Op2_score": [0.9624897104518981, 0.0, 0.0, 0.0, 0.0, 0.0, 0.0, 0.0], "layer_Barinel_score": [0.005327184857171689, 0.0, 0.0, 0.0, 0.0, 0.0, 0.0, 0.0], "time": 225.10460543632507}