{"neuron_counts": [21632, 36864, 9216, 9216, 9216, 128, 128, 10], "neuron_counts_selected": [500, 500, 500, 500, 500, 128, 128, 10], "layer_tarantula_score": [0.0020481965742209286, 0.00022432781241719065, 0.00044615393122540237, 0.0003527403470691959, 0.00019734410407827956, 0.003770832109934165, 0.003770832109934165, 0], "layer_ochiai_score": [0.00030586179260839774, 2.008118743041278e-05, 3.8080953323290516e-05, 5.527208539218068e-05, 3.2858033600465674e-05, 0.00014686539512054607, 0.00014686539512054607, 0], "layer_D_star_score": [0.018089633553675634, 0.0011542894025610756, 0.0013702802378242598, 0.005979176873413118, 0.005239609642851634, 8.106951470377411e-05, 8.106951470377411e-05, 0], "layer_Op2_score": [0.32088198103089066, 0.01356037539529099, 0.02365290198353849, 0.06456368151809569, 0.04754333314208237, 0.025187151088497887, 0.025187151088497887, 0], "layer_Barinel_score": [0.0012034540376989213, 0.00013877973190918615, 0.0002578294492655478, 0.00020264107464430326, 0.00011099789198143687, 0.002588852422027435, 0.002588852422027435, 0], "time": 221.4652292728424}