{"neuron_counts": [21632, 36864, 9216, 9216, 9216, 128, 128, 10], "neuron_counts_selected": [200, 200, 200, 200, 200, 128, 128, 10], "layer_tarantula_score": [0.23988171918724474, 0.16307578979617002, 0.1255826112684224, 0.1464055200820853, 0.19276266631069816, 0.35871376785455056, 0.35871376785455056, 0.5047940960194938], "layer_ochiai_score": [0.047239943658239816, 0.032577609819628046, 0.02762852954332708, 0.03494137883491052, 0.03988187654672542, 0.19999594651550637, 0.19999594651550637, 0.3449512276053218], "layer_D_star_score": [11.815773396367804, 10.892630237768358, 8.192260988265401, 16.231733023247457, 17.089888925143114, 191.8955748721038, 191.8955748721038, 327.3117257915768], "layer_Op2_score": [74.14434952606439, 57.99181436863671, 48.179932204167045, 75.19364689961259, 77.99561829587054, 668.6398099321104, 668.6398099321104, 1090.197910323399], "layer_Barinel_score": [0.14719293833079358, 0.09756397343442093, 0.07531444510692664, 0.08622860817512074, 0.11577197209285449, 0.21353086658450066, 0.21353086658450066, 0.31053581960846083], "time": 97.11966323852539}