{"neuron_counts": [21632, 36864, 9216, 9216, 9216, 128, 128, 10], "neuron_counts_selected": [1000, 1000, 1000, 1000, 1000, 128, 128, 10], "layer_tarantula_score": [0.21880062139548365, 0.12414188452604859, 0.15655593557740596, 0.1660012516396479, 0.15366375636451418, 0.35871376785455056, 0.35871376785455056, 0.5047940960194938], "layer_ochiai_score": [0.04095568285889994, 0.02249420957415799, 0.03351008595290875, 0.04035091796845112, 0.035148464175684416, 0.19999594651550637, 0.19999594651550637, 0.3449512276053218], "layer_D_star_score": [10.891579576773795, 5.785666798214815, 11.52177046919896, 18.2057817059969, 12.9138830933551, 191.8955748721038, 191.8955748721038, 327.3117257915768], "layer_Op2_score": [66.07778050232227, 36.13673979694963, 62.23909483200152, 85.03549326139259, 67.4058936053802, 668.6398099321104, 668.6398099321104, 1090.197910323399], "layer_Barinel_score": [0.13237357878118575, 0.0748937212908, 0.09390097020431326, 0.09906671300734798, 0.09187140799265983, 0.21353086658450066, 0.21353086658450066, 0.31053581960846083], "time": 406.796644449234}