{"neuron_counts": [21632, 36864, 9216, 9216, 9216, 128, 128, 10], "neuron_counts_selected": [500, 500, 500, 500, 500, 128, 128, 10], "layer_tarantula_score": [0.027752270733512635, 0.0032741741412140694, 0.0049822714836910975, 0.006274257602059877, 0.004453306245631553, 0.09204368642686404, 0.09204368642686404, 0], "layer_ochiai_score": [0.0042957076126758295, 0.0005704285751327712, 0.0009141894986734914, 0.0010610540441932062, 0.0009175493791533389, 0.012243904741610103, 0.012243904741610103, 0], "layer_D_star_score": [0.6080840117394836, 0.153738306726759, 0.23056730173583379, 0.36144487198498215, 0.3194347316425459, 0.8583612684746043, 0.8583612684746043, 0], "layer_Op2_score": [6.4759254782641404, 1.083638626279168, 1.8239543344693014, 2.1955839687945256, 2.042452917092322, 15.395125375232054, 15.395125375232054, -8.640660255760273e-05], "layer_Barinel_score": [0.015097240671703547, 0.0018165256304306235, 0.002754904787943557, 0.003492538844789395, 0.0024770939602846336, 0.04738909354147031, 0.04738909354147031, 0], "time": 223.38480854034424}