{"neuron_counts": [21632, 36864, 9216, 9216, 9216, 128, 128, 10], "neuron_counts_selected": [500, 500, 500, 500, 500, 128, 128, 10], "layer_tarantula_score": [0.027944702103144734, 0.0033072461611544186, 0.005015250602929751, 0.00631945601775544, 0.004515567448003274, 0.09308420853633917, 0.09308420853633917, 0], "layer_ochiai_score": [0.004418660300591879, 0.0005868535824851874, 0.0009418440192318634, 0.0010901785375912187, 0.0009490551019329332, 0.012515965348139868, 0.012515965348139868, 0], "layer_D_star_score": [0.5456460338713119, 0.14010677431802457, 0.2101381802975536, 0.3330530736124455, 0.2934857104529212, 0.7383392193684831, 0.7383392193684831, 0], "layer_Op2_score": [5.607144212735501, 0.9414313607404804, 1.578279306131178, 1.9084999402223295, 1.77678302846527, 13.011938890714207, 13.011938890714207, -5.4613393868735357e-05], "layer_Barinel_score": [0.016437259052776716, 0.0019819315842436076, 0.0029958868735363137, 0.003791790933549077, 0.0027120329874256157, 0.05211463022714638, 0.05211463022714638, 0], "time": 216.92581462860107}