{"neuron_counts": [21632, 36864, 9216, 9216, 9216, 128, 128, 10], "neuron_counts_selected": [100, 100, 100, 100, 100, 100, 100, 10], "layer_tarantula_score": [0.42181628368198665, 0.328824399028177, 0.35061193702330884, 0.35806354009775954, 0.2895795049162506, 0.46981030520222367, 0.4565137217579041, 0.5558519508474487], "layer_ochiai_score": [0.12299584958421071, 0.09899163685416668, 0.13259339313453836, 0.09883145408093746, 0.10770081692727454, 0.30177487373383655, 0.3070755887780615, 0.3843800457772112], "layer_D_star_score": [89.30531558573828, 70.42664872835284, 135.63009736880645, 73.17195433979748, 99.59535579446946, 417.62177367978404, 476.3408074730973, 536.503436898574], "layer_Op2_score": [366.5919671346184, 308.3002259511277, 485.54258707187074, 308.92108144828455, 368.64243896411114, 1331.7109497276467, 1418.1748785991306, 1610.4953733037182], "layer_Barinel_score": [0.2840108019099989, 0.21163051349234258, 0.21195269200255507, 0.23219325805068422, 0.180699615248451, 0.2705536483356516, 0.26154040107829346, 0.3380445903374442], "time": 60.01659655570984}