{"neuron_counts": [2, 2, 1], "neuron_counts_selected": [2, 2, 1], "layer_tarantula_score": [0.625, NaN, NaN], "layer_ochiai_score": [0.5517629013965236, NaN, NaN], "layer_D_star_score": [0.6249562534372032, NaN, NaN], "layer_Op2_score": [0.7500083330555648, NaN, NaN], "layer_Barinel_score": [0.625, NaN, NaN], "time": 0.05836772918701172}