{"neuron_counts": [8640000, 2131296, 2841728, 700928, 700928, 175232, 175232, 300, 300, 1], "neuron_counts_selected": [100, 100, 100, 100, 100, 100, 100, 100, 100, 1], "layer_tarantula_score": [0.8835999999999999, 0.9025, 0.16000000000000003, 0.1444, 0.1681, 0.20249999999999999, 0.1369, 0.1681, 0.07840000000000004, 1.0], "layer_ochiai_score": [0.42629571625485746, 0.645694441881355, 0.15392980971653508, 0.1243365518008114, 0.15803525694620416, 0.18088887991285868, 0.1267840858956629, 0.16460906764689806, 0.07839996864001889, 0.99999960000024], "layer_D_star_score": [62795.59828625694, 36001009.726591334, 22562500.464198526, 17015632.497402653, 21390684.808048632, 26265625.12324292, 18062534.25784789, 23765627.721897017, 12249999.999593377, 156249999.99481302], "layer_Op2_score": [34.946400000000004, 68.3306, 18.781799999999997, 15.091400000000002, 19.3918, 21.634999999999994, 15.470499999999998, 20.2492, 9.8, 125.0], "layer_Barinel_score": [0.8835999999999999, 0.9025, 0.16000000000000003, 0.1444, 0.1681, 0.20249999999999999, 0.1369, 0.1681, 0.07840000000000004, 1.0], "time": 22.80048656463623}