{"neuron_counts": [8640000, 2131296, 2841728, 700928, 700928, 175232, 175232, 300, 300, 1], "neuron_counts_selected": [500, 500, 500, 500, 500, 500, 500, 300, 300, 1], "layer_tarantula_score": [0.866, 0.972, 0.404, 0.416, 0.432, 0.43, 0.406, 0.42333333333333334, 0.42333333333333334, 1.0], "layer_ochiai_score": [0.5785978911382126, 0.797083945229211, 0.3792141760790439, 0.38883094581163075, 0.4151981998507313, 0.40717470844636844, 0.38136904662808746, 0.417521328820792, 0.417521328820792, 0.9999996153848373], "layer_D_star_score": [10817567.898464167, 88894782.51881365, 60840105.51477451, 64220001.17912668, 67262037.96277218, 66248022.74218434, 61516013.58202121, 68726672.16081813, 68726672.16081813, 168999999.99438977], "layer_Op2_score": [61.88, 95.272, 48.654, 49.994, 53.366, 52.02, 48.572, 53.96666666666667, 53.96666666666667, 130.0], "layer_Barinel_score": [0.866, 0.972, 0.404, 0.416, 0.432, 0.43, 0.406, 0.42333333333333334, 0.42333333333333334, 1.0], "time": 10.172509670257568}