{"neuron_counts": [8640000, 2131296, 2841728, 700928, 700928, 175232, 175232, 300, 300, 1], "neuron_counts_selected": [1000, 1000, 1000, 1000, 1000, 1000, 1000, 300, 300, 1], "layer_tarantula_score": [0.7921, 0.9235209999999999, 0.186624, 0.20520899999999997, 0.167281, 0.17977600000000002, 0.17977600000000002, 0.17921111111111113, 0.17921111111111113, 1.0], "layer_ochiai_score": [0.3870339449479552, 0.6198926880859957, 0.17135571397318025, 0.18444066390765557, 0.14882757779531589, 0.16858590686443156, 0.1655250878164306, 0.1744448346514588, 0.1744448346514588, 0.9999996153848373], "layer_D_star_score": [1081970.145949283, 44823964.84160697, 26101970.597295415, 29387243.89739779, 23136154.64199857, 26904987.799478356, 25969238.755831707, 27948849.463753488, 27948849.463753488, 168999999.99438977], "layer_Op2_score": [34.013845, 67.90553, 21.718889000000004, 23.4985, 18.849719, 21.428504000000004, 21.008767000000002, 22.42521111111111, 22.42521111111111, 130.0], "layer_Barinel_score": [0.7921, 0.9235209999999999, 0.186624, 0.20520899999999997, 0.167281, 0.17977600000000002, 0.17977600000000002, 0.17921111111111113, 0.17921111111111113, 1.0], "time": 191.7243525981903}