{"neuron_counts": [8640000, 2131296, 2841728, 700928, 700928, 175232, 175232, 300, 300, 1], "neuron_counts_selected": [500, 500, 500, 500, 500, 500, 500, 300, 300, 1], "layer_tarantula_score": [0.868, 0.928, 0.47, 0.414, 0.434, 0.4, 0.412, 0.42333333333333334, 0.42333333333333334, 1.0], "layer_ochiai_score": [0.5757289159428624, 0.7489708457941412, 0.45250371353900504, 0.40075960181988923, 0.41945825118165764, 0.3916106792127777, 0.3952335020584055, 0.41710431359103556, 0.41710431359103556, 0.9999996153848373], "layer_D_star_score": [14873236.143063683, 79092978.78546195, 73008073.12022924, 65572002.956323974, 68952107.83273292, 64220013.200358644, 64558012.032445036, 68726670.73864387, 68726670.73864387, 168999999.99438977], "layer_Op2_score": [61.362, 88.98, 58.068, 51.668, 54.212, 50.53, 50.774, 53.89, 53.89, 130.0], "layer_Barinel_score": [0.868, 0.928, 0.47, 0.414, 0.434, 0.4, 0.412, 0.42333333333333334, 0.42333333333333334, 1.0], "time": 10.808614015579224}