{"neuron_counts": [8640000, 2131296, 2841728, 700928, 700928, 175232, 175232, 300, 300, 1], "neuron_counts_selected": [1000, 1000, 1000, 1000, 1000, 1000, 1000, 300, 300, 1], "layer_tarantula_score": [0.884, 0.95, 0.432, 0.457, 0.421, 0.418, 0.416, 0.42333333333333334, 0.42333333333333334, 1.0], "layer_ochiai_score": [0.6131720467380722, 0.7696370175010943, 0.41075100284899124, 0.42936626437983805, 0.40538459822373146, 0.39902764781431166, 0.4027676054888634, 0.41764186974442397, 0.41764186974442397, 0.9999996153848373], "layer_D_star_score": [13183542.403583258, 86866760.55801202, 64727147.791878246, 70135004.36339305, 65741045.128148794, 65065014.61307458, 65403042.32736189, 68726672.79707661, 68726672.79707661, 168999999.99438977], "layer_Op2_score": [66.222, 91.854, 52.481, 55.175, 52.16, 51.18, 51.84, 53.99, 53.99, 130.0], "layer_Barinel_score": [0.884, 0.95, 0.432, 0.457, 0.421, 0.418, 0.416, 0.42333333333333334, 0.42333333333333334, 1.0], "time": 15.394903421401978}