{"neuron_counts": [8640000, 2131296, 2841728, 700928, 700928, 175232, 175232, 300, 300, 1], "neuron_counts_selected": [500, 500, 500, 500, 500, 500, 500, 300, 300, 1], "layer_tarantula_score": [0.7921, 0.8911359999999999, 0.1681, 0.19713599999999998, 0.206116, 0.17305600000000002, 0.183184, 0.17921111111111113, 0.17921111111111113, 1.0], "layer_ochiai_score": [0.3698033893143083, 0.5836636967042672, 0.1563134093153189, 0.17641866810233212, 0.19381620462292912, 0.15948842694987272, 0.17051621632964453, 0.17423548319738474, 0.17423548319738474, 0.9999996153848373], "layer_D_star_score": [1081960.661099027, 36385970.480749086, 23386997.86009173, 27583507.085006367, 31539470.783030733, 24661173.28666808, 27040039.41811692, 27948848.8697404, 27948848.8697404, 168999999.99438977], "layer_Op2_score": [32.1378, 63.22020800000001, 19.753768, 22.374176000000002, 24.853704000000004, 20.249875999999997, 21.770136, 22.3865, 22.3865, 130.0], "layer_Barinel_score": [0.7921, 0.8911359999999999, 0.1681, 0.19713599999999998, 0.206116, 0.17305600000000002, 0.183184, 0.17921111111111113, 0.17921111111111113, 1.0], "time": 352.51499462127686}