{"neuron_counts": [8640000, 2131296, 2841728, 700928, 700928, 175232, 175232, 300, 300, 1], "neuron_counts_selected": [500, 500, 500, 500, 500, 500, 500, 300, 300, 1], "layer_tarantula_score": [0.87, 0.972, 0.406, 0.418, 0.436, 0.43, 0.406, 0.42333333333333334, 0.42333333333333334, 1.0], "layer_ochiai_score": [0.5820510444689513, 0.7999999067911457, 0.37953950528503466, 0.38924830020157614, 0.416116905049593, 0.407822477980927, 0.38208778753802836, 0.41764186974442397, 0.41764186974442397, 0.9999996153848373], "layer_D_star_score": [11831526.23347074, 89570730.56340097, 60840105.65549833, 64220001.405519634, 67262039.18248434, 66248022.773002334, 61516016.42002727, 68726672.79707661, 68726672.79707661, 168999999.99438977], "layer_Op2_score": [62.324, 95.702, 48.678, 50.02, 53.446, 52.086, 48.644, 53.99, 53.99, 130.0], "layer_Barinel_score": [0.87, 0.972, 0.406, 0.418, 0.436, 0.43, 0.406, 0.42333333333333334, 0.42333333333333334, 1.0], "time": 10.539631605148315}