{"neuron_counts": [1440, 1840, 5280, 5280, 1024, 256, 32, 1], "neuron_counts_selected": [200, 200, 200, 200, 200, 200, 32, 1], "layer_tarantula_score": [1.0, 1.0, 0.8835999999999999, 0.9216, 0.28622499999999995, 0.39690000000000003, 0.47265625, 1.0], "layer_ochiai_score": [0.5573150643566097, 0.376395094273337, 0.41316726211970284, 0.39328215971082825, 0.1396962202955084, 0.18274574390969966, 0.2056800522818403, 0.2222474699454493], "layer_D_star_score": [474.4841340199561, 266.03370327949153, 330.4541781921365, 281.0198518072646, 4141000991.9018936, 1317946494.4644861, 1701686378.9811149, 8.469556631509192], "layer_Op2_score": [1027.72905, 570.109825, 704.9527000000002, 644.523725, 344.94185000000016, 389.23299999999983, 403.0166015625, 163.0], "layer_Barinel_score": [1.0, 1.0, 0.8835999999999999, 0.9216, 0.28622499999999995, 0.39690000000000003, 0.47265625, 1.0], "time": 37.52230644226074}