{"neuron_counts": [1440, 1840, 5280, 5280, 1024, 256, 32, 1], "neuron_counts_selected": [500, 500, 500, 500, 500, 256, 32, 1], "layer_tarantula_score": [1.0, 0.806404, 0.6561000000000001, 0.725904, 0.200704, 0.371337890625, 0.47265625, 1.0], "layer_ochiai_score": [0.28800180153078814, 0.10857666085599493, 0.05775546753716323, 0.06563045108165036, 0.09478485864662894, 0.1717414688097621, 0.1859746636889498, 0.2215646804057583], "layer_D_star_score": [31.465390894469376, 8.485522751976601, 0.7384656564736284, 0.8113247378044286, 2929030817.8885903, 804401911.3004087, 1701636819.7432437, 8.363288452412732], "layer_Op2_score": [284.996592, 74.67728, 24.157867999999997, 27.111924000000002, 239.80829599999998, 376.4792633056641, 362.76660156250006, 162.0], "layer_Barinel_score": [1.0, 0.806404, 0.6561000000000001, 0.725904, 0.200704, 0.371337890625, 0.47265625, 1.0], "time": 85.08592247962952}