{"neuron_counts": [1440, 1840, 5280, 5280, 1024, 256, 32, 1], "neuron_counts_selected": [500, 500, 500, 500, 500, 256, 32, 1], "layer_tarantula_score": [0.7744, 0.08880400000000001, 0.0017640000000000017, 0.0038440000000000032, 0.16000000000000003, 0.3479156494140625, 0.4306640625, 1.0], "layer_ochiai_score": [0.030735949840450694, 0.004539661673850399, 4.24469847223404e-05, 0.00010816777474565014, 0.0774316876400489, 0.15109180888921872, 0.17866971228824355, 0.21744809503655108], "layer_D_star_score": [0.04412172176081665, 0.018380080349072778, 5.978531248438985e-05, 0.0002523050605361029, 3021843537.673079, 1690823922.5942504, 3005776220.439828, 13.72327990760975], "layer_Op2_score": [9.189648820708207, 1.9533163696607683, 0.009292134469582733, 0.03200787035266174, 342.0995931011241, 579.2742716484865, 622.1682136991666, 276.50966386584486], "layer_Barinel_score": [0.7744, 0.08880400000000001, 0.0017640000000000017, 0.0038440000000000032, 0.16000000000000003, 0.3479156494140625, 0.4306640625, 1.0], "time": 96.48527550697327}