{"neuron_counts": [1440, 1840, 5280, 5280, 1024, 256, 32, 1], "neuron_counts_selected": [500, 500, 500, 500, 500, 256, 32, 1], "layer_tarantula_score": [1.0, 1.0, 0.9101159999999999, 0.9216, 0.30470400000000003, 0.38092041015625, 0.47265625, 1.0], "layer_ochiai_score": [0.558673680195368, 0.39212696044385786, 0.387031406952652, 0.40801015459482165, 0.11764203451472127, 0.1850518506647344, 0.20516630478791736, 0.22088873838596124], "layer_D_star_score": [853.1304559488931, 489.0389119470499, 467.3065502506362, 487.53976545632815, 12345456465.526976, 2525966300.203217, 5343635585.672685, 14.63584591943352], "layer_Op2_score": [1830.562136867816, 1067.5919482305364, 1096.5793048672347, 1168.893451975489, 491.335115755825, 725.7230229526846, 712.4827222380528, 285.3292198687696], "layer_Barinel_score": [1.0, 1.0, 0.9101159999999999, 0.9216, 0.30470400000000003, 0.38092041015625, 0.47265625, 1.0], "time": 97.85817885398865}