{"neuron_counts": [1440, 1840, 5280, 5280, 1024, 256, 32, 1], "neuron_counts_selected": [100, 100, 100, 100, 100, 100, 32, 1], "layer_tarantula_score": [1.0, 1.0, 0.94, 0.94, 0.5, 0.64, 0.6875, 1.0], "layer_ochiai_score": [0.5758906482950453, 0.5430361950971281, 0.5221618940076036, 0.4757162710292632, 0.2924436244890569, 0.42636496944387337, 0.4199626721015298, 0.22088873838596124], "layer_D_star_score": [992.4433533505256, 1854.2445076247852, 1121.3943666707366, 905.1515992668715, 44457708585.1772, 54718132441.44301, 42748022814.74362, 14.63584591943352], "layer_Op2_score": [1945.1856311749957, 1899.1341142965298, 1778.932634957326, 1536.0344133997394, 1397.0215703943131, 2064.8805623541193, 1936.4626919626305, 285.3292198687696], "layer_Barinel_score": [1.0, 1.0, 0.94, 0.94, 0.5, 0.64, 0.6875, 1.0], "time": 21.957780838012695}