{"neuron_counts": [1440, 1840, 5280, 5280, 1024, 256, 32, 1], "neuron_counts_selected": [500, 500, 500, 500, 500, 256, 32, 1], "layer_tarantula_score": [0.996004, 0.389376, 0.155236, 0.16160400000000003, 0.20249999999999999, 0.3571929931640625, 0.4306640625, 1.0], "layer_ochiai_score": [0.1103968850094529, 0.02825409216698827, 0.004844828893944396, 0.00469496748317768, 0.0926168725356408, 0.1602730041175107, 0.18089365412548597, 0.21894353785954723], "layer_D_star_score": [1.8983733484189165, 1.072926626409041, 0.01597413578314626, 0.003911845100310278, 4444495620.927886, 2087458959.6166608, 3005810172.2319727, 14.114373515250428], "layer_Op2_score": [82.90917925298696, 24.153501846702834, 1.334728491127159, 1.0273047386935998, 385.8616978257642, 617.288447738019, 631.4710147749796, 280.3259886471927], "layer_Barinel_score": [0.996004, 0.389376, 0.155236, 0.16160400000000003, 0.20249999999999999, 0.3571929931640625, 0.4306640625, 1.0], "time": 98.09645986557007}