{"neuron_counts": [1440, 1840, 5280, 5280, 1024, 256, 32, 1], "neuron_counts_selected": [500, 500, 500, 500, 500, 256, 32, 1], "layer_tarantula_score": [1.0, 1.0, 0.9101159999999999, 0.9216, 0.30470400000000003, 0.38092041015625, 0.47265625, 1.0], "layer_ochiai_score": [0.5587797264324631, 0.39237748127044253, 0.3873329313071007, 0.4083011901575414, 0.11770569278753096, 0.18527412340851607, 0.2056800522818403, 0.2222474699454493], "layer_D_star_score": [481.8949310590066, 276.695112038992, 264.44490525737035, 275.97217450152806, 3931319760.979623, 804458887.1503245, 1701686378.9811149, 8.469556631509192], "layer_Op2_score": [1033.3929640000001, 603.1189840000001, 619.641964, 660.523412, 277.485876, 409.99935913085943, 403.0166015625, 163.0], "layer_Barinel_score": [1.0, 1.0, 0.9101159999999999, 0.9216, 0.30470400000000003, 0.38092041015625, 0.47265625, 1.0], "time": 80.0847008228302}