{"neuron_counts": [1440, 1840, 5280, 5280, 1024, 256, 32, 1], "neuron_counts_selected": [100, 100, 100, 100, 100, 100, 32, 1], "layer_tarantula_score": [1.0, 1.0, 0.97, 1.0, 0.48, 0.58, 0.6875, 1.0], "layer_ochiai_score": [0.5710978763408372, 0.47523134848773124, 0.517125004112949, 0.5252469675517194, 0.24790409175740294, 0.3952161880251949, 0.4199626721015298, 0.22088873838596124], "layer_D_star_score": [954.3916582175972, 851.532453976396, 1044.6422114271152, 1150.7830227692568, 34198164588.805065, 27359699946.37667, 42748022814.74362, 14.63584591943352], "layer_Op2_score": [1913.4932197457142, 1487.2537999164053, 1711.7090927282638, 1768.290193452724, 1157.0252368490649, 1919.4660184319205, 1936.4626919626305, 285.3292198687696], "layer_Barinel_score": [1.0, 1.0, 0.97, 1.0, 0.48, 0.58, 0.6875, 1.0], "time": 22.822693586349487}