{"neuron_counts": [1440, 1840, 5280, 5280, 1024, 256, 32, 1], "neuron_counts_selected": [500, 500, 500, 500, 500, 256, 32, 1], "layer_tarantula_score": [0.422, 0.194, 0.022, 0.024, 0.49, 0.5859375, 0.65625, 1.0], "layer_ochiai_score": [0.013783533064921012, 0.007418167010889118, 0.0007318901625210807, 0.0008777501204284826, 0.29900726280405493, 0.36032830173421393, 0.3892092464737368, 0.21680960857612686], "layer_D_star_score": [0.012651035295606586, 0.010223141463061736, 0.0003352500539893869, 0.0005199084565224166, 12311616348.832186, 20038445349.535397, 21374144399.940598, 13.558861353511325], "layer_Op2_score": [3.522169642795119, 2.22186521213138, 0.16542008977528247, 0.21770970611146737, 1473.1085259949807, 1743.2302518407344, 1808.8668416168746, 274.88823342154296], "layer_Barinel_score": [0.422, 0.194, 0.022, 0.024, 0.49, 0.5859375, 0.65625, 1.0], "time": 95.63191843032837}