{"neuron_counts": [1440, 1840, 5280, 5280, 1024, 256, 32, 1], "neuron_counts_selected": [1000, 1000, 1000, 1000, 1000, 256, 32, 1], "layer_tarantula_score": [1.0, 1.0, 0.9292959999999999, 0.9063039999999999, 0.331776, 0.38092041015625, 0.47265625, 1.0], "layer_ochiai_score": [0.5583885855499582, 0.4025912367251753, 0.4212918142274565, 0.4111560640779396, 0.13709530886695573, 0.18527412340851607, 0.2056800522818403, 0.2222474699454493], "layer_D_star_score": [478.9592953636999, 316.80602028222796, 301.7892377754639, 299.1460455739445, 3808173028.2744327, 804458887.1503245, 1701686378.9811149, 8.469556631509192], "layer_Op2_score": [1031.671323, 636.081607, 693.05165, 682.152873, 317.045637, 409.99935913085943, 403.0166015625, 163.0], "layer_Barinel_score": [1.0, 1.0, 0.9292959999999999, 0.9063039999999999, 0.331776, 0.38092041015625, 0.47265625, 1.0], "time": 174.4120738506317}