{"neuron_counts": [1401856, 350464, 165888, 41472, 82944, 82944, 4], "neuron_counts_selected": [100, 100, 100, 100, 100, 100, 4], "layer_tarantula_score": [0.10602365297262509, 0.10513999185929161, 0.0052580818995543, 0.003151556878115089, 0.21900607623291654, 0.2083412025579446, 0.5076920393005582], "layer_ochiai_score": [0.0953156794983077, 0.13571258212653275, 0.004537303307451784, 0.00397192398262986, 0.19588400018229976, 0.17244377071549996, 0.6307142282379751], "layer_D_star_score": [5.738066906793946, 27.45731216542943, 0.15964378629199671, 0.7741670113237005, 11.688226316730413, 7.568556255924585, 120.13377544174755], "layer_Op2_score": [15.80721879915032, 31.7996948102262, 0.6769761373791054, 0.9229542713805386, 32.071940225684045, 25.876536394169566, 146.12103730387665], "layer_Barinel_score": [0.16595744994154876, 0.1623320335543001, 0.00846093547779234, 0.00478588074716266, 0.3426547894936307, 0.32496848227907865, 0.7588972699489002], "time": 2.510124444961548}