{"neuron_counts": [1401856, 350464, 165888, 41472, 82944, 82944, 4], "neuron_counts_selected": [500, 500, 500, 500, 500, 500, 4], "layer_tarantula_score": [0.10482914343272302, 0.10068287729230832, 0.00296781044890234, 0.0020006097639145327, 0.23257850969586655, 0.23444684827949777, 0.5135410815922703], "layer_ochiai_score": [0.09836233909990356, 0.13251648283077283, 0.0024598633903090638, 0.002411739682335525, 0.20711248322988357, 0.20540309909818583, 0.608400670873235], "layer_D_star_score": [4.162913978775038, 20.892683636407202, 0.053482696258069784, 0.24828229495430268, 7.81765384862328, 7.648923831875107, 66.62745380221017], "layer_Op2_score": [11.213792289212217, 21.432536559224534, 0.23563803402215577, 0.3537447648178407, 22.43263346744526, 22.03352761875615, 90.5555562610218], "layer_Barinel_score": [0.16271886001579114, 0.15314066001242688, 0.004725781333160944, 0.0030425114281908004, 0.3620233005900493, 0.36351764155517224, 0.761531159989526], "time": 8.86695909500122}