{"neuron_counts": [1401856, 350464, 165888, 41472, 82944, 82944, 4], "neuron_counts_selected": [100, 100, 100, 100, 100, 100, 4], "layer_tarantula_score": [0.10647511702551764, 0.10503447738392259, 0.005295847499754746, 0.003149011402366202, 0.2188659335046177, 0.20878114529927452, 0.5135410815922703], "layer_ochiai_score": [0.09537336927302548, 0.1353251146359811, 0.00454067065894513, 0.003965952477012186, 0.19564297990108792, 0.17212567941282536, 0.608400670873235], "layer_D_star_score": [3.833381938877847, 18.31474113152548, 0.10613721422054405, 0.5122309835617966, 7.804924374855673, 5.052089433828853, 66.62745380221017], "layer_Op2_score": [10.565081046538028, 21.213343043423738, 0.4514539729301964, 0.6153492115091986, 21.41697796701912, 17.253330307412213, 90.5555562610218], "layer_Barinel_score": [0.1659197672860828, 0.16187492055335403, 0.008474286663567615, 0.0047735591913738605, 0.34170251074443664, 0.32453517541904237, 0.761531159989526], "time": 10.166908740997314}