{"neuron_counts": [1401856, 350464, 165888, 41472, 82944, 82944, 4], "neuron_counts_selected": [2000, 2000, 2000, 2000, 2000, 2000, 4], "layer_tarantula_score": [0.0941266114990274, 0.09839903219988529, 0.0036879359980794973, 0.0037334092024243004, 0.24930192464725354, 0.23278797670304677, 0.5076920393005582], "layer_ochiai_score": [0.08868362214016218, 0.12978631777691985, 0.0030064295785789167, 0.004514738673794264, 0.2197063055530033, 0.20363328447076418, 0.6307142282379751], "layer_D_star_score": [5.684888808398645, 30.52968671091236, 0.10326979164384892, 0.6553927455943024, 12.421244407569679, 11.30224004541378, 120.13377544174755], "layer_Op2_score": [15.166518726019346, 31.35813840581891, 0.4333986746313264, 0.9832946638213472, 35.459297078334416, 32.54840136356735, 146.12103730387665], "layer_Barinel_score": [0.14596570027686956, 0.15037567116895822, 0.005770043153842608, 0.005758249824322677, 0.38755601413685187, 0.36264097116685784, 0.7588972699489002], "time": 23.11590003967285}