{"neuron_counts": [2, 2, 4], "neuron_counts_selected": [2, 2, 4], "layer_tarantula_score": [0.25, 1.0, 0.0625], "layer_ochiai_score": [0.10470108202039739, 0.41880432808158957, 0.026175270505099348], "layer_D_star_score": [0.07309915187820148, 0.29239660751280594, 0.01827478796955037], "layer_Op2_score": [0.3436646735972528, 1.3746586943890111, 0.0859161683993132], "layer_Barinel_score": [0.25, 1.0, 0.0625], "time": 0.08019781112670898}