{"neuron_counts": [1692800, 1692800, 64, 64, 1], "neuron_counts_selected": [500, 500, 64, 64, 1], "layer_tarantula_score": [0.314, 0.338, 1.0, 1.0, 1.0], "layer_ochiai_score": [0.11524414459310722, 0.12350273328453602, 0.6939402605536098, 0.6939402605536098, 0.7558036011073213], "layer_D_star_score": [0.16728567959572702, 0.1643496427974905, 9.15012347395536, 9.15012347395536, 11.363360513269898], "layer_Op2_score": [0.6709711390137673, 0.7126431943178176, 7.310750986915082, 7.310750986915082, 8.529116809368134], "layer_Barinel_score": [0.314, 0.338, 1.0, 1.0, 1.0], "time": 0.40435051918029785}