{"neuron_counts": [1692800, 1692800, 64, 64, 1], "neuron_counts_selected": [2000, 2000, 64, 64, 1], "layer_tarantula_score": [0.968256, 0.968256, 1.0, 1.0, 1.0], "layer_ochiai_score": [0.5104801921766277, 0.506973968397173, 0.6676509103419301, 0.6676509103419301, 0.7558036011073213], "layer_D_star_score": [2.403707266535122, 2.988206184789475, 6.646924171914773, 6.646924171914773, 11.363360513269898], "layer_Op2_score": [4.202769142476701, 4.170312899128542, 6.75185881008656, 6.75185881008656, 8.529116809368134], "layer_Barinel_score": [0.968256, 0.968256, 1.0, 1.0, 1.0], "time": 1.4388434886932373}