{"neuron_counts": [1692800, 1692800, 64, 64, 1], "neuron_counts_selected": [500, 500, 64, 64, 1], "layer_tarantula_score": [0.28944400000000003, 0.32718400000000003, 1.0, 1.0, 1.0], "layer_ochiai_score": [0.10072176942825274, 0.11740668393945239, 0.6633149219427176, 0.6633149219427176, 0.7071032456791578], "layer_D_star_score": [0.06561746298579732, 0.08620757889234874, 4.106913131853024, 4.106913131853024, 4.99990000199996], "layer_Op2_score": [0.362196, 0.437368, 4.451904296875, 4.451904296875, 5.0], "layer_Barinel_score": [0.28944400000000003, 0.32718400000000003, 1.0, 1.0, 1.0], "time": 0.6453232765197754}