{"neuron_counts": [1692800, 1692800, 64, 64, 1], "neuron_counts_selected": [2000, 2000, 64, 64, 1], "layer_tarantula_score": [0.98, 0.985, 1.0, 1.0, 1.0], "layer_ochiai_score": [0.597799091130817, 0.6013221829192879, 0.7174407722575615, 0.7174407722575615, 0.7558036011073213], "layer_D_star_score": [6.003739710861656, 1120.8784856623406, 12.170588051977951, 12.170588051977951, 11.363360513269898], "layer_Op2_score": [5.715466071754694, 5.751268844559789, 7.809825606178492, 7.809825606178492, 8.529116809368134], "layer_Barinel_score": [0.98, 0.985, 1.0, 1.0, 1.0], "time": 1.3599364757537842}