{"neuron_counts": [1692800, 1692800, 64, 64, 1], "neuron_counts_selected": [200, 200, 64, 64, 1], "layer_tarantula_score": [0.970225, 0.9506249999999999, 1.0, 1.0, 1.0], "layer_ochiai_score": [0.5276456761352041, 0.5109231340908759, 0.6721062286885326, 0.6721062286885326, 0.7071032456791578], "layer_D_star_score": [1.726053473985185, 1.6642729174796704, 4.487678350478352, 4.487678350478352, 4.99990000199996], "layer_Op2_score": [2.9842750000000002, 2.855125, 4.5732421875, 4.5732421875, 5.0], "layer_Barinel_score": [0.970225, 0.9506249999999999, 1.0, 1.0, 1.0], "time": 0.35703039169311523}