{"neuron_counts": [1692800, 1692800, 64, 64, 1], "neuron_counts_selected": [1000, 1000, 64, 64, 1], "layer_tarantula_score": [0.981, 0.979, 1.0, 1.0, 1.0], "layer_ochiai_score": [0.5990816712038679, 0.5965165110577658, 0.7174407722575615, 0.7174407722575615, 0.7558036011073213], "layer_D_star_score": [6.306802368117222, 5.700677053606088, 12.170588051977951, 12.170588051977951, 11.363360513269898], "layer_Op2_score": [5.747141975432634, 5.6837901680767535, 7.809825606178492, 7.809825606178492, 8.529116809368134], "layer_Barinel_score": [0.981, 0.979, 1.0, 1.0, 1.0], "time": 1.1401476860046387}