{"neuron_counts": [1692800, 1692800, 64, 64, 1], "neuron_counts_selected": [1000, 1000, 64, 64, 1], "layer_tarantula_score": [0.964324, 0.982081, 1.0, 1.0, 1.0], "layer_ochiai_score": [0.5156387867780996, 0.5296505051348582, 0.6721062286885326, 0.6721062286885326, 0.7071032456791578], "layer_D_star_score": [1.7420000307543702, 1.8172467125971223, 4.487678350478352, 4.487678350478352, 4.99990000199996], "layer_Op2_score": [2.88889, 2.989818, 4.5732421875, 4.5732421875, 5.0], "layer_Barinel_score": [0.964324, 0.982081, 1.0, 1.0, 1.0], "time": 1.1105124950408936}