{"neuron_counts": [26300, 8500, 1000, 500, 250, 1], "neuron_counts_selected": [500, 500, 500, 500, 250, 1], "layer_tarantula_score": [1.0, 0.42771600000000004, 0.42510400000000004, 0.602176, 0.512656, 1.0], "layer_ochiai_score": [0.6207429214503715, 0.2334034851931173, 0.2820754493665405, 0.4784672820961185, 0.49444359361741747, 0.9999980000060001], "layer_D_star_score": [7.1048450884914605, 70239.94764838857, 525640.6727540476, 921608.634027072, 672526.878132542, 6250000.000014566], "layer_Op2_score": [9.760615999999999, 3.854576, 5.50608, 9.833768000000001, 11.932896, 25.0], "layer_Barinel_score": [1.0, 0.42771600000000004, 0.42510400000000004, 0.602176, 0.512656, 1.0], "time": 1.5994949340820312}