{"neuron_counts": [26300, 8500, 1000, 500, 250, 1], "neuron_counts_selected": [2000, 2000, 1000, 500, 250, 1], "layer_tarantula_score": [1.0, 0.459684, 0.43956900000000004, 0.605284, 0.512656, 1.0], "layer_ochiai_score": [0.6472723750457487, 0.27421325213572434, 0.29138533400654026, 0.47973324507547865, 0.49444359361741747, 0.9999980000060001], "layer_D_star_score": [8.67829705159762, 90019.67944292564, 459025.5127886578, 921608.6360045237, 672526.878132542, 6250000.000014566], "layer_Op2_score": [10.578151750000002, 4.85077025, 5.6350229999999994, 9.84608, 11.932896, 25.0], "layer_Barinel_score": [1.0, 0.459684, 0.43956900000000004, 0.605284, 0.512656, 1.0], "time": 2.737427234649658}