{"neuron_counts": [26300, 8500, 1000, 500, 250, 1], "neuron_counts_selected": [200, 200, 200, 200, 200, 1], "layer_tarantula_score": [1.0, 0.4096, 0.44889999999999997, 0.585225, 0.570025, 1.0], "layer_ochiai_score": [0.6497994102880038, 0.26107337017753407, 0.3211625002750175, 0.46814225033052387, 0.5484821513085023, 0.9999987285052461], "layer_D_star_score": [13.756443243600314, 204544.5342222688, 1391769.2906679849, 2116973.227235177, 1534608.9942967352, 15463550.133303186], "layer_Op2_score": [16.757562791666505, 7.52203648166585, 10.17545701876914, 15.153211891356408, 20.7705400554482, 39.323720744124685], "layer_Barinel_score": [1.0, 0.4096, 0.44889999999999997, 0.585225, 0.570025, 1.0], "time": 1.486419916152954}