{"neuron_counts": [26300, 8500, 1000, 500, 250, 1], "neuron_counts_selected": [1000, 1000, 1000, 500, 250, 1], "layer_tarantula_score": [1.0, 0.4637610000000001, 0.43956900000000004, 0.605284, 0.512656, 1.0], "layer_ochiai_score": [0.6505553123420129, 0.29637320547063983, 0.29138533400654026, 0.47973324507547865, 0.49444359361741747, 0.9999980000060001], "layer_D_star_score": [8.910200595453139, 122524.47576278185, 459025.5127886578, 921608.6360045237, 672526.878132542, 6250000.000014566], "layer_Op2_score": [10.681232, 5.5003589999999996, 5.6350229999999994, 9.84608, 11.932896, 25.0], "layer_Barinel_score": [1.0, 0.4637610000000001, 0.43956900000000004, 0.605284, 0.512656, 1.0], "time": 2.8671560287475586}