{"neuron_counts": [26300, 8500, 1000, 500, 250, 1], "neuron_counts_selected": [2000, 2000, 1000, 500, 250, 1], "layer_tarantula_score": [1.0, 0.678, 0.663, 0.778, 0.716, 1.0], "layer_ochiai_score": [0.6882594035390106, 0.5011051966020212, 0.5280420847366236, 0.6770083870181163, 0.7011506405005502, 0.9999987285052461], "layer_D_star_score": [20.568770527293577, 1855708.8512789442, 4190674.2079475527, 5938017.221855874, 5072287.089048777, 15463550.133303186], "layer_Op2_score": [18.845224879356554, 16.35204044608871, 18.200014561053017, 23.801376794489254, 27.017918009672055, 39.323720744124685], "layer_Barinel_score": [1.0, 0.678, 0.663, 0.778, 0.716, 1.0], "time": 3.3995819091796875}