{"neuron_counts": [26300, 8500, 1000, 500, 250, 1], "neuron_counts_selected": [2000, 2000, 1000, 500, 250, 1], "layer_tarantula_score": [1.0, 0.46922500000000006, 0.43956900000000004, 0.605284, 0.512656, 1.0], "layer_ochiai_score": [0.6489918488208668, 0.278829609837943, 0.292157649149875, 0.4851618960796509, 0.49554630079486595, 0.9999987285052461], "layer_D_star_score": [13.855755246259266, 247486.66087718005, 1135690.9326558209, 2280208.464041121, 1663855.7944975223, 15463550.133303186], "layer_Op2_score": [16.72681429598387, 7.7581118118458745, 8.88725206607286, 15.792595692817107, 18.851237975182897, 39.323720744124685], "layer_Barinel_score": [1.0, 0.46922500000000006, 0.43956900000000004, 0.605284, 0.512656, 1.0], "time": 3.5796689987182617}