{"neuron_counts": [26300, 8500, 1000, 500, 250, 1], "neuron_counts_selected": [500, 500, 500, 500, 250, 1], "layer_tarantula_score": [1.0, 0.44889999999999997, 0.43296399999999996, 0.602176, 0.512656, 1.0], "layer_ochiai_score": [0.6263099868310829, 0.2718834505554162, 0.29202702649940426, 0.4784672820961185, 0.49444359361741747, 0.9999980000060001], "layer_D_star_score": [7.339423010919832, 115621.57119612777, 448918.5658926811, 921608.634027072, 672526.878132542, 6250000.000014566], "layer_Op2_score": [9.913632, 4.851344, 5.663776, 9.833768000000001, 11.932896, 25.0], "layer_Barinel_score": [1.0, 0.44889999999999997, 0.43296399999999996, 0.602176, 0.512656, 1.0], "time": 1.6337101459503174}