{"neuron_counts": [26300, 8500, 1000, 500, 250, 1], "neuron_counts_selected": [500, 500, 500, 500, 250, 1], "layer_tarantula_score": [1.0, 0.44355599999999995, 0.36240399999999995, 0.583696, 0.512656, 1.0], "layer_ochiai_score": [0.5662211035726481, 0.2615273821427799, 0.22751237471062188, 0.4742636303613687, 0.49444359361741747, 0.9999980000060001], "layer_D_star_score": [4.404391476528491, 102419.21152974904, 378236.6670271949, 921608.6324466752, 672526.878132542, 6250000.000014566], "layer_Op2_score": [8.124604000000001, 4.600184, 4.252012000000001, 9.80916, 11.932896, 25.0], "layer_Barinel_score": [1.0, 0.44355599999999995, 0.36240399999999995, 0.583696, 0.512656, 1.0], "time": 1.7564046382904053}