{"neuron_counts": [26300, 8500, 1000, 500, 250, 1], "neuron_counts_selected": [500, 500, 500, 500, 250, 1], "layer_tarantula_score": [1.0, 0.44889999999999997, 0.43296399999999996, 0.602176, 0.512656, 1.0], "layer_ochiai_score": [0.6247797543914173, 0.2714522779458408, 0.2927898103708242, 0.4837972753912311, 0.49554630079486595, 0.9999987285052461], "layer_D_star_score": [11.443048239780811, 286047.1370063392, 1110687.3592259386, 2280208.4602254936, 1663855.7944975223, 15463550.133303186], "layer_Op2_score": [15.523568322011048, 7.609155481600859, 8.930139411580832, 15.770701346873595, 18.851237975182897, 39.323720744124685], "layer_Barinel_score": [1.0, 0.44889999999999997, 0.43296399999999996, 0.602176, 0.512656, 1.0], "time": 2.0370116233825684}