{"neuron_counts": [26300, 8500, 1000, 500, 250, 1], "neuron_counts_selected": [1000, 1000, 1000, 500, 250, 1], "layer_tarantula_score": [1.0, 0.695, 0.663, 0.778, 0.716, 1.0], "layer_ochiai_score": [0.6892126053093279, 0.5183168563324284, 0.5280420847366236, 0.6770083870181163, 0.7011506405005502, 0.9999987285052461], "layer_D_star_score": [20.82058357916321, 1701080.942755088, 4190674.2079475527, 5938017.221855874, 5072287.089048777, 15463550.133303186], "layer_Op2_score": [18.903121890887597, 16.9263049543686, 18.200014561053017, 23.801376794489254, 27.017918009672055, 39.323720744124685], "layer_Barinel_score": [1.0, 0.695, 0.663, 0.778, 0.716, 1.0], "time": 2.8097333908081055}