{"neuron_counts": [120, 120, 12, 12, 1], "neuron_counts_selected": [120, 120, 12, 12, 1], "layer_tarantula_score": [0.11549435067084662, 0.11549435067084662, 0.08689505796778596, 0.08689505796778596, 0.49999996173069977], "layer_ochiai_score": [0.13574252083998037, 0.13574252083998037, 0.09586283442349, 0.09586283442349, 0.6658325615349933], "layer_D_star_score": [19.09798507994877, 19.09798507994877, 11.204847512018725, 11.204847512018725, 105.9220922622202], "layer_Op2_score": [25.171842457360633, 25.171842457360633, 16.412202453880816, 16.412202453880816, 132.00595297264704], "layer_Barinel_score": [0.10211554121568155, 0.10211554121568155, 0.07705618545725541, 0.07705618545725541, 0.44333333333333336], "time": 0.9119515419006348}