{"neuron_counts": [120, 120, 12, 12, 1], "neuron_counts_selected": [120, 120, 12, 12, 1], "layer_tarantula_score": [0.04525823446694373, 0.04525823446694373, 0.0037686087664551156, 0.0037686087664551156, 0.49999996274383374], "layer_ochiai_score": [0.037001555513303426, 0.037001555513303426, 0.003977324741991801, 0.003977324741991801, 0.6663922406670836], "layer_D_star_score": [2.612359670451978, 2.612359670451978, 0.41076359548632196, 0.41076359548632196, 107.84017287563735], "layer_Op2_score": [5.06750043259778, 5.06750043259778, 0.6280228781237966, 0.6280228781237966, 134.0058829377159], "layer_Barinel_score": [0.04003199544085556, 0.04003199544085556, 0.00337938205585265, 0.00337938205585265, 0.444078947368421], "time": 0.7888593673706055}