{"neuron_counts": [12368, 3088, 5824, 1440, 544, 128, 128, 16, 2], "neuron_counts_selected": [200, 200, 200, 200, 200, 128, 128, 16, 2], "layer_tarantula_score": [0.47937522969152674, 0.4917593683136986, 0.43136183915187787, 0.4748485440396945, 0.25373822701205084, 0.290436222068947, 0.290436222068947, 0.15997034710881708, 0.49999999884044755], "layer_ochiai_score": [0.4089497447788287, 0.6365746069567084, 0.21167201875132807, 0.3877861189290378, 0.18596746290204233, 0.2647675380550962, 0.2647675380550962, 0.18127977347322766, 0.7056029443414115], "layer_D_star_score": [21.944383982804556, 121.45050983164943, 5.398326300529304, 36.47758702711205, 18.436360386539473, 40.501216416494586, 40.501216416494586, 43.978928999633254, 180.87379658508357], "layer_Op2_score": [62.9770253343681, 149.3747515749992, 21.273333740970383, 64.78601563486929, 30.33984808889332, 53.34465188059564, 53.34465188059564, 44.875892411961985, 181.42271668306267], "layer_Barinel_score": [0.477265724359158, 0.4896369724262811, 0.42937479175001864, 0.47276141143097256, 0.25263409674036985, 0.2891605126502962, 0.2891605126502962, 0.15930654320452933, 0.49787578799543475], "time": 3.8320560455322266}