{"neuron_counts": [12368, 3088, 5824, 1440, 544, 128, 128, 16, 2], "neuron_counts_selected": [500, 500, 500, 500, 500, 128, 128, 16, 2], "layer_tarantula_score": [0.5033148815367299, 0.49752890724422755, 0.2117666326777455, 0.29082778551883426, 0.17257055315051248, 0.25516261196530055, 0.25516261196530055, 0.25331174559849884, 0.5009233156209222], "layer_ochiai_score": [0.17446505746250243, 0.333183644219266, 0.05145961488288991, 0.08305155097006116, 0.12401740962051443, 0.17923315915097787, 0.17923315915097787, 0.3169427166728739, 0.7023620189393752], "layer_D_star_score": [0.9777758244872902, 11.666785444650724, 1.4798861198699147, 5.122515068978097, 17.75265909923709, 31.859667605885097, 31.859667605885097, 70.81601451523758, 177.5967735194313], "layer_Op2_score": [11.677666625528351, 42.233511614039266, 4.651442285740579, 9.096420286354627, 23.82239199415572, 37.57001169872756, 37.57001169872756, 75.63484523002484, 179.4382789557224], "layer_Barinel_score": [0.5013437256589716, 0.495440333415814, 0.2112941821838977, 0.29006313043362786, 0.17196451246448413, 0.2543611254282332, 0.2543611254282332, 0.2522504285485698, 0.49879910259818605], "time": 6.80390191078186}