{"neuron_counts": [12368, 3088, 5824, 1440, 544, 128, 128, 16, 2], "neuron_counts_selected": [2000, 2000, 2000, 1440, 544, 128, 128, 16, 2], "layer_tarantula_score": [0.47669845307862513, 0.4925564275912252, 0.4286580606207392, 0.4708467560398915, 0.24676310150778835, 0.28919775100410733, 0.28919775100410733, 0.15993826319516907, 0.5000000032002022], "layer_ochiai_score": [0.40595824870114794, 0.6436958140139407, 0.20558725706068512, 0.3796826029457624, 0.1759987075640445, 0.26614569285548806, 0.26614569285548806, 0.18190715096263152, 0.7099292922540368], "layer_D_star_score": [14.67079560315664, 87.22958473045573, 3.648078513002044, 21.738221444951556, 11.684101942441977, 28.503337349010305, 28.503337349010305, 30.98995392121163, 128.03215481277837], "layer_Op2_score": [42.48412804419877, 103.7526352368754, 13.923871107781352, 41.827100504213156, 19.216918780860514, 36.736991933795146, 36.736991933795146, 30.85253144609984, 125.00800079359936], "layer_Barinel_score": [0.48066917395510506, 0.4965540531307493, 0.43233273596534616, 0.4747716148222491, 0.24882610271390124, 0.29159480677117805, 0.29159480677117805, 0.1611882560483871, 0.504], "time": 17.37243628501892}