{"neuron_counts": [12368, 3088, 5824, 1440, 544, 128, 128, 16, 2], "neuron_counts_selected": [100, 100, 100, 100, 100, 100, 100, 16, 2], "layer_tarantula_score": [0.48041927138041796, 0.49146185822203864, 0.4396395073383461, 0.4722656162447044, 0.27049525504656896, 0.2832107391958515, 0.2659474538108879, 0.15997034710881708, 0.49999999884044755], "layer_ochiai_score": [0.4070950351452495, 0.6379660146112016, 0.22585788556498992, 0.3803465666952515, 0.18988694046022694, 0.24951487618512777, 0.2600239821994777, 0.18127977347322766, 0.7056029443414115], "layer_D_star_score": [21.63974475723267, 122.47143917350311, 6.714052263977858, 29.696550946511042, 17.267239359307293, 33.315151032803186, 44.114623381641444, 43.978928999633254, 180.87379658508357], "layer_Op2_score": [62.414185718163594, 150.05498359620017, 23.93554366994403, 60.15564602384107, 30.193455270098582, 47.81066774104702, 55.17201028420842, 44.875892411961985, 181.42271668306267], "layer_Barinel_score": [0.4783105084988268, 0.4893394995842206, 0.4376536543023355, 0.47020106516262883, 0.26933213339209067, 0.2819685552028071, 0.26477329162639196, 0.15930654320452933, 0.49787578799543475], "time": 2.6463396549224854}