{"neuron_counts": [12368, 3088, 5824, 1440, 544, 128, 128, 16, 2], "neuron_counts_selected": [500, 500, 500, 500, 500, 128, 128, 16, 2], "layer_tarantula_score": [0.4607080727247562, 0.48257872933765267, 0.24080649130517295, 0.36269201954048014, 0.14436991418211972, 0.2167156355915422, 0.2167156355915422, 0.12407514757728819, 0.49999999884044755], "layer_ochiai_score": [0.263210299648067, 0.4878849802559707, 0.06412234666141887, 0.13950456818857207, 0.068565834132992, 0.13009345537879238, 0.13009345537879238, 0.16532424368804047, 0.7056029443414115], "layer_D_star_score": [4.262187005525862, 44.23520179805481, 0.5442281942589722, 2.956861554504955, 6.012436022024242, 13.64895487988685, 13.64895487988685, 36.70576371953905, 180.87379658508357], "layer_Op2_score": [26.881700435003303, 88.76283377050142, 3.5819625784669564, 11.964097383371262, 9.605501762580433, 20.162073031478855, 20.162073031478855, 40.300231414313885, 181.42271668306267], "layer_Barinel_score": [0.4586331649136712, 0.48046264234480834, 0.23975419482185453, 0.3610253828303344, 0.14373076607904742, 0.21575981019145485, 0.21575981019145485, 0.12354424405140939, 0.49787578799543475], "time": 8.25382375717163}