{"neuron_counts": [12368, 3088, 5824, 1440, 544, 128, 128, 16, 2], "neuron_counts_selected": [500, 500, 500, 500, 500, 128, 128, 16, 2], "layer_tarantula_score": [0.08710378561421728, 0.23557482487468345, 0.0010821123650900043, 0.0010495648903492802, 0.011731977350406623, 0.014754377613541366, 0.014754377613541366, 0.0695803511571105, 0], "layer_ochiai_score": [0.011635279472176126, 0.04521361684855113, 0.00014578786352728994, 0.00024732302790254825, 0.005095853955686624, 0.00773224511918008, 0.00773224511918008, 0.06924686279835097, 0], "layer_D_star_score": [0.0022017813746500426, 0.024598262565859806, 2.5730547781144384e-05, 0.00022290820042117606, 0.061719271011762014, 0.33266365071449816, 0.33266365071449816, 6.148715526378401, 0], "layer_Op2_score": [0.18234912351270155, 1.0184791137031066, 0.0018962243422202564, 0.007055424074059986, 0.307399298179763, 0.7128501023761654, 0.7128501023761654, 9.025562557674954, 0], "layer_Barinel_score": [0.08755566507936563, 0.2373880657911868, 0.001088866666666365, 0.0010580134920636544, 0.01182689547910719, 0.014879603243453068, 0.014879603243453068, 0.07014243745212592, 0], "time": 6.58934211730957}