{"neuron_counts": [12368, 3088, 5824, 1440, 544, 128, 128, 16, 2], "neuron_counts_selected": [100, 100, 100, 100, 100, 100, 100, 16, 2], "layer_tarantula_score": [0.4803973178042163, 0.4917532375267983, 0.4366026559644627, 0.47195525854562453, 0.27188426551029193, 0.2815989207200948, 0.26441813070856873, 0.15993826319516907, 0.5000000032002022], "layer_ochiai_score": [0.40982488523809607, 0.642341059479348, 0.2266301010248464, 0.38174564387274523, 0.190848471903724, 0.2505582691249518, 0.2609257789142469, 0.18190715096263152, 0.7099292922540368], "layer_D_star_score": [15.095220271768797, 86.54558552662644, 4.668167646989977, 20.64013039448189, 12.070428744511277, 23.390645156208773, 31.086513665638424, 30.98995392121163, 128.03215481277837], "layer_Op2_score": [43.04342588917929, 103.47770306943755, 16.463019307584553, 41.286559458512436, 20.772423328461358, 32.90404340756525, 37.99599624440303, 30.85253144609984, 125.00800079359936], "layer_Barinel_score": [0.48437118717606725, 0.49575063901918165, 0.44033671763741544, 0.4758471674642676, 0.274081226258938, 0.2839315461842042, 0.26662316831020555, 0.1611882560483871, 0.504], "time": 2.046051263809204}