{"neuron_counts": [12368, 3088, 5824, 1440, 544, 128, 128, 16, 2], "neuron_counts_selected": [500, 500, 500, 500, 500, 128, 128, 16, 2], "layer_tarantula_score": [0.06553044182235077, 0.22002362569420084, 0.0009550160617389382, 0.0008506597556115154, 0.00894568254069089, 0.014616307669834754, 0.014616307669834754, 0.06922971715746615, NaN], "layer_ochiai_score": [0.008661122331207827, 0.04225507790280519, 0.00014555650160266197, 0.00021363827538058803, 0.003394931008235127, 0.007688310181284766, 0.007688310181284766, 0.06808408388211622, NaN], "layer_D_star_score": [0.0022189352916722697, 0.035099458009384604, 4.4785018429417733e-05, 0.00037947216913155745, 0.0579805422339416, 0.47541842425542674, 0.47541842425542674, 8.693376626543499, NaN], "layer_Op2_score": [0.1899911972095351, 1.4128152858912835, 0.0033985354060103033, 0.009711618793746213, 0.28325657308333324, 1.0370639851899044, 1.0370639851899044, 12.975145986058836, NaN], "layer_Barinel_score": [0.06535598924094414, 0.21910240860633096, 0.0009513341152174093, 0.0008469041878996216, 0.0089081246595697, 0.014550098845079738, 0.014550098845079738, 0.06893136708044853, NaN], "time": 8.418256282806396}