{"neuron_counts": [120, 120, 12, 12, 1], "neuron_counts_selected": [100, 100, 12, 12, 1], "layer_tarantula_score": [0.11100562927661421, 0.19374784066103673, 0.2509338005219249, 0.2509338005219249, 0.49999996274383374], "layer_ochiai_score": [0.14592382522897104, 0.25123878011442463, 0.3332572695500986, 0.3332572695500986, 0.6663922406670836], "layer_D_star_score": [23.44563009974429, 40.315838151342234, 53.9520333035893, 53.9520333035893, 107.84017287563735], "layer_Op2_score": [28.928882477127953, 49.207235501626165, 66.75833362254885, 66.75833362254885, 134.0058829377159], "layer_Barinel_score": [0.09870723104827299, 0.1725059492142114, 0.2229639292196007, 0.2229639292196007, 0.444078947368421], "time": 1.000244140625}