{"neuron_counts": [120, 120, 12, 12, 1], "neuron_counts_selected": [100, 100, 12, 12, 1], "layer_tarantula_score": [0.031182101697092648, 0.03126132491673603, 0.1250786629510124, 0.1250786629510124, 0.49999996173069977], "layer_ochiai_score": [0.04141031667871261, 0.04018430972860742, 0.16646313985351452, 0.16646313985351452, 0.6658325615349933], "layer_D_star_score": [6.510237527917265, 5.898485277285929, 26.48307271184186, 26.48307271184186, 105.9220922622202], "layer_Op2_score": [8.172663131867186, 7.624170866743532, 32.77732322695708, 32.77732322695708, 132.00595297264704], "layer_Barinel_score": [0.027641648917585148, 0.02771988572533227, 0.11091119528619528, 0.11091119528619528, 0.44333333333333336], "time": 0.9845976829528809}