{"neuron_counts": [120, 120, 12, 12, 1], "neuron_counts_selected": [100, 100, 12, 12, 1], "layer_tarantula_score": [0.11102309546337728, 0.14301700106184229, 0.2509338005219249, 0.2509338005219249, 0.49999996274383374], "layer_ochiai_score": [0.14141264933924394, 0.1842483387307115, 0.3332572695500986, 0.3332572695500986, 0.6663922406670836], "layer_D_star_score": [21.007069997000194, 29.235539023672274, 53.9520333035893, 53.9520333035893, 107.84017287563735], "layer_Op2_score": [27.290235411626227, 35.8737060331141, 66.75833362254885, 66.75833362254885, 134.0058829377159], "layer_Barinel_score": [0.09871514192203938, 0.12735995644793957, 0.2229639292196007, 0.2229639292196007, 0.444078947368421], "time": 1.0384576320648193}