{"neuron_counts": [10752, 512, 1], "neuron_counts_selected": [500, 500, 1], "layer_tarantula_score": [1.0, NaN, NaN], "layer_ochiai_score": [0.6751732528163887, NaN, NaN], "layer_D_star_score": [1223.291324396287, NaN, NaN], "layer_Op2_score": [1458.837164, NaN, NaN], "layer_Barinel_score": [1.0, NaN, NaN], "time": 48.4122896194458}