{"neuron_counts": [10752, 512, 1], "neuron_counts_selected": [500, 500, 1], "layer_tarantula_score": [1.0, 0, 0], "layer_ochiai_score": [0.6140038558229872, 0, 0], "layer_D_star_score": [730.9883458148117, 0, 0], "layer_Op2_score": [1206.5240840000001, 0, 0], "layer_Barinel_score": [1.0, 0, 0], "time": 69.90165615081787}