{"neuron_counts": [10752, 512, 1], "neuron_counts_selected": [1000, 512, 1], "layer_tarantula_score": [1.0, 0, 0], "layer_ochiai_score": [0.6744910260661916, 0, 0], "layer_D_star_score": [1216.4036522825586, 0, 0], "layer_Op2_score": [1455.898758, 0, 0], "layer_Barinel_score": [1.0, 0, 0], "time": 82.49203133583069}