{"neuron_counts": [10752, 512, 1], "neuron_counts_selected": [500, 500, 1], "layer_tarantula_score": [1.0, 0.0, 0.0], "layer_ochiai_score": [0.42912404526478076, 0.0, 0.0], "layer_D_star_score": [133.41945080222206, 0.0, 0.0], "layer_Op2_score": [589.494, 0.0, 0.0], "layer_Barinel_score": [1.0, 0.0, 0.0], "time": 48.83363580703735}