{"neuron_counts": [10752, 512, 1], "neuron_counts_selected": [2000, 512, 1], "layer_tarantula_score": [1.0, 0, 0], "layer_ochiai_score": [0.6747826514289992, 0, 0], "layer_D_star_score": [1219.410513940515, 0, 0], "layer_Op2_score": [1457.15970675, 0, 0], "layer_Barinel_score": [1.0, 0, 0], "time": 108.72663807868958}