{"neuron_counts": [50, 33, 33, 33, 122], "neuron_counts_selected": [50, 33, 33, 33, 122], "layer_tarantula_score": [0.5368755861049945, 0.44199098381410956, 0.3476905731180345, 0.1689614346485732, 0.584800403413173], "layer_ochiai_score": [0.6512206856345388, 0.8275755410577756, 0.6378891612162833, 0.30816181975776746, 0.6831249986596925], "layer_D_star_score": [126.2306664127331, 1760.3019480955027, 1582.4553175219996, 419.1948065950811, 245.89723185178792], "layer_Op2_score": [162.35094957431272, 266.5068055510018, 215.2280961777927, 93.87965453522834, 181.4087566881731], "layer_Barinel_score": [0.9836008807569612, 0.9789033060742617, 0.7139662087936076, 0.3849845809289504, 0.9841145357867637], "time": 0.7930238246917725}