{"neuron_counts": [50, 33, 33, 33, 122], "neuron_counts_selected": [50, 33, 33, 33, 122], "layer_tarantula_score": [0.4322130882810451, 0.4497472796899417, 0.22619167492656728, 0.06053199202047107, 0.13597059045889454], "layer_ochiai_score": [0.5160641442434047, 0.623105522600532, 0.40457657921499773, 0.11072656015679672, 0.11615777259825123], "layer_D_star_score": [40.116899713382786, 187.38955005238418, 336.6883139620172, 43.78158472177611, 5.363250634794553], "layer_Op2_score": [102.40762710037362, 155.152676232624, 124.0987172844318, 30.69814405465998, 18.757556507746955], "layer_Barinel_score": [0.9758555081144894, 0.9798235402988107, 0.5170452537725768, 0.1512387819569728, 0.32531458030738175], "time": 0.8828728199005127}