{"neuron_counts": [50, 33, 33, 33, 122], "neuron_counts_selected": [50, 33, 33, 33, 100], "layer_tarantula_score": [0.4455849063217283, 0.401482917625379, 0.23012507554507872, 0.0589162201796902, 0.4432704841897584], "layer_ochiai_score": [0.632152509508752, 0.7748709835676616, 0.4429226639028343, 0.11292480860091585, 0.6219909218987228], "layer_D_star_score": [106.52579531232142, 594.4428472466858, 549.054114544582, 54.22046225448201, 110.61900907509171], "layer_Op2_score": [152.85900400004613, 234.55493173190058, 142.72739111685658, 31.987350756677905, 149.30059631266073], "layer_Barinel_score": [0.9786653217131392, 0.9758332815896429, 0.5176986676017968, 0.15108089483675075, 0.9777933861665786], "time": 1.074310541152954}