{"neuron_counts": [21632, 36864, 9216, 9216, 9216, 128, 128, 10], "neuron_counts_selected": [500, 500, 500, 500, 500, 128, 128, 10], "layer_tarantula_score": [0.0, 0.0, 0.0, 0.0, 0.0, 0.0, 0.0, 0.0], "layer_ochiai_score": [0.0, 0.0, 0.0, 0.0, 0.0, 0.0, 0.0, 0.0], "layer_D_star_score": [0.0, 0.0, 0.0, 0.0, 0.0, 0.0, 0.0, 0.0], "layer_Op2_score": [0.0, 0.0, 0.0, 0.0, 0.0, -1.3127292073806494e-05, -1.3127292073806494e-05, 0.0], "layer_Barinel_score": [0.0, 0.0, 0.0, 0.0, 0.0, 0.0, 0.0, 0.0], "time": 226.52251958847046}