{"neuron_counts": [21632, 36864, 9216, 9216, 9216, 128, 128, 10], "neuron_counts_selected": [500, 500, 500, 500, 500, 128, 128, 10], "layer_tarantula_score": [0.00010364893291310397, 2.671933733244723e-06, 2.7971839130066662e-06, 2.1370104600924778e-05, 2.8709784143536557e-06, 0.006056107029776057, 0.006056107029776057, 0], "layer_ochiai_score": [2.714598321444055e-06, 4.722893294305924e-08, 1.4262768045948607e-07, 5.304246506307349e-07, 8.261395546441835e-08, 0.0003344478221077694, 0.0003344478221077694, 0], "layer_D_star_score": [2.8880538473391973e-07, 1.2742851268399167e-09, 9.132300369394892e-08, 3.3878782104683854e-08, 5.127878522529924e-09, 0.0005548910687481169, 0.0005548910687481169, 0], "layer_Op2_score": [0.0003870683381138238, 3.6247833557786442e-06, 3.27060570150815e-05, 6.447040238816733e-05, 1.5764022139721575e-05, 0.12547560403181682, 0.12547560403181682, 0], "layer_Barinel_score": [7.058006580087853e-05, 1.8708643283903078e-06, 2.015553222463242e-06, 1.4160980198180745e-05, 1.396073532815185e-06, 0.003425654071036823, 0.003425654071036823, 0], "time": 225.41818118095398}