{"neuron_counts": [21632, 36864, 9216, 9216, 9216, 128, 128, 10], "neuron_counts_selected": [200, 200, 200, 200, 200, 128, 128, 10], "layer_tarantula_score": [0.22835253439223993, 0.1358789138262285, 0.16745658861040325, 0.1671647915640478, 0.16427925602099439, 0.36938941072123715, 0.36938941072123715, 0.5020022129015457], "layer_ochiai_score": [0.03994052896688847, 0.026040283838571796, 0.03540271251982192, 0.040874016214924605, 0.04890739961738999, 0.19752618457014548, 0.19752618457014548, 0.330016072094066], "layer_D_star_score": [11.174843444071351, 7.295238719125394, 13.15878091898566, 19.479378704043715, 24.93435958872433, 245.62492009837797, 245.62492009837797, 363.9555296060871], "layer_Op2_score": [72.12137258842031, 50.2737808031395, 76.64495716140544, 103.01003494259014, 127.00608449996683, 806.4836010272944, 806.4836010272944, 1307.7445693818224], "layer_Barinel_score": [0.1377678503154079, 0.08053271702732945, 0.0978128117348124, 0.09748271197361849, 0.09744629262593263, 0.2209142504809538, 0.2209142504809538, 0.30592270177774405], "time": 105.74465584754944}