{"neuron_counts": [21632, 36864, 9216, 9216, 9216, 128, 128, 10], "neuron_counts_selected": [200, 200, 200, 200, 200, 128, 128, 10], "layer_tarantula_score": [0.22992378518635134, 0.13716803810131317, 0.16967676224881828, 0.169721226588502, 0.16521440953335456, 0.37125278489645985, 0.37125278489645985, 0.49712773829404716], "layer_ochiai_score": [0.040809642947986086, 0.026669808554570754, 0.03633891877831085, 0.041958755894142656, 0.050031482913574274, 0.20235915449891592, 0.20235915449891592, 0.3384008436397368], "layer_D_star_score": [10.21968421151325, 6.664776094593204, 12.157968931488487, 17.967266946298775, 22.984681551675568, 230.1791007735677, 230.1791007735677, 342.3192477198331], "layer_Op2_score": [63.66437101440992, 44.31935002227678, 67.5296820785866, 90.71551145434283, 112.02836923129043, 715.3014559883703, 715.3014559883703, 1175.2168436586726], "layer_Barinel_score": [0.14625896141632833, 0.08598244725344716, 0.10497987350077585, 0.10484675567796295, 0.10354190525516713, 0.23435508852647555, 0.23435508852647555, 0.31797463124258435], "time": 98.2447361946106}