{"neuron_counts": [10, 256, 256, 5], "neuron_counts_selected": [10, 256, 256, 5], "layer_tarantula_score": [0.3598365883772543, 0.11559672317568405, 0.11559672317568405, 0.14347829397337947], "layer_ochiai_score": [0.13339438780098334, 0.02874319964547784, 0.02874319964547784, 0.037637802659109446], "layer_D_star_score": [0.4732140996561442, 0.04193172378034314, 0.04193172378034314, 0.06180856236946535], "layer_Op2_score": [4.113408140966361, 0.48018038202286845, 0.48018038202286845, 0.7541869226838063], "layer_Barinel_score": [0.08597294776248927, 0.028148310133551173, 0.028148310133551173, 0.03287443602510042], "time": 0.7015128135681152}