{"neuron_counts": [2, 2], "neuron_counts_selected": [2, 2], "layer_tarantula_score": [0, 0.25], "layer_ochiai_score": [0, 0.24999987500009377], "layer_D_star_score": [0, 24999999.999170087], "layer_Op2_score": [0, 25.0], "layer_Barinel_score": [0, 0.25], "time": 0.07208395004272461}