{"neuron_counts": [3200, 3200, 800, 800, 1600, 1600, 1600, 1600, 256, 256, 512, 512, 512, 512, 512, 512, 128, 128, 128, 512, 512, 512, 2], "neuron_counts_selected": [200, 200, 200, 200, 200, 200, 200, 200, 200, 200, 200, 200, 200, 200, 200, 200, 128, 128, 128, 200, 200, 200, 2], "layer_tarantula_score": [0.39534571192009255, 0.3823436044782451, 0.46743081745074283, 0.46424422322632813, 0.19797151861946288, 0.13225090703875697, 0.12199325982968603, 0.08928943799610341, 0.14487610490819672, 0.160843436615484, 0.012480357063773938, 0.0008333536327152091, 2.500000000000002e-05, NaN, NaN, NaN, NaN, NaN, NaN, NaN, NaN, NaN, 0.4999999052735804], "layer_ochiai_score": [0.3044905614479322, 0.28891606846627516, 0.5664771510123268, 0.5592605646684552, 0.15440119042082995, 0.09471191431232842, 0.09299844366257166, 0.05696342884111608, 0.11986832287538024, 0.14110538006850068, 0.007763582578903707, 0.0004340801420501607, 8.650520737468178e-06, NaN, NaN, NaN, NaN, NaN, NaN, NaN, NaN, NaN, 0.6946430935328672], "layer_D_star_score": [1.2405688579980971, 1.1516720709910588, 8.52645777220928, 8.251955663996112, 1.0995794516438446, 0.480107241119416, 0.5720387015269648, 0.2132644368502692, 1.0417686308840741, 1.3383549878196341, 0.02732866729328925, 0.0009143045224984938, 7.254346361953368e-06, NaN, NaN, NaN, NaN, NaN, NaN, NaN, NaN, NaN, 16.61508068941123], "layer_Op2_score": [3.9455653852738606, 3.686564992337123, 11.823040892493397, 11.60164950970566, 2.0877915791309762, 1.1606503415154594, 1.209188615459595, 0.5921826500243357, 1.821160170066921, 2.251269680705007, 0.07031491794235034, -0.002089982143208926, 5.333465598523622e-05, NaN, NaN, NaN, NaN, NaN, NaN, NaN, NaN, NaN, 16.867883793910273], "layer_Barinel_score": [0.3801937024863584, 0.3674947654177, 0.45027238379250367, 0.44711360458333876, 0.19090794737702244, 0.12742886254850846, 0.11744171622773326, 0.0861610742843749, 0.139435425609899, 0.15468992897377104, 0.012078692659253055, 0.0008061377378031757, 2.500000000000002e-05, NaN, NaN, NaN, NaN, NaN, NaN, NaN, NaN, NaN, 0.4825317354690962], "time": 2.1378021240234375}