{"neuron_counts": [3200, 3200, 800, 800, 1600, 1600, 1600, 1600, 256, 256, 512, 512, 512, 512, 512, 512, 128, 128, 128, 512, 512, 512, 2], "neuron_counts_selected": [500, 500, 500, 500, 500, 500, 500, 500, 256, 256, 500, 500, 500, 500, 500, 500, 128, 128, 128, 500, 500, 500, 2], "layer_tarantula_score": [0.023440006837308593, 0.02579955154700069, 0.17270322266472773, 0.17667154630115117, 0.0030293669510418316, 0.0005280997688449127, 0, 0, 0, 0, 0, 0, 0, 0, 0, 0, 0, 0, 0, 0, 0, 0, 0.12499995993621846], "layer_ochiai_score": [0.007810680365633021, 0.00922066513531816, 0.08060061088904315, 0.08114646934490984, 0.0014697454863591623, 0.00027076651974801777, 0, 0, 0, 0, 0, 0, 0, 0, 0, 0, 0, 0, 0, 0, 0, 0, 0.17320435907356177], "layer_D_star_score": [0.0029346389957803573, 0.00370273247396209, 0.05431602952999732, 0.05469577710536396, 0.001135575285349341, 0.00019771257890245026, 0, 0, 0, 0, 0, 0, 0, 0, 0, 0, 0, 0, 0, 0, 0, 0, 2.76920946761948], "layer_Op2_score": [0.004569912814908434, 0.009401083992257022, 0.3659102732694763, 0.36747336013313997, 0.0023683262833828116, -0.0008476968593082004, -0.00028542653266762385, 0, 0, 0, 0, 0, 0, 0, 0, 0, 0, 0, 0, 0, 0, 0, 2.7678588010085643], "layer_Barinel_score": [0.023145000000000273, 0.02530779999999959, 0.16646821428571365, 0.17082924761904736, 0.0029196888888888186, 0.0005109333333332872, 0, 0, 0, 0, 0, 0, 0, 0, 0, 0, 0, 0, 0, 0, 0, 0, 0.12], "time": 3.8704581260681152}