{"neuron_counts": [3200, 3200, 800, 800, 1600, 1600, 1600, 1600, 256, 256, 512, 512, 512, 512, 512, 512, 128, 128, 128, 512, 512, 512, 2], "neuron_counts_selected": [500, 500, 500, 500, 500, 500, 500, 500, 256, 256, 500, 500, 500, 500, 500, 500, 128, 128, 128, 500, 500, 500, 2], "layer_tarantula_score": [0.39898067199900134, 0.4274127190913303, 0.4773055679598324, 0.4874361591509019, 0.20795166670914, 0.14857888455344295, 0.04948667295350411, 0.03290483844909787, 0.10212030612080898, 0.10212030612080898, 0.0, 0.0, 0.0, 0.0, 0.0, 0.0, 0.0, 0.0, 0.0, 0.0, 0.0, 0.0, 0.4999999052735804], "layer_ochiai_score": [0.1816640692222403, 0.19472431542133126, 0.37521812451370795, 0.3775507862191256, 0.12545820673297828, 0.07508036389941106, 0.019097276512296254, 0.012691815838858481, 0.04083562535664481, 0.04083562535664481, 0.0, 0.0, 0.0, 0.0, 0.0, 0.0, 0.0, 0.0, 0.0, 0.0, 0.0, 0.0, 0.6946430935328672], "layer_D_star_score": [0.3584833506270725, 0.4305197759700226, 2.7543002543006185, 2.449937158141821, 0.9296849581133976, 0.3224522123897192, 0.03694494199476272, 0.02096751602840061, 0.07357415053480465, 0.07357415053480465, 0.0, 0.0, 0.0, 0.0, 0.0, 0.0, 0.0, 0.0, 0.0, 0.0, 0.0, 0.0, 16.61508068941123], "layer_Op2_score": [1.5416097048249475, 1.6709986547330409, 5.409164581267203, 5.376319973833628, 1.642513416114095, 0.8100091722290582, 0.14878755159977614, 0.0975234621395136, 0.3291650099027075, 0.3291650099027075, 0.0, 0.0, 0.0, 0.0, 0.0, 0.0, 0.0, 0.0, 0.0, 0.0, 0.0, 0.0, 16.867883793910273], "layer_Barinel_score": [0.39194479512133384, 0.42023589311625603, 0.46288823604028356, 0.47258763463897546, 0.20344292889269916, 0.1459693460694349, 0.048989848957322904, 0.032512207421722485, 0.10087776545438525, 0.10087776545438525, 0.0, 0.0, 0.0, 0.0, 0.0, 0.0, 0.0, 0.0, 0.0, 0.0, 0.0, 0.0, 0.4825317354690962], "time": 3.5324349403381348}