{"neuron_counts": [3200, 3200, 800, 800, 1600, 1600, 1600, 1600, 256, 256, 512, 512, 512, 512, 512, 512, 128, 128, 128, 512, 512, 512, 2], "neuron_counts_selected": [500, 500, 500, 500, 500, 500, 500, 500, 256, 256, 500, 500, 500, 500, 500, 500, 128, 128, 128, 500, 500, 500, 2], "layer_tarantula_score": [1.6000000000000016e-05, 8.216214463132002e-06, 0.00028342191387367927, 0.0005428549106341058, 0, 0, 0, 0, 0, 0, 0, 0, 0, 0, 0, 0, 0, 0, 0, 0, 0, 0, 0], "layer_ochiai_score": [4.618782908627677e-06, 3.154687393876753e-06, 0.00010100724961886486, 0.00016948514902030256, 0, 0, 0, 0, 0, 0, 0, 0, 0, 0, 0, 0, 0, 0, 0, 0, 0, 0, 0], "layer_D_star_score": [1.4545322315236757e-06, 1.286702880420801e-06, 3.9092587739767626e-05, 5.821927476592635e-05, 0, 0, 0, 0, 0, 0, 0, 0, 0, 0, 0, 0, 0, 0, 0, 0, 0, 0, 0], "layer_Op2_score": [-0.0005542816408454225, -0.000555995914314892, -0.004075396004314333, -0.0030245449961071513, -0.0002854265326676238, 0, 0, 0, 0, 0, 0, 0, 0, 0, 0, 0, 0, 0, 0, 0, 0, 0, 0], "layer_Barinel_score": [1.6000000000000016e-05, 8.000000000002673e-06, 0.00027866666666662577, 0.0005396666666666173, 0, 0, 0, 0, 0, 0, 0, 0, 0, 0, 0, 0, 0, 0, 0, 0, 0, 0, 0], "time": 3.6676547527313232}