{"neuron_counts": [3200, 3200, 800, 800, 1600, 1600, 1600, 1600, 256, 256, 512, 512, 512, 512, 512, 512, 128, 128, 128, 512, 512, 512, 2], "neuron_counts_selected": [500, 500, 500, 500, 500, 500, 500, 500, 256, 256, 500, 500, 500, 500, 500, 500, 128, 128, 128, 500, 500, 500, 2], "layer_tarantula_score": [0.0016100094622090192, 0.001706481422510302, 0.014415645368364068, 0.029153698677850413, 0.00013458335397122426, 5.599565331560645e-05, NaN, NaN, NaN, NaN, NaN, NaN, NaN, NaN, NaN, NaN, NaN, NaN, NaN, NaN, NaN, NaN, NaN], "layer_ochiai_score": [0.00043079721822409723, 0.0005224080356480319, 0.004798518194023074, 0.009664911996314661, 4.332452613548172e-05, 1.6715019218417092e-05, NaN, NaN, NaN, NaN, NaN, NaN, NaN, NaN, NaN, NaN, NaN, NaN, NaN, NaN, NaN, NaN, NaN], "layer_D_star_score": [0.00015134467496878164, 0.00023893649242414655, 0.0023707006602550007, 0.004662290475269197, 2.1845154268215964e-05, 8.673661236025959e-06, NaN, NaN, NaN, NaN, NaN, NaN, NaN, NaN, NaN, NaN, NaN, NaN, NaN, NaN, NaN, NaN, NaN], "layer_Op2_score": [-0.0015813143695693616, -0.002863132974737414, 0.008279105516389312, 0.03931871325028751, -0.0023003602094644085, -0.0012179767320485435, NaN, NaN, NaN, NaN, NaN, NaN, NaN, NaN, NaN, NaN, NaN, NaN, NaN, NaN, NaN, NaN, NaN], "layer_Barinel_score": [0.0016044201992110904, 0.0016922699623196226, 0.014214084166273086, 0.028724746985519373, 0.00013250112850392057, 5.5590184167327596e-05, NaN, NaN, NaN, NaN, NaN, NaN, NaN, NaN, NaN, NaN, NaN, NaN, NaN, NaN, NaN, NaN, NaN], "time": 4.554142713546753}