{"neuron_counts": [3200, 3200, 800, 800, 1600, 1600, 1600, 1600, 256, 256, 512, 512, 512, 512, 512, 512, 128, 128, 128, 512, 512, 512, 2], "neuron_counts_selected": [500, 500, 500, 500, 500, 500, 500, 500, 256, 256, 500, 500, 500, 500, 500, 500, 128, 128, 128, 500, 500, 500, 2], "layer_tarantula_score": [0.401847717126336, 0.4023052210378558, 0.4619242063152561, 0.4593579759402178, 0.21583704949303334, 0.12442732333315103, 0.12923067945856698, 0.07163626791816306, 0.17303320375586573, 0.17303320375586573, 0.019214004954646237, 0.0011912896767149073, 0, 0, 0, 0, 0, 0, 0, 0, 0, 0, 0.49999983974487383], "layer_ochiai_score": [0.3080155752951699, 0.30464848527288796, 0.5536419733091588, 0.5549639127470857, 0.1752363570247295, 0.0881608904887293, 0.09310365521736975, 0.043381315475870666, 0.14728064664923549, 0.14728064664923549, 0.011640289797438573, 0.000558928993452317, 0, 0, 0, 0, 0, 0, 0, 0, 0, 0, 0.6928174362942471], "layer_D_star_score": [0.8551046177188676, 0.7974444000452687, 5.45176898513619, 5.500815767788739, 0.8954773331156032, 0.2937091349288402, 0.29403103013327175, 0.10060233147923218, 0.8953833011769987, 0.8953833011769987, 0.021515239154387716, 0.0005468033660560913, 0, 0, 0, 0, 0, 0, 0, 0, 0, 0, 11.07683787047792], "layer_Op2_score": [2.604797395875744, 2.5431115815744167, 7.527111133291904, 7.601672672652338, 1.6327808007371387, 0.6808220148998929, 0.7259371771915876, 0.2763865730673331, 1.494219067367467, 1.494219067367467, 0.06651953303190532, -0.00032483330833320224, -0.0002854265326676239, 0, 0, 0, 0, 0, 0, 0, 0, 0, 11.071435204034257], "layer_Barinel_score": [0.3844045397256338, 0.3846768783761989, 0.44236641794598003, 0.4398160659818914, 0.20705822197253498, 0.11948285124178638, 0.12396652847821459, 0.0690136586747927, 0.16573502842269555, 0.16573502842269555, 0.018520844846003897, 0.0011512869565216974, 0, 0, 0, 0, 0, 0, 0, 0, 0, 0, 0.48], "time": 3.617445945739746}