{"neuron_counts": [3200, 3200, 800, 800, 1600, 1600, 1600, 1600, 256, 256, 512, 512, 512, 512, 512, 512, 128, 128, 128, 512, 512, 512, 2], "neuron_counts_selected": [500, 500, 500, 500, 500, 500, 500, 500, 256, 256, 500, 500, 500, 500, 500, 500, 128, 128, 128, 500, 500, 500, 2], "layer_tarantula_score": [1.6000000000000016e-05, 7.5338657166766715e-06, 0.0002661358695843995, 0.0005311526453513179, NaN, NaN, NaN, NaN, NaN, NaN, NaN, NaN, NaN, NaN, NaN, NaN, NaN, NaN, NaN, NaN, NaN, NaN, NaN], "layer_ochiai_score": [5.048401960764087e-06, 2.8008243254653116e-06, 8.371877056319246e-05, 0.0001585268339336774, NaN, NaN, NaN, NaN, NaN, NaN, NaN, NaN, NaN, NaN, NaN, NaN, NaN, NaN, NaN, NaN, NaN, NaN, NaN], "layer_D_star_score": [3.1380806706287814e-06, 1.4588018106512757e-06, 3.3152516981658204e-05, 7.258491461781296e-05, NaN, NaN, NaN, NaN, NaN, NaN, NaN, NaN, NaN, NaN, NaN, NaN, NaN, NaN, NaN, NaN, NaN, NaN, NaN], "layer_Op2_score": [-0.0005462425137169127, -0.0004924832477711353, -0.004291583462439676, -0.003167061956537484, -0.0003196191125137242, NaN, NaN, NaN, NaN, NaN, NaN, NaN, NaN, NaN, NaN, NaN, NaN, NaN, NaN, NaN, NaN, NaN, NaN], "layer_Barinel_score": [1.6000000000000016e-05, 7.362126531834763e-06, 0.00026251053677058683, 0.0005287216656885433, NaN, NaN, NaN, NaN, NaN, NaN, NaN, NaN, NaN, NaN, NaN, NaN, NaN, NaN, NaN, NaN, NaN, NaN, NaN], "time": 4.768121004104614}