{"neuron_counts": [1000, 64, 32, 1], "neuron_counts_selected": [1000, 64, 32, 1], "layer_tarantula_score": [0.48559876711443806, 0.4972013598956775, 0.28125000408496487, 0.5000000072621598], "layer_ochiai_score": [0.4983204587709881, 0.5391327855360738, 0.4025110597125806, 0.71557521726681], "layer_D_star_score": [42.635923375738905, 128.64313906528383, 100.3471602795307, 178.39495160805455], "layer_Op2_score": [84.3541905066316, 122.29908019419926, 95.0657595455463, 169.00613557905794], "layer_Barinel_score": [0.49761776381162925, 0.5085412510841683, 0.2880271084337349, 0.5120481927710843], "time": 4.256162643432617}