{"neuron_counts": [1000, 64, 32, 1], "neuron_counts_selected": [100, 64, 32, 1], "layer_tarantula_score": [0.4709690967733563, 0.4566424163758359, 0.15820312729779273, 0.5000000072621598], "layer_ochiai_score": [0.48475766639964213, 0.40943721549123313, 0.22641247108832668, 0.71557521726681], "layer_D_star_score": [39.02823505951027, 92.2874187524893, 56.44527765723604, 178.39495160805455], "layer_Op2_score": [81.81672057311621, 88.61608544195653, 53.474220141391, 169.00613557905794], "layer_Barinel_score": [0.4829766599307249, 0.4679859796402032, 0.16201524849397594, 0.5120481927710843], "time": 0.9536798000335693}