{"neuron_counts": [1000, 64, 32, 1], "neuron_counts_selected": [500, 64, 32, 1], "layer_tarantula_score": [0.4850653064736748, 0.4973419840174049, 0.28125000408496487, 0.5000000072621598], "layer_ochiai_score": [0.4922826710109611, 0.5363492309404436, 0.4025110597125806, 0.71557521726681], "layer_D_star_score": [40.72746022589197, 128.6352580484325, 100.3471602795307, 178.39495160805455], "layer_Op2_score": [82.4389082914673, 122.0821515121003, 95.06595126322009, 169.00613557905794], "layer_Barinel_score": [0.49708281172042496, 0.5081198363804809, 0.2880271084337349, 0.5120481927710843], "time": 2.377626657485962}