{"neuron_counts": [1000, 64, 32, 1], "neuron_counts_selected": [500, 64, 32, 1], "layer_tarantula_score": [0.47324252951826334, 0.4254419611931097, 0.1582031273257456, 0.5000000073505045], "layer_ochiai_score": [0.4766758949440554, 0.4024731531847796, 0.226428613610479, 0.7156262356084273], "layer_D_star_score": [36.23137380497994, 91.70170545450958, 56.12964778438025, 177.3974053432265], "layer_Op2_score": [78.23168194341856, 87.61697683314391, 53.15820331910676, 168.00617345297934], "layer_Barinel_score": [0.4853247780324074, 0.43589199741807, 0.1620383522727273, 0.5121212121212122], "time": 1.7251255512237549}