{"neuron_counts": [1000, 64, 32, 1], "neuron_counts_selected": [500, 64, 32, 1], "layer_tarantula_score": [0.4713885931856756, 0.4339029269758602, 0.15820312729779273, 0.5000000072621598], "layer_ochiai_score": [0.4769291440333184, 0.40457613568019113, 0.22641247108832668, 0.71557521726681], "layer_D_star_score": [36.62882191761753, 92.24881441994287, 56.44527765723604, 178.39495160805455], "layer_Op2_score": [79.0713534197758, 88.2769142004109, 53.47459758556128, 169.00613557905794], "layer_Barinel_score": [0.48339547443595926, 0.444612277461678, 0.16201524849397594, 0.5120481927710843], "time": 2.4724230766296387}