{"neuron_counts": [12, 8, 1], "neuron_counts_selected": [12, 8, 1], "layer_tarantula_score": [0.6944444444444445, 0.25, 1.0], "layer_ochiai_score": [0.22067985361290332, 0.249999987019731, 0.999999948078924], "layer_D_star_score": [22.176347541354215, 2318422500.581972, 9273690002.327887], "layer_Op2_score": [75.15277777777779, 240.75, 963.0], "layer_Barinel_score": [0.6944444444444445, 0.25, 1.0], "time": 0.29941678047180176}