{"neuron_counts": [12, 8, 1], "neuron_counts_selected": [12, 8, 1], "layer_tarantula_score": [0.8333333333333334, 0.5, 1.0], "layer_ochiai_score": [0.30277462019065554, 0.49999998397229267, 0.9999999679445853], "layer_D_star_score": [115.71597741861456, 12164861604.93241, 24329723209.86482], "layer_Op2_score": [209.322062150355, 779.8994038297112, 1559.7988076594224], "layer_Barinel_score": [0.8333333333333334, 0.5, 1.0], "time": 0.3481416702270508}