{"neuron_counts": [600, 600, 400, 400, 100, 100, 1], "neuron_counts_selected": [500, 500, 400, 400, 100, 100, 1], "layer_tarantula_score": [0.38289226124509146, 0.3894892916531436, 0.2827022454836682, 0.2827022454836682, 0.4695933771751098, 0.4695933771751098, 0.4802750973541386], "layer_ochiai_score": [0.11890682100964681, 0.12153865014123626, 0.09398027045975953, 0.09398027045975953, 0.27923277884905146, 0.27923277884905146, 0.28705814311914163], "layer_D_star_score": [0.5130813959137823, 0.5391701393056926, 0.5155313351520016, 0.5155313351520016, 5.101585770671596, 5.101585770671596, 5.035925128188546], "layer_Op2_score": [6.5151301646365045, 6.638268685857952, 5.799113865734102, 5.799113865734102, 27.693503912908987, 27.693503912908987, 28.503731528458385], "layer_Barinel_score": [0.13189142031643178, 0.13527015628619296, 0.09334003380238143, 0.09334003380238143, 0.17456088274365814, 0.17456088274365814, 0.17901234567901236], "time": 5.914267063140869}