{"neuron_counts": [600, 600, 400, 400, 100, 100, 1], "neuron_counts_selected": [500, 500, 400, 400, 100, 100, 1], "layer_tarantula_score": [0.4533097954925473, 0.44720056210089953, 0.37784294893670506, 0.37784294893670506, 0.5086066097678141, 0.5086066097678141, 0.47769542352251126], "layer_ochiai_score": [0.15081119283763245, 0.14794581703108292, 0.14313065532063682, 0.14313065532063682, 0.3168502139293869, 0.3168502139293869, 0.321561308163299], "layer_D_star_score": [1.3064540027324685, 1.2686939764074565, 2.0584584482187243, 2.0584584482187243, 9.723232250676846, 9.723232250676846, 9.84213285917479], "layer_Op2_score": [12.421565549658792, 12.264801962179122, 15.949086195570503, 15.949086195570503, 47.03605386905845, 47.03605386905845, 53.47676248849901], "layer_Barinel_score": [0.16532555037181873, 0.16138153086002568, 0.13725401356078237, 0.13725401356078237, 0.19259784461931545, 0.19259784461931545, 0.1710513256752192], "time": 6.664164781570435}