{"neuron_counts": [600, 600, 400, 400, 100, 100, 1], "neuron_counts_selected": [500, 500, 400, 400, 100, 100, 1], "layer_tarantula_score": [0.2501932706175937, 0.24712914959029597, 0.17023730804614737, 0.17023730804614737, 0.4273388893861822, 0.4273388893861822, 0.4281864328055552], "layer_ochiai_score": [0.03439460917900819, 0.035612487587551145, 0.038756565450317755, 0.038756565450317755, 0.22009286141321158, 0.22009286141321158, 0.26447606986710537], "layer_D_star_score": [0.031734756269267576, 0.03797791733776713, 0.17927105628114645, 0.17927105628114645, 4.163700856665926, 4.163700856665926, 6.204685601048485], "layer_Op2_score": [1.004067519915806, 1.0757276972172616, 2.9322685024509094, 2.9322685024509094, 29.801259943666857, 29.801259943666857, 42.696726009264445], "layer_Barinel_score": [0.11974918003855237, 0.11760160478315368, 0.05820176599651638, 0.05820176599651638, 0.1464911596330155, 0.1464911596330155, 0.14452908385649565], "time": 6.798621654510498}