{"neuron_counts": [5, 1], "neuron_counts_selected": [5, 1], "layer_tarantula_score": [0.6400000000000001, 1.0], "layer_ochiai_score": [0.3329982825703905, 0.9999993955201448], "layer_D_star_score": [6.392257730637297, 68418816.34155442], "layer_Op2_score": [14.60167266017698, 82.71566740577367], "layer_Barinel_score": [0.6400000000000001, 1.0], "time": 0.0688929557800293}