{"neuron_counts": [5, 1], "neuron_counts_selected": [5, 1], "layer_tarantula_score": [1.0, 1.0], "layer_ochiai_score": [0.8022856393831771, 0.9999990196092848], "layer_D_star_score": [1040736.4740428233, 26009999.999136556], "layer_Op2_score": [33.2, 51.0], "layer_Barinel_score": [1.0, 1.0], "time": 0.06594133377075195}