{"neuron_counts": [512, 256, 256, 1], "neuron_counts_selected": [200, 200, 200, 1], "layer_tarantula_score": [1.0, 0.9506249999999999, 1.0, 1.0], "layer_ochiai_score": [0.24393202797064872, 0.5780596414827577, 0.6920854321045572, 0.702376906214775], "layer_D_star_score": [25.88694389948602, 770.2470658526673, 1459.0521215143226, 1585.1577999307533], "layer_Op2_score": [225.76352500000002, 1172.3262249999998, 1581.00135, 1628.0], "layer_Barinel_score": [1.0, 0.9506249999999999, 1.0, 1.0], "time": 18.32659077644348}