{"neuron_counts": [512, 256, 256, 1], "neuron_counts_selected": [500, 256, 256, 1], "layer_tarantula_score": [0.0, 0.8046875, 1.0, 1.0], "layer_ochiai_score": [0.0, 0.2297012175170266, 0.6533370832476125, 0.6963809930138423], "layer_D_star_score": [0.0, 149.7298901134625, 1926.816532111357, 2728.8338541443013], "layer_Op2_score": [0.0, 494.50475430119354, 2553.9785723085924, 2898.248566022481], "layer_Barinel_score": [0.0, 0.8046875, 1.0, 1.0], "time": 36.26764750480652}