{"neuron_counts": [512, 256, 256, 1], "neuron_counts_selected": [200, 200, 200, 1], "layer_tarantula_score": [1.0, 0.975, 1.0, 1.0], "layer_ochiai_score": [0.3024405120037976, 0.6281154027500875, 0.6985293054352733, 0.7030626316726931], "layer_D_star_score": [215.55437624372556, 2847.8532363214113, 2795.729482739283, 2887.5026966414257], "layer_Op2_score": [637.1027032643246, 2459.8387757172854, 2917.1336113414686, 2954.1316293979144], "layer_Barinel_score": [1.0, 0.975, 1.0, 1.0], "time": 21.840282917022705}