{"neuron_counts": [512, 256, 256, 1], "neuron_counts_selected": [100, 100, 100, 1], "layer_tarantula_score": [0.9801, 0.9603999999999999, 1.0, 1.0], "layer_ochiai_score": [0.27139486076039815, 0.5691559798487681, 0.69018841450574, 0.7030626316726931], "layer_D_star_score": [54.342472316484695, 1326.2469392136331, 2599.59650639522, 2887.5026966414257], "layer_Op2_score": [476.0949709395269, 2038.8651652743215, 2847.5269627792673, 2954.1316293979144], "layer_Barinel_score": [0.9801, 0.9603999999999999, 1.0, 1.0], "time": 11.113850355148315}