{"neuron_counts": [512, 256, 256, 1], "neuron_counts_selected": [500, 256, 256, 1], "layer_tarantula_score": [NaN, 0.2088775634765625, 1.0, 1.0], "layer_ochiai_score": [NaN, 0.01875587018942314, 0.5704342572793907, 0.6937364603264057], "layer_D_star_score": [NaN, 1.2466806869807996, 1156.5885742299236, 2668.5709737179677], "layer_Op2_score": [NaN, 17.211694507993997, 2023.2796040976316, 2876.2779493360067], "layer_Barinel_score": [NaN, 0.2088775634765625, 1.0, 1.0], "time": 35.567298889160156}