{"neuron_counts": [784, 14, 1], "neuron_counts_selected": [200, 14, 1], "layer_tarantula_score": [1.0, 1.0, 1.0], "layer_ochiai_score": [0.5091791070886331, 0.34526884854735845, 0.7143303449380226], "layer_D_star_score": [731.4053600478703, 526.8568042315036, 1511.9729982051272], "layer_Op2_score": [833.7926887387415, 577.3758202188253, 1451.1237808707654], "layer_Barinel_score": [1.0, 1.0, 1.0], "time": 3.7786946296691895}