{"neuron_counts": [784, 14, 1], "neuron_counts_selected": [500, 14, 1], "layer_tarantula_score": [0.7569, 0.6173469387755102, 1.0], "layer_ochiai_score": [0.16135796891241921, 0.1948543759994301, 0.7120488645764962], "layer_D_star_score": [25.266691573282476, 91.750115039629, 1482.8953458766878], "layer_Op2_score": [139.18786118222567, 241.18904837592413, 1441.869173566385], "layer_Barinel_score": [0.7569, 0.6173469387755102, 1.0], "time": 7.47205924987793}