{"neuron_counts": [784, 14, 1], "neuron_counts_selected": [500, 14, 1], "layer_tarantula_score": [1.0, 1.0, 1.0], "layer_ochiai_score": [0.6405801825219455, 0.5052570410612363, 0.7143303449380226], "layer_D_star_score": [2066.69900849535, 1349.5160927923466, 1511.9729982051272], "layer_Op2_score": [1269.0601758912167, 978.4728612054032, 1451.1237808707654], "layer_Barinel_score": [1.0, 1.0, 1.0], "time": 7.557317733764648}