{"neuron_counts": [784, 14, 1], "neuron_counts_selected": [200, 14, 1], "layer_tarantula_score": [1.0, 0.7346938775510204, 1.0], "layer_ochiai_score": [0.4002346683799871, 0.29572630304170916, 0.7139045840428685], "layer_D_star_score": [370.8737295044447, 342.889219393273, 1506.5009270209264], "layer_Op2_score": [597.8539798405488, 480.65929121272353, 1449.3944755380655], "layer_Barinel_score": [1.0, 0.7346938775510204, 1.0], "time": 3.7158775329589844}