{"neuron_counts": [784, 14, 1], "neuron_counts_selected": [200, 14, 1], "layer_tarantula_score": [0.24009999999999998, 0.25, 1.0], "layer_ochiai_score": [0.030028600589305517, 0.0660754760170956, 0.7111450703080441], "layer_D_star_score": [0.9227678019476073, 32.68992554113126, 1471.5413207873585], "layer_Op2_score": [15.668352164753822, 88.55807125444247, 1438.2112053505355], "layer_Barinel_score": [0.24009999999999998, 0.25, 1.0], "time": 3.694186210632324}