{"neuron_counts": [784, 14, 1], "neuron_counts_selected": [500, 14, 1], "layer_tarantula_score": [0.828, 0.7857142857142857, 1.0], "layer_ochiai_score": [0.2592403675723059, 0.3403681266207211, 0.7120488645764962], "layer_D_star_score": [82.7312395036961, 326.7029235694082, 1482.8953458766878], "layer_Op2_score": [294.5425968490403, 519.3746333512339, 1441.869173566385], "layer_Barinel_score": [0.828, 0.7857142857142857, 1.0], "time": 7.497927665710449}