{"neuron_counts": [55040, 27520, 13760, 27520, 55040, 1290], "neuron_counts_selected": [500, 500, 500, 500, 500, 500], "layer_tarantula_score": [0.988036, 0.770884, 0.6400000000000001, 0.6400000000000001, 0.4624, 0.43296399999999996], "layer_ochiai_score": [0.41998095408788133, 0.3632444506325217, 0.3110191867730721, 0.3289854834997872, 0.20422880480756195, 0.27116608016465055], "layer_D_star_score": [6.260391007895565, 420.0359571765233, 336434.80925401876, 32446.492770776083, 1613.8850954509853, 13.059764616311677], "layer_Op2_score": [19.088764, 20.517564000000004, 19.229011999999997, 20.361459999999997, 11.222492, 17.223080000000003], "layer_Barinel_score": [0.988036, 0.770884, 0.6400000000000001, 0.6400000000000001, 0.4624, 0.43296399999999996], "time": 3.3701562881469727}