{"neuron_counts": [55040, 27520, 13760, 27520, 55040, 1290], "neuron_counts_selected": [100, 100, 100, 100, 100, 100], "layer_tarantula_score": [1.0, 0.7569, 0.6724, 0.5041, 0.33640000000000003, 0.5184], "layer_ochiai_score": [0.4091572272717829, 0.3688952775673296, 0.3239060359565442, 0.281020676960453, 0.14856835603531462, 0.32438829414391973], "layer_D_star_score": [8.10718478670362, 31.687319441942844, 1735735.7066703886, 85783.75126920616, 18.930167953545556, 25.517381355342817], "layer_Op2_score": [26.44424401027855, 31.027648952550184, 28.27280123525695, 25.806266178580344, 12.456767565425885, 30.366209545832525], "layer_Barinel_score": [1.0, 0.7569, 0.6724, 0.5041, 0.33640000000000003, 0.5184], "time": 0.9921290874481201}