{"neuron_counts": [55040, 27520, 13760, 27520, 55040, 1290], "neuron_counts_selected": [500, 500, 500, 500, 500, 500], "layer_tarantula_score": [0.028, 0.242, 0.384, 0.246, 0.166, 0.668], "layer_ochiai_score": [0.0030233449909209094, 0.038556144166552404, 0.11603584226755365, 0.05272627026202768, 0.03189676244576473, 0.2964724847819948], "layer_D_star_score": [0.0007631616231725057, 0.07881324085224592, 1.4243815384859535, 0.20571389608722324, 0.11153322002795199, 7.103276698962543], "layer_Op2_score": [0.049806584149621184, 1.102105203136292, 6.111893537767959, 1.9426456674240105, 1.097162534496009, 20.25688686024074], "layer_Barinel_score": [0.028, 0.242, 0.384, 0.246, 0.166, 0.668], "time": 3.955230712890625}