{"neuron_counts": [55040, 27520, 13760, 27520, 55040, 1290], "neuron_counts_selected": [500, 500, 500, 500, 500, 500], "layer_tarantula_score": [0.994, 0.864, 0.846, 0.736, 0.706, 0.668], "layer_ochiai_score": [0.49355066699228656, 0.5116306061572291, 0.5485043134777052, 0.48869481206117305, 0.43090167762635667, 0.45537992768600793], "layer_D_star_score": [19.824128329337153, 428821.1920628308, 13714348.676547071, 1714607.9546419806, 2571692.360994959, 52.4398236560971], "layer_Op2_score": [38.23550234396693, 51.37531044021434, 60.34022268735732, 52.58006486248641, 44.65685979337578, 46.164356701880564], "layer_Barinel_score": [0.994, 0.864, 0.846, 0.736, 0.706, 0.668], "time": 4.000820875167847}