{"neuron_counts": [55040, 27520, 13760, 27520, 55040, 1290], "neuron_counts_selected": [500, 500, 500, 500, 500, 500], "layer_tarantula_score": [0.988036, 0.7464959999999999, 0.7157159999999999, 0.541696, 0.49843599999999993, 0.44622399999999995], "layer_ochiai_score": [0.4205490182650112, 0.3419595803361274, 0.3592461988999631, 0.29371008792933284, 0.23508479307071325, 0.2827061814304386], "layer_D_star_score": [9.368058225073957, 887.609710059853, 877766.4074282245, 13756.600675489346, 30887.45458104382, 21.11261044726582], "layer_Op2_score": [28.16045373206706, 27.9652877913272, 32.48212354978377, 26.65615311268371, 19.831598733856335, 26.57751716332665], "layer_Barinel_score": [0.988036, 0.7464959999999999, 0.7157159999999999, 0.541696, 0.49843599999999993, 0.44622399999999995], "time": 4.157271385192871}