{"neuron_counts": [55040, 27520, 13760, 27520, 55040, 1290], "neuron_counts_selected": [500, 500, 500, 500, 500, 500], "layer_tarantula_score": [0.051075999999999996, 0.331776, 0.30030400000000007, 0.1681, 0.063504, 0.41473600000000005], "layer_ochiai_score": [0.005804319886433429, 0.05311237573827039, 0.08189362959853351, 0.03849558383459066, 0.010854858011163326, 0.19285849556899373], "layer_D_star_score": [0.0013280574063915822, 0.05668659173494743, 0.8133611412699426, 0.12664322784746104, 0.021893728828913786, 3.2476244929904006], "layer_Op2_score": [0.06965199999999999, 0.982012, 2.9316519999999997, 1.044128, 0.2302639999999999, 9.263959999999999], "layer_Barinel_score": [0.051075999999999996, 0.331776, 0.30030400000000007, 0.1681, 0.063504, 0.41473600000000005], "time": 3.3301780223846436}