{"neuron_counts": [160, 160, 160, 160, 80, 80, 80, 80, 80, 64, 64, 64, 1], "neuron_counts_selected": [160, 160, 160, 160, 80, 80, 80, 80, 80, 64, 64, 64, 1], "layer_tarantula_score": [0.3272271774668003, 0.39984934770584213, 0.39984934770584213, 0.39984934770584213, 0.35719126033036225, 0.35909852334071113, 0.35909852334071113, 0.35909852334071113, 0.35909852334071113, 0.33324772771061595, 0.3534726220295857, 0.3534726220295857, 0.5000000488757025], "layer_ochiai_score": [0.12468746942518646, 0.2276559052473019, 0.2276559052473019, 0.2276559052473019, 0.20384716197837005, 0.1911967807195641, 0.1911967807195641, 0.1911967807195641, 0.1911967807195641, 0.14811769536908595, 0.18138668501789174, 0.18138668501789174, 0.7180692428343765], "layer_D_star_score": [0.1256753107815345, 0.7206389995986547, 0.7206389995986547, 0.7206389995986547, 0.6209058355814531, 0.48790473033706966, 0.48790473033706966, 0.48790473033706966, 0.48790473033706966, 0.34619025814235793, 0.46595834180426876, 0.46595834180426876, 35.12891893897116], "layer_Op2_score": [1.4205849420197125, 3.9664043524229204, 3.9664043524229204, 3.9664043524229204, 3.497329665083078, 3.053662605741857, 3.053662605741857, 3.053662605741857, 3.053662605741857, 2.0161137634262283, 2.8235176123595123, 2.8235176123595123, 32.03125302733429], "layer_Barinel_score": [0.33689015151515145, 0.413036516538654, 0.413036516538654, 0.413036516538654, 0.3694646164246939, 0.37100512309516037, 0.37100512309516037, 0.37100512309516037, 0.37100512309516037, 0.3397804425392317, 0.3615923647678086, 0.3615923647678086, 0.515625], "time": 0.7147345542907715}