{"neuron_counts": [492032, 123008, 215296, 53824, 93312, 21632, 30976, 6400, 6400, 1], "neuron_counts_selected": [1000, 1000, 1000, 1000, 1000, 1000, 1000, 1000, 1000, 1], "layer_tarantula_score": [1.0, 1.0, 0.514089, 0.49280399999999996, 0.4096, 0.42120100000000005, 0.19272099999999998, 0.19272099999999998, 0.1764, 1.0], "layer_ochiai_score": [0.6902496797263269, 0.972790323762382, 0.5140879718250844, 0.4928030143949573, 0.4095991808024577, 0.42120015760052737, 0.19272061455915682, 0.1927206145591557, 0.17639964720105902, 0.9999980000060001], "layer_D_star_score": [12.378387195370347, 1215834.0211264025, 3213056.250007486, 3080025.0000071796, 2560000.000005968, 2632506.250006134, 1204506.250002808, 1204506.2500028072, 1102500.0000025716, 6250000.000014566], "layer_Op2_score": [12.003986, 23.668080999999997, 12.852225000000002, 12.3201, 10.24, 10.530025000000002, 4.818025, 4.818025, 4.41, 25.0], "layer_Barinel_score": [1.0, 1.0, 0.514089, 0.49280399999999996, 0.4096, 0.42120100000000005, 0.19272099999999998, 0.19272099999999998, 0.1764, 1.0], "time": 5.130083084106445}