{"neuron_counts": [492032, 123008, 215296, 53824, 93312, 21632, 30976, 6400, 6400, 1], "neuron_counts_selected": [500, 500, 500, 500, 500, 500, 500, 500, 500, 1], "layer_tarantula_score": [1.0, 1.0, 0.696, 0.666, 0.65, 0.596, 0.46, 0.414, 0.452, 1.0], "layer_ochiai_score": [0.7319841047701486, 0.9849701273182498, 0.695998608004176, 0.6659986680039961, 0.6499987000039, 0.5959988080035761, 0.45999908000276, 0.41399917200248404, 0.451999096002712, 0.9999980000060001], "layer_D_star_score": [19.099656024916516, 3050232.8254501056, 4350000.000010137, 4162500.0000097007, 4062500.000009468, 3725000.0000086813, 2875000.0000067, 2587500.0000060303, 2825000.0000065835, 6250000.000014566], "layer_Op2_score": [13.516, 24.262, 17.4, 16.65, 16.25, 14.9, 11.5, 10.35, 11.3, 25.0], "layer_Barinel_score": [1.0, 1.0, 0.696, 0.666, 0.65, 0.596, 0.46, 0.414, 0.452, 1.0], "time": 1.9413180351257324}