{"neuron_counts": [492032, 123008, 215296, 53824, 93312, 21632, 30976, 6400, 6400, 1], "neuron_counts_selected": [500, 500, 500, 500, 500, 500, 500, 500, 500, 1], "layer_tarantula_score": [1.0, 1.0, 0.48441599999999996, 0.44355599999999995, 0.42250000000000004, 0.355216, 0.21159999999999998, 0.171396, 0.20430399999999999, 1.0], "layer_ochiai_score": [0.6739307240322783, 0.9688081760905013, 0.484415031170906, 0.44355511289066096, 0.4224991550025344, 0.35521528957013115, 0.21159957680126945, 0.17139565720902827, 0.20430359139322565, 0.9999980000060001], "layer_D_star_score": [10.859547128658619, 846737.1992092218, 3027600.000007056, 2772225.000006462, 2640625.0000061523, 2220100.0000051744, 1322500.0000030815, 1071225.0000024964, 1276900.000002975, 6250000.000014566], "layer_Op2_score": [11.452252, 23.475792, 12.110399999999998, 11.088899999999997, 10.5625, 8.8804, 5.289999999999999, 4.2849, 5.1076, 25.0], "layer_Barinel_score": [1.0, 1.0, 0.48441599999999996, 0.44355599999999995, 0.42250000000000004, 0.355216, 0.21159999999999998, 0.171396, 0.20430399999999999, 1.0], "time": 2.069587469100952}