{"neuron_counts": [492032, 123008, 215296, 53824, 93312, 21632, 30976, 6400, 6400, 1], "neuron_counts_selected": [2000, 2000, 2000, 2000, 2000, 2000, 2000, 2000, 2000, 1], "layer_tarantula_score": [1.0, 1.0, 0.6965, 0.727, 0.6435, 0.6305, 0.442, 0.464, 0.4425, 1.0], "layer_ochiai_score": [0.7282706034880025, 0.9824331658256193, 0.6964986070041791, 0.7269985460043621, 0.6434987130038611, 0.6304987390037831, 0.44199911600265207, 0.463999072002784, 0.442499115002655, 0.9999980000060001], "layer_D_star_score": [18.304609020877155, 2697127.9059685296, 4353125.000010145, 4543750.000010589, 4021875.000009373, 3940625.000009184, 2762500.0000064382, 2900000.0000067586, 2765625.000006445, 6250000.000014566], "layer_Op2_score": [13.382, 24.139, 17.4125, 18.175, 16.0875, 15.7625, 11.05, 11.6, 11.0625, 25.0], "layer_Barinel_score": [1.0, 1.0, 0.6965, 0.727, 0.6435, 0.6305, 0.442, 0.464, 0.4425, 1.0], "time": 7.997142553329468}