{"neuron_counts": [80, 80, 8], "neuron_counts_selected": [80, 80, 8], "layer_tarantula_score": [0.45, 0.5375, 1.0], "layer_ochiai_score": [0.4499775016873594, 0.5374731270154571, 0.9999500037496877], "layer_D_star_score": [4500.000000000495, 5375.000000000591, 10000.0000000011], "layer_Op2_score": [0.45, 0.5375, 1.0], "layer_Barinel_score": [0.45, 0.5375, 1.0], "time": 0.6462328433990479}