{"neuron_counts": [80, 80, 8], "neuron_counts_selected": [80, 80, 8], "layer_tarantula_score": [0.140625, 0.23765625, 1.0], "layer_ochiai_score": [0.14061796927730008, 0.2376443680786367, 0.9999500037496877], "layer_D_star_score": [1406.250000000154, 2376.5625000002615, 10000.0000000011], "layer_Op2_score": [0.140625, 0.23765625, 1.0], "layer_Barinel_score": [0.140625, 0.23765625, 1.0], "time": 0.6858770847320557}