{"neuron_counts": [80, 80, 8], "neuron_counts_selected": [80, 80, 8], "layer_tarantula_score": [0.20249999999999999, 0.28890625, 1.0], "layer_ochiai_score": [0.2024898757593118, 0.28889180577080836, 0.9999500037496877], "layer_D_star_score": [2025.000000000221, 2889.0625000003192, 10000.0000000011], "layer_Op2_score": [0.20249999999999999, 0.28890625, 1.0], "layer_Barinel_score": [0.20249999999999999, 0.28890625, 1.0], "time": 0.6281585693359375}