{"neuron_counts": [14, 128, 128, 1], "neuron_counts_selected": [14, 128, 128, 1], "layer_tarantula_score": [1.0, 0.77935791015625, 0.92340087890625, 1.0], "layer_ochiai_score": [0.41163867372505236, 0.2942303387109884, 0.7841386638354059, 0.8366558432653174], "layer_D_star_score": [0.4795854282262535, 0.26312157835904076, 19.806853309309194, 16.332788907036434], "layer_Op2_score": [1.7653061224489797, 1.15960693359375, 6.67962646484375, 7.0], "layer_Barinel_score": [1.0, 0.77935791015625, 0.92340087890625, 1.0], "time": 0.11636710166931152}