{"neuron_counts": [14, 128, 128, 1], "neuron_counts_selected": [14, 128, 128, 1], "layer_tarantula_score": [1.0, 1.0, 0.9384765625, 1.0], "layer_ochiai_score": [0.6543755630040702, 0.6894389315321634, 0.8367318087373347, 0.8366558432653174], "layer_D_star_score": [3.8658072627913445, 6.027189593197152, 13764.137525351693, 16.332788907036434], "layer_Op2_score": [4.326530612244897, 4.86309814453125, 7.47198486328125, 7.0], "layer_Barinel_score": [1.0, 1.0, 0.9384765625, 1.0], "time": 0.12119936943054199}