{"neuron_counts": [14, 128, 128, 1], "neuron_counts_selected": [14, 128, 128, 1], "layer_tarantula_score": [1.0, 0.98443603515625, 0.92340087890625, 1.0], "layer_ochiai_score": [0.49175835540983653, 0.4491671346663077, 0.8056503371657167, 0.8890437686763119], "layer_D_star_score": [1.927952759240655, 1.590208198114447, 50.597312274205194, 51.734116935975386], "layer_Op2_score": [4.3632643184867455, 3.786564332224428, 12.23992330262982, 13.719063730900352], "layer_Barinel_score": [1.0, 0.98443603515625, 0.92340087890625, 1.0], "time": 0.11331987380981445}