{"neuron_counts": [14, 128, 128, 1], "neuron_counts_selected": [14, 128, 128, 1], "layer_tarantula_score": [1.0, 1.0, 0.9384765625, 1.0], "layer_ochiai_score": [0.6250610284008401, 0.5736994610380007, 0.8290278122891, 0.8366558432653174], "layer_D_star_score": [2.8104453466083825, 2.52197202566896, 578.0088052427628, 16.332788907036434], "layer_Op2_score": [3.9387755102040822, 3.4365234375, 7.33892822265625, 7.0], "layer_Barinel_score": [1.0, 1.0, 0.9384765625, 1.0], "time": 0.11783218383789062}