{"neuron_counts": [131700, 100, 10, 1], "neuron_counts_selected": [2000, 100, 10, 1], "layer_tarantula_score": [4.2499999999999705e-05, 0, 0, 0.5], "layer_ochiai_score": [4.568603818608457e-06, 0, 0, 0.7071064276334221], "layer_D_star_score": [5.3734293246528e-07, 0, 0, 99.9999000001], "layer_Op2_score": [-0.00013742555675646, 0, 0, 99.00990197039408], "layer_Barinel_score": [4.2499999999999705e-05, 0, 0, 0.5], "time": 6.20736026763916}