{"neuron_counts": [350464, 350464, 165888, 165888, 36992, 36992, 8192, 8192, 8192, 1024, 5], "neuron_counts_selected": [200, 200, 200, 200, 200, 200, 200, 200, 200, 200, 5], "layer_tarantula_score": [0.2317554124586735, 0.2726345587496734, 0.08236997486807283, 0.11293878597229708, 0.2530208572789452, 0.2815763470121531, 0.004053948777383653, 0.005568037953993301, 0.01597614746564361, 0.001009189354389237, 0], "layer_ochiai_score": [0.047301396705523496, 0.05646821571089275, 0.01214321036357971, 0.015046521556985536, 0.04233260732403029, 0.043092006540115635, 0.00039286650734937715, 0.0006055964648404108, 0.0013286033703665053, 0.00016482680604752248, 0], "layer_D_star_score": [3.336400165119897, 4.683549330589324, 0.07847134369090909, 0.0532273611822021, 0.3983509578807294, 0.21800608889083445, 0.00022150508363293645, 0.00018339186382512924, 0.0002657159520014572, 0.0003517027354161029, 0], "layer_Op2_score": [10.085667764892435, 11.987139628127885, 1.1624752810044219, 1.3336326064826296, 5.125299641346943, 4.422643295586753, 0.021429210692343107, 0.03225295532527696, 0.05986108433337931, 0.014427410486214558, 0], "layer_Barinel_score": [0.2865445887106965, 0.33790039706548763, 0.10170897344817709, 0.1363610484548428, 0.31371854132325694, 0.3407092544221902, 0.0049164767543001375, 0.0072839036645167745, 0.018914973408446365, 0.0014088092670740647, 0], "time": 12.57841157913208}