{"neuron_counts": [350464, 350464, 165888, 165888, 36992, 36992, 8192, 8192, 8192, 1024, 5], "neuron_counts_selected": [200, 200, 200, 200, 200, 200, 200, 200, 200, 200, 5], "layer_tarantula_score": [0.2304258702021908, 0.2352477861002436, 0.08290188609865747, 0.06336316129304548, 0.09042993145252395, 0.10329823765893564, 0.0009481978157116605, 0.001383335558508855, 0.001448367387714575, 3.3199540671253596e-05, 0], "layer_ochiai_score": [0.04974577428053612, 0.06170602767492117, 0.013770003246248663, 0.008743931848356687, 0.011960373983857268, 0.012456134566274825, 6.574344147194462e-05, 0.00013930716437476946, 0.00011490554889430959, 2.011081873205487e-05, 0], "layer_D_star_score": [4.167277996552456, 7.8976047986036875, 0.15603217408890319, 0.024512627456589144, 0.06261509475246493, 0.05547375000768793, 7.6214602246803076e-06, 6.983447252194724e-05, 5.412752543915838e-05, 0.0005220599775821338, 0], "layer_Op2_score": [11.022383664112283, 16.14750903793265, 1.648336855041489, 0.7287631257075725, 1.086522639956942, 1.1030461884981653, 0.002167231356611682, 0.007274026149256953, 0.00519651822606657, 0.005868494568678195, 0], "layer_Barinel_score": [0.28488274727947505, 0.2977920226232879, 0.10481950183390729, 0.07897315534581134, 0.1126066684315623, 0.12208486279923579, 0.001062799014389446, 0.0017186535961352673, 0.0016514042460119675, 4.592926407645297e-05, 0], "time": 12.527788639068604}