{"neuron_counts": [350464, 350464, 165888, 165888, 36992, 36992, 8192, 8192, 8192, 1024, 5], "neuron_counts_selected": [100, 100, 100, 100, 100, 100, 100, 100, 100, 100, 5], "layer_tarantula_score": [0.3249981688149028, 0.30102788083882154, 0.09905613104337622, 0.16519626226377387, 0.5150286721122529, 0.5013695350535224, 0.07614338501541724, 0.056631321251151036, 0.030744444312971363, 0.14487907839030695, 0.49407600813249064], "layer_ochiai_score": [0.07009615888109846, 0.06041142721272783, 0.01882578881280804, 0.027936501431745222, 0.15918174065173146, 0.14668558629461545, 0.00820835583280005, 0.007617683580414434, 0.004848597386518639, 0.030302796794858467, 0.5588040708513228], "layer_D_star_score": [2.718217096954147, 2.681210167488323, 0.18396996176446542, 0.18875596484575557, 4.110752749939137, 3.92430094935766, 0.0016628746617609429, 0.0040968296699738956, 0.0029588936332694167, 2.824350656290156, 262.6498663702598], "layer_Op2_score": [8.71114766832014, 6.8548485171283, 1.510632767986056, 1.9278655341848727, 21.037287676345667, 19.363910228719057, 0.26929617102290493, 0.3239710647782718, 0.2341570223161594, 4.161111919569411, 218.12783000517874], "layer_Barinel_score": [0.4146371146168237, 0.3751066804285421, 0.13019023321765086, 0.21085834982179852, 0.6468967737094297, 0.6310084022535827, 0.09625683838383858, 0.07160138073914404, 0.042496626004713996, 0.1835897405359872, 0.6332998835168728], "time": 7.051307916641235}