{"neuron_counts": [350464, 350464, 165888, 165888, 36992, 36992, 8192, 8192, 8192, 1024, 5], "neuron_counts_selected": [500, 500, 500, 500, 500, 500, 500, 500, 500, 500, 5], "layer_tarantula_score": [0.2880248714949218, 0.28807780405392747, 0.1663600114994042, 0.12209936097907509, 0.5127282675166117, 0.5013084398309218, 0.05940778705808872, 0.032857122964289796, 0.05486582992571004, 0.12406697203163987, 0.49407600813249064], "layer_ochiai_score": [0.0692149396202064, 0.06151296213578233, 0.02677747743506202, 0.021076665995528907, 0.175224177828152, 0.17046093199343212, 0.00762855206249836, 0.00432442488634634, 0.007500232699905929, 0.02543589294003326, 0.5588040708513228], "layer_D_star_score": [4.476060282944954, 2.738414214273999, 0.05990378350615975, 0.15541031172872885, 4.729655252134674, 5.049987464904904, 0.002894413517926426, 0.0015645733271174166, 0.0035907390164146365, 2.250444896709174, 262.6498663702598], "layer_Op2_score": [9.95494457166618, 7.631709165059951, 1.6176959680493677, 1.4800870657774305, 24.86833031835138, 24.52633195215318, 0.30273196697192895, 0.17217743060194543, 0.31359174587925814, 3.5622562765497072, 218.12783000517874], "layer_Barinel_score": [0.3652844158464848, 0.36553745062734433, 0.21117968571376994, 0.15736995545452065, 0.6448847644610828, 0.6309946711871258, 0.07705558488332301, 0.04313482534804853, 0.07336179421993937, 0.1588744804047145, 0.6332998835168728], "time": 29.014339923858643}