{"neuron_counts": [350464, 350464, 165888, 165888, 36992, 36992, 8192, 8192, 8192, 1024, 5], "neuron_counts_selected": [1000, 1000, 1000, 1000, 1000, 1000, 1000, 1000, 1000, 1000, 5], "layer_tarantula_score": [0.2882156072009698, 0.29309499759155444, 0.15122732918940585, 0.15800307037186836, 0.5053973254757336, 0.49873896363218323, 0.04899681870093039, 0.04190356449536594, 0.05054394644694888, 0.11398775057653303, 0.4853539329889042], "layer_ochiai_score": [0.0649476826772181, 0.06877331661141829, 0.023727873248061665, 0.026181986251197737, 0.16674420601505638, 0.1623302355958693, 0.006265046185112527, 0.005209588079801098, 0.006171340855704332, 0.022255289357444766, 0.5226028831242331], "layer_D_star_score": [5.716584019834753, 7.495724470296487, 0.16647395253028316, 0.15805093399569026, 8.163419839923566, 6.800198636285263, 0.005026502418627636, 0.003535398229808749, 0.0033118402316411983, 3.279400335002725, 403.2491451785454], "layer_Op2_score": [14.284941594163119, 16.64393469009745, 2.4609685649740594, 2.7480970709409895, 38.89299935357652, 36.531275909479994, 0.42100046696505705, 0.33371882524898083, 0.38108409537383015, 4.934154681690483, 332.6122212935255], "layer_Barinel_score": [0.3608588552679842, 0.3666566311114075, 0.1893545217372678, 0.19766588153563852, 0.6279009332545668, 0.6186060669635557, 0.06357224710649546, 0.053827361894194695, 0.06500925433305843, 0.14562897516088494, 0.6169683685229076], "time": 53.96891760826111}