{"neuron_counts": [350464, 350464, 165888, 165888, 36992, 36992, 8192, 8192, 8192, 1024, 5], "neuron_counts_selected": [100, 100, 100, 100, 100, 100, 100, 100, 100, 100, 5], "layer_tarantula_score": [0.5167035672606477, 0.46229456380690676, 0.3912826868694851, 0.4106815191328836, 0.6147191990840654, 0.5860403507323938, 0.13845677216193467, 0.1546521864067612, 0.15148775389559102, 0.2985468157670791, 0.4972801950040906], "layer_ochiai_score": [0.16259066207894374, 0.13872751174490977, 0.0655941395870682, 0.07210835141399728, 0.2426393116286605, 0.24690926332981, 0.018159351982321614, 0.018426365566987183, 0.016231185844943284, 0.10755340849906771, 0.6226420064494953], "layer_D_star_score": [56.88401243963817, 35.093851519919696, 0.5583031108977853, 1.3641031798040502, 30.138862357571483, 27.810741571718754, 0.06584257299820281, 0.021553774927492678, 0.015671121695418174, 60.42470834373582, 668.3470636316986], "layer_Op2_score": [73.2255943089197, 53.18331547674151, 9.652451733714695, 11.981372628961289, 80.1514847076889, 82.3003903433154, 1.9757938529385644, 1.5476548986756986, 1.2987774015213405, 55.84710170000196, 455.1003439506347], "layer_Barinel_score": [0.5890518085862536, 0.5324222356169276, 0.44688550102043073, 0.46461527031273936, 0.7229953764677945, 0.6993608577609404, 0.16454762084775798, 0.18777692770206011, 0.17339787931078393, 0.3508075563807249, 0.6281384386599479], "time": 7.234538316726685}