{"neuron_counts": [350464, 350464, 165888, 165888, 36992, 36992, 8192, 8192, 8192, 1024, 5], "neuron_counts_selected": [2000, 2000, 2000, 2000, 2000, 2000, 2000, 2000, 2000, 1024, 5], "layer_tarantula_score": [0.298794244086687, 0.2996654534268953, 0.17204083367393622, 0.16711235474793223, 0.4963217247721502, 0.49958663586786317, 0.04117502594434401, 0.04805548841598382, 0.04089370053429634, 0.10816987953399931, 0.4853539329889042], "layer_ochiai_score": [0.06716811611591704, 0.0643989217692897, 0.026287384913685725, 0.025991690554217486, 0.16893957792767542, 0.16808257613590852, 0.0054026232950595415, 0.005874707260750139, 0.005274885938596021, 0.022397838527087734, 0.5226028831242331], "layer_D_star_score": [6.027065948619635, 5.720191765830453, 0.1201063408118118, 0.11674090363343764, 8.592781822471707, 8.648037246401406, 0.0032139128501677753, 0.003649952911144489, 0.0036473667435201183, 3.937040682046839, 403.2491451785454], "layer_Op2_score": [14.780463724897555, 14.001233371350015, 2.5661120952482572, 2.5496809422834033, 40.32181907341117, 40.066483426036115, 0.3545379199772524, 0.372869854409032, 0.34726745016853616, 5.507571935160106, 332.6122212935255], "layer_Barinel_score": [0.3731467178226102, 0.37332944833415527, 0.21195517921873666, 0.20737866470741517, 0.6173468491603843, 0.6210165089008846, 0.05419153622840145, 0.06158080492979507, 0.05367508395100684, 0.13868365274969272, 0.6169683685229076], "time": 104.95407748222351}