{"neuron_counts": [87616, 21904, 20736, 5184, 9248, 2048, 2048, 128, 5], "neuron_counts_selected": [500, 500, 500, 500, 500, 500, 500, 128, 5], "layer_tarantula_score": [0.4037263767124907, 0.4519232856376895, 0.2463505573049915, 0.30309682726602794, 0.043664306481586604, 0.14429939956411167, 0.12813597952846453, 0.18742468324351436, 0.42570201889544884], "layer_ochiai_score": [0.23336819904348752, 0.48723276742451516, 0.14980017504529772, 0.2989588504044186, 0.010534887399086276, 0.04247357484624745, 0.039136833422551705, 0.1847961800715177, 0.3843373128591582], "layer_D_star_score": [0.5284078944099527, 8.20144927077122, 0.7457798019099903, 9.55080037918791, 0.006909569445485645, 0.08753814002563964, 0.11047767849870078, 5.374536586132193, 4.033212541702652], "layer_Op2_score": [4.5400318037607885, 17.64929556590644, 3.4204697088486875, 11.431030311440274, 0.11692164387061402, 0.595342942337673, 0.5891703857611343, 6.721832317224286, 11.950389254222076], "layer_Barinel_score": [0.6721523033489986, 0.7535107817577692, 0.3944659308438331, 0.5012468427645608, 0.05217063880496516, 0.1868437577197817, 0.16588959642204087, 0.3103721168919898, 0.7399696171023489], "time": 1.7269678115844727}