{"neuron_counts": [87616, 21904, 20736, 5184, 9248, 2048, 2048, 128, 5], "neuron_counts_selected": [200, 200, 200, 200, 200, 200, 200, 128, 5], "layer_tarantula_score": [0.4551251735639655, 0.48399466106852995, 0.3823836956182628, 0.42407838559654465, 0.44189663208921376, 0.45315778320129163, 0.43928959189085914, 0.22439837721210837, 0.5000018749882813], "layer_ochiai_score": [0.5479130199441403, 0.8342252700863272, 0.44393585415632925, 0.6691512783199183, 0.5048488557643491, 0.7562406576503162, 0.7292476692435229, 0.38627052680055135, 0.8944260729680235], "layer_D_star_score": [8.75891826296141, 90.9208254820909, 13.33681808837184, 72.15346193170309, 8.66945718899635, 78.23246399356549, 70.95639256024378, 55.266749692880246, 159.99840001599978], "layer_Op2_score": [15.052421715938944, 34.25654158280379, 12.889830164953043, 25.867439666230304, 13.41150065976673, 30.15319043326879, 28.748631145398683, 16.16707893264979, 39.09091735529677], "layer_Barinel_score": [0.764731732055561, 0.7891490913739427, 0.6479553469164901, 0.6943314939530018, 0.7398253112044529, 0.7363463777167025, 0.7180166723077019, 0.36473674739947765, 0.8], "time": 0.962531566619873}