{"neuron_counts": [87616, 21904, 20736, 5184, 9248, 2048, 2048, 128, 5], "neuron_counts_selected": [500, 500, 500, 500, 500, 500, 500, 128, 5], "layer_tarantula_score": [0.4366622817984289, 0.4495674127539525, 0.2628526755507404, 0.3056228007121459, 0.04249560254305173, 0.14005230515849398, 0.1656123934917812, 0.18802150677830035, 0.42975290083926926], "layer_ochiai_score": [0.23294904861175833, 0.4842852383095282, 0.14985518497482272, 0.2932440404662698, 0.012545344125704374, 0.04335614092012988, 0.04650234950224612, 0.1860887929164488, 0.38287061067314787], "layer_D_star_score": [0.3360287152100862, 5.577814172102566, 0.45976128323762033, 6.503450186746344, 0.006802506098580762, 0.06360283318876549, 0.05156162850038279, 3.759461534832699, 2.516897715060848], "layer_Op2_score": [3.0041012359160395, 11.911858030236084, 2.2666667099389994, 7.518447123607962, 0.10535496880937191, 0.4305586976845695, 0.42638014967136556, 4.618337087826906, 7.854547140480542], "layer_Barinel_score": [0.6965534769064271, 0.7564640069844182, 0.40870634011442314, 0.508784964617936, 0.056506386147186144, 0.18212225046486052, 0.20915021845330137, 0.31270969986845154, 0.7478008658008659], "time": 2.3634567260742188}