{"neuron_counts": [87616, 21904, 20736, 5184, 9248, 2048, 2048, 128, 5], "neuron_counts_selected": [500, 500, 500, 500, 500, 500, 500, 128, 5], "layer_tarantula_score": [0.5239815305435118, 0.5033290752131407, 0.4889308151169689, 0.4716713298702871, 0.5627856742772691, 0.5018147203787824, 0.5097300897737777, 0.3406358442036779, 0.5000012495046837], "layer_ochiai_score": [0.4836346559676955, 0.7767893360956353, 0.4635305276054711, 0.6732214850288318, 0.3816728570251234, 0.6216252888610068, 0.6224430592676062, 0.5535604257670096, 0.8922080304316197], "layer_D_star_score": [7.443043280576232, 83.43005413069788, 24.307965852643267, 109.53686306840794, 9.385152305056508, 54.01997684200935, 50.834457109762035, 106.04908938266767, 226.6736026630436], "layer_Op2_score": [17.03703846013939, 43.40938423854334, 20.100236519470286, 38.23807979929219, 12.647852202916566, 30.404413817844024, 30.19113318011079, 33.26205159126306, 57.14252141518715], "layer_Barinel_score": [0.795147103820747, 0.7960665653042723, 0.7062812741920216, 0.732320772108892, 0.775113264609083, 0.7717194292081313, 0.7789313655467347, 0.5368592976121781, 0.7960365401612916], "time": 1.713667869567871}