{"neuron_counts": [87616, 21904, 20736, 5184, 9248, 2048, 2048, 128, 5], "neuron_counts_selected": [500, 500, 500, 500, 500, 500, 500, 128, 5], "layer_tarantula_score": [0.44253767777755454, 0.4439244087666963, 0.219108661310261, 0.2956045079565361, 0.05275023119793939, 0.1503705079452512, 0.13992317097172158, 0.18742468324351436, 0.42570201889544884], "layer_ochiai_score": [0.23639291321268308, 0.484700535846378, 0.1384786959416722, 0.29092057548938405, 0.013140990329039268, 0.04636453347234122, 0.04412025717654437, 0.1847961800715177, 0.3843373128591582], "layer_D_star_score": [0.5097329999296266, 8.142031893937466, 0.7735685210093154, 9.679798523712417, 0.010518388720143787, 0.10849492699008104, 0.10305251124406299, 5.374536586132193, 4.033212541702652], "layer_Op2_score": [4.50774541302094, 17.59283716178909, 3.2644417115214788, 11.093081419011796, 0.15624272090616745, 0.6899561121111705, 0.6461147773500704, 6.721832317224286, 11.950389254222076], "layer_Barinel_score": [0.6992486139625306, 0.749140437709985, 0.35478256899087596, 0.49300546134840706, 0.0640960559222032, 0.19355237090866903, 0.18661455275809444, 0.3103721168919898, 0.7399696171023489], "time": 1.6458628177642822}