{"neuron_counts": [87616, 21904, 20736, 5184, 9248, 2048, 2048, 128, 5], "neuron_counts_selected": [500, 500, 500, 500, 500, 500, 500, 128, 5], "layer_tarantula_score": [0.5661727565907213, 0.5591820329400398, 0.42093370524521534, 0.44849674806794454, 0.06245681338692111, 0.12780299362768052, 0.13476494320004617, 0.3644470559774011, 0.0], "layer_ochiai_score": [0.19619799458802809, 0.4024547872995537, 0.17672770955838318, 0.3316951114366392, 0.010687829421525089, 0.031997837293651785, 0.03412271481898647, 0.23195516140245392, 0.0], "layer_D_star_score": [0.3768230258044416, 4.174474510010077, 0.9281797925450334, 9.793202587247047, 0.0036348848265305824, 0.044023721774794265, 0.04860369466409011, 14.467689683640993, 0.0], "layer_Op2_score": [3.4387046254903852, 12.159783595929007, 3.9703520561317154, 12.176759792430392, 0.10740008457499704, 0.48126894007210386, 0.5109202452855214, 8.663707023803433, 0.0], "layer_Barinel_score": [0.699785250439785, 0.8022385501366702, 0.5268164913535542, 0.6159361786810923, 0.06307205958936962, 0.13819481919192253, 0.14931873341175167, 0.4712454655258236, 0.0], "time": 1.6584415435791016}