{"neuron_counts": [64, 64, 64, 64, 2], "neuron_counts_selected": [64, 64, 64, 64, 2], "layer_tarantula_score": [0.15987769903896348, 0.15987769903896348, 0.1364975268344362, 0.1364975268344362, 0.4847043948842052], "layer_ochiai_score": [0.04772756493214812, 0.04772756493214812, 0.04945054548677992, 0.04945054548677992, 0.2692213417143459], "layer_D_star_score": [0.28331853076933156, 0.28331853076933156, 0.35139608583582316, 0.35139608583582316, 5.198248709643931], "layer_Op2_score": [4.120560908006843, 4.120560908006843, 5.061298776839279, 5.061298776839279, 34.87160297617925], "layer_Barinel_score": [0.03974070386597961, 0.03974070386597961, 0.033698308693979155, 0.033698308693979155, 0.14685229296842126], "time": 0.5081980228424072}