{"neuron_counts": [30, 30, 60, 60, 1], "neuron_counts_selected": [30, 30, 60, 60, 1], "layer_tarantula_score": [0.1439137831373064, 0.21919352773676304, 0.24803154566959704, 0.26143192747468896, 0.4999999521035009], "layer_ochiai_score": [0.17459908777272176, 0.21634706783849927, 0.09963652926296097, 0.10672500961716676, 0.6103960223021297], "layer_D_star_score": [37.147446429592435, 79.62141819589306, 14.770771239029186, 15.806019119075751, 125.89352215867727], "layer_Op2_score": [57.90800440837866, 48.462839865128565, 12.890872157034464, 14.18422178280584, 211.00279357463867], "layer_Barinel_score": [0.10792998242784159, 0.19082032243240402, 0.2212022427799543, 0.2326216679907966, 0.37258347978910367], "time": 1.0879502296447754}