{"neuron_counts": [1692800, 1692800, 64, 64, 1], "neuron_counts_selected": [500, 500, 64, 64, 1], "layer_tarantula_score": [0.139876, 0.17808400000000002, 1.0, 1.0, 1.0], "layer_ochiai_score": [0.045854071502562176, 0.0585237306886512, 0.6133141564930298, 0.6133141564930298, 0.7745927962871844], "layer_D_star_score": [0.020843725003796405, 0.02784204986031633, 3.2795759042963772, 3.2795759042963772, 8.99977500562486], "layer_Op2_score": [0.15247999999999998, 0.19559999999999997, 3.863037109375, 3.863037109375, 6.0], "layer_Barinel_score": [0.139876, 0.17808400000000002, 1.0, 1.0, 1.0], "time": 0.4456753730773926}