{"neuron_counts": [1692800, 1692800, 64, 64, 1], "neuron_counts_selected": [500, 500, 64, 64, 1], "layer_tarantula_score": [0.996, 0.998, 1.0, 1.0, 1.0], "layer_ochiai_score": [0.6183977777714722, 0.6150425719812046, 0.681551485799363, 0.681551485799363, 0.8288850175822894], "layer_D_star_score": [7.030133538077887, 5.614043069311272, 13.20379923655447, 13.20379923655447, 21.528956883107007], "layer_Op2_score": [5.744407358661294, 5.651249390199781, 6.885926799848676, 6.885926799848676, 9.806382924318314], "layer_Barinel_score": [0.996, 0.998, 1.0, 1.0, 1.0], "time": 0.4198896884918213}