{"neuron_counts": [1692800, 1692800, 64, 64, 1], "neuron_counts_selected": [100, 100, 64, 64, 1], "layer_tarantula_score": [1.0, 0.99, 1.0, 1.0, 1.0], "layer_ochiai_score": [0.6086299332438475, 0.6542822043197642, 0.681551485799363, 0.681551485799363, 0.8288850175822894], "layer_D_star_score": [4.614762028875078, 8.722066705097326, 13.20379923655447, 13.20379923655447, 21.528956883107007], "layer_Op2_score": [5.479000492468476, 6.384708208069205, 6.885926799848676, 6.885926799848676, 9.806382924318314], "layer_Barinel_score": [1.0, 0.99, 1.0, 1.0, 1.0], "time": 0.23162317276000977}