{"neuron_counts": [1692800, 1692800, 64, 64, 1], "neuron_counts_selected": [1000, 1000, 64, 64, 1], "layer_tarantula_score": [0.994009, 0.994009, 1.0, 1.0, 1.0], "layer_ochiai_score": [0.5404645232778763, 0.5440131827654271, 0.6047334769924255, 0.6047334769924255, 0.8288850175822894], "layer_D_star_score": [2.7588688875089065, 2.7987840699520943, 4.940457942998201, 4.940457942998201, 21.528956883107007], "layer_Op2_score": [4.395272082672, 4.443975402542561, 5.388066670078842, 5.388066670078842, 9.806382924318314], "layer_Barinel_score": [0.994009, 0.994009, 1.0, 1.0, 1.0], "time": 0.8184947967529297}