{"neuron_counts": [1692800, 1692800, 64, 64, 1], "neuron_counts_selected": [1000, 1000, 64, 64, 1], "layer_tarantula_score": [0.997, 0.994, 1.0, 1.0, 1.0], "layer_ochiai_score": [0.628016250702894, 0.611385946127356, 0.681551485799363, 0.681551485799363, 0.8288850175822894], "layer_D_star_score": [6.556199240313765, 5.926091830825222, 13.20379923655447, 13.20379923655447, 21.528956883107007], "layer_Op2_score": [5.880688337311149, 5.606621451370418, 6.885926799848676, 6.885926799848676, 9.806382924318314], "layer_Barinel_score": [0.997, 0.994, 1.0, 1.0, 1.0], "time": 0.6194791793823242}