{"neuron_counts": [1692800, 1692800, 64, 64, 1], "neuron_counts_selected": [500, 500, 64, 64, 1], "layer_tarantula_score": [0.3844, 0.44355599999999995, 1.0, 1.0, 1.0], "layer_ochiai_score": [0.13372210007273844, 0.15951415746525613, 0.6153825698395718, 0.6153825698395718, 0.7745927962871844], "layer_D_star_score": [0.08669787416597817, 0.11924915414168244, 3.365917908076162, 3.365917908076162, 8.99977500562486], "layer_Op2_score": [0.480812, 0.596156, 3.891845703125, 3.891845703125, 6.0], "layer_Barinel_score": [0.3844, 0.44355599999999995, 1.0, 1.0, 1.0], "time": 0.4989335536956787}