{"neuron_counts": [1692800, 1692800, 64, 64, 1], "neuron_counts_selected": [100, 100, 64, 64, 1], "layer_tarantula_score": [1.0, 1.0, 1.0, 1.0, 1.0], "layer_ochiai_score": [0.6182619991457213, 0.6169435771641684, 0.681551485799363, 0.681551485799363, 0.8288850175822894], "layer_D_star_score": [6.235130561497837, 6.071982333118033, 13.20379923655447, 13.20379923655447, 21.528956883107007], "layer_Op2_score": [5.725422583147884, 5.704445243403316, 6.885926799848676, 6.885926799848676, 9.806382924318314], "layer_Barinel_score": [1.0, 1.0, 1.0, 1.0, 1.0], "time": 0.22699999809265137}