{"neuron_counts": [1692800, 1692800, 64, 64, 1], "neuron_counts_selected": [500, 500, 64, 64, 1], "layer_tarantula_score": [0.89, 0.896, 1.0, 1.0, 1.0], "layer_ochiai_score": [0.43060677494299865, 0.44510643849409415, 0.6752752103889124, 0.6752752103889124, 0.8288850175822894], "layer_D_star_score": [1.8432869451751266, 1.9937699434616636, 11.215146424704546, 11.215146424704546, 21.528956883107007], "layer_Op2_score": [3.2044859055280686, 3.386115975022316, 6.780337255564518, 6.780337255564518, 9.806382924318314], "layer_Barinel_score": [0.89, 0.896, 1.0, 1.0, 1.0], "time": 0.4086341857910156}