{"neuron_counts": [28800, 28800, 7200, 5408, 5408, 1152, 1024, 1024, 256, 256, 64, 64, 64, 1, 1], "neuron_counts_selected": [2000, 2000, 2000, 2000, 2000, 1152, 1024, 1024, 256, 256, 64, 64, 64, 1, 1], "layer_tarantula_score": [0.5000000222222207, 0.5000000222222207, 0.5000000222222207, 0.43925001938888764, 0.44075001952222087, 0.44010418611110996, 0.3476562652777768, 0.3476562652777768, 0.3554687652777768, 0.3554687652777768, 0.21875000833333286, 0.21875000833333286, 0.21875000833333286, 0.500000022222221, 0.500000022222221], "layer_ochiai_score": [0.9486832927800513, 0.9486832927800513, 0.9486832927800513, 0.8277577957270207, 0.8334340840954879, 0.8301253315093032, 0.6522609392764231, 0.6522609392764231, 0.6523603457031517, 0.6523603457031517, 0.3560856387136233, 0.3560856387136233, 0.3560856387136233, 0.9486832927800509, 0.9486832927800509], "layer_D_star_score": [80999.99190000072, 80999.99190000072, 80999.99190000072, 70672.49293308401, 71158.49288431731, 70874.99291279001, 55687.49443168457, 55687.49443168457, 55687.49443385514, 55687.49443385514, 30374.996965972878, 30374.996965972878, 30374.996965972878, 80999.99190000072, 80999.99190000072], "layer_Op2_score": [8999.0009991008, 8999.0009991008, 8999.0009991008, 7851.631371715447, 7905.623877710052, 7874.1284783798665, 6186.8170931318, 6186.8170931318, 6186.8288118818, 6186.8288118818, 3374.6566246628, 3374.6566246628, 3374.6566246628, 8999.0009991008, 8999.0009991008], "layer_Barinel_score": [0.9000000000000002, 0.9000000000000002, 0.9000000000000002, 0.7882500000000002, 0.7921500000000001, 0.7901041666666667, 0.6226562500000001, 0.6226562500000001, 0.6304687500000001, 0.6304687500000001, 0.36875, 0.36875, 0.36875, 0.9, 0.9], "time": 1442.533610343933}