{"neuron_counts": [28800, 28800, 7200, 5408, 5408, 1152, 1024, 1024, 256, 256, 64, 64, 64, 1, 1], "neuron_counts_selected": [1000, 1000, 1000, 1000, 1000, 1000, 1000, 1000, 256, 256, 64, 64, 64, 1, 1], "layer_tarantula_score": [0.5000000222222207, 0.5000000222222207, 0.5000000222222207, 0.4445000196222209, 0.4380000194666654, 0.4375000192222209, 0.3515000154444435, 0.3535000156222213, 0.3554687652777768, 0.3554687652777768, 0.21875000833333286, 0.21875000833333286, 0.21875000833333286, 0.500000022222221, 0.500000022222221], "layer_ochiai_score": [0.9486832927800513, 0.9486832927800513, 0.9486832927800513, 0.8377189703012111, 0.8310465644753249, 0.8206637528821209, 0.6593770521840367, 0.6669454366753266, 0.6523603457031517, 0.6523603457031517, 0.3560856387136233, 0.3560856387136233, 0.3560856387136233, 0.9486832927800509, 0.9486832927800509], "layer_D_star_score": [80999.99190000072, 80999.99190000072, 80999.99190000072, 71522.992848034, 70955.99290440063, 70064.99299405624, 56294.994370945, 56942.99430592275, 55687.49443385514, 55687.49443385514, 30374.996965972878, 30374.996965972878, 30374.996965972878, 80999.99190000072, 80999.99190000072], "layer_Op2_score": [8999.0009991008, 8999.0009991008, 8999.0009991008, 7946.120882206005, 7883.1248752123, 7784.14086422219, 6254.309694375055, 6326.299702367861, 6186.8288118818, 6186.8288118818, 3374.6566246628, 3374.6566246628, 3374.6566246628, 8999.0009991008, 8999.0009991008], "layer_Barinel_score": [0.9000000000000002, 0.9000000000000002, 0.9000000000000002, 0.7977000000000003, 0.7884000000000002, 0.7835000000000002, 0.6295000000000001, 0.6347000000000002, 0.6304687500000001, 0.6304687500000001, 0.36875, 0.36875, 0.36875, 0.9, 0.9], "time": 797.5252187252045}