{"neuron_counts": [63845, 63845, 32490, 32490, 32490, 32490, 1], "neuron_counts_selected": [500, 500, 500, 500, 500, 500, 1], "layer_tarantula_score": [0.5009394850141302, 0.5089736629260374, 0.45472920391998445, 0.4858388749931484, 0.48059538807263935, 0.4912451448317283, 0.4999996371901341], "layer_ochiai_score": [0.45884472687860794, 0.4648035047956656, 0.3329269807295723, 0.377906192838973, 0.36592404704110254, 0.3804331624502735, 0.6783451110386841], "layer_D_star_score": [3.1931895718718972, 3.278251848369975, 1.3766377825755372, 1.9360220709110654, 1.6973983367012315, 1.814508597163885, 8.669811638497508], "layer_Op2_score": [4.280746590042616, 4.335094785712489, 2.5817406550187516, 3.0866276085183326, 2.930440515695554, 3.0753066239580265, 9.248606214895092], "layer_Barinel_score": [0.4656533650700404, 0.4734732423977647, 0.42686359241769456, 0.454916120020812, 0.4514762958751641, 0.4605592383470419, 0.46015661370533634], "time": 1.0512065887451172}