{"neuron_counts": [63845, 63845, 32490, 32490, 32490, 32490, 1], "neuron_counts_selected": [1000, 1000, 1000, 1000, 1000, 1000, 1], "layer_tarantula_score": [0.41153031375449045, 0.3939927103640062, 0.3082708050051917, 0.3645609443775987, 0.3499122295021751, 0.3507007188086255, 0.4999996371901341], "layer_ochiai_score": [0.3686771271150158, 0.34973804274303255, 0.22983006783812587, 0.27508498804073317, 0.26245846004751416, 0.26254508797717996, 0.6783451110386841], "layer_D_star_score": [1.5075244121059779, 1.3370567038034868, 0.5781759115528363, 0.6998523899202505, 0.681287250437176, 0.6672753835665877, 8.669811638497508], "layer_Op2_score": [3.177843017986733, 2.9658412129163274, 1.5581143914030646, 1.9274478399196293, 1.8242856697893675, 1.8268870619506898, 9.248606214895092], "layer_Barinel_score": [0.3766378385753578, 0.35990404930675085, 0.28324991040398295, 0.3346013794871076, 0.3212545813101925, 0.3217334804832395, 0.46015661370533634], "time": 2.0579421520233154}