{"neuron_counts": [63845, 63845, 32490, 32490, 32490, 32490, 1], "neuron_counts_selected": [2000, 2000, 2000, 2000, 2000, 2000, 1], "layer_tarantula_score": [0.40535664254258513, 0.40724687842776147, 0.32547735086359064, 0.34605547046438684, 0.34168012458739583, 0.3617601405371612, 0.49999955357740744], "layer_ochiai_score": [0.36416962041289896, 0.36361859856205786, 0.23904468156823028, 0.26322591654663485, 0.26140348928081925, 0.2746606811126804, 0.6831251716158883], "layer_D_star_score": [0.9971292800457657, 0.9677278556972718, 0.39379888440472627, 0.4751597169496159, 0.4786180029601134, 0.49457350941739825, 6.124923438457019], "layer_Op2_score": [2.0155922900162233, 2.0077519695836696, 1.0247757875079146, 1.1861787547499476, 1.183938380329106, 1.2480459809640996, 6.111120987544583], "layer_Barinel_score": [0.37629460184052055, 0.37785095887168385, 0.3036315230339103, 0.3222901857919852, 0.318028425496032, 0.3367245445075756, 0.4666666666666667], "time": 4.114812850952148}