{"neuron_counts": [63845, 63845, 32490, 32490, 32490, 32490, 1], "neuron_counts_selected": [200, 200, 200, 200, 200, 200, 1], "layer_tarantula_score": [0.492474684703041, 0.5114853790665755, 0.4650465673353019, 0.4964751747575064, 0.49493875126118, 0.4497248070976461, 0.4999996371901341], "layer_ochiai_score": [0.4564270943797723, 0.4653940512923099, 0.3542443679884396, 0.3727880915108298, 0.3854845809798347, 0.34239070426705714, 0.6783451110386841], "layer_D_star_score": [3.2418792485049863, 3.226047268097182, 1.9975933944134516, 1.7340929778615828, 2.028219587523348, 1.4308901353628272, 8.669811638497508], "layer_Op2_score": [4.301510054019895, 4.326003900700031, 2.8826325227016634, 2.971495944541012, 3.1235330319345995, 2.720429956826599, 9.248606214895092], "layer_Barinel_score": [0.4572390960716527, 0.4757926351062207, 0.4375531360106327, 0.4666747723053797, 0.46509037595897856, 0.4202443918742832, 0.46015661370533634], "time": 0.43351173400878906}