{"neuron_counts": [63845, 63845, 32490, 32490, 32490, 32490, 1], "neuron_counts_selected": [1000, 1000, 1000, 1000, 1000, 1000, 1], "layer_tarantula_score": [0.4140113358438267, 0.39690525028622914, 0.3104056059747231, 0.36696496431367365, 0.3512513344264597, 0.35245727666484655, 0.49999955357740744], "layer_ochiai_score": [0.3735059791678671, 0.3551067797651204, 0.2324520539115737, 0.277929690435324, 0.2653405086121181, 0.2654516064039936, 0.6831251716158883], "layer_D_star_score": [1.0592055291673967, 0.938130857187807, 0.40280217325110795, 0.4874138278746086, 0.47501667749916593, 0.468179963401727, 6.124923438457019], "layer_Op2_score": [2.089040686692372, 1.9448192830968543, 1.0095533190297887, 1.256398808168799, 1.190393404039955, 1.1940486779924662, 6.111120987544583], "layer_Barinel_score": [0.38462756612554133, 0.3681607997890999, 0.28933499289321823, 0.34170742889610384, 0.3270883967532468, 0.32804579805194817, 0.4666666666666667], "time": 2.166038990020752}