{"neuron_counts": [63845, 63845, 32490, 32490, 32490, 32490, 1], "neuron_counts_selected": [500, 500, 500, 500, 500, 500, 1], "layer_tarantula_score": [0.38018752717408044, 0.39615852979537197, 0.1917714456047628, 0.2812439302021399, 0.250243910327601, 0.273659081157747, 0.4999996371901341], "layer_ochiai_score": [0.3024506612963402, 0.31839244687556384, 0.11880869229974698, 0.17725994726699548, 0.1563125654896818, 0.17063706773996493, 0.6783451110386841], "layer_D_star_score": [0.9271254202160145, 0.9834239505306448, 0.17129223431060178, 0.29570276211504243, 0.24350918662234755, 0.2645310672988307, 8.669811638497508], "layer_Op2_score": [2.274077565854432, 2.422490620279206, 0.6163201711802594, 0.9840711323418804, 0.8393843838933712, 0.9339739449585014, 9.248606214895092], "layer_Barinel_score": [0.34854473144236414, 0.3633629679872943, 0.17741164507923288, 0.2609460821560018, 0.23178891697357668, 0.2535212351191585, 0.46015661370533634], "time": 1.1488704681396484}