{"neuron_counts": [196, 128, 1], "neuron_counts_selected": [196, 128, 1], "layer_tarantula_score": [0.5102040816326531, 0.2890625, 1.0], "layer_ochiai_score": [0.5102036783304489, 0.28906227150409497, 0.99999920952768], "layer_D_star_score": [20413128.700320795, 11565313.229275499, 40009732.25262875], "layer_Op2_score": [32.27206467002386, 18.28414163961039, 63.253246753246756], "layer_Barinel_score": [0.5102040816326531, 0.2890625, 1.0], "time": 0.2686495780944824}