{"neuron_counts": [128, 128, 128, 50, 50, 50, 1, 1], "neuron_counts_selected": [100, 100, 100, 50, 50, 50, 1, 1], "layer_tarantula_score": [0.13, 0.135, 0.09, 0.4, 0.4, 0.4, 0.0, 0.5], "layer_ochiai_score": [0.12999993500004878, 0.13707099927638297, 0.09414208855269844, 0.39999980000015, 0.39999980000015, 0.39999980000015, 0.0, 0.7071064276334221], "layer_D_star_score": [12999999.999568444, 13000000.999567447, 8000001.999732427, 39999999.998672135, 39999999.998672135, 39999999.998672135, 0.0, 99.9999000001], "layer_Op2_score": [12.851485295559112, 13.861386275855171, 9.811881374374876, 39.50495098519704, 39.50495098519704, 39.50495098519704, -0.9900980296059112, 99.00990197039408], "layer_Barinel_score": [0.13, 0.135, 0.09, 0.4, 0.4, 0.4, 0.0, 0.5], "time": 0.9279940128326416}