{"neuron_counts": [32, 32, 3], "neuron_counts_selected": [32, 32, 3], "layer_tarantula_score": [1.0, 1.0, 0.6666666666666666], "layer_ochiai_score": [0.7016517708016332, 0.7016517708016332, 0.46398308859701726], "layer_D_star_score": [205.064840574719, 205.064840574719, 219.34574353138046], "layer_Op2_score": [209.02355113633712, 209.02355113633712, 141.43266043974714], "layer_Barinel_score": [1.0, 1.0, 0.6666666666666666], "time": 0.4332742691040039}