{"neuron_counts": [100, 100, 150, 150, 200, 200, 200, 200, 200, 200, 4], "neuron_counts_selected": [100, 100, 150, 150, 200, 200, 200, 200, 200, 200, 4], "layer_tarantula_score": [0.48132627201243, 0.48132627201243, 0.015123688778359727, 0.015123688778359727, 0, 0, 0, 0, 0, 0, 0], "layer_ochiai_score": [0.30953569164551653, 0.30953569164551653, 0.00204827336123619, 0.00204827336123619, 0, 0, 0, 0, 0, 0, 0], "layer_D_star_score": [3.6819493907653644, 3.6819493907653644, 0.00045612105574462396, 0.00045612105574462396, 0, 0, 0, 0, 0, 0, 0], "layer_Op2_score": [24.126850916882734, 24.126850916882734, 0.03803027538285426, 0.03803027538285426, 0, 0, 0, 0, 0, 0, 0], "layer_Barinel_score": [0.7093216968288423, 0.7093216968288423, 0.019049673202614175, 0.019049673202614175, 0, 0, 0, 0, 0, 0, 0], "time": 3.991580009460449}