{"neuron_counts": [50176, 12544, 12544, 3136, 3136, 10, 10], "neuron_counts_selected": [100, 100, 100, 100, 100, 10, 10], "layer_tarantula_score": [0.26046684747889215, 0.24444036520693907, 0.32411815430671365, 0.42792901475545825, 0.4317213690852805, 0.07593772561643053, 0.05317131090240477], "layer_ochiai_score": [0.047798179443791215, 0.052317405793855916, 0.05767576700690775, 0.15597304339398527, 0.1608559193870361, 0.013550596492391756, 0.007790516463705242], "layer_D_star_score": [10.853692340133362, 17.379056375590263, 9.736179109664418, 75.19762539802268, 74.12090482217005, 0.3901714948514534, 0.1381874447818458], "layer_Op2_score": [108.5335389574775, 147.0243581493887, 120.21485953528803, 563.6719813132439, 607.177129364612, 34.00045784964341, 16.323958272056757], "layer_Barinel_score": [0.06312066168083252, 0.061467672403543165, 0.07443342220894597, 0.101513940449551, 0.10027554246286312, 0.011657994541519999, 0.00804636080357399], "time": 61.67111873626709}