{"neuron_counts": [50176, 12544, 12544, 3136, 3136, 10, 10], "neuron_counts_selected": [2000, 2000, 2000, 2000, 2000, 10, 10], "layer_tarantula_score": [0.23835189307950766, 0.29340262606120465, 0.35802773494419576, 0.4395246662110103, 0.4414066366697243, 0.04474417477327779, 0.03180290345870683], "layer_ochiai_score": [0.06481456476920351, 0.09307513095268247, 0.10891607486122368, 0.22437829296817668, 0.22454363305648453, 0.010309734593385531, 0.0060868343304115845], "layer_D_star_score": [22.818929295820578, 39.79874893575481, 29.216823963659508, 128.10473763765557, 128.31010869377948, 0.1537012850540001, 0.053965439649058346], "layer_Op2_score": [126.9990068738056, 200.08799287336734, 196.3257566044054, 606.7744822371932, 612.8809648654852, 17.67642983040204, 8.719828974851245], "layer_Barinel_score": [0.09610452708817044, 0.1185768705875301, 0.1419754574130204, 0.1764967780004455, 0.17698263298427408, 0.012200746108733151, 0.008620279313483428], "time": 772.218165397644}