{"neuron_counts": [50176, 12544, 12544, 3136, 3136, 10, 10], "neuron_counts_selected": [500, 500, 500, 500, 500, 10, 10], "layer_tarantula_score": [0.4108378437321022, 0.45468636085923264, 0.469979118158566, 0.5079607071935506, 0.5045736379757443, 0.1085864564489871, 0.09221319722363172], "layer_ochiai_score": [0.11151436015412641, 0.1442815938130347, 0.1456977842667878, 0.23482509331894696, 0.2291220094694573, 0.01982867785718076, 0.013934512070588784], "layer_D_star_score": [53.865152883873755, 79.91729662492199, 61.491378104990055, 151.46287720197986, 141.87576080526114, 0.6830050706344357, 0.3355169988221026], "layer_Op2_score": [416.1183295411353, 580.8526654861827, 488.00345140207975, 1064.3772827623238, 1021.6996385830165, 50.64354241744494, 29.15409282836284], "layer_Barinel_score": [0.14108848307190955, 0.14983882421566022, 0.1330057552467314, 0.1345805932597852, 0.13354842945429862, 0.016960536491657928, 0.014440242779503032], "time": 232.26304602622986}