{"neuron_counts": [50176, 12544, 12544, 3136, 3136, 10, 10], "neuron_counts_selected": [500, 500, 500, 500, 500, 10, 10], "layer_tarantula_score": [0.06186888787168764, 0.09329029817849561, 0.45500100889549183, 0.5037062663946089, 0.5108983737450832, 0.10899730126015394, 0.07187000965941345], "layer_ochiai_score": [0.004893549487198444, 0.006471171917304575, 0.10542675998429661, 0.18235154903709275, 0.17299002207123781, 0.019766699724383618, 0.010480439105429843], "layer_D_star_score": [0.343511221947301, 0.21823997286498684, 34.464220449740736, 100.81473401345336, 85.81529145588604, 0.679165367481569, 0.18903530402567717], "layer_Op2_score": [4.329602099539064, 5.451246913530291, 280.2699518382344, 682.2579816337402, 610.6007692232267, 50.030648900514144, 21.77566839994881], "layer_Barinel_score": [0.033468054070769464, 0.04074037621705774, 0.1429752825947801, 0.14428873067117218, 0.1538744765942583, 0.01705324964519663, 0.010924097992605585], "time": 239.40500116348267}