{"neuron_counts": [50176, 12544, 12544, 3136, 3136, 10, 10], "neuron_counts_selected": [200, 200, 200, 200, 200, 10, 10], "layer_tarantula_score": [0.2277851990185974, 0.3069355663894808, 0.37146303582712936, 0.4121172351562181, 0.4393898747407968, 0.04474417477327779, 0.03180290345870683], "layer_ochiai_score": [0.051049865453638564, 0.09692512495080689, 0.11579367019003492, 0.20505159781290805, 0.24906170081224677, 0.010309734593385531, 0.0060868343304115845], "layer_D_star_score": [13.938640163739779, 40.42641061545182, 31.11462901045309, 114.14470288789634, 158.56632938225752, 0.1537012850540001, 0.053965439649058346], "layer_Op2_score": [86.62357325261081, 208.4730931256232, 209.69561880163917, 562.7928160184169, 719.1170896326536, 17.67642983040204, 8.719828974851245], "layer_Barinel_score": [0.09178681255167885, 0.12437039838396688, 0.14760455993066127, 0.16325828257618108, 0.17610361694443105, 0.012200746108733151, 0.008620279313483428], "time": 91.49112153053284}