{"neuron_counts": [50176, 12544, 12544, 3136, 3136, 10, 10], "neuron_counts_selected": [500, 500, 500, 500, 500, 10, 10], "layer_tarantula_score": [0.15162918119872243, 0.22728930752022544, 0.3264106408448638, 0.4292333844680975, 0.43025073610512315, 0.044937899189830884, 0.02852626494022386], "layer_ochiai_score": [0.02096787242116449, 0.04194018896435724, 0.08088800191312295, 0.2012999668289135, 0.18693307118205643, 0.010332991759835125, 0.005414682583606838], "layer_D_star_score": [1.741963988183774, 5.696585799626215, 16.682627158027884, 102.33753566102656, 93.61205476075057, 0.15403040804830656, 0.04212986741319539], "layer_Op2_score": [19.472014782834997, 51.84258032379747, 122.5897454137622, 501.37439091089595, 464.22789474521403, 17.67692027305181, 7.729923290745429], "layer_Barinel_score": [0.06203928818423898, 0.09323513155326452, 0.1301097734610566, 0.17365251701948922, 0.17316388759439424, 0.012256921207809626, 0.0076882931661914344], "time": 240.9613597393036}