{"neuron_counts": [50176, 12544, 12544, 3136, 3136, 10, 10], "neuron_counts_selected": [2000, 2000, 2000, 2000, 2000, 10, 10], "layer_tarantula_score": [0.23802909855427065, 0.2938557218651753, 0.35299615899113723, 0.4354815427200054, 0.4389792444775306, 0.04474417477327779, 0.03180290345870683], "layer_ochiai_score": [0.0607831148408825, 0.09416160597288387, 0.10781497485179735, 0.2202803854641163, 0.228504355144485, 0.010309734593385531, 0.0060868343304115845], "layer_D_star_score": [19.66302295203711, 41.17737092242097, 29.100165656301275, 126.72652021346207, 135.0906801144754, 0.1537012850540001, 0.053965439649058346], "layer_Op2_score": [112.38888480217156, 206.09068083898862, 197.58159120391852, 598.4145743351611, 635.7552330034652, 17.67642983040204, 8.719828974851245], "layer_Barinel_score": [0.09643339803833362, 0.11853494945618562, 0.13922899609734668, 0.17453026049745574, 0.17555703500705536, 0.012200746108733151, 0.008620279313483428], "time": 816.9305248260498}