{"neuron_counts": [50176, 12544, 12544, 3136, 3136, 10, 10], "neuron_counts_selected": [100, 100, 100, 100, 100, 10, 10], "layer_tarantula_score": [0.22169230465374987, 0.31685715655667757, 0.3598602489771033, 0.4461256551215283, 0.4181430314183431, 0.07593772561643053, 0.05317131090240477], "layer_ochiai_score": [0.05128990667959025, 0.08744732923331248, 0.08651091748491999, 0.17867963730158135, 0.16392727785892156, 0.013550596492391756, 0.007790516463705242], "layer_D_star_score": [18.207886638222718, 35.808230153175515, 21.11549511541563, 83.72233188464976, 75.94902383734012, 0.3901714948514534, 0.1381874447818458], "layer_Op2_score": [152.63018405501865, 301.0285414624026, 214.96738259749955, 676.5650256861758, 610.927552467451, 34.00045784964341, 16.323958272056757], "layer_Barinel_score": [0.05173439427762006, 0.0762553659746404, 0.08384599185832191, 0.1047405792226072, 0.0976307335912881, 0.011657994541519999, 0.00804636080357399], "time": 62.734543561935425}