{"neuron_counts": [50176, 12544, 12544, 3136, 3136, 10, 10], "neuron_counts_selected": [1000, 1000, 1000, 1000, 1000, 10, 10], "layer_tarantula_score": [0.2337480465995251, 0.2784380059761049, 0.3448940284639344, 0.4345357877507864, 0.43144007268388934, 0.04474417477327779, 0.03180290345870683], "layer_ochiai_score": [0.06276275345815684, 0.08779162534771447, 0.10544560376341765, 0.21923456820784423, 0.22046215608605935, 0.010309734593385531, 0.0060868343304115845], "layer_D_star_score": [21.037684505723448, 37.390600700345765, 27.296036548013177, 130.12516553883893, 124.72721831925672, 0.1537012850540001, 0.053965439649058346], "layer_Op2_score": [119.93353735072611, 187.62069194550952, 186.54975296762967, 604.9454923280646, 599.5793492957698, 17.67642983040204, 8.719828974851245], "layer_Barinel_score": [0.09362863140923525, 0.1125381400290246, 0.13725580146967056, 0.17400011608134844, 0.17225957720545143, 0.012200746108733151, 0.008620279313483428], "time": 443.40192008018494}