{"neuron_counts": [50176, 12544, 12544, 3136, 3136, 10, 10], "neuron_counts_selected": [500, 500, 500, 500, 500, 10, 10], "layer_tarantula_score": [0.25363493476826576, 0.2979542467479481, 0.46243012160675584, 0.5114686955022077, 0.5122322997627254, 0.1092238791832314, 0.08203357269879161], "layer_ochiai_score": [0.024437903913788847, 0.04195856125386357, 0.12055169668321607, 0.20555523218393626, 0.19924755521102502, 0.019877574698915806, 0.012237356529376596], "layer_D_star_score": [2.8831451581511383, 6.248117345026057, 43.68629387756031, 120.68200873735206, 110.36044837892157, 0.6842074734898367, 0.2690621772294278], "layer_Op2_score": [29.806375688584986, 67.60016575381185, 348.88709718803517, 829.7852850088908, 783.6702502698788, 50.54119838879903, 25.524984528254087], "layer_Barinel_score": [0.10707393282345813, 0.10753152688067678, 0.1386399148059873, 0.14168376875205638, 0.1448886682225144, 0.017076019103340355, 0.012714469945514085], "time": 237.28231549263}