{"neuron_counts": [50176, 12544, 12544, 3136, 3136, 10, 10], "neuron_counts_selected": [500, 500, 500, 500, 500, 10, 10], "layer_tarantula_score": [0.15413500755964668, 0.19147554704115027, 0.4600995891898192, 0.5131181585700956, 0.5109176925098723, 0.10884680591658966, 0.07863633836345704], "layer_ochiai_score": [0.011223679724507038, 0.01768331347621347, 0.11404721094669255, 0.19260967026289053, 0.18511535780100524, 0.019768382214489177, 0.011667755590622827], "layer_D_star_score": [1.0044536823571206, 1.1954071241878894, 39.919675467681536, 109.02616749946587, 96.99981605732604, 0.6785421444242004, 0.24777915758011212], "layer_Op2_score": [11.099660645342846, 19.947213170813466, 320.7907847067212, 743.411044225993, 689.1712628774605, 50.14229104659169, 24.286420154812227], "layer_Barinel_score": [0.06557131833842743, 0.07777751263444513, 0.14453145458107955, 0.1467496796476064, 0.14970330607444476, 0.017019911960545153, 0.012144813638618423], "time": 237.2521743774414}