{"neuron_counts": [50176, 12544, 12544, 3136, 3136, 10, 10], "neuron_counts_selected": [500, 500, 500, 500, 500, 10, 10], "layer_tarantula_score": [0.020884075033515463, 0.03794848633064694, 0.297975006756308, 0.42020296380292127, 0.4128409571660386, 0.044310901312413505, 0.024284164873575], "layer_ochiai_score": [0.0011159101256945883, 0.002593905017172117, 0.06387097210700636, 0.16328476869827085, 0.15029196209522028, 0.010167920493630887, 0.004580219127323703], "layer_D_star_score": [0.0065332876431403045, 0.03576610115912325, 10.399945635846029, 72.51692368132542, 61.92095920394044, 0.1489005951655626, 0.03188708342830958], "layer_Op2_score": [0.344405412984873, 1.1322790452864144, 86.587679441725, 356.9580614919335, 326.03618178665545, 17.35663103764297, 6.51956866298329], "layer_Barinel_score": [0.009699553775718206, 0.016712685530796703, 0.11936257070993728, 0.17373277116050997, 0.1673600294254373, 0.012080326554758648, 0.006517016389413863], "time": 237.37259936332703}