{"neuron_counts": [50176, 12544, 12544, 3136, 3136, 10, 10], "neuron_counts_selected": [100, 100, 100, 100, 100, 10, 10], "layer_tarantula_score": [0.37359649258070304, 0.46290194692009856, 0.48785488989749987, 0.5076533330310368, 0.532250821389432, 0.1085864564489871, 0.09221319722363172], "layer_ochiai_score": [0.11577464699017506, 0.15693748912231287, 0.1538365705766723, 0.2419567498202866, 0.2352493930098193, 0.01982867785718076, 0.013934512070588784], "layer_D_star_score": [63.507491138006635, 88.00424212967756, 69.86851779388611, 155.87710375274696, 141.837377609762, 0.6830050706344357, 0.3355169988221026], "layer_Op2_score": [505.66517844845964, 613.1894493034175, 531.620200941274, 1132.9529561906572, 1011.636768744078, 50.64354241744494, 29.15409282836284], "layer_Barinel_score": [0.11466314805706064, 0.1448272323177065, 0.1426175965906096, 0.1325278575606998, 0.14434499939755713, 0.016960536491657928, 0.014440242779503032], "time": 48.74237537384033}