{"neuron_counts": [50176, 12544, 12544, 3136, 3136, 10, 10], "neuron_counts_selected": [500, 500, 500, 500, 500, 10, 10], "layer_tarantula_score": [0.08303294952830415, 0.14875075639922877, 0.32846279388399285, 0.4293165763348189, 0.4220544843182962, 0.07632488852315102, 0.04578037852239101], "layer_ochiai_score": [0.005644301343914431, 0.012854990220123, 0.056932348986469324, 0.14003133151168543, 0.12930017537945218, 0.01357748700833893, 0.006604016967969732], "layer_D_star_score": [0.13689930933364852, 0.575987040164789, 9.566461543030922, 52.96647985269139, 49.38522487358148, 0.39022755145577337, 0.10084314543859255], "layer_Op2_score": [4.030437907602714, 12.508128533250874, 107.53237076563276, 438.7106098111934, 411.3183550151775, 33.92878125605388, 13.797997280003488], "layer_Barinel_score": [0.0213108154032362, 0.03859488066871875, 0.07865362380626231, 0.10276956414766523, 0.1001648481786394, 0.011725252433925427, 0.006839327832402149], "time": 261.27488374710083}