{"neuron_counts": [26300, 8500, 1000, 500, 250, 1], "neuron_counts_selected": [500, 500, 500, 500, 250, 1], "layer_tarantula_score": [1.0, 0.729316, 0.5959840000000001, 0.6496360000000001, 0.5959840000000001, 1.0], "layer_ochiai_score": [0.6017064502101594, 0.42761248850906247, 0.42746458589187125, 0.4561258763271829, 0.41743538165976285, 0.9999980000060001], "layer_D_star_score": [6.007877543141777, 406.73449118402084, 160007.0291921676, 2507.8209092625493, 7.0826386378344806, 6250000.000014566], "layer_Op2_score": [9.167112, 6.789328, 7.721152, 8.010195999999999, 7.311808, 25.0], "layer_Barinel_score": [1.0, 0.729316, 0.5959840000000001, 0.6496360000000001, 0.5959840000000001, 1.0], "time": 1.5978634357452393}