{"neuron_counts": [26300, 8500, 1000, 500, 250, 1], "neuron_counts_selected": [500, 500, 500, 500, 250, 1], "layer_tarantula_score": [1.0, 0.856, 0.772, 0.806, 0.772, 1.0], "layer_ochiai_score": [0.6846417974353635, 0.5806538333665178, 0.591108060113755, 0.574144068839296, 0.5452730654940895, 0.9999987285052461], "layer_D_star_score": [20.384651517603253, 123740.83564350221, 2474179.9052850683, 309286.34331820713, 15.2345564625612, 15463550.133303186], "layer_Op2_score": [18.67485424088345, 16.47603424842047, 18.240231299447636, 16.157913721037602, 15.153201512832071, 39.323720744124685], "layer_Barinel_score": [1.0, 0.856, 0.772, 0.806, 0.772, 1.0], "time": 2.2380783557891846}