{"neuron_counts": [26300, 8500, 1000, 500, 250, 1], "neuron_counts_selected": [500, 500, 500, 500, 250, 1], "layer_tarantula_score": [1.0, 0.7569, 0.568516, 0.6496360000000001, 0.5959840000000001, 1.0], "layer_ochiai_score": [0.6051413161997229, 0.4181726561118511, 0.40373272134788485, 0.45307953940646556, 0.4160272373443077, 0.9999987285052461], "layer_D_star_score": [9.622374728205147, 8917.081699983215, 311817.22055139235, 6197.247770514275, 10.937474824788003, 15463550.133303186], "layer_Op2_score": [14.571605425752315, 10.15954961817416, 11.348373596088496, 12.43213595952221, 11.42453595885436, 39.323720744124685], "layer_Barinel_score": [1.0, 0.7569, 0.568516, 0.6496360000000001, 0.5959840000000001, 1.0], "time": 2.1284422874450684}