{"neuron_counts": [26300, 8500, 1000, 500, 250, 1], "neuron_counts_selected": [500, 500, 500, 500, 250, 1], "layer_tarantula_score": [1.0, 0.7327359999999999, 0.5959840000000001, 0.6496360000000001, 0.5959840000000001, 1.0], "layer_ochiai_score": [0.6401367198989562, 0.42928891271394287, 0.4243646093044946, 0.45307953940646556, 0.4160272373443077, 0.9999987285052461], "layer_D_star_score": [13.137089371679664, 1000.7614194979084, 395877.4527000952, 6197.247770514275, 10.937474824788003, 15463550.133303186], "layer_Op2_score": [16.297581377390266, 10.748925370803294, 11.974267468235709, 12.43213595952221, 11.42453595885436, 39.323720744124685], "layer_Barinel_score": [1.0, 0.7327359999999999, 0.5959840000000001, 0.6496360000000001, 0.5959840000000001, 1.0], "time": 2.327207565307617}