{"neuron_counts": [26300, 8500, 1000, 500, 250, 1], "neuron_counts_selected": [500, 500, 500, 500, 250, 1], "layer_tarantula_score": [1.0, 0.7395999999999999, 0.5959840000000001, 0.6496360000000001, 0.5959840000000001, 1.0], "layer_ochiai_score": [0.6350676426894057, 0.41499592279715125, 0.42301950821134743, 0.45307953940646556, 0.4160272373443077, 0.9999987285052461], "layer_D_star_score": [12.355734971371346, 1556.1039559355156, 320662.85478656326, 6197.247770514275, 10.937474824788003, 15463550.133303186], "layer_Op2_score": [16.024088331433784, 10.110030616902236, 11.883106137727498, 12.43213595952221, 11.42453595885436, 39.323720744124685], "layer_Barinel_score": [1.0, 0.7395999999999999, 0.5959840000000001, 0.6496360000000001, 0.5959840000000001, 1.0], "time": 1.700934648513794}