{"neuron_counts": [26300, 8500, 1000, 500, 250, 1], "neuron_counts_selected": [500, 500, 500, 500, 250, 1], "layer_tarantula_score": [1.0, 0.7361639999999999, 0.5959840000000001, 0.6496360000000001, 0.5959840000000001, 1.0], "layer_ochiai_score": [0.621122386229436, 0.41580331791035363, 0.42565180977384337, 0.4561258763271829, 0.41743538165976285, 0.9999980000060001], "layer_D_star_score": [6.947834540796104, 631.03959369667, 129607.04920599001, 2507.8209092625493, 7.0826386378344806, 6250000.000014566], "layer_Op2_score": [9.74642, 6.443347999999999, 7.646655999999999, 8.010195999999999, 7.311808, 25.0], "layer_Barinel_score": [1.0, 0.7361639999999999, 0.5959840000000001, 0.6496360000000001, 0.5959840000000001, 1.0], "time": 2.5437710285186768}