{"neuron_counts": [26300, 8500, 1000, 500, 250, 1], "neuron_counts_selected": [500, 500, 500, 500, 250, 1], "layer_tarantula_score": [1.0, 0.729316, 0.565504, 0.6496360000000001, 0.5959840000000001, 1.0], "layer_ochiai_score": [0.5889683438790392, 0.42187759260558383, 0.40260365856725994, 0.45307953940646556, 0.4160272373443077, 0.9999987285052461], "layer_D_star_score": [8.623057993550555, 1000.0808652421199, 386042.03822132514, 6197.247770514275, 10.937474824788003, 15463550.133303186], "layer_Op2_score": [13.847314496083174, 10.453314968727295, 11.360920059992562, 12.43213595952221, 11.42453595885436, 39.323720744124685], "layer_Barinel_score": [1.0, 0.729316, 0.565504, 0.6496360000000001, 0.5959840000000001, 1.0], "time": 2.1860508918762207}