{"neuron_counts": [26300, 8500, 1000, 500, 250, 1], "neuron_counts_selected": [200, 200, 200, 200, 200, 1], "layer_tarantula_score": [1.0, 0.7744, 0.6084, 0.6889, 0.6241000000000001, 1.0], "layer_ochiai_score": [0.6487161492286868, 0.45673097964775866, 0.430092670050648, 0.47942650112933477, 0.433936764325394, 0.9999987285052461], "layer_D_star_score": [13.769643085463397, 11.346122559490016, 281834.0145562286, 398.98533085133863, 11.166263774444396, 15463550.133303186], "layer_Op2_score": [16.698093098254283, 11.49958415714076, 12.024043350574374, 13.124526889170735, 11.868044062420408, 39.323720744124685], "layer_Barinel_score": [1.0, 0.7744, 0.6084, 0.6889, 0.6241000000000001, 1.0], "time": 1.5543794631958008}