{"neuron_counts": [26300, 8500, 1000, 500, 250, 1], "neuron_counts_selected": [100, 100, 100, 100, 100, 1], "layer_tarantula_score": [1.0, 0.85, 0.72, 0.79, 0.84, 1.0], "layer_ochiai_score": [0.693369444075461, 0.532525594755256, 0.552774384357627, 0.5607298202548957, 0.5914901465239795, 0.9999987285052461], "layer_D_star_score": [22.456915770346964, 18.535311935979706, 2319543.7978468235, 154650.861353757, 16.27332787075059, 15463550.133303186], "layer_Op2_score": [19.14101087993414, 14.265305377190124, 17.096620418551357, 15.69269587707836, 16.387189240532095, 39.323720744124685], "layer_Barinel_score": [1.0, 0.85, 0.72, 0.79, 0.84, 1.0], "time": 0.8496367931365967}