{"neuron_counts": [3276800, 409600, 819200, 102400, 102400, 204800, 25600, 51200, 5120, 5120, 5120, 5120, 128, 128, 128, 1], "neuron_counts_selected": [500, 500, 500, 500, 500, 500, 500, 500, 500, 500, 500, 500, 128, 128, 128, 1], "layer_tarantula_score": [0.4394930606972146, 0.4963563733333333, 0.23726036477471943, 0.46439897198992425, 0.3274270703098597, 0.2019382832896894, 0.4537226359940074, 0.14480049747511087, 0.4044868666012942, 0.26740270775606195, 0.2669182140924439, 0.45145025247342235, 0.20533316819923897, 0.20533316819923897, 0.5, 0.5], "layer_ochiai_score": [0.4190049512367493, 0.6988119926945715, 0.2265482788240932, 0.6033279066738398, 0.37087510657239636, 0.19378600568340418, 0.5803125513259495, 0.1574897029135372, 0.4942665928085524, 0.31112783090406204, 0.32322377678632436, 0.5299721472920552, 0.19289715554188056, 0.19289715554188056, 0.7071040615607717, 0.7071040615607717], "layer_D_star_score": [2.1714070164867616, 12.460464206042516, 2.115758637000199, 9.664669367554657, 4.5699493306765735, 1.796166872443055, 8.963522803710685, 1.8782072126148166, 7.513395641948996, 4.332669030391921, 4.5797288756038945, 6.88116793394982, 1.7100792117354477, 1.7100792117354477, 12.999900000769228, 12.999900000769225], "layer_Op2_score": [4.671883481460847, 11.864631475860886, 2.7384998517153454, 9.618234508067806, 5.218268447139672, 2.3650839245148267, 9.117944211141348, 2.129558886807958, 7.587106168184519, 4.559397111220641, 4.799224038371163, 7.689811796430036, 2.2543085298414143, 2.2543085298414143, 12.071435204034257, 12.071435204034257], "layer_Barinel_score": [0.4394930606972146, 0.4963563733333333, 0.23726036477471943, 0.46439897198992425, 0.32742707030985974, 0.2019382832896894, 0.45372263599400736, 0.14480049747511087, 0.4044868666012942, 0.26740270775606195, 0.2669182140924439, 0.45145025247342235, 0.20533316819923897, 0.20533316819923897, 0.5, 0.5], "time": 3.481091260910034}