{"neuron_counts": [3276800, 409600, 819200, 102400, 102400, 204800, 25600, 51200, 5120, 5120, 5120, 5120, 128, 128, 128, 1], "neuron_counts_selected": [200, 200, 200, 200, 200, 200, 200, 200, 200, 200, 200, 200, 128, 128, 128, 1], "layer_tarantula_score": [0.490002110784812, 0.5001166666666667, 0.3640418003129892, 0.49703838673049033, 0.4032012385619197, 0.3571033952158952, 0.4748190207565426, 0.2916248567608862, 0.46650451500889145, 0.3728009347265707, 0.3532863948572927, 0.5042723726597582, 0.374669716074152, 0.374669716074152, 0.5, 0.5], "layer_ochiai_score": [0.466248320084229, 0.7042949682930376, 0.40013886898722845, 0.6355549798213704, 0.47432765985275116, 0.35624556311127376, 0.6303729637057347, 0.3292142499591469, 0.608780600755988, 0.4624340168293293, 0.4116330524490411, 0.6094551977452961, 0.3585517502675579, 0.3585517502675579, 0.7071040615607717, 0.7071040615607717], "layer_D_star_score": [3.2009570844131745, 12.838037576360602, 5.512110932580879, 10.605575108664565, 7.051506503899293, 4.519182355832215, 10.713122381166304, 4.996662581335316, 10.531235077622886, 7.6428333981170145, 6.465930042600785, 9.623359158478033, 4.6467465640092795, 4.6467465640092795, 12.999900000769228, 12.999900000769225], "layer_Op2_score": [5.441074563753116, 11.974292290769354, 5.892860443853973, 10.28107709944929, 7.259646823951258, 5.009288469368077, 10.34572003057121, 5.04607420661281, 10.02143402547125, 7.431432632624053, 6.422503553546046, 9.601433882615124, 5.007815122749124, 5.007815122749124, 12.071435204034257, 12.071435204034257], "layer_Barinel_score": [0.490002110784812, 0.5001166666666667, 0.3640418003129892, 0.49703838673049033, 0.4032012385619197, 0.3571033952158952, 0.4748190207565426, 0.2916248567608861, 0.46650451500889145, 0.3728009347265707, 0.3532863948572927, 0.5042723726597582, 0.374669716074152, 0.374669716074152, 0.5, 0.5], "time": 2.42055344581604}