{"neuron_counts": [3276800, 409600, 819200, 102400, 102400, 204800, 25600, 51200, 5120, 5120, 5120, 5120, 128, 128, 128, 1], "neuron_counts_selected": [500, 500, 500, 500, 500, 500, 500, 500, 500, 500, 500, 500, 128, 128, 128, 1], "layer_tarantula_score": [0.3992944327963329, 0.48842962982787147, 0.1565049020596943, 0.40745328101063705, 0.2554950033875602, 0.0906778053069883, 0.3336728828158655, 0.03505698196608061, 0.20364473492421994, 0.1368880154196971, 0.1444600046904227, 0.29146476357589135, 0.10386466427761866, 0.10386466427761866, 0.24513590943973265, 0.5000001602551262], "layer_ochiai_score": [0.31167040890195064, 0.6835964121086248, 0.14211451844034179, 0.5140581577436277, 0.2637048260464118, 0.07489331862899365, 0.35597669232315365, 0.03331421435330689, 0.23567136379687623, 0.1589760564822867, 0.1569703959941564, 0.29196385594723856, 0.08887391972355024, 0.08887391972355024, 0.2628386202073518, 0.7211074816078176], "layer_D_star_score": [0.8826547909549363, 11.583922222898492, 1.194535042824118, 8.113831822358739, 2.956257276019368, 0.475174927399121, 4.1159968833745735, 0.32281914133669753, 3.2233237477805967, 2.1508264875274326, 1.930558040092442, 3.28264658936424, 0.6563893342149424, 0.6563893342149424, 3.197244665928062, 14.083215973200224], "layer_Op2_score": [2.6917896711563767, 11.0523006429489, 1.5868862225982936, 7.748343105606881, 3.3501303985046236, 0.7287115779417148, 4.590276905593033, 0.38410335908185295, 3.2936923969815597, 2.211864732025134, 2.07312955023422, 3.6629760654148753, 0.9080910347977791, 0.9080910347977791, 3.4799638137924758, 12.076930177460174], "layer_Barinel_score": [0.41690305664335653, 0.5084010662300019, 0.16297180935480027, 0.4242320656085779, 0.2662066846025144, 0.09433937785816028, 0.34755812407352016, 0.03647269284014611, 0.21199117974482523, 0.14257916691306893, 0.15043021143928884, 0.30347189628098437, 0.10793314205495676, 0.10793314205495676, 0.2552937344419527, 0.52], "time": 8.218015909194946}