{"neuron_counts": [3276800, 409600, 819200, 102400, 102400, 204800, 25600, 51200, 5120, 5120, 5120, 5120, 128, 128, 128, 1], "neuron_counts_selected": [2000, 2000, 2000, 2000, 2000, 2000, 2000, 2000, 2000, 2000, 2000, 2000, 128, 128, 128, 1], "layer_tarantula_score": [0.43421886744558935, 0.4964921382267507, 0.23379355678730018, 0.4707335846979139, 0.3135180679003755, 0.19374847255388178, 0.44743857874093457, 0.15238639446240054, 0.39362131968697756, 0.24892659577122403, 0.2626680960779088, 0.45032402387419057, 0.20486320689995985, 0.20486320689995985, 0.5000001602551263, 0.5000001602551262], "layer_ochiai_score": [0.41847536919798745, 0.7133008046361938, 0.23838537506968277, 0.612603786939457, 0.3621638161029661, 0.1925180345309193, 0.588381697947319, 0.1625655901963444, 0.5148453075052855, 0.3017434940005804, 0.3139913602899072, 0.5412771716496856, 0.196339445480199, 0.196339445480199, 0.7211074816078173, 0.7211074816078176], "layer_D_star_score": [2.1144476439292723, 13.52826663890649, 2.4267418107736205, 10.085392377343002, 4.699132520919944, 1.8184679308658034, 9.568880455614563, 1.9698175458184775, 8.776238796561744, 4.465293553245521, 4.655455815265932, 7.493258809760362, 1.8304967100023426, 1.8304967100023426, 14.083215973200224, 14.083215973200224], "layer_Op2_score": [4.518220188085094, 11.885380224467507, 2.9345410502323057, 9.424647622379819, 4.98298987186828, 2.301087283176682, 9.089141998615393, 2.1274306384412696, 8.016574823322523, 4.397618970169449, 4.554448757111463, 7.6789741163452465, 2.255865341375377, 2.255865341375377, 12.076930177460175, 12.076930177460174], "layer_Barinel_score": [0.4532277906821561, 0.516490786694664, 0.24353489904463962, 0.48997421057171164, 0.32656556383444424, 0.2018357274712918, 0.4657850819563264, 0.15864377707630997, 0.4096290090620557, 0.25925123043868914, 0.27349043689920866, 0.4689621233275227, 0.21288369153866749, 0.21288369153866749, 0.5199999999999998, 0.52], "time": 10.553974390029907}