{"neuron_counts": [3276800, 409600, 819200, 102400, 102400, 204800, 25600, 51200, 5120, 5120, 5120, 5120, 128, 128, 128, 1], "neuron_counts_selected": [100, 100, 100, 100, 100, 100, 100, 100, 100, 100, 100, 100, 100, 100, 100, 1], "layer_tarantula_score": [0.5300269093651447, 0.49958333333333327, 0.39516971777269255, 0.4931641046088414, 0.3824733233914349, 0.3821693644687823, 0.4605125918143417, 0.3226537518037518, 0.43107847387054554, 0.3938123789963944, 0.3377737981316929, 0.4740744369665423, 0.371871422653116, 0.3455059492376426, 0.5, 0.5], "layer_ochiai_score": [0.5080619795701307, 0.7043381130482429, 0.4028171715564996, 0.6627457235755219, 0.46739562789436634, 0.39920389060816086, 0.622876769742277, 0.3525008229692525, 0.5721813685791672, 0.4564914422134054, 0.4070112179350403, 0.5756301954101837, 0.34665716570600624, 0.3550277263517295, 0.7071040615607715, 0.7071040615607717], "layer_D_star_score": [4.148765143328553, 12.836401104849925, 5.4232406497154395, 11.357469572944378, 7.427938402991879, 4.907403642452865, 10.653722145293884, 5.267785846293557, 10.004656620159924, 7.192190897626194, 6.361306941194402, 8.919320897910367, 4.449043246357914, 4.777451444444532, 12.999900000769228, 12.999900000769225], "layer_Op2_score": [5.98071720916279, 11.986435168320227, 5.812860408139942, 10.942148913222049, 7.2921468418082735, 5.565717316304885, 10.289291433632618, 5.352145770387355, 9.46929093363619, 7.1128609795644335, 6.370003571403063, 9.002147984657254, 4.779288219369861, 5.097859872429483, 12.071435204034257, 12.071435204034257], "layer_Barinel_score": [0.5300269093651447, 0.49958333333333327, 0.39516971777269255, 0.4931641046088414, 0.3824733233914349, 0.3821693644687823, 0.4605125918143417, 0.3226537518037518, 0.43107847387054554, 0.3938123789963944, 0.3377737981316929, 0.4740744369665423, 0.371871422653116, 0.3455059492376426, 0.5, 0.5], "time": 2.142737627029419}