{"neuron_counts": [3276800, 409600, 819200, 102400, 102400, 204800, 25600, 51200, 5120, 5120, 5120, 5120, 128, 128, 128, 1], "neuron_counts_selected": [200, 200, 200, 200, 200, 200, 200, 200, 200, 200, 200, 200, 128, 128, 128, 1], "layer_tarantula_score": [0.4247147461936712, 0.49633125, 0.22920359569971263, 0.4573232871737704, 0.29413530266343424, 0.20891281923277916, 0.434003081954457, 0.14369512183328562, 0.40626221462819234, 0.2487244199719344, 0.21589222870602043, 0.4537428496965944, 0.20533316819923897, 0.20533316819923897, 0.5, 0.5], "layer_ochiai_score": [0.3991098805400995, 0.6990382932888279, 0.23729914984090367, 0.5742591757497391, 0.3264926921816742, 0.19304543400242466, 0.5633476474758935, 0.1566587659960085, 0.5244756601917576, 0.30418962069327493, 0.24334131472548545, 0.5331694147713223, 0.19289715554188056, 0.19289715554188056, 0.7071040615607717, 0.7071040615607717], "layer_D_star_score": [1.9502458780244574, 12.478259428195155, 2.4176750194328362, 8.648475575909245, 3.908021805422965, 1.667800824846593, 8.77101523944081, 1.9287557018596229, 8.465660730560828, 4.478568435307775, 3.1946457888177555, 7.171101638503743, 1.7100792117354477, 1.7100792117354477, 12.999900000769228, 12.999900000769225], "layer_Op2_score": [4.3623406061385275, 11.872699480896568, 3.0690232460839573, 8.813781709237794, 4.518950705173536, 2.282419187541516, 8.924840786137242, 2.1637066129884803, 8.342483110299217, 4.608659679216581, 3.472307318519149, 7.761732918872005, 2.2543085298414143, 2.2543085298414143, 12.071435204034257, 12.071435204034257], "layer_Barinel_score": [0.4247147461936713, 0.49633124999999995, 0.22920359569971263, 0.4573232871737704, 0.29413530266343424, 0.20891281923277916, 0.434003081954457, 0.14369512183328553, 0.40626221462819234, 0.2487244199719344, 0.21589222870602043, 0.4537428496965944, 0.20533316819923897, 0.20533316819923897, 0.5, 0.5], "time": 2.388015031814575}