{"neuron_counts": [3276800, 409600, 819200, 102400, 102400, 204800, 25600, 51200, 5120, 5120, 5120, 5120, 128, 128, 128, 1], "neuron_counts_selected": [200, 200, 200, 200, 200, 200, 200, 200, 200, 200, 200, 200, 128, 128, 128, 1], "layer_tarantula_score": [0.45012887026587106, 0.4974981304347826, 0.2560986839911856, 0.4766155590140536, 0.34059438131385406, 0.17866765422092518, 0.4582728400084953, 0.13279803500355328, 0.4134173104933236, 0.2693554251440938, 0.20122903811888593, 0.4498236725461828, 0.20533316819923897, 0.20533316819923897, 0.5, 0.5], "layer_ochiai_score": [0.42641192391538424, 0.7016215533497376, 0.25937759406238664, 0.6055797579475394, 0.39365102307220684, 0.1774829397828963, 0.6059246878232195, 0.1463927094575914, 0.5109101355133685, 0.3185358322566536, 0.23374864529956374, 0.5392941009454627, 0.19289715554188056, 0.19289715554188056, 0.7071040615607717, 0.7071040615607717], "layer_D_star_score": [2.284911502643634, 12.648873327576723, 2.5471079256953817, 9.42814743258197, 5.34047855842366, 1.7373458108370856, 9.7435007742428, 1.8537587143525072, 7.672982128641499, 4.439022482471931, 3.299744539152186, 7.360701797941038, 1.7100792117354477, 1.7100792117354477, 12.999900000769228, 12.999900000769225], "layer_Op2_score": [4.735944153256049, 11.936503055335319, 3.2693161586345796, 9.466298048228227, 5.719138943293267, 2.226267460232431, 9.717426826772671, 2.0727672604124256, 7.783957738694725, 4.703645459318146, 3.460041221312702, 7.9804616108099244, 2.2543085298414143, 2.2543085298414143, 12.071435204034257, 12.071435204034257], "layer_Barinel_score": [0.45012887026587106, 0.4974981304347826, 0.2560986839911856, 0.4766155590140536, 0.340594381313854, 0.17866765422092523, 0.4582728400084952, 0.13279803500355322, 0.4134173104933236, 0.2693554251440938, 0.2012290381188859, 0.4498236725461828, 0.20533316819923897, 0.20533316819923897, 0.5, 0.5], "time": 2.3685860633850098}