{"neuron_counts": [3276800, 409600, 819200, 102400, 102400, 204800, 25600, 51200, 5120, 5120, 5120, 5120, 128, 128, 128, 1], "neuron_counts_selected": [500, 500, 500, 500, 500, 500, 500, 500, 500, 500, 500, 500, 128, 128, 128, 1], "layer_tarantula_score": [0.43832805223531845, 0.4861447318235086, 0.16013208469981113, 0.4139383037345208, 0.2552968554076578, 0.08069934125290952, 0.3495030665649434, 0.0345092608090361, 0.20149777706569247, 0.13060722926741195, 0.1313482969186901, 0.2878298267064361, 0.10386466427761866, 0.10386466427761866, 0.24513590943973265, 0.5000001602551262], "layer_ochiai_score": [0.3433922303221006, 0.6797577541683512, 0.1510188590233594, 0.5084634703811185, 0.27144113581430257, 0.06323918800702089, 0.3698634948634893, 0.03502425072536281, 0.24120190627691365, 0.14329027382255372, 0.14303921645860382, 0.28321789129763675, 0.08887391972355024, 0.08887391972355024, 0.2628386202073518, 0.7211074816078176], "layer_D_star_score": [1.0505782255094254, 11.289907246810678, 1.3029735256355446, 7.509160231284514, 3.2289905801948535, 0.3086008227804273, 4.22681488044069, 0.36278558417770834, 3.5207459221214057, 1.8119957328750624, 1.800955336593427, 3.0018263778709686, 0.6563893342149424, 0.6563893342149424, 3.197244665928062, 14.083215973200224], "layer_Op2_score": [3.0343317546172726, 10.958814793886201, 1.731246666010257, 7.473301400850768, 3.569887420219853, 0.5721948677317895, 4.800460190798535, 0.4225387550249611, 3.4614057425404416, 1.9181433044361227, 1.9082685169191143, 3.475633804201507, 0.9080910347977791, 0.9080910347977791, 3.4799638137924758, 12.076930177460174], "layer_Barinel_score": [0.456712348040848, 0.5061195891541767, 0.16689824614846377, 0.43097843955973036, 0.2659243332615516, 0.08398654744137109, 0.364136949310411, 0.035919466939603226, 0.20977114201880068, 0.13601843076721987, 0.13679074688565587, 0.2995169777368133, 0.10793314205495676, 0.10793314205495676, 0.2552937344419527, 0.52], "time": 9.559840440750122}