{"neuron_counts": [3276800, 409600, 819200, 102400, 102400, 204800, 25600, 51200, 5120, 5120, 5120, 5120, 128, 128, 128, 1], "neuron_counts_selected": [200, 200, 200, 200, 200, 200, 200, 200, 200, 200, 200, 200, 128, 128, 128, 1], "layer_tarantula_score": [0.512555081356552, 0.49888297101449275, 0.3627941277370272, 0.4951215999992888, 0.4152571613311383, 0.3390703648828699, 0.5092602832008556, 0.2994016370964328, 0.4590444949174455, 0.3871251853129596, 0.4021301749898297, 0.5010973261398941, 0.374669716074152, 0.374669716074152, 0.5, 0.5], "layer_ochiai_score": [0.4906148588342552, 0.7028795801369435, 0.37363771725752715, 0.6467070173224845, 0.5047016823952492, 0.3430775206023073, 0.6597006906904659, 0.3134375592388663, 0.5771791689298561, 0.45905681649999097, 0.47462044445535556, 0.6241264212969184, 0.3585517502675579, 0.3585517502675579, 0.7071040615607717, 0.7071040615607717], "layer_D_star_score": [3.668930679331936, 12.740866751584242, 4.9719493194899, 11.045480775033948, 7.840619247011864, 4.537549826300964, 11.34581206420984, 4.569446384967595, 9.656987481452497, 7.376567775958922, 7.737334592000186, 9.977678470005493, 4.6467465640092795, 4.6467465640092795, 12.999900000769228, 12.999900000769225], "layer_Op2_score": [5.757860193855759, 11.951435168320227, 5.3671458061013855, 10.585362925979103, 7.913575795887173, 4.908217012735623, 10.782148663223834, 4.647502482125128, 9.332147948943224, 7.236075385175821, 7.543575581602989, 9.904291147920372, 5.007815122749124, 5.007815122749124, 12.071435204034257, 12.071435204034257], "layer_Barinel_score": [0.512555081356552, 0.49888297101449275, 0.3627941277370272, 0.4951215999992888, 0.4152571613311383, 0.3390703648828699, 0.5092602832008556, 0.29940163709643286, 0.4590444949174455, 0.3871251853129596, 0.4021301749898297, 0.5010973261398941, 0.374669716074152, 0.374669716074152, 0.5, 0.5], "time": 2.282205820083618}