{"neuron_counts": [16, 16, 8, 8, 4, 4, 2, 2, 1], "neuron_counts_selected": [16, 16, 8, 8, 4, 4, 2, 2, 1], "layer_tarantula_score": [0.16225196869621863, 0.16225196869621863, 0.140625, 0.140625, 0, 0, 0, 0, 0.5000017832044032], "layer_ochiai_score": [0.1708653401995023, 0.1708653401995023, 0.07447681313260181, 0.07447681313260181, 0, 0, 0, 0, 0.999299749824846], "layer_D_star_score": [1307.6261053906558, 1307.6261053906558, 166.34732678369647, 166.34732678369647, 0, 0, 0, 0, 7122820.265568966], "layer_Op2_score": [1079.022136024301, 1079.022136024301, 396.875, 396.875, 0, 0, 0, 0, 9985.066672888848], "layer_Barinel_score": [0.31585576528247067, 0.31585576528247067, 0.140625, 0.140625, 0, 0, 0, 0, 0.9986], "time": 5.52634334564209}