{"neuron_counts": [177608, 350464, 691488, 170528, 207360, 282296, 313600, 78400, 110976, 139392, 32768, 32768, 16, 120], "neuron_counts_selected": [100, 100, 100, 100, 100, 100, 100, 100, 100, 100, 100, 100, 16, 100], "layer_tarantula_score": [0.46643048572587703, 0.4649138722573032, 0.47590630715197013, 0.46935244371046775, 0.5475659205825938, 0.4213422280839287, 0.2901392413674793, 0.2911668508811559, 0.038802929212187635, 0.03593766091067767, 0.060003126648172846, 0.08032544271395514, 0.0019531371250285793, 0.30420188847805063], "layer_ochiai_score": [0.6577056654424538, 0.5789695934862124, 0.4061419316134757, 0.6454652509269824, 0.2541369024042999, 0.1643662751397206, 0.12581212329871005, 0.2042702634497789, 0.041452627377425694, 0.049538081390771045, 0.07831943162430843, 0.1148943848240805, 0.00389320722933131, 0.6063685832512455], "layer_D_star_score": [399.4827415880227, 295.5668868186341, 145.31818827654783, 2609.3619856203954, 942.3020869535478, 1457.9710625447383, 716.5096042325583, 3330.936878514235, 1981.7805174436176, 6290.949781388725, 7640.9492759549685, 15473.833155756336, 693.7725778427779, 108055.35650804405], "layer_Op2_score": [518.8730932867413, 415.45753668848135, 240.59437971911424, 565.4819488694569, 124.75437874134741, 105.58003414073158, 79.64328952900524, 158.5802457261587, 36.34763362962618, 53.440711558760576, 77.77756729703002, 124.82680100776662, 4.652777816357588, 724.6720060088218], "layer_Barinel_score": [0.9919644504848145, 0.9919368743276742, 0.9913879367168074, 0.9917348080045103, 0.9720203329170908, 0.7002728485364198, 0.5004598747792992, 0.5726397430419328, 0.07783873621848882, 0.07238752469323474, 0.121562910330012, 0.1589123898227301, 0.0038802083333333193, 0.604344], "time": 19.68011713027954}