{"neuron_counts": [177608, 350464, 691488, 170528, 207360, 282296, 313600, 78400, 110976, 139392, 32768, 32768, 16, 120], "neuron_counts_selected": [200, 200, 200, 200, 200, 200, 200, 200, 200, 200, 200, 200, 16, 120], "layer_tarantula_score": [0.4707357214020077, 0.623471610496463, 0.276897618239022, 0.35806642137157546, 0.01363183306758012, 0.0012250000000000052, 0.00010000000000000009, 0.00040000000000000034, 0.0002762546121206329, 0, 0, 0, 0.0019531327499206145, 0.0005555577599774146], "layer_ochiai_score": [0.3953387902765014, 0.1875057852284533, 0.021603898792960062, 0.05139566022254628, 0.0019985950961222405, 5.8830458783563315e-05, 2.9800313004181864e-06, 1.3042587152243565e-05, 0.0004205635442227535, 0, 0, 0, 0.003893178717240417, 0.0011073930573483777], "layer_D_star_score": [56.22615525322972, 6.153504361415372, 0.05718849137147167, 0.9263990538403712, 0.08692276058492553, 6.200877928588155e-05, 1.4727360962822426e-07, 9.930230010122805e-07, 0.44948138640284613, 0, 0, 0, 1080.6596533565173, 307.387634732525], "layer_Op2_score": [293.6848280086837, 78.38495451451892, 3.5188400265770206, 15.209471590054843, 0.7656454922403585, 0.007327419308572988, 0.00016532258093357121, 0.0008120967730879777, 0.5306832851686213, 0, 0, 0, 7.26515794619618, 2.0665338158068103], "layer_Barinel_score": [0.9908651244455778, 0.9895701839753928, 0.33424796523384115, 0.5058077739869531, 0.01815322599307744, 0.0012250000000000052, 0.00010000000000000009, 0.00040000000000000034, 0.0006196855341704118, 0, 0, 0, 0.0038801513827595537, 0.0011036875044293968], "time": 32.123347759246826}