{"neuron_counts": [177608, 350464, 691488, 170528, 207360, 282296, 313600, 78400, 110976, 139392, 32768, 32768, 16, 120], "neuron_counts_selected": [500, 500, 500, 500, 500, 500, 500, 500, 500, 500, 500, 500, 16, 120], "layer_tarantula_score": [0.45168910490695735, 0.47984523100714327, 0.5097354970274487, 0.4989242163062355, 0.10002373146460741, 0.021645983618987424, 0.0010143301119285683, 0.004125694665335381, 5.200019046203819e-05, 1.6000000000000016e-05, 4.000000000000004e-06, 0.00014400000000000014, 0.0019531327499206145, 0.0005555577599774146], "layer_ochiai_score": [0.48240787613172753, 0.3006742470171957, 0.07027275427841168, 0.13264813024186906, 0.014358950367392825, 0.001691589562233937, 0.00012456482146471162, 0.0005299873926952397, 6.484571851309733e-05, 6.164621830311235e-07, 1.6902352085336952e-07, 6.665042517365345e-06, 0.003893178717240417, 0.0011073930573483777], "layer_D_star_score": [135.32496459080144, 33.033926717569514, 1.042260145683401, 12.251838337398402, 18.650480104600778, 0.1512281480928799, 0.006271014330710357, 0.14091812629506553, 17.705527810973173, 6.626771571647341e-08, 2.3773108809922682e-08, 1.437183051519976e-06, 1080.6596533565173, 307.387634732525], "layer_Op2_score": [436.5989433882659, 188.67511614502865, 19.544042325286625, 64.39319276411686, 8.54044793591189, 0.5521356842640238, 0.05423197900321812, 0.30513642573229355, 0.11909041230700833, 4.425806427001901e-05, 1.3290322542190562e-05, 0.0005879999942779555, 7.26515794619618, 2.0665338158068103], "layer_Barinel_score": [0.9909717811098269, 0.9898448106771578, 0.7013038726765053, 0.8017416825781918, 0.13839207994214012, 0.026790011144413026, 0.001434790256417545, 0.005168511317075917, 9.935860038265504e-05, 1.6000000000000016e-05, 4.000000000000004e-06, 0.00014400000000000014, 0.0038801513827595537, 0.0011036875044293968], "time": 66.05034828186035}