{"neuron_counts": [177608, 350464, 691488, 170528, 207360, 282296, 313600, 78400, 110976, 139392, 32768, 32768, 16, 120], "neuron_counts_selected": [200, 200, 200, 200, 200, 200, 200, 200, 200, 200, 200, 200, 16, 120], "layer_tarantula_score": [0.4667369842561681, 0.4564062271489849, 0.4527156623580011, 0.4763657399870467, 0.4994199809995534, 0.4058972836794851, 0.273345178460195, 0.2580729693352326, 0.062072109832100236, 0.054780088327326136, 0.04790334898791975, 0.03715001817764598, 0.0019531327499206145, 0.26281354282931824], "layer_ochiai_score": [0.6591650158806374, 0.5865912530441457, 0.4095142992318384, 0.6578626942748467, 0.24941995542700685, 0.1578148926910397, 0.14980109142312065, 0.24998853990351746, 0.07158932507471717, 0.0754760347098544, 0.06183007440975083, 0.04895234595366635, 0.003893178717240417, 0.5238661281918706], "layer_D_star_score": [631.7363025257933, 476.24104186123884, 210.82486674934896, 3795.465473113, 1850.0247134337071, 1665.0882967042587, 1957.220965391528, 13663.443428186516, 5690.0707078062605, 14006.082231753704, 9210.78251978402, 7727.417216873507, 1080.6596533565173, 145413.56295565277], "layer_Op2_score": [813.7115395434654, 661.121304248755, 372.533807688481, 899.5220056927786, 189.1437674472311, 158.98450754866133, 167.36459762101182, 341.62139347244164, 105.80499348109056, 124.76967373539877, 94.60774286017354, 77.85497730902122, 7.26515794619618, 977.5996532401613], "layer_Barinel_score": [0.9920373073052684, 0.9916461518237681, 0.9905600081507898, 0.9923329365478796, 0.969052597323408, 0.6901396130863341, 0.4995696137774612, 0.5340984351365438, 0.12511695999447986, 0.11468378819562731, 0.1015054636687999, 0.07508131118611773, 0.0038801513827595537, 0.5221131700641245], "time": 33.85421061515808}