{"neuron_counts": [177608, 350464, 691488, 170528, 207360, 282296, 313600, 78400, 110976, 139392, 32768, 32768, 16, 120], "neuron_counts_selected": [500, 500, 500, 500, 500, 500, 500, 500, 500, 500, 500, 500, 16, 120], "layer_tarantula_score": [0.5495910364808749, 0.6376355434659722, 0.7106702178779144, 0.6908782131579947, 0.3129158748687893, 0.14655004331530636, 0.031573384383814546, 0.06380319790203721, 0.006000015871837427, 0.004, 0.002, 0.012, 0.03125012399872989, 0.016666732799322608], "layer_ochiai_score": [0.49709801649944824, 0.3710251081014303, 0.13397692713187853, 0.24135212665669592, 0.0921852885647377, 0.024231074168026265, 0.006093876590904484, 0.015645280237250824, 0.008032112146789219, 0.000157419245161567, 8.451176042654864e-05, 0.0006223403384790513, 0.06229085947584667, 0.03322179172045156], "layer_D_star_score": [156.8877176952842, 80.69822254864769, 5.971011962330025, 70.16560097196667, 599.723808410168, 7.697571578990282, 0.41364647590760173, 7.231920382471706, 2213.1909728726223, 1.8071919269071597e-05, 1.1886554404940875e-05, 0.000203301117605811, 17290.554453704248, 9221.629041975599], "layer_Op2_score": [463.93267073765134, 286.05543519489197, 58.24911623066276, 179.42622694372432, 102.66623772420816, 17.2169225962104, 3.3581578239174577, 13.89738560087652, 14.882269280284516, 0.011548387050628663, 0.006645161271095276, 0.062387096166610714, 116.2425271391393, 61.99601447420763], "layer_Barinel_score": [0.9932711749869862, 0.9934658445635586, 0.8371765866641602, 0.8948773661169899, 0.3719013163545476, 0.16365623012328326, 0.03786512321780351, 0.07188239618386887, 0.00994655003189155, 0.004, 0.002, 0.012, 0.06208242212415275, 0.03311062513288147], "time": 66.95637655258179}