{"neuron_counts": [177608, 350464, 691488, 170528, 207360, 282296, 313600, 78400, 110976, 139392, 32768, 32768, 16, 120], "neuron_counts_selected": [500, 500, 500, 500, 500, 500, 500, 500, 500, 500, 500, 500, 16, 120], "layer_tarantula_score": [0.4543620914145055, 0.47870242692017256, 0.5216316242208705, 0.4476095156765387, 0.08998412630784688, 0.02820963993848683, 0.000995423735663024, 0.002457891453949875, 2.00000634873353e-05, 6.400000000000006e-05, 0.00025600000000000026, 1.6000000000000016e-05, 0.0019531327499206145, 0.0005555577599774146], "layer_ochiai_score": [0.48270967685549654, 0.29966601248366526, 0.06785569585620115, 0.1427408775399602, 0.015952361673389634, 0.003146203993413875, 5.3569494034143776e-05, 0.000529451837223462, 1.657514917039236e-05, 2.347846842117615e-06, 1.3757202638698912e-05, 9.32645413012543e-07, 0.003893178717240417, 0.0011073930573483777], "layer_D_star_score": [135.74818449108827, 30.903595365591396, 1.1006796683332567, 17.798806703991062, 12.925384515415978, 0.6164283595814826, 0.0008296873296216878, 0.21740220979216893, 4.426381976533864, 2.720015667153304e-07, 4.737770717369008e-06, 4.998915428999103e-07, 1080.6596533565173, 307.387634732525], "layer_Op2_score": [437.1066407217299, 186.26727113265096, 19.40966044320044, 77.67692730759836, 9.633201957237933, 1.5094229268293247, 0.010868830814823902, 0.40902495375459813, 0.02979486114064435, 0.00016683871006965533, 0.0014156128975152925, 0.00010735483837127764, 7.26515794619618, 2.0665338158068103], "layer_Barinel_score": [0.9910628173360605, 0.9893536094295288, 0.6798702373363683, 0.7823811296891533, 0.13145445618154045, 0.03872861344348054, 0.001152788789364771, 0.0035835298821863598, 3.5786200127601346e-05, 6.400000000000006e-05, 0.00025600000000000026, 1.6000000000000016e-05, 0.0038801513827595537, 0.0011036875044293968], "time": 66.57383346557617}