{"neuron_counts": [177608, 350464, 691488, 170528, 207360, 282296, 313600, 78400, 110976, 139392, 32768, 32768, 16, 120], "neuron_counts_selected": [100, 100, 100, 100, 100, 100, 100, 100, 100, 100, 100, 100, 16, 100], "layer_tarantula_score": [0.5331535599026151, 0.5365298276614838, 0.593497270685005, 0.520116837038916, 0.6271648131652381, 0.5944025672310973, 0.4761497394580625, 0.49674378073477465, 0.216520149371864, 0.21917873910675922, 0.23346295300535494, 0.1681311836974204, 0.03125012399872989, 0.3550014086255715], "layer_ochiai_score": [0.6639232526573524, 0.6357627552454358, 0.49783344228909554, 0.7443304768469623, 0.3869370160843571, 0.43672907890651447, 0.3410258416907396, 0.4893217656298705, 0.28367049626597646, 0.2435309494628599, 0.4016212632024333, 0.28447959495941555, 0.06229085947584667, 0.7076241636456183], "layer_D_star_score": [657.3853265041829, 801.6166055697994, 527.810243869346, 9224.333438026251, 8780.87805680615, 22550.39390886951, 14135.186487080016, 49401.18505669822, 47907.65667586155, 53944.49514976738, 98816.00862332615, 71612.37781126137, 17290.554453704248, 196420.69859408026], "layer_Op2_score": [825.2608915319902, 778.2122105753007, 545.6275524269141, 1130.7821021895452, 440.5844284722084, 650.116927131184, 452.7648872759019, 759.5807479172378, 463.28158213795797, 427.7359751118355, 729.5579655757105, 506.6025320620699, 116.2425271391393, 1320.5151083006222], "layer_Barinel_score": [0.9937012415914688, 0.9935156950885626, 0.9928110454204848, 0.9930133799081914, 0.9429615474297647, 0.8742197566275252, 0.724643388456209, 0.804409761235833, 0.3875219889101295, 0.3383687692081889, 0.4456213441831943, 0.3179267146287681, 0.06208242212415275, 0.7052563153303752], "time": 21.994810581207275}