{"neuron_counts": [177608, 350464, 691488, 170528, 207360, 282296, 313600, 78400, 110976, 139392, 32768, 32768, 16, 120], "neuron_counts_selected": [500, 500, 500, 500, 500, 500, 500, 500, 500, 500, 500, 500, 16, 120], "layer_tarantula_score": [0.647750642373495, 0.8119035204251619, 0.30440045963178824, 0.3747921123183807, 0.0768850450073059, 0.0, 0.0, 0.002, 0.0, 0.0, 0.0, 0.0, 0.03125012399872989, 0.016666732799322608], "layer_ochiai_score": [0.3316076920203486, 0.15697824167961827, 0.01824712410388323, 0.033618695793847006, 0.0138723942855117, 0.0, 0.0, 0.00010367269439560977, 0.0, 0.0, 0.0, 0.0, 0.06229085947584667, 0.03322179172045156], "layer_D_star_score": [28.11804611477317, 4.625318529453858, 0.025197640543540095, 0.2214668580393129, 0.7884694114346662, 0.0, 0.0, 2.6942463493175346e-05, 0.0, 0.0, 0.0, 0.0, 17290.554453704248, 9221.629041975599], "layer_Op2_score": [208.59583720944775, 61.680405315421964, 2.5362689913020624, 7.603064264982619, 6.6510693523624616, 0.0, 0.0, 0.01, 0.0, 0.0, 0.0, 0.0, 116.2425271391393, 61.99601447420763], "layer_Barinel_score": [0.9932622295530081, 0.962172955297891, 0.3093427627535258, 0.3886845575962035, 0.08924111680110913, 0.0, 0.0, 0.002, 0.0, 0.0, 0.0, 0.0, 0.06208242212415275, 0.03311062513288147], "time": 66.2338342666626}