{"neuron_counts": [177608, 350464, 691488, 170528, 207360, 282296, 313600, 78400, 110976, 139392, 32768, 32768, 16, 120], "neuron_counts_selected": [500, 500, 500, 500, 500, 500, 500, 500, 500, 500, 500, 500, 16, 120], "layer_tarantula_score": [0.4607154400719693, 0.45684837249905375, 0.46535507860728437, 0.46401137617407756, 0.4739573718975147, 0.38807152526002486, 0.2611385937529723, 0.2931067767825601, 0.06015134498563194, 0.05820015784395087, 0.054124465419569105, 0.051449911857260514, 0.0019531371250285793, 0.2628141315438449], "layer_ochiai_score": [0.6587711100575239, 0.5885403617343113, 0.39885013025218, 0.6583785950513271, 0.2495306650810861, 0.16043617603811372, 0.144391941955715, 0.23024883509753227, 0.05882450382488153, 0.07022317920694662, 0.07733238252499447, 0.06448202512773674, 0.00389320722933131, 0.5238699647788229], "layer_D_star_score": [403.3660662620367, 309.9061458504253, 120.81296115700783, 2748.6309972075805, 918.2849406014485, 1368.6725286831181, 938.3744121138421, 9862.734949730026, 3374.034686016731, 7216.58853778565, 9392.488431614373, 7787.057965539525, 693.7725778427779, 93354.03807452436], "layer_Op2_score": [520.5949404421283, 426.7861884687061, 226.8777356441373, 581.9796986405928, 127.75866953224974, 105.63209198222235, 103.5885372846082, 204.92744792520074, 54.66412579753535, 71.04674501612172, 81.12514911225446, 65.35672408266593, 4.652777816357588, 626.0777829690783], "layer_Barinel_score": [0.9918552391138745, 0.9916775276939725, 0.9902974783313283, 0.9918589013282857, 0.9189617423795345, 0.6841049022063215, 0.48209888300808934, 0.5605231840520196, 0.1211259469867899, 0.11540915402892937, 0.10943299112730874, 0.10540193988817334, 0.0038802083333333193, 0.5221208333333334], "time": 66.48740768432617}