{"neuron_counts": [177608, 350464, 691488, 170528, 207360, 282296, 313600, 78400, 110976, 139392, 32768, 32768, 16, 120], "neuron_counts_selected": [200, 200, 200, 200, 200, 200, 200, 200, 200, 200, 200, 200, 16, 120], "layer_tarantula_score": [0.46690184571450993, 0.4505009922962707, 0.5020773672100559, 0.4839947946966981, 0.34932830608788784, 0.0729300183497222, 0.04961546647899302, 0.03236131757205771, 0.006309752237315869, 0.0027483299831179797, 0.005672111145940389, 0.006775171625491769, 0.0019531327499206145, 0.0005555577599774146], "layer_ochiai_score": [0.5727415058034254, 0.4448058752312609, 0.19422557258591874, 0.39267902205164856, 0.04672705595230349, 0.03175992592988335, 0.008674179952894373, 0.012828159928724065, 0.0063556164172534945, 0.0028391736896570506, 0.0051396702892934154, 0.0037177574262104458, 0.003893178717240417, 0.0011073930573483777], "layer_D_star_score": [303.90014331518444, 151.8439346199287, 19.094751439455514, 352.5030149044357, 56.60372171465032, 35.07795575111397, 9.325150027441417, 179.36325414348852, 213.87384295240915, 119.14750863329425, 370.38542657362234, 195.03850658297577, 1080.6596533565173, 307.387634732525], "layer_Op2_score": [614.564728024626, 394.3180662605918, 106.42124429599471, 385.51737530462367, 25.384310459895435, 23.26972437084615, 3.8730094711562946, 8.867785808398526, 9.70663094108705, 3.9213365062061367, 7.114348913793894, 4.887715225367891, 7.26515794619618, 2.0665338158068103], "layer_Barinel_score": [0.9918696244112241, 0.9905949052951937, 0.927627228562219, 0.9813791681927175, 0.4538331770501199, 0.13568372530851194, 0.07743382850627445, 0.06426050510811245, 0.012021447300877716, 0.006281566840170297, 0.010932496582407135, 0.012022416566542854, 0.0038801513827595537, 0.0011036875044293968], "time": 32.80366253852844}