{"neuron_counts": [177608, 350464, 691488, 170528, 207360, 282296, 313600, 78400, 110976, 139392, 32768, 32768, 16, 120], "neuron_counts_selected": [200, 200, 200, 200, 200, 200, 200, 200, 200, 200, 200, 200, 16, 120], "layer_tarantula_score": [0.535626307221269, 0.5234869023438649, 0.6026628433931532, 0.512366513520442, 0.6544892187583887, 0.6487403930292132, 0.4682422218253292, 0.4678216458002353, 0.17947814745101065, 0.18928222229472183, 0.18308930868172, 0.19118184404170976, 0.03125012399872989, 0.3625014383852667], "layer_ochiai_score": [0.6643505925902785, 0.656719249221615, 0.5028565675478625, 0.7851300270108365, 0.4217260738063371, 0.3469535132790687, 0.34437571812783285, 0.45787029342979013, 0.19577376730234278, 0.23899164239905354, 0.21976550230807745, 0.28342363345520377, 0.06229085947584667, 0.7225739699198215], "layer_D_star_score": [659.8960529390932, 1081.7666532279839, 514.6371082727821, 14694.938998568494, 21756.60486315271, 18392.655562388813, 18558.359627361016, 67852.06479873793, 29321.17456578808, 53542.16180548001, 49821.920213088604, 64415.145568141226, 17290.554453704248, 200570.43166296926], "layer_Op2_score": [826.333305483643, 838.0196137786047, 545.3645552138582, 1236.0571641287488, 513.0628676292487, 485.497600641219, 501.9361671395773, 736.7528889382811, 313.51461141978797, 413.317151143144, 369.595884384865, 499.7397258479276, 116.2425271391393, 1348.4133148140158], "layer_Barinel_score": [0.9936991360164156, 0.9932061843604848, 0.9937294320212507, 0.9931002745030659, 0.9630223997389877, 0.8658844741706219, 0.6954446197327462, 0.7442468236001569, 0.2921985281351765, 0.3181372842432098, 0.3177221354097854, 0.33789095598287455, 0.06208242212415275, 0.7201560966401719], "time": 33.7393524646759}