{"neuron_counts": [2, 2, 1], "neuron_counts_selected": [2, 2, 1], "layer_tarantula_score": [1.0, 0.125, 0.5], "layer_ochiai_score": [0.7070891041799029, 0.17677227604497572, 0.49998750046873053], "layer_D_star_score": [0.9999000099990003, 0.49997500124993755, 0.49997500124993755], "layer_Op2_score": [1.0, 0.33333888870370987, 0.6666777774074197], "layer_Barinel_score": [1.0, 0.125, 0.5], "time": 0.060830116271972656}