{"neuron_counts": [2, 2, 1], "neuron_counts_selected": [2, 2, 1], "layer_tarantula_score": [1.0, 0.12500018939546076, 0.4951844636128211], "layer_ochiai_score": [0.7988536746242474, 0.18073625170751428, 0.5748737011104151], "layer_D_star_score": [3.52741477238761, 0.8578446696921838, 1.335095646404242], "layer_Op2_score": [2.0, 0.5982057432269068, 1.5178701480162216], "layer_Barinel_score": [1.0, 0.13066654008008594, 0.5178576642842702], "time": 0.06586003303527832}