{"neuron_counts": [3072, 500, 300, 10], "neuron_counts_selected": [100, 100, 100, 10], "layer_tarantula_score": [0.5093657799053776, 0.0, 0.0, 0.0], "layer_ochiai_score": [0.9599571655221255, 0.0, 0.0, 0.0], "layer_D_star_score": [117923.57429109592, 0.0, 0.0, 0.0], "layer_Op2_score": [9212.368911773356, 0.0, 0.0, 0.0], "layer_Barinel_score": [0.9903321585975273, 0.0, 0.0, 0.0], "time": 21.942013025283813}