{"neuron_counts": [3072, 500, 300, 10], "neuron_counts_selected": [100, 100, 100, 10], "layer_tarantula_score": [0.4981425293967837, NaN, NaN, NaN], "layer_ochiai_score": [0.9539651331490833, NaN, NaN, NaN], "layer_D_star_score": [98276.36939326438, NaN, NaN, NaN], "layer_Op2_score": [9096.522163236275, NaN, NaN, NaN], "layer_Barinel_score": [0.9899155122679428, NaN, NaN, NaN], "time": 21.680570363998413}