{"neuron_counts": [3072, 500, 300, 10], "neuron_counts_selected": [500, 500, 300, 10], "layer_tarantula_score": [0.3390853242371396, NaN, NaN, NaN], "layer_ochiai_score": [0.2491760908108557, NaN, NaN, NaN], "layer_D_star_score": [55.38245273410619, NaN, NaN, NaN], "layer_Op2_score": [651.6354019187146, NaN, NaN, NaN], "layer_Barinel_score": [0.9775296805840793, NaN, NaN, NaN], "time": 89.80635643005371}