{"neuron_counts": [43264, 10816, 1024, 256, 256, 64, 1], "neuron_counts_selected": [100, 100, 100, 100, 100, 64, 1], "layer_tarantula_score": [0.48261597481171337, 0.5217934956329072, 0.34009228811233894, 0.48254692280243444, 0.4394855587674232, 0.6188462638095312, 0.5000000059509632], "layer_ochiai_score": [0.5582179346432022, 0.7446873055324537, 0.49366154464513373, 0.7698388720740676, 0.6342503728427419, 0.3447351309480439, 0.8165289506712327], "layer_D_star_score": [4074.8910606845398, 6919.092072711137, 2970.6837723812328, 6959.612500181068, 5633.217092439568, 1651.3797832353684, 8408.000075773436], "layer_Op2_score": [2256.578517143861, 3402.9675559241164, 2115.3291986490294, 3818.0035369126954, 3096.662875011543, 1081.162692559387, 4202.000475784944], "layer_Barinel_score": [0.6115422266906435, 0.6748342780723751, 0.4603170738606938, 0.6494257373468516, 0.5943651929227648, 0.7450052953685944, 0.6667195431472082], "time": 28.125931978225708}