{"neuron_counts": [43264, 10816, 1024, 256, 256, 64, 1], "neuron_counts_selected": [2000, 2000, 1024, 256, 256, 64, 1], "layer_tarantula_score": [0.4768451828937647, 0.4933257635267342, 0.3732438946858602, 0.460801205875424, 0.460801205875424, 0.6188415892378057, 0.5000000059523808], "layer_ochiai_score": [0.6383408596502315, 0.7099471406820785, 0.5053729304248354, 0.6945871676933857, 0.6945871676933857, 0.3447800551101845, 0.8164965712075288], "layer_D_star_score": [4662.888350999438, 6041.999554916536, 3136.1191681348346, 6107.230691180381, 6107.230691180381, 1649.6406734934253, 8399.999600000017], "layer_Op2_score": [2750.210612568095, 3230.7407152203305, 2203.354354234073, 3386.013221332098, 3386.013221332098, 1080.4588349502774, 4199.000476011401], "layer_Barinel_score": [0.6276603607148479, 0.646875058912889, 0.505033031461112, 0.6213821435692389, 0.6213821435692389, 0.7449604587923381, 0.6666666666666667], "time": 278.1161062717438}