{"neuron_counts": [43264, 10816, 1024, 256, 256, 64, 1], "neuron_counts_selected": [500, 500, 500, 256, 256, 64, 1], "layer_tarantula_score": [0.4822631690916558, 0.4952047322039407, 0.37099461844795034, 0.460801205875424, 0.460801205875424, 0.6188415892378057, 0.5000000059523808], "layer_ochiai_score": [0.6457537484120833, 0.7082881168260621, 0.500730494089986, 0.6945871676933857, 0.6945871676933857, 0.3447800551101845, 0.8164965712075288], "layer_D_star_score": [4795.765301699987, 5926.502699635327, 3099.208263863868, 6107.230691180381, 6107.230691180381, 1649.6406734934253, 8399.999600000017], "layer_Op2_score": [2796.6305079573867, 3205.4830701848, 2175.236871923495, 3386.013221332098, 3386.013221332098, 1080.4588349502774, 4199.000476011401], "layer_Barinel_score": [0.6336527283349442, 0.6504739454771649, 0.5013895031367019, 0.6213821435692389, 0.6213821435692389, 0.7449604587923381, 0.6666666666666667], "time": 105.43125200271606}