{"neuron_counts": [43264, 10816, 1024, 256, 256, 64, 1], "neuron_counts_selected": [500, 500, 500, 256, 256, 64, 1], "layer_tarantula_score": [0.6375243348693431, 0.6275590913337812, 0.5002985560082304, 0.5049350511318111, 0.5049350511318111, 0.7416095299167695, 0.5000000059509632], "layer_ochiai_score": [0.7274265550902056, 0.7745096274840306, 0.634415579751211, 0.7528801924653435, 0.7528801924653435, 0.49196217521404106, 0.8165289506712327], "layer_D_star_score": [9168.711983558938, 10456.264692851355, 5204.117731814571, 7185.725569575476, 7185.725569575476, 3429.561498269698, 8408.000075773436], "layer_Op2_score": [3235.746505261346, 3564.725351125435, 2933.1921998443295, 3761.3866165831696, 3761.3866165831696, 2042.343950724747, 4202.000475784944], "layer_Barinel_score": [0.7527998691795967, 0.7490976831107237, 0.625922993026514, 0.6611488205790246, 0.6611488205790246, 0.8283017801321844, 0.6667195431472082], "time": 100.60626101493835}