{"neuron_counts": [43264, 10816, 1024, 256, 256, 64, 1], "neuron_counts_selected": [500, 500, 500, 256, 256, 64, 1], "layer_tarantula_score": [0.49227427899405674, 0.502516642837819, 0.37099440861344174, 0.460801205875424, 0.460801205875424, 0.6188415892378057, 0.5000000059523808], "layer_ochiai_score": [0.6363031088622029, 0.705975735971995, 0.5007301043213849, 0.6945871676933857, 0.6945871676933857, 0.3447800551101845, 0.8164965712075288], "layer_D_star_score": [4757.961451830613, 5978.294602801889, 3099.1996288332157, 6107.230691180381, 6107.230691180381, 1649.6406734934253, 8399.999600000017], "layer_Op2_score": [2717.165428939977, 3162.357315847046, 2175.234675923495, 3386.013221332098, 3386.013221332098, 1080.4588349502774, 4199.000476011401], "layer_Barinel_score": [0.6411096590878079, 0.6556772200973644, 0.5013893047193891, 0.6213821435692389, 0.6213821435692389, 0.7449604587923381, 0.6666666666666667], "time": 118.64329075813293}