{"neuron_counts": [43264, 10816, 1024, 256, 256, 64, 1], "neuron_counts_selected": [200, 200, 200, 200, 200, 64, 1], "layer_tarantula_score": [0.4764375743705597, 0.5096705468012359, 0.3812509859648464, 0.4677955147145273, 0.46012313879101663, 0.6188462638095312, 0.5000000059509632], "layer_ochiai_score": [0.6446303159403884, 0.7326133280590832, 0.507072787793307, 0.6873209566174467, 0.6718050873192531, 0.3447351309480439, 0.8165289506712327], "layer_D_star_score": [4872.488398355159, 6552.713862625869, 3251.992072268856, 6175.699670117388, 5802.349928977019, 1651.3797832353684, 8408.000075773436], "layer_Op2_score": [2827.1339537024583, 3358.383649195339, 2176.8353571741113, 3342.0649072915467, 3246.6096359900357, 1081.162692559387, 4202.000475784944], "layer_Barinel_score": [0.6303846488588174, 0.6668933183196238, 0.5097795679450262, 0.6293145293754391, 0.6228092431597829, 0.7450052953685944, 0.6667195431472082], "time": 52.28412199020386}