{"neuron_counts": [43264, 10816, 1024, 256, 256, 64, 1], "neuron_counts_selected": [1000, 1000, 1000, 256, 256, 64, 1], "layer_tarantula_score": [0.6001458935880434, 0.5867983991739806, 0.5006904256979827, 0.5049590785475774, 0.5049590785475774, 0.7416095299167695, 0.5000000059509632], "layer_ochiai_score": [0.7367004319608373, 0.7854621584729896, 0.6304888155650276, 0.7528880664035997, 0.7528880664035997, 0.49196217521404106, 0.8165289506712327], "layer_D_star_score": [8847.105804549758, 10660.141499110236, 5310.075116818977, 7185.793849271381, 7185.793849271381, 3429.561498269698, 8408.000075773436], "layer_Op2_score": [3356.6691527435232, 3724.491766448156, 2908.8829876652712, 3761.4061478331696, 3761.4061478331696, 2042.343950724747, 4202.000475784944], "layer_Barinel_score": [0.7272272841093456, 0.7207207263369013, 0.6250761547987528, 0.6611809114543725, 0.6611809114543725, 0.8283017801321844, 0.6667195431472082], "time": 174.3715488910675}