{"neuron_counts": [43264, 10816, 1024, 256, 256, 64, 1], "neuron_counts_selected": [200, 200, 200, 200, 200, 64, 1], "layer_tarantula_score": [0.6230643261736993, 0.5832855032925134, 0.5150611559630545, 0.5079351900449851, 0.5080755688032208, 0.7416095299167695, 0.5000000059509632], "layer_ochiai_score": [0.7237451332708861, 0.7858913196456312, 0.6569494443044267, 0.7445433502455755, 0.7713434022295149, 0.49196217521404106, 0.8165289506712327], "layer_D_star_score": [9454.958534733882, 10374.9309886015, 5325.279221933007, 6985.770021842351, 7316.176447686054, 3429.561498269698, 8408.000075773436], "layer_Op2_score": [3246.7804353280003, 3729.355516211203, 3050.3626451356977, 3711.3833920497914, 3855.9888606525283, 2042.343950724747, 4202.000475784944], "layer_Barinel_score": [0.7361187948389982, 0.7211598209187327, 0.6438406756878564, 0.6623834972646172, 0.6676316559258412, 0.8283017801321844, 0.6667195431472082], "time": 52.0568151473999}