{"neuron_counts": [43264, 10816, 1024, 256, 256, 64, 1], "neuron_counts_selected": [500, 500, 500, 256, 256, 64, 1], "layer_tarantula_score": [0.5977847017041656, 0.5941953444758581, 0.5002996956803965, 0.5049590785475774, 0.5049590785475774, 0.7416095299167695, 0.5000000059509632], "layer_ochiai_score": [0.7376399184741087, 0.7750780197329448, 0.6344177650138847, 0.7528880664035997, 0.7528880664035997, 0.49196217521404106, 0.8165289506712327], "layer_D_star_score": [8976.525983927399, 9768.389474353984, 5204.133346623849, 7185.793849271381, 7185.793849271381, 3429.561498269698, 8408.000075773436], "layer_Op2_score": [3367.7407678720847, 3640.4818658765053, 2933.2021979413803, 3761.4061478331696, 3761.4061478331696, 2042.343950724747, 4202.000475784944], "layer_Barinel_score": [0.7242308102263678, 0.7255323914117241, 0.6259249868654422, 0.6611809114543725, 0.6611809114543725, 0.8283017801321844, 0.6667195431472082], "time": 105.59852004051208}