{"neuron_counts": [43264, 10816, 1024, 256, 256, 64, 1], "neuron_counts_selected": [500, 500, 500, 256, 256, 64, 1], "layer_tarantula_score": [0.49693423443490614, 0.5003175071892965, 0.38326768895756486, 0.4607560209766848, 0.4607560209766848, 0.6188415892378057, 0.5000000059523808], "layer_ochiai_score": [0.6164331838931615, 0.6902124052558388, 0.5109514419921062, 0.6945725025652367, 0.6945725025652367, 0.3447800551101845, 0.8164965712075288], "layer_D_star_score": [4328.701271481971, 5839.822142927544, 3207.972905432167, 6107.115656372559, 6107.115656372559, 1649.6406734934253, 8399.999600000017], "layer_Op2_score": [2549.137299234411, 3059.795087469812, 2219.7493827083545, 3385.9782024111996, 3385.9782024111996, 1080.4588349502774, 4199.000476011401], "layer_Barinel_score": [0.6439512966353783, 0.6480163674437565, 0.5158306656944908, 0.6213210833255803, 0.6213210833255803, 0.7449604587923381, 0.6666666666666667], "time": 112.75810217857361}