{"neuron_counts": [800, 288, 128, 512, 512, 128, 128, 128, 128, 128, 128, 64, 32, 1], "neuron_counts_selected": [500, 288, 128, 500, 500, 128, 128, 128, 128, 128, 128, 64, 32, 1], "layer_tarantula_score": [0.07764943601654838, 0.08256846135948152, 0.1289974565374528, 0.02473836960360786, 0.00584446312946363, 0.06724522468032094, 0.0446579709571891, 0.07460539114043985, 0.07460539114043985, 0.07460539114043985, 0.13343318497325204, 0.044359866892868076, 0.11882070213009407, 0.4999999981854483], "layer_ochiai_score": [0.011812260580581243, 0.013260088820113782, 0.029757164535816737, 0.00451392253036206, 0.003987537964532828, 0.05328701500916184, 0.04130963761082886, 0.07417274338423645, 0.07417274338423645, 0.07417274338423645, 0.14974729574422999, 0.044354189074644536, 0.11834631072267807, 0.7049735105680157], "layer_D_star_score": [0.005991516662981869, 0.006551788718748242, 0.030940855291029124, 0.011587874752266254, 0.1836045218523378, 3.103840582790135, 8.585077552556129, 11.936017345961874, 11.936017345961874, 11.936017345961874, 31.853055931797623, 7.172704721688917, 14.706054247123001, 163.02385447673385], "layer_Op2_score": [0.2937158861405467, 0.34933675343786424, 1.1054560488821874, 0.13281678047810636, 0.44117659060916947, 6.70033900726484, 6.428481727591219, 11.74295160535106, 11.74295160535106, 11.74295160535106, 27.38777680139688, 7.145500610646481, 19.240025278561035, 164.00595297264704], "layer_Barinel_score": [0.07730015223557284, 0.08213940415459824, 0.12813379738877534, 0.024705790475997785, 0.005792990148508196, 0.06665307355636485, 0.04445387007949742, 0.07417298695990837, 0.07417298695990837, 0.07417298695990837, 0.13268244981736807, 0.04406151550586743, 0.11798298457475706, 0.4969879518072289], "time": 6.582551956176758}