{"neuron_counts": [800, 288, 128, 512, 512, 128, 128, 128, 128, 128, 128, 64, 32, 1], "neuron_counts_selected": [500, 288, 128, 500, 500, 128, 128, 128, 128, 128, 128, 64, 32, 1], "layer_tarantula_score": [0.388804665849436, 0.3539095647825393, 0.3868862175543915, 0.21184288759469763, 0.06126426684828134, 0.19770993254979502, 0.18230101665215032, 0.2334123434645552, 0.2334123434645552, 0.2334123434645552, 0.31236412033325345, 0.17031713698345866, 0.28536709169489194, 0.4999999981854483], "layer_ochiai_score": [0.09940798783485152, 0.08482816588047425, 0.13124627814132986, 0.06830230420937071, 0.047717743214330595, 0.18243685739583787, 0.18088646428695188, 0.23867471478171373, 0.23867471478171373, 0.23867471478171373, 0.3474278460011655, 0.17515894645604024, 0.287389639151282, 0.7049735105680157], "layer_D_star_score": [0.4615615159771767, 0.33651080146023515, 1.2082502456941984, 1.5367760952658518, 6.999873598709301, 30.117968572926323, 51.22129063055633, 57.98128215598977, 57.98128215598977, 57.98128215598977, 93.27547051008172, 44.906675309768744, 64.2766643788153, 163.02385447673385], "layer_Op2_score": [5.023630971648232, 4.001612122882995, 8.757487021213084, 4.81021431058672, 6.946226262960558, 28.2806922157338, 30.3373326814612, 41.504231926424445, 41.504231926424445, 41.504231926424445, 65.77525131960488, 29.908110257449252, 49.670759161750496, 164.00595297264704], "layer_Barinel_score": [0.3872621086822576, 0.352564467627756, 0.38515194974916733, 0.2115745970216181, 0.06093700108844901, 0.19657976555229406, 0.18164174613738515, 0.2324533528001299, 0.2324533528001299, 0.2324533528001299, 0.3110198580114692, 0.16952256089230328, 0.28395557340133604, 0.4969879518072289], "time": 6.727083206176758}