{"neuron_counts": [800, 288, 128, 512, 512, 128, 128, 128, 128, 128, 128, 64, 32, 1], "neuron_counts_selected": [100, 100, 100, 100, 100, 100, 100, 100, 100, 100, 100, 64, 32, 1], "layer_tarantula_score": [0.472242295263251, 0.38596727545005344, 0.41884454856055847, 0.3950119957054126, 0.07296883876530327, 0.26530208740934547, 0.19475705411460084, 0.2370968311902768, 0.20848886407764522, 0.26582594858727304, 0.2761266774519055, 0.1733652647942231, 0.3034290480600109, 0.4999999981854483], "layer_ochiai_score": [0.32632138772868563, 0.1973307278172339, 0.29377250676262906, 0.22636438904148654, 0.05975231553051093, 0.26933942742816, 0.20499808711629242, 0.2519666869213237, 0.2223441737034336, 0.2864133279917248, 0.3320244613771323, 0.17978074890249, 0.3094413944579814, 0.7049735105680157], "layer_D_star_score": [12.051451999488362, 3.150326508512643, 17.291903827502733, 24.816576946934852, 7.335715921732954, 55.232573639432005, 61.531500506513964, 67.8830604397366, 57.688289440513614, 78.46827138173165, 88.81777313335009, 47.27896263880515, 75.69548571435757, 163.02385447673385], "layer_Op2_score": [38.30505967555972, 17.623928652423423, 37.12476205073688, 28.16184536199681, 9.220059624964508, 45.61869079839834, 35.814940574440136, 44.736428734268614, 39.629643018069636, 51.76982160129666, 67.1660716571002, 30.940383331617067, 55.09114607669877, 164.00595297264704], "layer_Barinel_score": [0.4695767376739517, 0.38368649225138063, 0.41646154412734326, 0.39353469982733563, 0.07249037472765267, 0.2637219731620554, 0.19402083903041667, 0.2360720705101508, 0.20752700738537513, 0.26470907386760123, 0.27475695193891897, 0.17252556225515353, 0.30188308352954596, 0.4969879518072289], "time": 2.9432082176208496}