{"neuron_counts": [800, 288, 128, 512, 512, 128, 128, 128, 128, 128, 128, 64, 32, 1], "neuron_counts_selected": [100, 100, 100, 100, 100, 100, 100, 100, 100, 100, 100, 64, 32, 1], "layer_tarantula_score": [0.3908431681188288, 0.26207421573506867, 0.3141677597970812, 0.17784264580135042, 0.018281282091487862, 0.13479369919639894, 0.04646823823132091, 0.05895420931280387, 0.07813074552437495, 0.11030313830388666, 0.14988844802320292, 0.04819102375862364, 0.14723304240167728, 0.4999999981854483], "layer_ochiai_score": [0.2638438961457141, 0.11541423096090139, 0.20966884017675333, 0.0896323650346584, 0.012780927489027578, 0.12334426842755962, 0.04187375478099662, 0.06609226738088159, 0.08868013713626448, 0.12246369106175482, 0.18546884769621438, 0.04844753263451343, 0.1420422733213282, 0.7049735105680157], "layer_D_star_score": [7.113365220651733, 1.1367102998938294, 5.89817328623212, 3.161036386849218, 0.6237995629426935, 4.080892777378493, 8.674422300859339, 10.850873725678882, 13.56606917651515, 25.172508959055136, 37.18308275538839, 7.974238375168002, 21.704118221532806, 163.02385447673385], "layer_Op2_score": [29.49813169885019, 8.72572505319937, 23.328420962487524, 8.699278052810682, 1.5083405040830329, 18.360531879742936, 6.8685250426636815, 11.69794114771359, 16.038375706562093, 21.29390010464275, 36.65624599586548, 7.910468764346155, 23.22577211961109, 164.00595297264704], "layer_Barinel_score": [0.3882577675187342, 0.26041470443740977, 0.3119640749355209, 0.1767812860880549, 0.018128496876047572, 0.1334895773456661, 0.04621294091244866, 0.05854342519977451, 0.07755316107543815, 0.10965387210051877, 0.14890260561420585, 0.04785293827312366, 0.14617615447468182, 0.4969879518072289], "time": 3.020792007446289}