{"neuron_counts": [14, 128, 128, 1], "neuron_counts_selected": [14, 128, 128, 1], "layer_tarantula_score": [1.0, 0.968994140625, 0.95367431640625, 1.0], "layer_ochiai_score": [0.6296148198787156, 0.5673963924496235, 0.8395670474682513, 0.8221710046705365], "layer_D_star_score": [4.926937545920959, 4.738064583106409, 4686.019267318999, 24.550203184814627], "layer_Op2_score": [6.939154835679969, 6.042071889237549, 13.022760030767905, 11.768537194299796], "layer_Barinel_score": [1.0, 0.968994140625, 0.95367431640625, 1.0], "time": 0.1132361888885498}