{"neuron_counts": [14, 128, 128, 1], "neuron_counts_selected": [14, 128, 128, 1], "layer_tarantula_score": [1.0, 0.95367431640625, 0.92340087890625, 1.0], "layer_ochiai_score": [0.4937551020517473, 0.42465351217634983, 0.7937311761115406, 0.7745927962871844], "layer_D_star_score": [1.1843834750766375, 0.7233881958747977, 82.04437865716032, 8.99977500562486], "layer_Op2_score": [2.5510204081632653, 1.992919921875, 6.83135986328125, 6.0], "layer_Barinel_score": [1.0, 0.95367431640625, 0.92340087890625, 1.0], "time": 0.11821246147155762}