{"neuron_counts": [14, 128, 128, 1], "neuron_counts_selected": [14, 100, 100, 1], "layer_tarantula_score": [1.0, 1.0, 0.9603999999999999, 1.0], "layer_ochiai_score": [0.6533786473696214, 0.7162631687513399, 0.8829987070773602, 0.889292880533873], "layer_D_star_score": [6.565344075781064, 12.896923956397341, 36760.03394833073, 52.05981185395851], "layer_Op2_score": [7.491802068736921, 9.06430609072837, 14.146708921910488, 13.768537194299793], "layer_Barinel_score": [1.0, 1.0, 0.9603999999999999, 1.0], "time": 0.10100841522216797}