{"neuron_counts": [14, 128, 128, 1], "neuron_counts_selected": [14, 128, 128, 1], "layer_tarantula_score": [1.0, 0.67291259765625, 0.92340087890625, 1.0], "layer_ochiai_score": [0.3975437129229212, 0.24934085728231709, 0.7779125178374015, 0.8221710046705365], "layer_D_star_score": [0.7769011732397336, 0.41222302192754817, 34.33747059474881, 24.550203184814627], "layer_Op2_score": [2.907674454861754, 1.702163057965151, 11.459151361115405, 11.768537194299796], "layer_Barinel_score": [1.0, 0.67291259765625, 0.92340087890625, 1.0], "time": 0.12631011009216309}