{"neuron_counts": [13000, 1], "neuron_counts_selected": [500, 1], "layer_tarantula_score": [0, 0.37194138324340353], "layer_ochiai_score": [0, 0.6538029013579414], "layer_D_star_score": [0, 819.1999271822287], "layer_Op2_score": [0, 959.1623041035057], "layer_Barinel_score": [0, 0.8571428571428572], "time": 9.4556884765625}