{"neuron_counts": [13000, 1], "neuron_counts_selected": [200, 1], "layer_tarantula_score": [0.6539095014581997, 0.38857016006336464], "layer_ochiai_score": [0.3306406519160621, 0.7137790583488729], "layer_D_star_score": [478.57584323412766, 2073.704640125783], "layer_Op2_score": [495.932667087974, 1755.6126737873979], "layer_Barinel_score": [0.8988683725510326, 0.8537987660873462], "time": 3.3205296993255615}