{"neuron_counts": [13000, 1], "neuron_counts_selected": [1000, 1], "layer_tarantula_score": [0.5111567962301893, 0.38857016006336464], "layer_ochiai_score": [0.20222223356265467, 0.7137790583488729], "layer_D_star_score": [57.45816843025488, 2073.704640125783], "layer_Op2_score": [203.37397460004067, 1755.6126737873979], "layer_Barinel_score": [0.8344366017298225, 0.8537987660873462], "time": 15.473278760910034}