{"neuron_counts": [13000, 1], "neuron_counts_selected": [100, 1], "layer_tarantula_score": [0.5386380092229311, 0.3498546134553321], "layer_ochiai_score": [0.22132073239702751, 0.6508469637695132], "layer_D_star_score": [58.71758431600399, 819.0192771311102], "layer_Op2_score": [153.35312620281348, 964.0732989145032], "layer_Barinel_score": [0.8650272120371304, 0.8450087565674256], "time": 2.545023202896118}