{"neuron_counts": [13000, 1], "neuron_counts_selected": [1000, 1], "layer_tarantula_score": [0.5092664664272779, 0.38857016006336464], "layer_ochiai_score": [0.2036745004357583, 0.7137790583488729], "layer_D_star_score": [59.044932385974526, 2073.704640125783], "layer_Op2_score": [207.22765577753879, 1755.6126737873979], "layer_Barinel_score": [0.8297972704918766, 0.8537987660873462], "time": 15.350035905838013}