{"neuron_counts": [13000, 1], "neuron_counts_selected": [2000, 1], "layer_tarantula_score": [0.5132650773048885, 0.38857016006336464], "layer_ochiai_score": [0.19935540569687862, 0.7137790583488729], "layer_D_star_score": [56.730815128359176, 2073.704640125783], "layer_Op2_score": [201.77755674095593, 1755.6126737873979], "layer_Barinel_score": [0.8376714293052733, 0.8537987660873462], "time": 30.494160652160645}