{"neuron_counts": [13000, 1], "neuron_counts_selected": [2000, 1], "layer_tarantula_score": [0.6611995635024043, 0.38857016006336464], "layer_ochiai_score": [0.32261076826655777, 0.7137790583488729], "layer_D_star_score": [367.149014430563, 2073.704640125783], "layer_Op2_score": [469.8491934736779, 1755.6126737873979], "layer_Barinel_score": [0.9010608737392769, 0.8537987660873462], "time": 31.170786142349243}