{"neuron_counts": [13000, 1], "neuron_counts_selected": [500, 1], "layer_tarantula_score": [0.024, 0.39275591608787774], "layer_ochiai_score": [0.0014607215307436356, 0.7134044607180157], "layer_D_star_score": [0.010928646113391267, 2058.8082946348586], "layer_Op2_score": [0.442905037265271, 1749.3175067590932], "layer_Barinel_score": [0.024, 0.8559800853988812], "time": 7.43654465675354}