{"neuron_counts": [18, 36, 72, 72, 32, 16, 1], "neuron_counts_selected": [18, 36, 72, 72, 32, 16, 1], "layer_tarantula_score": [1.0, 1.0, 0.7177854938271605, 0.8659336419753086, 0.66015625, 0.5625, 1.0], "layer_ochiai_score": [0.40690453141186483, 0.6903126550316457, 0.5271022466103321, 0.6433220608382976, 0.45698577013662495, 0.49888811182456827, 0.9999988252619131], "layer_D_star_score": [2.077378160973506, 39.13181189834173, 34.69994878715727, 57.06426954230315, 36.96704915942788, 69.42354681650784, 18115752.519038834], "layer_Op2_score": [7.353099640667823, 21.41095362608829, 17.02095463114025, 21.13519079755696, 14.280150942941267, 18.83271756701358, 42.562603914281624], "layer_Barinel_score": [1.0, 1.0, 0.7177854938271605, 0.8659336419753086, 0.66015625, 0.5625, 1.0], "time": 0.1971302032470703}