{"neuron_counts": [784, 25088, 6272, 12544, 3136, 3136, 1024, 1024, 1024, 10], "neuron_counts_selected": [500, 500, 500, 500, 500, 500, 500, 500, 500, 10], "layer_tarantula_score": [0.33048892131736685, 0, 0, 0, 0, 0, 0, 0, 0, 0], "layer_ochiai_score": [0.15191721303726757, 0, 0, 0, 0, 0, 0, 0, 0, 0], "layer_D_star_score": [402.351546239548, 0, 0, 0, 0, 0, 0, 0, 0, 0], "layer_Op2_score": [659.4439241836255, 0, 0, 0, 0, 0, 0, 0, 0, 0], "layer_Barinel_score": [0.6163856169337213, 0, 0, 0, 0, 0, 0, 0, 0, 0], "time": 424.0604360103607}