{"neuron_counts": [12, 8, 1], "neuron_counts_selected": [12, 8, 1], "layer_tarantula_score": [1.0, 0.875, 1.0], "layer_ochiai_score": [0.8868741828167375, 0.7444518568858989, 0.573295047607099], "layer_D_star_score": [1280.5039328001392, 729.8692015714988, 70.53679680172847], "layer_Op2_score": [344.82309414799994, 277.66933982478633, 144.07784776844827], "layer_Barinel_score": [1.0, 0.875, 1.0], "time": 0.14834260940551758}