{"neuron_counts": [12, 8, 1], "neuron_counts_selected": [12, 8, 1], "layer_tarantula_score": [1.0, 0.765625, 1.0], "layer_ochiai_score": [0.863448403739839, 0.6406319490193204, 0.5899151301670909], "layer_D_star_score": [546.7957566137948, 313.40003526915126, 46.43555433401575], "layer_Op2_score": [186.38888888888889, 134.015625, 87.0], "layer_Barinel_score": [1.0, 0.765625, 1.0], "time": 0.15230083465576172}