{"neuron_counts": [28, 200, 200, 300, 300, 300, 300, 150, 150, 1], "neuron_counts_selected": [28, 200, 200, 300, 300, 300, 300, 150, 150, 1], "layer_tarantula_score": [0.5157128754042546, 0.5000089280138691, 0.5000089280138691, 0.5000011663096666, 0.5000011663096666, 0.38764659985623184, 0.38764659985623184, 0.22669268035464227, 0.22669268035464227, 0.49999936756070024], "layer_ochiai_score": [0.4088998942645556, 0.4000058853420415, 0.4000058853420415, 0.400000385212012, 0.400000385212012, 0.30634726998488043, 0.30634726998488043, 0.18023447644328003, 0.18023447644328003, 0.3999993750014649], "layer_D_star_score": [6.430560258292365, 6.095479578845768, 6.095479578845768, 6.09527280424478, 6.09527280424478, 4.620619647004013, 4.620619647004013, 2.730171763006751, 2.730171763006751, 6.095234467122341], "layer_Op2_score": [30.424919010282196, 31.005953990559764, 31.005953990559764, 30.994183427518017, 30.994183427518017, 23.556616359503792, 23.556616359503792, 13.859911636370505, 13.859911636370505, 31.005917747977662], "layer_Barinel_score": [0.16883940048594906, 0.1600053169121303, 0.1600053169121303, 0.16000102495887866, 0.16000102495887866, 0.12357678805854895, 0.12357678805854895, 0.0725429001369584, 0.0725429001369584, 0.16000000000000003], "time": 2.5498673915863037}