{"neuron_counts": [28, 200, 200, 300, 300, 300, 300, 150, 150, 1], "neuron_counts_selected": [28, 100, 100, 100, 100, 100, 100, 100, 100, 1], "layer_tarantula_score": [0.5301073835915247, 0.49999956379326593, 0.5005570710353642, 0.5003481849993701, 0.5002516798476639, 0.43148931089941117, 0.4353478064449221, 0.34477664490283727, 0.34032688822600043, 0.4999995637932658], "layer_ochiai_score": [0.4149988476561205, 0.39735526521006614, 0.39773508881158093, 0.39749396014507804, 0.39752633600942944, 0.3421542121586645, 0.3415982535157551, 0.2729961681062168, 0.2690690825512311, 0.39735526521006614], "layer_D_star_score": [9.718693806139466, 8.730990955471247, 8.75180454028331, 8.738408519826725, 8.740263388974249, 7.513499240536891, 7.438667966285066, 5.974122539993886, 5.8887485500578824, 8.730990955471249], "layer_Op2_score": [45.02987902372886, 45.57043204448831, 45.572520037760675, 45.55045856435469, 45.57138824914529, 39.207612190995526, 39.005446721824335, 31.22999644278704, 30.708286568796684, 45.57043204448831], "layer_Barinel_score": [0.1751729810589444, 0.15789154585681586, 0.1582017220875259, 0.15808624760499027, 0.15803042444259377, 0.13614244261818315, 0.13664662821798287, 0.10883004969519033, 0.10756760654561374, 0.15789154585681586], "time": 1.8666245937347412}