{"neuron_counts": [28, 200, 200, 300, 300, 300, 300, 150, 150, 1], "neuron_counts_selected": [28, 200, 200, 300, 300, 300, 300, 150, 150, 1], "layer_tarantula_score": [0.5516244799123101, 0.5041723762707768, 0.5041723762707768, 0.42687960823000837, 0.42687960823000837, 0.23752022605871137, 0.23752022605871137, 0.03248133038466705, 0.03248133038466705, 0.4999995637932658], "layer_ochiai_score": [0.405847996688802, 0.39871605032245344, 0.39871605032245344, 0.33012656711983523, 0.33012656711983523, 0.18488944890940076, 0.18488944890940076, 0.024935844835938335, 0.024935844835938335, 0.39735526521006614], "layer_D_star_score": [9.131913358869863, 8.80159983554843, 8.80159983554843, 7.077392191156485, 7.077392191156485, 3.9872526972611264, 3.9872526972611264, 0.5304623764065599, 0.5304623764065599, 8.730990955471249], "layer_Op2_score": [37.417954928031335, 43.415513182497754, 43.415513182497754, 36.340038654799784, 36.340038654799784, 20.82291618667112, 20.82291618667112, 2.7966991993622745, 2.7966991993622745, 45.57043204448831], "layer_Barinel_score": [0.18851726069833083, 0.16031683883194134, 0.16031683883194134, 0.13418053262308424, 0.13418053262308424, 0.07451729992191969, 0.07451729992191969, 0.010193227182394871, 0.010193227182394871, 0.15789154585681586], "time": 3.748979091644287}