{"neuron_counts": [29, 60, 40, 25, 2], "neuron_counts_selected": [29, 60, 40, 25, 2], "layer_tarantula_score": [0.46191209327881794, 0.46051458961189473, 0.4646411404642188, 0.4786055955226602, 0.5089198772756215], "layer_ochiai_score": [0.4381911484558744, 0.40672343354487916, 0.4397737478360473, 0.4570611299279166, 0.49391633003968965], "layer_D_star_score": [8.07754222386301, 6.264740542970108, 8.636091714255683, 9.415156954861763, 11.829387511007234], "layer_Op2_score": [19.878592813871, 17.23373339037025, 20.135899304116034, 21.054434186595447, 23.572917556421757], "layer_Barinel_score": [0.4917083661765176, 0.4902371542313306, 0.49438589667122346, 0.5084994174220474, 0.5387845849802371], "time": 0.2170112133026123}