{"neuron_counts": [8192, 2048, 2048, 4096, 1024, 1024, 1024, 128, 128, 4], "neuron_counts_selected": [200, 200, 200, 200, 200, 200, 200, 128, 128, 4], "layer_tarantula_score": [0.3639291694018891, 0.397086982362523, 0.4218095347950019, 0.2999582411788077, 0.36009833793241697, 0.40692101490985483, 0.38266883343900554, 0.24002604357431892, 0.24002604357431892, 0.49082889792105405], "layer_ochiai_score": [0.05282882112305233, 0.07315941978659429, 0.07664803158804767, 0.02575187969699124, 0.04097792405427539, 0.049911781291152944, 0.045456058895400754, 0.15000666379317348, 0.15000666379317348, 0.38934523291560763], "layer_D_star_score": [0.73318390413026, 2.1730861936171717, 3.9639275617467464, 0.033430982088045194, 0.12430090466601751, 0.2318360938670666, 0.15832795790296483, 71.31550865322762, 71.31550865322762, 243.5444181176736], "layer_Op2_score": [28.793381298382076, 49.96701375738435, 54.73190206126179, 7.625424775812094, 16.402620909578154, 22.107974765013964, 18.649106393774677, 331.4728619073857, 331.4728619073857, 997.1136785721915], "layer_Barinel_score": [0.5791002168218944, 0.636537734592032, 0.6593144517380554, 0.4699908529195404, 0.5637581455533988, 0.6352575748154298, 0.6008306181401181, 0.3655467299496223, 0.3655467299496223, 0.7437770898974391], "time": 54.39794135093689}