{"neuron_counts": [8192, 2048, 2048, 4096, 1024, 1024, 1024, 128, 128, 4], "neuron_counts_selected": [500, 500, 500, 500, 500, 500, 500, 128, 128, 4], "layer_tarantula_score": [0.08922550665186586, 0.17978034353197, 0.17725398592146316, 0.032898742140028164, 0.07667747336639014, 0.0726620419164575, 0.06989748155408122, 0.2248629941114168, 0.2248629941114168, 0.46219713099997856], "layer_ochiai_score": [0.004816658424097885, 0.010671611409083001, 0.010239907408855645, 0.0009637665461982533, 0.0027816007841664457, 0.002683374400417649, 0.00268058718007762, 0.09291299433734283, 0.09291299433734283, 0.18196412831137115], "layer_D_star_score": [0.0026350172411201186, 0.007299096149926752, 0.00806546042596864, 0.00010041108821128409, 0.0005503450351787884, 0.0004964010140968516, 0.0005496196338558385, 14.279435369505947, 14.279435369505947, 19.93907439420824], "layer_Op2_score": [0.898372926287827, 2.309262007574781, 2.2239718034391434, 0.11662433750967707, 0.397575781716881, 0.3809535649153056, 0.3885952685113969, 139.0005700121969, 139.0005700121969, 242.79877765246573], "layer_Barinel_score": [0.1355758089021091, 0.2702817607576704, 0.2623220563167882, 0.03950560313780545, 0.10065836993932215, 0.09701996095157321, 0.09505872265240392, 0.34583452636345735, 0.34583452636345735, 0.7205791619740723], "time": 118.33061075210571}