{"neuron_counts": [8192, 2048, 2048, 4096, 1024, 1024, 1024, 128, 128, 4], "neuron_counts_selected": [200, 200, 200, 200, 200, 200, 200, 128, 128, 4], "layer_tarantula_score": [0.44400436362227363, 0.46634926390833525, 0.4642675769575945, 0.3877533392384181, 0.45141181837979216, 0.47264586591310237, 0.4680213049828619, 0.24098060137804322, 0.24098060137804322, 0.4974412840355474], "layer_ochiai_score": [0.1176364798549053, 0.15922644979526088, 0.1566699204645915, 0.07188165016026907, 0.11538429599784693, 0.12816563318386337, 0.12893436321426816, 0.17928608432273718, 0.17928608432273718, 0.45346619176555114], "layer_D_star_score": [8.593492034719462, 22.206517817594772, 28.92294024245957, 1.0140102054901232, 4.247565643772053, 5.262878209149721, 5.325087290982489, 137.53543623717817, 137.53543623717817, 467.6866628468234], "layer_Op2_score": [119.95825785523347, 207.04861718660018, 199.83854727518502, 48.15080900709993, 107.76058332708186, 124.23580053963498, 126.5704012098751, 463.0002010025168, 463.0002010025168, 1342.0302469089324], "layer_Barinel_score": [0.6871203864945055, 0.7164359281588943, 0.7076971031819066, 0.6100811103281999, 0.6968619376220586, 0.7280494134908472, 0.7231732692690681, 0.3662428159593475, 0.3662428159593475, 0.7488330558047178], "time": 54.49652457237244}