{"neuron_counts": [8192, 2048, 2048, 4096, 1024, 1024, 1024, 128, 128, 4], "neuron_counts_selected": [500, 500, 500, 500, 500, 500, 500, 128, 128, 4], "layer_tarantula_score": [0.4787305946044996, 0.48594191646104695, 0.49569004252795146, 0.4622458507543474, 0.4973428816858753, 0.5073452939524389, 0.5062821768083572, 0.35502324542876984, 0.35502324542876984, 0.4983699385651783], "layer_ochiai_score": [0.08527477899712284, 0.12002080631765988, 0.12987223276469947, 0.041958707607946864, 0.06573652015146669, 0.06640125310096698, 0.06711313491275366, 0.2591736748672615, 0.2591736748672615, 0.40723585424623254], "layer_D_star_score": [16.1236579318741, 50.29301868077033, 60.99553081029623, 0.39012782878861724, 0.6656598804092794, 0.7136742520064282, 0.641454218821375, 227.58172665044933, 227.58172665044933, 297.166554622228], "layer_Op2_score": [89.80745967111955, 160.30438986356714, 186.58613810784283, 18.947725644867198, 38.42638908876492, 39.48644491955139, 38.88750856755848, 686.1081432450043, 686.1081432450043, 1092.1638307368826], "layer_Barinel_score": [0.6879711631616264, 0.716533207981775, 0.7280961565883406, 0.6217018043764553, 0.7021596365089222, 0.7091059461936332, 0.7145665086261567, 0.5291107815622687, 0.5291107815622687, 0.7494391095022728], "time": 122.38157343864441}