{"neuron_counts": [8192, 2048, 2048, 4096, 1024, 1024, 1024, 128, 128, 4], "neuron_counts_selected": [200, 200, 200, 200, 200, 200, 200, 128, 128, 4], "layer_tarantula_score": [0.35646446016830446, 0.4016070989133788, 0.42474092710190636, 0.2694421599762653, 0.38275890663839524, 0.3984866709753202, 0.39903090917573175, 0.24002604357431892, 0.24002604357431892, 0.49082889792105405], "layer_ochiai_score": [0.04564834380522969, 0.0741829032919036, 0.08144576862567797, 0.02307960897526053, 0.04434995825958695, 0.049501425487631964, 0.049824381636852814, 0.15000666379317348, 0.15000666379317348, 0.38934523291560763], "layer_D_star_score": [0.29460595247641175, 2.0252082240787455, 2.5270948394247696, 0.030590698808834197, 0.16641781553203963, 0.2199882101212156, 0.20531507079878725, 71.31550865322762, 71.31550865322762, 243.5444181176736], "layer_Op2_score": [20.728830903341922, 51.082789099864215, 58.85903583599093, 6.836159076608095, 18.39103524421156, 21.79381686498798, 21.748702469180785, 331.4728619073857, 331.4728619073857, 997.1136785721915], "layer_Barinel_score": [0.5590422226497713, 0.6293537178998675, 0.664873840828347, 0.4260621145187084, 0.603394589411605, 0.624424348566493, 0.6258310643160432, 0.3655467299496223, 0.3655467299496223, 0.7437770898974391], "time": 54.0737202167511}