{"neuron_counts": [8192, 2048, 2048, 4096, 1024, 1024, 1024, 128, 128, 4], "neuron_counts_selected": [500, 500, 500, 500, 500, 500, 500, 128, 128, 4], "layer_tarantula_score": [0.11812755686316435, 0.19230654394693872, 0.18890656877566644, 0.0309523122955216, 0.0742989648793709, 0.07299127545689892, 0.07201003395675173, 0.2248629941114168, 0.2248629941114168, 0.46219713099997856], "layer_ochiai_score": [0.005452449655954703, 0.011186231725876971, 0.012467805327872651, 0.0010424133641373417, 0.0029242975495134818, 0.0027395128013051146, 0.0027369232497300167, 0.09291299433734283, 0.09291299433734283, 0.18196412831137115], "layer_D_star_score": [0.0012866518577226522, 0.013417514649957687, 0.01852256273260706, 0.00014038577799285387, 0.0006495451645635133, 0.000498590397778756, 0.00039351854420653794, 14.279435369505947, 14.279435369505947, 19.93907439420824], "layer_Op2_score": [0.8943432503676929, 2.4624818627455425, 3.0553705322040066, 0.13614632496980666, 0.44131105524614533, 0.3899063859025343, 0.380163768500588, 139.0005700121969, 139.0005700121969, 242.79877765246573], "layer_Barinel_score": [0.1671329565519152, 0.2863979282986229, 0.28472886812925247, 0.03952400925367594, 0.10020919665550934, 0.09679253220066567, 0.09668129985693556, 0.34583452636345735, 0.34583452636345735, 0.7205791619740723], "time": 122.11698985099792}