{"neuron_counts": [8192, 2048, 2048, 4096, 1024, 1024, 1024, 128, 128, 4], "neuron_counts_selected": [100, 100, 100, 100, 100, 100, 100, 100, 100, 4], "layer_tarantula_score": [0.48049490097832515, 0.48464510192069316, 0.49281021602926045, 0.47268858435844213, 0.48776103314035607, 0.48855738981223684, 0.4905009208726612, 0.26405301770719275, 0.2489750807464273, 0.4968312854367071], "layer_ochiai_score": [0.23375503216121785, 0.3482765792503407, 0.3433159442763687, 0.19137533122196204, 0.29131509049442744, 0.31296641156331, 0.3084380583025763, 0.2280118714813192, 0.20444690488419684, 0.5473985874953183], "layer_D_star_score": [108.84165044499828, 280.8844362083102, 349.4656247923916, 39.833069816377176, 147.7011176122194, 152.05063113793096, 150.18006810066746, 281.9058268203553, 233.4858791862163, 1141.5898582415723], "layer_Op2_score": [448.8514783704552, 876.9856705956164, 891.7355044794377, 309.52584295212426, 648.4258264631605, 690.5977774359557, 686.2908924442162, 681.4790672338243, 586.6644387294712, 1957.4674599979414], "layer_Barinel_score": [0.7278810307880442, 0.7387421996178319, 0.745142712555393, 0.7281908055451913, 0.7404633817713533, 0.7418830537806262, 0.7431058773077586, 0.39814849786299955, 0.376017601163038, 0.7483886321778486], "time": 30.729349374771118}