{"neuron_counts": [8192, 2048, 2048, 4096, 1024, 1024, 1024, 128, 128, 4], "neuron_counts_selected": [500, 500, 500, 500, 500, 500, 500, 128, 128, 4], "layer_tarantula_score": [0.3141142738530361, 0.3412982621427867, 0.3794118485024479, 0.12880434335040183, 0.21658866973583177, 0.21873981219295424, 0.26409093252315247, 0.2391424283966709, 0.2391424283966709, 0.4892952127615629], "layer_ochiai_score": [0.020891162837115885, 0.03334456133008679, 0.037242401442513194, 0.006242085646629272, 0.013132193912074751, 0.013240230825985435, 0.014308632056017007, 0.1206672116819843, 0.1206672116819843, 0.3126207841926031], "layer_D_star_score": [0.026178372705443372, 0.16231028542277634, 0.2738003869543388, 0.0015098020100558609, 0.007448934957679903, 0.007551728036290458, 0.00634048846263984, 33.44603085453003, 33.44603085453003, 100.44191201092822], "layer_Op2_score": [5.26961408004194, 11.969440407514572, 14.485259141164255, 1.0269048025585699, 2.778113023754082, 2.8400348464790373, 2.8069790318593566, 221.85357132785398, 221.85357132785398, 647.3506556103532], "layer_Barinel_score": [0.46618391089354444, 0.5433818824076031, 0.5816848023709773, 0.1888684788853015, 0.3331413570913408, 0.3308361202743803, 0.38371510797932384, 0.36488134141635664, 0.36488134141635664, 0.7424826971397271], "time": 118.53192281723022}