{"neuron_counts": [3, 3, 2, 2, 1], "neuron_counts_selected": [3, 3, 2, 2, 1], "layer_tarantula_score": [0.4444444444444445, 0.4444444444444445, 0.25, 0.25, 1.0], "layer_ochiai_score": [0.4444444429624087, 0.4444444429624087, 0.24999999916635493, 0.24999999916635493, 0.9999999966654197], "layer_D_star_score": [999252287566.6367, 999252287566.6367, 562079411756.233, 562079411756.233, 2248317647024.932], "layer_Op2_score": [6664.173862864647, 6664.173862864647, 3748.5977978613637, 3748.5977978613637, 14994.391191445455], "layer_Barinel_score": [0.4444444444444445, 0.4444444444444445, 0.25, 0.25, 1.0], "time": 1.9277145862579346}