{"neuron_counts": [173056, 43264, 30976, 6400, 6400, 64, 1], "neuron_counts_selected": [200, 200, 200, 200, 200, 64, 1], "layer_tarantula_score": [0.4025000370354947, 0.42250003887576765, 0.2425000223133104, 0.2725000250737199, 0.27250002507371995, 0.2968750273165527, 0.5000000460068256], "layer_ochiai_score": [0.7840704027223018, 0.8230304227333478, 0.4723902426339333, 0.5308302726505024, 0.5308302726505024, 0.5783127970389648, 0.9740005002761511], "layer_D_star_score": [141374.57522868156, 148399.39884252907, 85175.98631790129, 95713.2217386726, 95713.2217386726, 104274.72551804926, 175620.59034618826], "layer_Op2_score": [7647.501563262805, 8027.501640940459, 4607.500941841565, 5177.501058358047, 5177.501058358047, 5640.62615302769, 9500.001941941371], "layer_Barinel_score": [0.7636849725411882, 0.801632051922117, 0.46010833749375935, 0.5170289565651522, 0.5170289565651522, 0.5632769595606589, 0.9486769845232151], "time": 88.69581246376038}