{"neuron_counts": [173056, 43264, 30976, 6400, 6400, 64, 1], "neuron_counts_selected": [1000, 1000, 1000, 1000, 1000, 64, 1], "layer_tarantula_score": [0.4125000379556312, 0.4225000388757677, 0.2755000253497609, 0.238000021899249, 0.2595000238775425, 0.2968750273165527, 0.5000000460068256], "layer_ochiai_score": [0.8035504127278248, 0.8230304227333478, 0.5366742756521593, 0.46362423813144793, 0.5055062596433225, 0.5783127970389648, 0.9740005002761511], "layer_D_star_score": [144886.9870356053, 148399.3988425291, 96766.94528074973, 83595.40100478561, 91147.08638967172, 104274.72551804926, 175620.59034618826], "layer_Op2_score": [7837.501602101632, 8027.501640940459, 5234.5010700096955, 4522.0009243640925, 4930.501007867572, 5640.62615302769, 9500.001941941371], "layer_Barinel_score": [0.7826585122316526, 0.801632051922117, 0.5227210184722915, 0.4515702446330504, 0.4923633549675486, 0.5632769595606589, 0.9486769845232151], "time": 362.3036286830902}