{"neuron_counts": [173056, 43264, 30976, 6400, 6400, 64, 1], "neuron_counts_selected": [500, 500, 500, 500, 500, 64, 1], "layer_tarantula_score": [0.413000038001638, 0.41400003809365166, 0.258000023739522, 0.2540000233714674, 0.2660000244756312, 0.2968750273165527, 0.5000000460068256], "layer_ochiai_score": [0.8045244132281009, 0.8064724142286532, 0.5025842581424941, 0.49479225414028477, 0.5181682661469124, 0.5783127970389648, 0.9740005002761511], "layer_D_star_score": [145062.60762595147, 145413.8488066439, 90620.22461863313, 89215.25989586362, 93430.15406417215, 104274.72551804926, 175620.59034618826], "layer_Op2_score": [7847.001604043572, 7866.001607927456, 4902.001002041748, 4826.000986506217, 5054.001033112809, 5640.62615302769, 9500.001941941371], "layer_Barinel_score": [0.7836071892161758, 0.7855045431852222, 0.489517324013979, 0.48192790813779324, 0.5046961557663504, 0.5632769595606589, 0.9486769845232151], "time": 202.79292273521423}