{"neuron_counts": [32, 32, 32, 64, 64, 128, 128, 256, 256, 1], "neuron_counts_selected": [32, 32, 32, 64, 64, 128, 128, 256, 256, 1], "layer_tarantula_score": [0.3381264910214532, 0, 0, 0, 0, 0, 0, 0, 0, 0.5], "layer_ochiai_score": [0.29145420658941534, 0, 0, 0, 0, 0, 0, 0, 0, 0.707106074080827], "layer_D_star_score": [5.187860119044689, 0, 0, 0, 0, 0, 0, 0, 0, 49.99990000019999], "layer_Op2_score": [12.378906998696452, 0, 0, 0, 0, 0, 0, 0, 0, 49.019609765471046], "layer_Barinel_score": [0.3381264910214532, 0, 0, 0, 0, 0, 0, 0, 0, 0.5], "time": 1.0017971992492676}