{"neuron_counts": [4704, 1176, 1600, 400, 400, 128, 128, 64, 64, 64, 64, 64, 64, 2], "neuron_counts_selected": [500, 500, 500, 400, 400, 128, 128, 64, 64, 64, 64, 64, 64, 2], "layer_tarantula_score": [0.4992031022106055, 0.4998268632333506, 0.38532927214247176, 0.40508349795656684, 0.40508349795656684, 0.0, 0.0, 0.0, 0.0, 0.0, 0.0, 0.0, 0.0, 0.5], "layer_ochiai_score": [0.4731352670124969, 0.6716324552951177, 0.35645753249970735, 0.4492744680945392, 0.4492744680945392, 0.0, 0.0, 0.0, 0.0, 0.0, 0.0, 0.0, 0.0, 0.7071064983440047], "layer_D_star_score": [25.82961736762801, 102.12254093234021, 43.327083759754665, 65.07172080791776, 65.07172080791776, 0.0, 0.0, 0.0, 0.0, 0.0, 0.0, 0.0, 0.0, 124.99990000007999], "layer_Op2_score": [55.68557178287954, 111.93187372708435, 51.81044477425018, 71.45341315403716, 71.45341315403716, 0.0, 0.0, 0.0, 0.0, 0.0, 0.0, 0.0, 0.0, 124.00793729528786], "layer_Barinel_score": [0.4992031022106055, 0.4998268632333506, 0.38532927214247176, 0.40508349795656684, 0.40508349795656684, 0.0, 0.0, 0.0, 0.0, 0.0, 0.0, 0.0, 0.0, 0.5], "time": 4.705862283706665}