{"neuron_counts": [4704, 1176, 1600, 400, 400, 128, 128, 64, 64, 64, 64, 64, 64, 2], "neuron_counts_selected": [1000, 1000, 1000, 400, 400, 128, 128, 64, 64, 64, 64, 64, 64, 2], "layer_tarantula_score": [0.4997312556555213, 0.5004645953347614, 0.3687441101664565, 0.40508349795656684, 0.40508349795656684, 0.0, 0.0, 0.0, 0.0, 0.0, 0.0, 0.0, 0.0, 0.5], "layer_ochiai_score": [0.4741433201130247, 0.6726870844590126, 0.3496217416085163, 0.4492744680945392, 0.4492744680945392, 0.0, 0.0, 0.0, 0.0, 0.0, 0.0, 0.0, 0.0, 0.7071064983440047], "layer_D_star_score": [26.005041384008663, 102.75466068420383, 42.5188552455474, 65.07172080791776, 65.07172080791776, 0.0, 0.0, 0.0, 0.0, 0.0, 0.0, 0.0, 0.0, 124.99990000007999], "layer_Op2_score": [55.863040037269805, 112.14052452021863, 50.83588921357999, 71.45341315403716, 71.45341315403716, 0.0, 0.0, 0.0, 0.0, 0.0, 0.0, 0.0, 0.0, 124.00793729528786], "layer_Barinel_score": [0.4997312556555213, 0.5004645953347614, 0.3687441101664565, 0.40508349795656684, 0.40508349795656684, 0.0, 0.0, 0.0, 0.0, 0.0, 0.0, 0.0, 0.0, 0.5], "time": 6.991735458374023}