{"neuron_counts": [1000000, 1000000, 256, 256, 128, 128, 1], "neuron_counts_selected": [100, 100, 100, 100, 100, 100, 1], "layer_tarantula_score": [0.02420000015488985, 0.03125000020001257, NaN, NaN, NaN, NaN, 0.5000000032002022], "layer_ochiai_score": [0.03436057774509541, 0.04437058076587723, NaN, NaN, NaN, NaN, 0.7099292922540368], "layer_D_star_score": [6.196756292938483, 8.002009675798654, NaN, NaN, NaN, NaN, 128.03215481277837], "layer_Op2_score": [6.050387238410222, 7.813000049599964, NaN, NaN, NaN, NaN, 125.00800079359936], "layer_Barinel_score": [0.024393600000000057, 0.031500000000000014, NaN, NaN, NaN, NaN, 0.504], "time": 4.68415904045105}