{"neuron_counts": [1000000, 1000000, 256, 256, 128, 128, 1], "neuron_counts_selected": [500, 500, 256, 256, 128, 128, 1], "layer_tarantula_score": [0.10900000069764408, 0.1320000008448534, 0.0, 0.0, 0.0, 0.0, 0.5000000032002022], "layer_ochiai_score": [0.15476458571138002, 0.18742133315506573, 0.0, 0.0, 0.0, 0.0, 0.7099292922540368], "layer_D_star_score": [27.911009749185688, 33.80048887057349, 0.0, 0.0, 0.0, 0.0, 128.03215481277837], "layer_Op2_score": [27.251744173004663, 33.00211220951023, 0.0, 0.0, 0.0, 0.0, 125.00800079359936], "layer_Barinel_score": [0.109872, 0.13305599999999998, 0.0, 0.0, 0.0, 0.0, 0.504], "time": 6.6030919551849365}