{"neuron_counts": [1000000, 1000000, 256, 256, 128, 128, 1], "neuron_counts_selected": [500, 500, 256, 256, 128, 128, 1], "layer_tarantula_score": [0.0005120000032769898, 0.0005120000032769952, NaN, NaN, NaN, NaN, 0.5000000032002022], "layer_ochiai_score": [0.0007269675952684118, 0.0007269675952681495, NaN, NaN, NaN, NaN, 0.7099292922540368], "layer_D_star_score": [0.13110492652830522, 0.13110492652827474, NaN, NaN, NaN, NaN, 128.03215481277837], "layer_Op2_score": [0.12800819281262632, 0.12800819281266096, NaN, NaN, NaN, NaN, 125.00800079359936], "layer_Barinel_score": [0.000516096000000013, 0.0005160960000000596, NaN, NaN, NaN, NaN, 0.504], "time": 6.5923378467559814}