{"neuron_counts": [1254528, 313632, 301088, 73728, 73728, 128, 3], "neuron_counts_selected": [500, 500, 500, 500, 500, 128, 3], "layer_tarantula_score": [0.5050654309097793, 0.5010460725966357, 0.038554517700905976, 0.026515393029963193, 0.034544067275300815, 0.3797440358036184, 0.4998999664305603], "layer_ochiai_score": [0.3761613287629868, 0.6420887396690518, 0.005450097879323021, 0.009458874765865639, 0.012259954059793809, 0.6011693719010096, 0.8174234993758484], "layer_D_star_score": [9.881797926869613, 106.70357772309042, 0.00231918640484726, 0.033475520263814416, 0.0378580914966911, 260.09511974850943, 376.7698605622907], "layer_Op2_score": [39.198738370540326, 113.78218782898827, 0.1368229383924308, 0.5071225546565328, 0.6358322166623518, 132.57761433490853, 183.9293605516065], "layer_Barinel_score": [0.6773422526757997, 0.6763514840708913, 0.043596060907098, 0.0344634594476506, 0.04533137885906644, 0.513064060158446, 0.6760113227706439], "time": 6.3481409549713135}