{"neuron_counts": [1254528, 313632, 301088, 73728, 73728, 128, 3], "neuron_counts_selected": [500, 500, 500, 500, 500, 128, 3], "layer_tarantula_score": [0.44155494545404667, 0.5298476667372902, 0.0, 0.0, 0.0, 0.17735732422122583, 0.0], "layer_ochiai_score": [0.06384180608395686, 0.1447322691300076, 0.0, 0.0, 0.0, 0.12967007719159038, 0.0], "layer_D_star_score": [0.03585785839813124, 0.3684178041438255, 0.0, 0.0, 0.0, 27.25746937686222, 0.0], "layer_Op2_score": [1.6963468999197822, 6.568875273787923, 0.0, 0.0, 0.0, 20.651785327569534, 0.0], "layer_Barinel_score": [0.49174100725302433, 0.6584890845420641, 0.0, 0.0, 0.0, 0.2301653176193298, 0.0], "time": 6.353207111358643}