{"neuron_counts": [1254528, 313632, 301088, 73728, 73728, 128, 3], "neuron_counts_selected": [500, 500, 500, 500, 500, 128, 3], "layer_tarantula_score": [0.5107213056579296, 0.5033787138172604, 0.0027012867143656853, 0.02, 0.014959372057831781, 0.336013778212485, 0.5052032121829269], "layer_ochiai_score": [0.2517909779693989, 0.47137369245959054, 0.0003135796154983773, 0.002316494035993043, 0.0018824678945770189, 0.3149961774519083, 0.765991731388887], "layer_D_star_score": [2.2040280621649115, 28.518416547926797, 5.019469233546658e-05, 0.0009774298842063589, 0.0006629355196763021, 89.65823370154449, 262.9823543884549], "layer_Op2_score": [18.105781372687858, 62.23920721522009, 0.006060428170681433, 0.053423927057761535, 0.04292860573943146, 56.430544006676456, 160.87972941403086], "layer_Barinel_score": [0.6753872480125591, 0.6770289926159889, 0.003059773633094636, 0.02, 0.016580426012594462, 0.43019033896287284, 0.6805911036012992], "time": 4.8693506717681885}