{"neuron_counts": [1254528, 313632, 301088, 73728, 73728, 128, 3], "neuron_counts_selected": [1000, 1000, 1000, 1000, 1000, 128, 3], "layer_tarantula_score": [0.505033592498119, 0.5001164355445394, 0.018496100983356967, 0.018528520079849634, 0.019820471068878954, 0.39128213457780897, 0.500000145314834], "layer_ochiai_score": [0.5171399907519851, 0.7682465086157638, 0.008080646877163635, 0.014340366724687066, 0.013168429221300031, 0.6208011086697083, 0.8222523596969404], "layer_D_star_score": [38.06129471476946, 265.205797521978, 0.04514892843620082, 0.598306314818616, 0.4957209749286359, 287.7214427657216, 390.48430223621835], "layer_Op2_score": [73.49456288494481, 162.53513043604576, 0.5167788094999125, 1.7060955822936819, 1.5154872219959288, 139.2597789996218, 186.08160017030778], "layer_Barinel_score": [0.6789433131208505, 0.6760642156426658, 0.024380208777479602, 0.024034110251902434, 0.02507145819541029, 0.5259170084251635, 0.6760993044410449], "time": 8.649630308151245}