{"neuron_counts": [1254528, 313632, 301088, 73728, 73728, 128, 3], "neuron_counts_selected": [100, 100, 100, 100, 100, 100, 3], "layer_tarantula_score": [0.47450056933397744, 0.4935739256448835, 0.00017701335148337009, 0.0015279644961250206, 0.0004690098102617605, 0.3195715065221125, 0.500000206801233], "layer_ochiai_score": [0.490765727968275, 0.7553943805896195, 8.674615227097091e-05, 0.000839620142654192, 0.00039649667693898087, 0.503815490803935, 0.8246208219541679], "layer_D_star_score": [22.52561768520136, 175.06062059240838, 0.00031936211707815133, 0.02576185411648914, 0.01092498796788105, 170.8216555163959, 288.9995484382055], "layer_Op2_score": [49.12120058861447, 113.88694898654, 0.004061538520709757, 0.06666461590058965, 0.032484616639053394, 81.46283168502819, 135.0153861301752], "layer_Barinel_score": [0.6564861498747092, 0.6742834312525154, 0.00024980392156861406, 0.0019116384180791401, 0.0006278960943257646, 0.434806422661227, 0.68], "time": 5.679043769836426}