{"neuron_counts": [1254528, 313632, 301088, 73728, 73728, 128, 3], "neuron_counts_selected": [500, 500, 500, 500, 500, 128, 3], "layer_tarantula_score": [0.25372032585677334, 0.38510595398605746, 0, 0, 0, 0.006778187104753924, 0], "layer_ochiai_score": [0.04089737086153803, 0.1184505460493779, 0, 0, 0, 0.008532397871536397, 0], "layer_D_star_score": [0.010066359020599784, 0.16409998813502405, 0, 0, 0, 2.2264709197113004, 0], "layer_Op2_score": [0.6950406924727819, 3.5786926648358977, 0, 0, 0, 1.2505493305851485, 0], "layer_Barinel_score": [0.3159925158730159, 0.5315525931799435, 0, 0, 0, 0.00925067043999818, 0], "time": 16.808724403381348}