{"neuron_counts": [1254528, 313632, 301088, 73728, 73728, 128, 3], "neuron_counts_selected": [500, 500, 500, 500, 500, 128, 3], "layer_tarantula_score": [0.4713535696670905, 0.49226843070248544, 0.001045458057831515, 0.0005996405731245767, 0.00019371713755949183, 0.2981532444102268, 0.500000145314834], "layer_ochiai_score": [0.4882160885409414, 0.7556279586733654, 0.00043728514702773096, 0.0004299280811511661, 0.000137546592954313, 0.46883356880813243, 0.8222523596969404], "layer_D_star_score": [30.732996146875646, 241.78648214047686, 0.0016734578543571063, 0.014011946399007092, 0.004179007755229397, 212.03495098011857, 390.48430223621835], "layer_Op2_score": [67.6286376959633, 157.97496398114848, 0.02459976028147631, 0.048187647187452706, 0.014901805687200509, 104.25561508505987, 186.08160017030778], "layer_Barinel_score": [0.6493556077857638, 0.6692009163121793, 0.0014399308541892509, 0.0008274330318221872, 0.00026410890409099325, 0.4035876740584003, 0.6760993044410449], "time": 4.994714736938477}