{"neuron_counts": [1254528, 313632, 301088, 73728, 73728, 128, 3], "neuron_counts_selected": [500, 500, 500, 500, 500, 128, 3], "layer_tarantula_score": [0.5213773366517502, 0.5048035193460145, 0.008, 0.016896508250880564, 0.010418801423028924, 0.336013778212485, 0.5052032121829269], "layer_ochiai_score": [0.25165709188644797, 0.47576616179387116, 0.000670054884981201, 0.0021524832586622858, 0.0012475305298906805, 0.3149961774519083, 0.765991731388887], "layer_D_star_score": [2.140322575324729, 29.279258528545196, 7.597742395672866e-05, 0.0006563963027899697, 0.0004283668098786011, 89.65823370154449, 262.9823543884549], "layer_Op2_score": [17.864243047863127, 63.178440264477906, 0.010510937244258542, 0.048382850810066665, 0.02836647767607908, 56.430544006676456, 160.87972941403086], "layer_Barinel_score": [0.6840237452068466, 0.678342580779916, 0.008, 0.01827541797359521, 0.010712059082929567, 0.43019033896287284, 0.6805911036012992], "time": 4.934003829956055}