{"neuron_counts": [1254528, 313632, 301088, 73728, 73728, 128, 3], "neuron_counts_selected": [500, 500, 500, 500, 500, 128, 3], "layer_tarantula_score": [0.47111362143815144, 0.49233971622950545, 0.001039314298090467, 0.0005993249022186177, 0.0001923445966713173, 0.2981453495640446, 0.500000206801233], "layer_ochiai_score": [0.4891903232966298, 0.7579033381545686, 0.0004331791628370087, 0.0004326968185284053, 0.0001366800381600071, 0.4702024177605544, 0.8246208219541679], "layer_D_star_score": [22.33875540721744, 178.14064455436042, 0.0011955532716382208, 0.010215782636528765, 0.003001960690333127, 157.17594350111784, 288.9995484382055], "layer_Op2_score": [48.98738927172112, 114.63285803959072, 0.017652492540782643, 0.0349717543142172, 0.01073569243739534, 75.66671415494997, 135.0153861301752], "layer_Barinel_score": [0.6531984192901485, 0.6732087096944668, 0.0014420019058858182, 0.0008321610774310424, 0.00026441625157890637, 0.405914761233888, 0.68], "time": 6.562290906906128}