{"neuron_counts": [1254528, 313632, 301088, 73728, 73728, 128, 3], "neuron_counts_selected": [1000, 1000, 1000, 1000, 1000, 128, 3], "layer_tarantula_score": [0.4767154025192535, 0.49184685084281454, 0.0005698343971268481, 0.0005665147409516687, 0.0005902408793767999, 0.2981532444102268, 0.500000145314834], "layer_ochiai_score": [0.49344645600088505, 0.755612356213697, 0.0002610813897694114, 0.00044176299506426395, 0.0003875161222296994, 0.46883356880813243, 0.8222523596969404], "layer_D_star_score": [31.774228738446645, 241.95782514376583, 0.0011967669575713648, 0.015940803754201833, 0.011888415009281653, 212.03495098011857, 390.48430223621835], "layer_Op2_score": [68.54087262770615, 158.06816951058568, 0.01585368256206807, 0.05069784122382849, 0.0416437443300574, 104.25561508505987, 186.08160017030778], "layer_Barinel_score": [0.6543879944732585, 0.6688221483856908, 0.0007973873176703959, 0.0007693832076771206, 0.0008035785060985797, 0.4035876740584003, 0.6760993044410449], "time": 8.79915738105774}