{"neuron_counts": [1254528, 313632, 301088, 73728, 73728, 128, 3], "neuron_counts_selected": [2000, 2000, 2000, 2000, 2000, 128, 3], "layer_tarantula_score": [0.47317444492942146, 0.4924376069670664, 0.0005149088242183799, 0.00047951648511314495, 0.00046626704825828065, 0.2981453495640446, 0.500000206801233], "layer_ochiai_score": [0.4918424003673346, 0.7577949105630151, 0.00023076432428386073, 0.00037691957153458656, 0.0003924304946576206, 0.4702024177605544, 0.8246208219541679], "layer_D_star_score": [22.759502894200274, 178.0002223917034, 0.0006863023992498071, 0.009133262853423831, 0.009579126375474386, 157.17594350111784, 288.9995484382055], "layer_Op2_score": [49.36863057077912, 114.59145780827566, 0.009778684743946832, 0.03082271965697239, 0.03246976962652193, 75.66671415494997, 135.0153861301752], "layer_Barinel_score": [0.6551355275136242, 0.6732997241632349, 0.0007165431378957647, 0.0006653308450833209, 0.0006463454629843323, 0.405914761233888, 0.68], "time": 21.21707272529602}