{"neuron_counts": [4704, 1176, 600, 150, 120, 120, 84, 10], "neuron_counts_selected": [500, 500, 500, 150, 120, 120, 84, 10], "layer_tarantula_score": [0.43903600353611744, 0.4340969116043426, 0.48317091695174447, 0.47906541173813927, 0.4776648876960927, 0.4776648876960927, 0.47517965950904023, 0.30431477231110904], "layer_ochiai_score": [0.11077708347378962, 0.09844772067892195, 0.3263727064815716, 0.2830684334829646, 0.33372350765049463, 0.33372350765049463, 0.3272806539091802, 0.09141695559394288], "layer_D_star_score": [5.195500456214771, 3.855813443968786, 429.2689668013394, 322.488107454666, 418.09055579824764, 418.09055579824764, 452.0228119849754, 3.4204929171438505], "layer_Op2_score": [142.95456928900924, 117.5874241433207, 1181.7973651175523, 939.0983670190572, 1245.773090290493, 1245.773090290493, 1243.9339535185466, 126.39225394868582], "layer_Barinel_score": [0.4763999709094889, 0.4713570181919377, 0.5209602508878164, 0.5168263874637403, 0.515419142711711, 0.515419142711711, 0.5129230866299357, 0.3366561808994863], "time": 150.20422625541687}