{"neuron_counts": [4704, 1176, 600, 150, 120, 120, 84, 10], "neuron_counts_selected": [500, 500, 500, 150, 120, 120, 84, 10], "layer_tarantula_score": [0.026723051605620274, 0.0023547988854764755, 0.4683034448368038, 0.46308708235799184, 0.457392215826588, 0.457392215826588, 0.4561764737700068, 0.023987180767651394], "layer_ochiai_score": [0.000496849446148345, 3.41851840177343e-05, 0.15910662236193904, 0.10761800474943077, 0.1802772864752128, 0.1802772864752128, 0.21102349178529434, 0.002817581034358507], "layer_D_star_score": [9.766935192790061e-06, 5.050875345260475e-07, 94.001969163562, 39.373674912576135, 62.57308849951312, 62.57308849951312, 123.37676537827015, 0.0018889096146018074], "layer_Op2_score": [0.047389595502279794, 0.002679111400149376, 371.48165157933187, 205.22363541797904, 409.00786418329807, 409.00786418329807, 573.7425604613651, 1.5949210470490789], "layer_Barinel_score": [0.027850399999999758, 0.0023760000000000504, 0.5059877036393221, 0.5005607955763536, 0.49490004990815784, 0.49490004990815784, 0.49369118754315244, 0.027515459014419985], "time": 153.86128973960876}