{"neuron_counts": [4704, 1176, 600, 150, 120, 120, 84, 10], "neuron_counts_selected": [500, 500, 500, 150, 120, 120, 84, 10], "layer_tarantula_score": [0.43598011459531694, 0.43139606446568884, 0.4823389575285695, 0.4785523727757695, 0.4763476236395015, 0.4763476236395015, 0.4747152592244281, 0.31784644904516896], "layer_ochiai_score": [0.1080953495668094, 0.0961978867512768, 0.3174227194854571, 0.27556424534784224, 0.3247793981218283, 0.3247793981218283, 0.31898960869643334, 0.09657396197391456], "layer_D_star_score": [7.192361725014255, 5.362900206799125, 546.930918016583, 411.72857854602194, 539.5568688013168, 539.5568688013168, 582.4992016489713, 6.161502888706399], "layer_Op2_score": [195.77478461631594, 161.33761428214848, 1595.926524626696, 1269.152258414144, 1685.3587665509115, 1685.3587665509115, 1686.3699655841365, 196.2195247212664], "layer_Barinel_score": [0.44358739878626885, 0.4389773552868341, 0.490083066652566, 0.48628674787465265, 0.48407847186377284, 0.48407847186377284, 0.48244247325828304, 0.32447378444466035], "time": 164.38820385932922}