{"neuron_counts": [4704, 1176, 600, 150, 120, 120, 84, 10], "neuron_counts_selected": [500, 500, 500, 150, 120, 120, 84, 10], "layer_tarantula_score": [0.473317904361994, 0.4704753928002644, 0.498136449001811, 0.4976523102378004, 0.49367003467137954, 0.49367003467137954, 0.4934278085664405, 0.4926454688790514], "layer_ochiai_score": [0.26562734415912814, 0.25778274052413735, 0.44356252747069436, 0.4225026397483739, 0.44026915039074915, 0.44026915039074915, 0.43023090016689997, 0.22250184264087167], "layer_D_star_score": [260.99204908440424, 247.71690883287133, 1708.0042658305438, 1575.5870034250859, 1630.0805968983311, 1630.0805968983311, 1651.9356783267185, 78.50818443148208], "layer_Op2_score": [1192.9646058923706, 1152.8668822586585, 3039.2185173645776, 2825.8099967535777, 3010.6820578405363, 3010.6820578405363, 2949.643539171738, 728.2063328303917], "layer_Barinel_score": [0.48104754917108516, 0.47819941876410554, 0.5058872559644937, 0.5053977695946801, 0.501416488981598, 0.501416488981598, 0.5011700739743593, 0.5002022297046638], "time": 163.37579917907715}