{"neuron_counts": [4704, 1176, 600, 150, 120, 120, 84, 10], "neuron_counts_selected": [500, 500, 500, 150, 120, 120, 84, 10], "layer_tarantula_score": [0.45967044476572183, 0.45682448365093736, 0.48657391071056566, 0.4838490023857228, 0.4809151603206529, 0.4809151603206529, 0.4785142092515525, 0.4466424102244077], "layer_ochiai_score": [0.21375230555521288, 0.20371736822165143, 0.37303458046509125, 0.3438795001709653, 0.36756469909184947, 0.36756469909184947, 0.34881982539537654, 0.20028645799153869], "layer_D_star_score": [121.7882160671401, 114.90786832337093, 825.0818498352631, 702.1707831287563, 802.706153771673, 802.706153771673, 766.8166965018797, 56.23726714116884], "layer_Op2_score": [779.3555720976407, 738.1828326194986, 2120.317008224657, 1857.1226317427186, 2112.4101224564884, 2112.4101224564884, 1980.0774089292538, 621.199768966863], "layer_Barinel_score": [0.4673811279471988, 0.46452861450650107, 0.4943244972689639, 0.4915934230181714, 0.48865648780152127, 0.48865648780152127, 0.486251788464435, 0.45421665483299023], "time": 161.76142477989197}