{"neuron_counts": [4704, 1176, 600, 150, 120, 120, 84, 10], "neuron_counts_selected": [500, 500, 500, 150, 120, 120, 84, 10], "layer_tarantula_score": [0.4409324926263651, 0.4318204154523487, 0.4840165041239249, 0.47906541173813927, 0.4776648876960927, 0.4776648876960927, 0.47517965950904023, 0.30431477231110904], "layer_ochiai_score": [0.10778295730848848, 0.09683908252687107, 0.331572192745181, 0.2830684334829646, 0.33372350765049463, 0.33372350765049463, 0.3272806539091802, 0.09141695559394288], "layer_D_star_score": [4.703189939729087, 3.7779695088312693, 467.82826799322856, 322.488107454666, 418.09055579824764, 418.09055579824764, 452.0228119849754, 3.4204929171438505], "layer_Op2_score": [135.1656481234856, 115.17844129235098, 1227.7822521339729, 939.0983670190572, 1245.773090290493, 1245.773090290493, 1243.9339535185466, 126.39225394868582], "layer_Barinel_score": [0.4783032136282666, 0.4690526139543655, 0.5218176473626385, 0.5168263874637403, 0.515419142711711, 0.515419142711711, 0.5129230866299357, 0.3366561808994863], "time": 149.7272663116455}