{"neuron_counts": [4704, 1176, 600, 150, 120, 120, 84, 10], "neuron_counts_selected": [200, 200, 200, 150, 120, 120, 84, 10], "layer_tarantula_score": [0.47618359421455586, 0.47478736361318735, 0.4919091738896266, 0.4886935345987168, 0.4840796731671658, 0.4840796731671658, 0.48214220756432785, 0.5319081824064997], "layer_ochiai_score": [0.36498098959379366, 0.35011855232426775, 0.44254205959064624, 0.41023116376028845, 0.40496778669420597, 0.40496778669420597, 0.3753841300158333, 0.36773109626165806], "layer_D_star_score": [908.0520198121528, 930.0099006074546, 1449.3239575783218, 1139.483779509524, 1101.6399942924577, 1101.6399942924577, 959.0021842589822, 505.3217941928138], "layer_Op2_score": [2234.988959032158, 2158.0739260997743, 2922.3632996841347, 2540.873868635885, 2522.464470148852, 2522.464470148852, 2256.1059278231114, 1815.9398875330658], "layer_Barinel_score": [0.4839279391841103, 0.4825273054614321, 0.49966570698799667, 0.4964474583569944, 0.4918262348124517, 0.4918262348124517, 0.4898874493027832, 0.539574992226154], "time": 90.32198691368103}