{"neuron_counts": [4704, 1176, 600, 150, 120, 120, 84, 10], "neuron_counts_selected": [500, 500, 500, 150, 120, 120, 84, 10], "layer_tarantula_score": [0.4773588963423696, 0.4768442458413415, 0.4907214258418057, 0.4892771776255799, 0.4851373284433191, 0.4851373284433191, 0.4827091456983859, 0.5282318731684427], "layer_ochiai_score": [0.37709633910667, 0.3714257875706701, 0.43651606865820297, 0.42187218996566417, 0.4163255852252937, 0.4163255852252937, 0.3856777035338108, 0.3808301755266486], "layer_D_star_score": [748.549535559514, 772.8449469524995, 940.8595387224221, 901.1018640149304, 865.0691465998138, 865.0691465998138, 752.723750098954, 408.8050360699403], "layer_Op2_score": [1676.3703983891742, 1672.3064270225077, 1983.3402629203995, 1884.2230484946701, 1867.427488711498, 1867.427488711498, 1668.3584161977108, 1383.145805758689], "layer_Barinel_score": [0.5151736476845179, 0.5146518859133251, 0.5285276231379297, 0.5270832202562304, 0.5229302410440623, 0.5229302410440623, 0.520504013745996, 0.5655221502337596], "time": 146.07405352592468}