{"neuron_counts": [4704, 1176, 600, 150, 120, 120, 84, 10], "neuron_counts_selected": [500, 500, 500, 150, 120, 120, 84, 10], "layer_tarantula_score": [0.45976097120294096, 0.45845530026455533, 0.487671652551764, 0.48448498598261525, 0.4821216464132327, 0.4821216464132327, 0.47912101033453747, 0.44198417196287354], "layer_ochiai_score": [0.21380706873377317, 0.2056488806069479, 0.38884982474040886, 0.35347495002436446, 0.3778284864803537, 0.3778284864803537, 0.3582067458593818, 0.20237395606035066], "layer_D_star_score": [84.55065193925151, 81.83771581520057, 697.1300128338015, 552.4669232912884, 626.462822998829, 626.462822998829, 598.7052510795279, 40.22773978882571], "layer_Op2_score": [549.7415891246554, 526.8729504319523, 1621.5173751517527, 1375.6974688642363, 1562.8777277475979, 1562.8777277475979, 1462.69287580634, 451.06242699756825], "layer_Barinel_score": [0.4974753652292962, 0.49616127212729577, 0.5254797265988896, 0.5222693794047777, 0.519903887827453, 0.519903887827453, 0.5168972116452033, 0.47916209926710657], "time": 146.6048936843872}