{"neuron_counts": [4704, 1176, 600, 150, 120, 120, 84, 10], "neuron_counts_selected": [500, 500, 500, 150, 120, 120, 84, 10], "layer_tarantula_score": [0.2974788886868402, 0.28341973185146, 0.4781200663807808, 0.47105873931669423, 0.47215674796602297, 0.47215674796602297, 0.46898881506570417, 0.16557181040759716], "layer_ochiai_score": [0.02822757888358256, 0.02163637814302186, 0.260514103541793, 0.2062226255639045, 0.2768914872226337, 0.2768914872226337, 0.28585269859446905, 0.02599099177118656], "layer_D_star_score": [0.07394842337429415, 0.03185213436979271, 266.7772741462861, 166.5991816620109, 229.91097004310623, 229.91097004310623, 299.4651156573708, 0.23376800075165946], "layer_Op2_score": [13.510891966318667, 8.313142853597789, 813.2433807232613, 560.9271610858257, 885.939837380874, 885.939837380874, 978.597389425049, 25.078996323188477], "layer_Barinel_score": [0.3230975151222933, 0.3079394502922331, 0.5158885878458687, 0.5087598161793858, 0.5098613320620864, 0.5098613320620864, 0.5066836494033942, 0.18729630743596964], "time": 154.09297943115234}