{"neuron_counts": [4704, 1176, 600, 150, 120, 120, 84, 10], "neuron_counts_selected": [100, 100, 100, 100, 100, 100, 84, 10], "layer_tarantula_score": [0.47665238839239055, 0.4719945328492515, 0.4921892157033278, 0.4909049270994555, 0.4850695128059637, 0.4812681332023779, 0.48214220756432785, 0.5319081824064997], "layer_ochiai_score": [0.39039572582632703, 0.3507572300245719, 0.4146269574619069, 0.4148456796964554, 0.3856236341859571, 0.3932001478985567, 0.3753841300158333, 0.36773109626165806], "layer_D_star_score": [1053.77327084202, 893.4610057715042, 1038.6498854439012, 1137.9240886351663, 986.1136517424098, 1067.4964805288694, 959.0021842589822, 505.3217941928138], "layer_Op2_score": [2476.6200149200886, 2150.2608593116483, 2527.3634109423097, 2568.993007624347, 2317.8594971038706, 2426.060066216417, 2256.1059278231114, 1815.9398875330658], "layer_Barinel_score": [0.4843989128095049, 0.47972930047451473, 0.4999455292083303, 0.498659387767572, 0.4928155417256704, 0.4890098848797391, 0.4898874493027832, 0.539574992226154], "time": 57.87539267539978}