{"neuron_counts": [4704, 1176, 600, 150, 120, 120, 84, 10], "neuron_counts_selected": [200, 200, 200, 150, 120, 120, 84, 10], "layer_tarantula_score": [0.0172880268446286, 0.0018342120964919056, 0.46346181558290445, 0.46179954836291665, 0.4556757223063976, 0.4556757223063976, 0.45566008599239244, 0.026648737952670674], "layer_ochiai_score": [0.000296581543373209, 2.8686790230088657e-05, 0.1460871488469223, 0.10479371358113743, 0.17575972769938544, 0.17575972769938544, 0.2061607844747669, 0.0033595840718006133], "layer_D_star_score": [7.256253284794488e-06, 5.942555804711119e-07, 101.62001471136702, 51.80216280410931, 82.56727364753858, 82.56727364753858, 162.02716441458776, 0.005185928392261462], "layer_Op2_score": [0.03654010208143938, 0.0032290162423411206, 443.4049903715726, 277.6286829428403, 555.9084614061537, 555.9084614061537, 781.2016170590333, 3.0714782665501126], "layer_Barinel_score": [0.017400601278244714, 0.0018440903918591225, 0.47115695430990034, 0.4694584726315304, 0.4633342222751226, 0.4633342222751226, 0.4633211840792045, 0.02740496664976951], "time": 87.8711576461792}