{"neuron_counts": [4704, 1176, 600, 150, 120, 120, 84, 10], "neuron_counts_selected": [200, 200, 200, 150, 120, 120, 84, 10], "layer_tarantula_score": [0.016174699482407552, 0.006010060098214944, 0.4723895283088962, 0.46179954836291665, 0.4556757223063976, 0.4556757223063976, 0.45566008599239244, 0.026648737952670674], "layer_ochiai_score": [0.00031128293524357466, 8.21831304601323e-05, 0.17079328244469014, 0.10479371358113743, 0.17575972769938544, 0.17575972769938544, 0.2061607844747669, 0.0033595840718006133], "layer_D_star_score": [8.887152578362877e-06, 1.5344913367517377e-06, 172.03151414857928, 51.80216280410931, 82.56727364753858, 82.56727364753858, 162.02716441458776, 0.005185928392261462], "layer_Op2_score": [0.041450212135527166, 0.008199831930087267, 622.4864606189077, 277.6286829428403, 555.9084614061537, 555.9084614061537, 781.2016170590333, 3.0714782665501126], "layer_Barinel_score": [0.016333488914320588, 0.006016077603431278, 0.4801071004124919, 0.4694584726315304, 0.4633342222751226, 0.4633342222751226, 0.4633211840792045, 0.02740496664976951], "time": 88.54877805709839}