{"neuron_counts": [700928, 175232, 165888, 41472, 73984, 18496, 18496, 64, 64, 1], "neuron_counts_selected": [500, 500, 500, 500, 500, 500, 500, 64, 64, 1], "layer_tarantula_score": [0.47727674039738177, 0.4804108522028717, 0.37845018503260336, 0.3378421651784511, 0.3612501766231418, 0.3889621901721535, 0.36465817828938873, 0.04406740435802143, 0.04406740435802143, 0.5000002444610959], "layer_ochiai_score": [0.7665863458902556, 0.7777663864591259, 0.6259464479879864, 0.5587818731170754, 0.597498095747549, 0.6433330223340024, 0.6031348390286777, 0.07288630398628956, 0.07288630398628956, 0.8269869837336321], "layer_D_star_score": [204.48571899406525, 217.91054224702177, 194.88075294408557, 173.96988594566187, 186.02370722962323, 200.2938497202732, 187.77863814793056, 22.692257214361895, 22.692257214361895, 257.472259141347], "layer_Op2_score": [105.9152189934018, 108.44140616814613, 89.32771739889746, 79.74277897074471, 85.2679030528517, 91.8089248643413, 86.07231277909145, 10.40092265835168, 10.40092265835168, 118.01785889668054], "layer_Barinel_score": [0.6532750709173979, 0.6569878748664952, 0.51765, 0.4621057241379309, 0.4941235632183906, 0.5320284827586205, 0.4987850804597701, 0.060276075341235615, 0.060276075341235615, 0.6839080459770115], "time": 8.9744873046875}