{"neuron_counts": [700928, 175232, 165888, 41472, 73984, 18496, 18496, 64, 64, 1], "neuron_counts_selected": [1000, 1000, 1000, 1000, 1000, 1000, 1000, 64, 64, 1], "layer_tarantula_score": [0.4940002390829518, 0.49200023810510735, 0.4200002053473205, 0.4150002029027096, 0.43300021170330905, 0.44100021561468655, 0.43400021219223117, 0.14843757257438786, 0.14843757257438786, 0.5000002444610959], "layer_ochiai_score": [0.8092516191474228, 0.8059436712124883, 0.694669066336251, 0.6863991964989148, 0.7161707279133255, 0.7294025196530636, 0.7178247018807927, 0.24551176079592202, 0.24551176079592202, 0.8269869837336321], "layer_D_star_score": [251.80791181308282, 250.77802277651745, 216.27669767873147, 213.701975087318, 222.9709764164065, 227.09053256266805, 223.48592093468918, 76.4370769325874, 76.4370769325874, 257.472259141347], "layer_Op2_score": [115.42646600095357, 114.95432313692297, 99.13500147321166, 97.95482288424485, 102.20346580452537, 104.09175154687225, 102.4395015223187, 35.036272842593135, 35.036272842593135, 118.01785889668054], "layer_Barinel_score": [0.6738620689655173, 0.6711264367816091, 0.5744827586206895, 0.5676436781609195, 0.5922643678160918, 0.6032068965517241, 0.593632183908046, 0.2030352011494253, 0.2030352011494253, 0.6839080459770115], "time": 13.915322542190552}