{"neuron_counts": [700928, 175232, 165888, 41472, 73984, 18496, 18496, 64, 64, 1], "neuron_counts_selected": [500, 500, 500, 500, 500, 500, 500, 64, 64, 1], "layer_tarantula_score": [0.47822288234559124, 0.4801913862405019, 0.3784501809202119, 0.33784216150732266, 0.36125017269765247, 0.3889621859455342, 0.3646581743268667, 0.04406740387916729, 0.04406740387916729, 0.5000002390278928], "layer_ochiai_score": [0.7877206750941167, 0.7909791701599268, 0.6234035304796987, 0.5565118127740052, 0.595070750127602, 0.6407194715879099, 0.6006845940485293, 0.07259020220455237, 0.07259020220455237, 0.8236273358167502], "layer_D_star_score": [233.88957331521587, 234.90733470891132, 185.17868876602043, 165.30886132934305, 176.76258770438605, 190.32229657764265, 178.43015005427264, 21.562531818123983, 21.562531818123983, 244.65410062890794], "layer_Op2_score": [109.99721374883258, 110.45535918431575, 87.05701739889746, 77.71572697074471, 83.10040305285168, 89.4751528643413, 83.88436477909147, 10.13651836147668, 10.13651836147668, 115.01785889668054], "layer_Barinel_score": [0.6488259764705883, 0.6514916513243892, 0.5134526315789474, 0.4583587368421054, 0.49011695906432756, 0.5277145263157893, 0.4947406783625733, 0.059787326388888846, 0.059787326388888846, 0.6783625730994152], "time": 7.026912450790405}