{"neuron_counts": [700928, 175232, 165888, 41472, 73984, 18496, 18496, 64, 64, 1], "neuron_counts_selected": [500, 500, 500, 500, 500, 500, 500, 64, 64, 1], "layer_tarantula_score": [0.4970002390829519, 0.496000239571874, 0.43500021268115346, 0.41100020094702083, 0.42500020779193154, 0.44100021561468655, 0.4270002087697759, 0.14843757257438786, 0.14843757257438786, 0.5000002444610959], "layer_ochiai_score": [0.8095266285809812, 0.8109972629260762, 0.7194786758482601, 0.6797833006290456, 0.7029389361735873, 0.7294025196530636, 0.7062468841085219, 0.24551176079592202, 0.24551176079592202, 0.8269869837336321], "layer_D_star_score": [251.80793723679008, 252.3228648059346, 224.00086545297188, 211.64219701418722, 218.85142027014493, 227.09053256266805, 219.8813093067103, 76.4370769325874, 76.4370769325874, 257.472259141347], "layer_Op2_score": [115.42946600095357, 115.66350171874693, 102.67553724011206, 97.0106800130714, 100.31518006217847, 104.09175154687225, 100.78725149776518, 35.036272842593135, 35.036272842593135, 118.01785889668054], "layer_Barinel_score": [0.6768620689655171, 0.6762298850574712, 0.5949999999999999, 0.5621724137931033, 0.5813218390804596, 0.6032068965517241, 0.5840574712643677, 0.2030352011494253, 0.2030352011494253, 0.6839080459770115], "time": 7.284866094589233}