{"neuron_counts": [700928, 175232, 165888, 41472, 73984, 18496, 18496, 64, 64, 1], "neuron_counts_selected": [500, 500, 500, 500, 500, 500, 500, 64, 64, 1], "layer_tarantula_score": [0.4685275300618745, 0.48006572687053806, 0.36125017269765236, 0.3836881834242679, 0.40500019361259315, 0.4032021927530486, 0.3996181910396966, 0.04406740387916729, 0.04406740387916729, 0.5000002390278928], "layer_ochiai_score": [0.7505628154229191, 0.773725321823124, 0.5950707501276021, 0.6320318504497147, 0.6671381420115674, 0.6641763781119706, 0.6582726173688359, 0.07259020220455237, 0.07259020220455237, 0.8236273358167502], "layer_D_star_score": [194.49143387438812, 206.0051863747771, 176.76258770438608, 187.7416851242089, 198.16982150941544, 197.29004536355396, 195.53636477024588, 21.562531818123983, 21.562531818123983, 244.65410062890794], "layer_Op2_score": [101.6970267499451, 105.48386116780505, 83.10040305285163, 88.2619444886991, 93.1644657063112, 92.7508614857188, 91.92641347314733, 10.13651836147668, 10.13651836147668, 115.01785889668054], "layer_Barinel_score": [0.6356280701781528, 0.6513614768820071, 0.49011695906432723, 0.5205591578947366, 0.5494736842105263, 0.5470342923976608, 0.5421717894736842, 0.059787326388888846, 0.059787326388888846, 0.6783625730994152], "time": 10.11583662033081}