{"neuron_counts": [700928, 175232, 165888, 41472, 73984, 18496, 18496, 64, 64, 1], "neuron_counts_selected": [500, 500, 500, 500, 500, 500, 500, 64, 64, 1], "layer_tarantula_score": [0.46856514815905626, 0.48009966277405924, 0.36125017662314185, 0.3836881875935778, 0.40500019801348774, 0.4032021971344056, 0.39961819538210835, 0.04406740435802143, 0.04406740435802143, 0.5000002444610959], "layer_ochiai_score": [0.7536734502424813, 0.7769055328766993, 0.597498095747549, 0.6346099636295796, 0.6698594568242421, 0.666885611630736, 0.6609577689313335, 0.07288630398628956, 0.07288630398628956, 0.8269869837336321], "layer_D_star_score": [204.32237727513734, 216.4492656668297, 186.02370722962317, 197.57803233085033, 208.5525299044911, 207.6266596606187, 205.78109850709367, 22.692257214361895, 22.692257214361895, 257.472259141347], "layer_Op2_score": [104.36077589252876, 108.24532688210199, 85.26790305285165, 90.56407248869911, 95.5944657063112, 95.1700734857188, 94.32412147314734, 10.40092265835168, 10.40092265835168, 118.01785889668054], "layer_Barinel_score": [0.6408545492654389, 0.6567164492315011, 0.49412356321839074, 0.524814620689655, 0.5539655172413791, 0.5515061839080462, 0.5466039310344825, 0.060276075341235615, 0.060276075341235615, 0.6839080459770115], "time": 9.916656494140625}