{"neuron_counts": [100, 100, 100, 1], "neuron_counts_selected": [100, 100, 100, 1], "layer_tarantula_score": [0.20249999999999999, 0.3721, 0.3481, 0], "layer_ochiai_score": [0.20249662508437263, 0.36768978983016876, 0.3480941984783711, 0], "layer_D_star_score": [18224.99999996153, 31329.095990334834, 31328.99999993389, 0], "layer_Op2_score": [0.6074999999999999, 1.0923, 1.0443000000000002, 0], "layer_Barinel_score": [0.20249999999999999, 0.3721, 0.3481, 0], "time": 0.11414694786071777}