{"neuron_counts": [100, 100, 100, 1], "neuron_counts_selected": [100, 100, 100, 1], "layer_tarantula_score": [1.0, 0.96, 0.86, 0.0], "layer_ochiai_score": [0.9889733121044836, 0.9599840003999889, 0.85998566702499, 0.0], "layer_D_star_score": [84600.23997582385, 86399.99999981765, 77399.99999983664, 0.0], "layer_Op2_score": [2.94, 2.88, 2.58, 0.0], "layer_Barinel_score": [1.0, 0.96, 0.86, 0.0], "time": 0.10761237144470215}