{"neuron_counts": [784, 14, 1], "neuron_counts_selected": [200, 14, 1], "layer_tarantula_score": [0.8556250000000001, 1.0, 1.0], "layer_ochiai_score": [0.15645213570902933, 0.2755240403301446, 0.7356610899779433], "layer_D_star_score": [14.153933824494166, 182.96254894296575, 1831.102313264035], "layer_Op2_score": [116.45604886355152, 386.62012195073225, 1552.3264632887417], "layer_Barinel_score": [0.8556250000000001, 1.0, 1.0], "time": 3.7614805698394775}