{"neuron_counts": [784, 14, 1], "neuron_counts_selected": [500, 14, 1], "layer_tarantula_score": [1.0, 1.0, 1.0], "layer_ochiai_score": [0.43074905239271627, 0.361369574484414, 0.7389674829609613], "layer_D_star_score": [165.92735433783366, 214.58129423611567, 1062.246449285225], "layer_Op2_score": [344.554384, 323.13265306122446, 883.0], "layer_Barinel_score": [1.0, 1.0, 1.0], "time": 7.707711935043335}