{"neuron_counts": [784, 14, 1], "neuron_counts_selected": [500, 14, 1], "layer_tarantula_score": [0.536, 0.9285714285714286, 1.0], "layer_ochiai_score": [0.0800819821063704, 0.3186230790914104, 0.7349748737582141], "layer_D_star_score": [2.0206153573341212, 202.3867878405123, 1820.2758959137018], "layer_Op2_score": [42.764746567939916, 475.2732169611124, 1549.4318293492129], "layer_Barinel_score": [0.536, 0.9285714285714286, 1.0], "time": 7.704727649688721}