{"neuron_counts": [784, 14, 1], "neuron_counts_selected": [500, 14, 1], "layer_tarantula_score": [1.0, 1.0, 1.0], "layer_ochiai_score": [0.5261161878279084, 0.48366481334504785, 0.7373810326075568], "layer_D_star_score": [648.6706923545187, 617.572731148758, 1858.5496700744377], "layer_Op2_score": [878.452180260437, 846.7983392426237, 1559.5934876386418], "layer_Barinel_score": [1.0, 1.0, 1.0], "time": 7.647104263305664}