{"neuron_counts": [240, 24, 24, 1], "neuron_counts_selected": [240, 24, 24, 1], "layer_tarantula_score": [0.25416666666666665, 0.20833333333333334, 0.3541666666666667, 0.5], "layer_ochiai_score": [0.3438957441568109, 0.29461309520788237, 0.5008422618534, 0.7070714284989177], "layer_D_star_score": [375.4332900043742, 0.41662500416625003, 0.7082625070826251, 0.9999000099990001], "layer_Op2_score": [0.2541774994583604, 0.1875114577604453, 0.35418437411462755, 0.5000249987500625], "layer_Barinel_score": [0.25416666666666665, 0.20833333333333334, 0.3541666666666667, 0.5], "time": 0.11809611320495605}