{"neuron_counts": [240, 24, 24, 1], "neuron_counts_selected": [240, 24, 24, 1], "layer_tarantula_score": [0.11154513888888887, 0.08680555555555555, 0.2508680555555555, 0.5], "layer_ochiai_score": [0.15715830269267353, 0.12275545633661765, 0.35476326881282505, 0.7070714284989177], "layer_D_star_score": [14.282755752204302, 0.17359375173593755, 0.5016859425168595, 0.9999000099990001], "layer_Op2_score": [0.11155064555799975, 0.04601332433378325, 0.2508805983311946, 0.5000249987500625], "layer_Barinel_score": [0.11154513888888887, 0.08680555555555555, 0.2508680555555555, 0.5], "time": 2.8210456371307373}