{"neuron_counts": [240, 24, 24, 1], "neuron_counts_selected": [100, 24, 24, 1], "layer_tarantula_score": [0.25205, 0.10503472222222222, 0.2508680555555555, 0.5], "layer_ochiai_score": [0.3564347071063044, 0.14853410216730736, 0.35476326881282505, 0.7070714284989177], "layer_D_star_score": [0.5040495950404957, 0.21004843960048444, 0.5016859425168595, 0.9999000099990001], "layer_Op2_score": [0.25206260186990637, -0.012141667222194532, 0.2508805983311946, 0.5000249987500625], "layer_Barinel_score": [0.25205, 0.10503472222222222, 0.2508680555555555, 0.5], "time": 0.6854753494262695}