{"neuron_counts": [502, 64, 64, 1], "neuron_counts_selected": [200, 64, 64, 1], "layer_tarantula_score": [1.0, 1.0, 1.0, 1.0], "layer_ochiai_score": [0.6515913497718965, 0.9664364951252288, 0.9999997012195629, 0.1093216159168808], "layer_D_star_score": [54.458547880353876, 2535.949143919917, 280049822.8993309, 0.02419154984381834], "layer_Op2_score": [71.23986842749238, 156.32413990488288, 167.34689206227662, 2.0], "layer_Barinel_score": [1.0, 1.0, 1.0, 1.0], "time": 0.36467695236206055}