{"neuron_counts": [502, 64, 64, 1], "neuron_counts_selected": [500, 64, 64, 1], "layer_tarantula_score": [1.0, 1.0, 0.088134765625, 0], "layer_ochiai_score": [0.4683259924224816, 0.48064383082065487, 0.01905485444200643, 0], "layer_D_star_score": [10.831185100629126, 12.070449991308323, 4.955221278846635, 0], "layer_Op2_score": [36.91282275598731, 38.827247030038144, 1.2065678629998473, 0], "layer_Barinel_score": [1.0, 1.0, 0.088134765625, 0], "time": 0.6382558345794678}