{"neuron_counts": [502, 64, 64, 1], "neuron_counts_selected": [502, 64, 64, 1], "layer_tarantula_score": [1.0, 1.0, 1.0, 1.0], "layer_ochiai_score": [0.6764443639142362, 0.9729418176899612, 0.9999997012195629, 0.1093216159168808], "layer_D_star_score": [67.7789048209094, 3468.9770761509426, 280049822.8993309, 0.02419154984381834], "layer_Op2_score": [76.7951204072586, 158.43660644701833, 167.34689206227662, 2.0], "layer_Barinel_score": [1.0, 1.0, 1.0, 1.0], "time": 0.6469886302947998}