{"neuron_counts": [64, 64, 1], "neuron_counts_selected": [64, 64, 1], "layer_tarantula_score": [0.5110886337217939, 0.5110886337217939, 0.49999998150207037], "layer_ochiai_score": [0.4922430397449128, 0.4922430397449128, 0.7002739848431035], "layer_D_star_score": [20.030021043429635, 20.030021043429635, 49.075379103058296], "layer_Op2_score": [24.5711813785993, 24.5711813785993, 50.01852033607345], "layer_Barinel_score": [0.5024705678998361, 0.5024705678998361, 0.4903846153846154], "time": 0.18598723411560059}