{"neuron_counts": [64, 64, 1], "neuron_counts_selected": [64, 64, 1], "layer_tarantula_score": [0.5187914309407309, 0.5187914309407309, 0.49999998150207037], "layer_ochiai_score": [0.4055269281391392, 0.4055269281391392, 0.7002739848431035], "layer_D_star_score": [12.235188515302989, 12.235188515302989, 49.075379103058296], "layer_Op2_score": [16.784144062927663, 16.784144062927663, 50.01852033607345], "layer_Barinel_score": [0.511255402094295, 0.511255402094295, 0.4903846153846154], "time": 0.1852269172668457}