{"neuron_counts": [32, 32, 1], "neuron_counts_selected": [32, 32, 1], "layer_tarantula_score": [1.0, 0.8125, 1.0], "layer_ochiai_score": [0.3425057412598739, 0.5553535744807685, 0.6840957302219243], "layer_D_star_score": [4.263016495996762, 59.19011729762805, 69.41624744537307], "layer_Op2_score": [21.42939449280197, 64.21092319259861, 78.91319797921216], "layer_Barinel_score": [1.0, 0.8125, 1.0], "time": 0.12356185913085938}