{"neuron_counts": [2, 2, 1], "neuron_counts_selected": [2, 2, 1], "layer_tarantula_score": [0.1499960002399856, 0, 0], "layer_ochiai_score": [0.14433035096026234, 0, 0], "layer_D_star_score": [0.12499375031248439, 0, 0], "layer_Op2_score": [0.12500312492187693, 0, 0], "layer_Barinel_score": [0.08333333333333334, 0, 0], "time": 0.06522727012634277}