{"neuron_counts": [2, 2, 1], "neuron_counts_selected": [2, 2, 1], "layer_tarantula_score": [0.4999933651683857, 0.4999933651683857, 0.4999933651683857], "layer_ochiai_score": [0.5651006240918587, 0.5651006240918587, 0.5651006240918587], "layer_D_star_score": [0.9383659365140876, 0.9383659365140876, 0.9383659365140876], "layer_Op2_score": [1.1900344739884106, 1.1900344739884106, 1.1900344739884106], "layer_Barinel_score": [0.3193546822847756, 0.3193546822847756, 0.3193546822847756], "time": 0.06522583961486816}