{"neuron_counts": [73728, 18432, 18432, 18432, 25, 10], "neuron_counts_selected": [200, 200, 200, 200, 25, 10], "layer_tarantula_score": [0.46571209599508323, 0.48979047276664356, 0.4893883803265588, 0.4920621406442344, 0.028799996432097498, 0.020293163060508407], "layer_ochiai_score": [0.4196085360720415, 0.6278790871922529, 0.6270936426769047, 0.6308324423569482, 0.03882500925722941, 0.025996550466977086], "layer_D_star_score": [10.607468206874787, 43.81803132233838, 43.670706576910426, 44.55681696557337, 3.2395841342229916, 1.9614482102389543], "layer_Op2_score": [27.594392909737987, 58.77390534948958, 58.71902539401798, 59.03904695329855, 3.83386558202775, 2.412278646088353], "layer_Barinel_score": [0.42089779863951404, 0.44426715981954534, 0.4438706839876276, 0.4465099056974859, 0.026169853739496117, 0.01846476926469727], "time": 1.1452040672302246}