{"neuron_counts": [73728, 18432, 18432, 18432, 25, 10], "neuron_counts_selected": [100, 100, 100, 100, 25, 10], "layer_tarantula_score": [0.4663267080468591, 0.49158856632547937, 0.4950314621948349, 0.4888945005584219, 0.02879999653152041, 0.02025892219847225], "layer_ochiai_score": [0.42597170217509517, 0.6378644577381117, 0.6452716155135699, 0.6377801401302797, 0.039488528489259496, 0.0267582697284079], "layer_D_star_score": [7.51325956628906, 32.08422980563369, 33.393500937329705, 32.047578175031575, 2.400719998641514, 1.5163200755846404], "layer_Op2_score": [18.933858244336584, 40.364612743680105, 40.99718311373498, 40.55953128642354, 2.6506667713578294, 1.7150000648146952], "layer_Barinel_score": [0.4367911104642096, 0.46165210179790417, 0.46507118246029266, 0.4589669236716254, 0.027071999999999968, 0.019058264797868645], "time": 0.6015217304229736}