{"neuron_counts": [73728, 18432, 18432, 18432, 25, 10], "neuron_counts_selected": [2000, 2000, 2000, 2000, 25, 10], "layer_tarantula_score": [0.5003503483151889, 0.4995330063361902, 0.4995584314505444, 0.499831831809221, 0.11999998513373969, 0.10198910812045221], "layer_ochiai_score": [0.45791400837625945, 0.6428769863442032, 0.6428812200689301, 0.6430282606664648, 0.16177087190512263, 0.1311771353774259], "layer_D_star_score": [13.992027117588238, 47.721563180551264, 47.74224744214908, 47.762649179615636, 13.49826722592912, 10.160945193671944], "layer_Op2_score": [30.753227733794418, 60.62752620713934, 60.62481892267316, 60.61847406133666, 15.974439925115647, 12.353619737132115], "layer_Barinel_score": [0.4552548656316687, 0.4539222763175382, 0.45394889654484755, 0.454217703093429, 0.10904105724790059, 0.09284466573974844], "time": 9.464308023452759}