{"neuron_counts": [73728, 18432, 18432, 18432, 25, 10], "neuron_counts_selected": [1000, 1000, 1000, 1000, 25, 10], "layer_tarantula_score": [0.4655997845524095, 0.49026839127023947, 0.4910185615657427, 0.4898302398630331, 0.028799996432097498, 0.020293163060508407], "layer_ochiai_score": [0.41952169929120753, 0.6283215047317913, 0.6291405446926135, 0.6268698486143053, 0.03882500925722941, 0.025996550466977086], "layer_D_star_score": [10.673483982167035, 43.9565030343144, 44.10984384412359, 43.59776576475996, 3.2395841342229916, 1.9614482102389543], "layer_Op2_score": [27.56942352207661, 58.802831516581044, 58.86736448387842, 58.59702344123095, 3.83386558202775, 2.412278646088353], "layer_Barinel_score": [0.42083654079362387, 0.44473995431083696, 0.4454789195055216, 0.44430735047108205, 0.026169853739496117, 0.01846476926469727], "time": 4.971196889877319}