{"neuron_counts": [73728, 18432, 18432, 18432, 25, 10], "neuron_counts_selected": [200, 200, 200, 200, 25, 10], "layer_tarantula_score": [0.4953859838922349, 0.5009842133129557, 0.5017582504688433, 0.4993483849336922, 0.11999998513373969, 0.10198910812045221], "layer_ochiai_score": [0.44957194155348273, 0.6441963772729256, 0.6443157749852069, 0.6425894037700017, 0.16177087190512263, 0.1311771353774259], "layer_D_star_score": [13.090026564462267, 47.98277458630144, 48.07772530219238, 47.5909129215416, 13.49826722592912, 10.160945193671944], "layer_Op2_score": [29.948598805724924, 60.69107414759647, 60.61323657990362, 60.594709888811906, 15.974439925115647, 12.353619737132115], "layer_Barinel_score": [0.4502529888998141, 0.45536328504796125, 0.45613177012515804, 0.45373396247674846, 0.10904105724790059, 0.09284466573974844], "time": 1.3861198425292969}