{"neuron_counts": [73728, 18432, 18432, 18432, 25, 10], "neuron_counts_selected": [100, 100, 100, 100, 25, 10], "layer_tarantula_score": [0.4941279895751229, 0.500604896588754, 0.5042177333385568, 0.4975114581767526, 0.11999998513373969, 0.10198910812045221], "layer_ochiai_score": [0.4492889551507763, 0.6412467005200682, 0.6483948493570911, 0.6401909257099525, 0.16177087190512263, 0.1311771353774259], "layer_D_star_score": [13.11105565196362, 47.277821687197765, 49.084785911595525, 46.90709433459769, 13.49826722592912, 10.160945193671944], "layer_Op2_score": [29.996277040292433, 60.182325893999696, 61.06637452255401, 60.38308347827272, 15.974439925115647, 12.353619737132115], "layer_Barinel_score": [0.44895393972261943, 0.4549904582364042, 0.45857498881043735, 0.4519109687978716, 0.10904105724790059, 0.09284466573974844], "time": 0.5472104549407959}