{"neuron_counts": [73728, 18432, 18432, 18432, 25, 10], "neuron_counts_selected": [1000, 1000, 1000, 1000, 25, 10], "layer_tarantula_score": [0.49968551444767295, 0.49863712438052993, 0.49917680836024875, 0.4997316672906535, 0.11999998513373969, 0.10198910812045221], "layer_ochiai_score": [0.4556211650277877, 0.641601387547752, 0.6416751416198682, 0.6438210522666585, 0.16177087190512263, 0.1311771353774259], "layer_D_star_score": [13.782513945877989, 47.40237972388229, 47.39977981381392, 47.96883739409253, 13.49826722592912, 10.160945193671944], "layer_Op2_score": [30.487970389130478, 60.5008578736102, 60.447327019326494, 60.7788106690519, 15.974439925115647, 12.353619737132115], "layer_Barinel_score": [0.45461652236250427, 0.4530378106075741, 0.4535693225489137, 0.4541184511640264, 0.10904105724790059, 0.09284466573974844], "time": 4.238473176956177}