{"neuron_counts": [73728, 18432, 18432, 18432, 25, 10], "neuron_counts_selected": [500, 500, 500, 500, 25, 10], "layer_tarantula_score": [0.45108834172765766, 0.47833284758652345, 0.4776097103975491, 0.48041932356021805, 0.028799996432097498, 0.015452665746183225], "layer_ochiai_score": [0.2937059933219139, 0.5214877195366416, 0.5191355537539973, 0.5245535762944411, 0.03882500925722941, 0.004996629591290923], "layer_D_star_score": [2.962234304212109, 22.951898156147873, 22.53252858421257, 23.197583553886982, 3.2395841342229916, 0.010053454607218893], "layer_Op2_score": [13.85954820065443, 41.41582479869249, 41.079845316128456, 41.635953582752585, 3.83386558202775, 0.13323740542144813], "layer_Barinel_score": [0.40722317422505727, 0.43310820513986703, 0.4323900832104125, 0.4351275571451741, 0.026169853739496117, 0.013756984367847534], "time": 2.4877400398254395}