{"neuron_counts": [73728, 18432, 18432, 18432, 25, 10], "neuron_counts_selected": [200, 200, 200, 200, 25, 10], "layer_tarantula_score": [0.5011420210690558, 0.5003311441326699, 0.4986684055337115, 0.49875769254045155, 0.11999998513373969, 0.10198910812045221], "layer_ochiai_score": [0.4577703609590813, 0.6448947652706752, 0.6395182708899658, 0.6415752934682638, 0.16177087190512263, 0.1311771353774259], "layer_D_star_score": [13.96296440650459, 48.258594015843066, 46.95526342016038, 47.3831588843748, 13.49826722592912, 10.160945193671944], "layer_Op2_score": [30.685815094520294, 60.90501070454268, 60.106980446341694, 60.48566374237169, 15.974439925115647, 12.353619737132115], "layer_Barinel_score": [0.45607674244284224, 0.454709876206833, 0.4530773506817402, 0.4531484128401212, 0.10904105724790059, 0.09284466573974844], "time": 0.9618840217590332}