{"neuron_counts": [73728, 18432, 18432, 18432, 25, 10], "neuron_counts_selected": [500, 500, 500, 500, 25, 10], "layer_tarantula_score": [0.4650560202255911, 0.49202853799220936, 0.4902754909616646, 0.49109457999219, 0.02879999653152041, 0.02025892219847225], "layer_ochiai_score": [0.42723728911632775, 0.6412719740965879, 0.639743556727228, 0.6401067610349228, 0.039488528489259496, 0.0267582697284079], "layer_D_star_score": [7.632092991313555, 32.71799311363527, 32.46552572615365, 32.52338015946704, 2.400719998641514, 1.5163200755846404], "layer_Op2_score": [19.08850869916908, 40.78139824010697, 40.72452528631614, 40.693484686220955, 2.6506667713578294, 1.7150000648146952], "layer_Barinel_score": [0.43555896637710656, 0.4620842772086404, 0.46034426755466945, 0.46115801263005063, 0.027071999999999968, 0.019058264797868645], "time": 1.8837802410125732}