{"neuron_counts": [73728, 18432, 18432, 18432, 25, 10], "neuron_counts_selected": [2000, 2000, 2000, 2000, 25, 10], "layer_tarantula_score": [0.4979490581973945, 0.499214319185589, 0.5002983342723293, 0.5003158795580002, 0.11999998513373969, 0.10198910812045221], "layer_ochiai_score": [0.45567198589429014, 0.6422870004758029, 0.6431958510726337, 0.6437888044939512, 0.16177087190512263, 0.1311771353774259], "layer_D_star_score": [13.766696167301456, 47.55285644847239, 47.79562904918593, 47.94463661060246, 13.49826722592912, 10.160945193671944], "layer_Op2_score": [30.61024013415011, 60.55743193097363, 60.589682592935645, 60.69741761333676, 15.974439925115647, 12.353619737132115], "layer_Barinel_score": [0.4528531492422577, 0.45360539180557213, 0.4546826019711198, 0.45469922796251444, 0.10904105724790059, 0.09284466573974844], "time": 9.713854789733887}