{"neuron_counts": [73728, 18432, 18432, 18432, 25, 10], "neuron_counts_selected": [500, 500, 500, 500, 25, 10], "layer_tarantula_score": [0.4974075982432149, 0.49867387514356476, 0.4993326750698342, 0.4989414342135351, 0.11999998513373969, 0.07876289329762878], "layer_ochiai_score": [0.33436924734999207, 0.5502029023473574, 0.5512934172095588, 0.5521814491407008, 0.16177087190512263, 0.0304202728221293], "layer_D_star_score": [4.417753565834227, 27.462975972139283, 27.77222871654586, 27.9260931332409, 13.49826722592912, 0.08995876818581813], "layer_Op2_score": [16.586158686460628, 44.56587910594919, 44.67875738715241, 44.82799090803993, 15.974439925115647, 0.9584135337975906], "layer_Barinel_score": [0.4531477419090971, 0.45324656425909415, 0.45391185220093916, 0.4535523652476582, 0.10904105724790059, 0.07021594389726617], "time": 2.1873161792755127}