{"neuron_counts": [128, 128, 128, 50, 50, 50, 1, 1], "neuron_counts_selected": [128, 128, 128, 50, 50, 50, 1, 1], "layer_tarantula_score": [0.1015625, 0.1015625, 0.1015625, 0.38, 0.38, 0.38, 0.0, 0.5], "layer_ochiai_score": [0.10803453289482667, 0.10803453289482667, 0.10803453289482667, 0.3799998100001425, 0.3799998100001425, 0.3799998100001425, 0.0, 0.7071064276334221], "layer_D_star_score": [8593753.124711592, 8593753.124711592, 8593753.124711592, 37999999.99873853, 37999999.99873853, 37999999.99873853, 0.0, 99.9999000001], "layer_Op2_score": [11.401609224891855, 11.401609224891855, 11.401609224891855, 37.50495098519705, 37.50495098519705, 37.50495098519705, -0.9900980296059112, 99.00990197039408], "layer_Barinel_score": [0.1015625, 0.1015625, 0.1015625, 0.38, 0.38, 0.38, 0.0, 0.5], "time": 1.1144006252288818}