{"neuron_counts": [128, 128, 128, 50, 50, 50, 1, 1], "neuron_counts_selected": [128, 128, 128, 50, 50, 50, 1, 1], "layer_tarantula_score": [0.0007629394531249996, 0.0007629394531249996, 0.0007629394531249996, 0.1444, 0.1444, 0.1444, NaN, 0.5], "layer_ochiai_score": [0.0008514245906638276, 0.0008514245906638276, 0.0008514245906638276, 0.14439992780005415, 0.14439992780005415, 0.14439992780005415, NaN, 0.7071064276334221], "layer_D_star_score": [54931.683347740734, 54931.683347740734, 54931.683347740734, 14439999.999520628, 14439999.999520628, 14439999.999520628, NaN, 99.9999000001], "layer_Op2_score": [-0.4141925238502255, -0.4141925238502255, -0.4141925238502255, 13.717624477599516, 13.717624477599516, 13.717624477599516, -0.9900980296059112, 99.00990197039408], "layer_Barinel_score": [0.0007629394531249996, 0.0007629394531249996, 0.0007629394531249996, 0.1444, 0.1444, 0.1444, NaN, 0.5], "time": 1.2653539180755615}