{"neuron_counts": [3, 32, 32, 1], "neuron_counts_selected": [3, 32, 32, 1], "layer_tarantula_score": [1.0, 1.0, 1.0, 1.0], "layer_ochiai_score": [0.6632063349509142, 0.9997944123016445, 0.9997944123016445, 0.9999998333333749], "layer_D_star_score": [104.21006145345272, 844631638.0891098, 844631638.0891098, 900000000.2259185], "layer_Op2_score": [132.0, 299.876953125, 299.876953125, 300.0], "layer_Barinel_score": [1.0, 1.0, 1.0, 1.0], "time": 0.2290351390838623}