{"neuron_counts": [3, 32, 32, 1], "neuron_counts_selected": [3, 32, 32, 1], "layer_tarantula_score": [1.0, 1.0, 1.0, 1.0], "layer_ochiai_score": [0.5955515001770542, 0.9707170837638102, 0.9707170837638102, 0.9999999055683215], "layer_D_star_score": [103.4480560508507, 175236092.64656144, 175236092.64656144, 2803525216.61342], "layer_Op2_score": [187.83200360864217, 499.0858553783262, 499.0858553783262, 529.4832590280525], "layer_Barinel_score": [1.0, 1.0, 1.0, 1.0], "time": 0.2414383888244629}