{"neuron_counts": [3, 32, 32, 1], "neuron_counts_selected": [3, 32, 32, 1], "layer_tarantula_score": [1.0, 1.0, 1.0, 1.0], "layer_ochiai_score": [0.6604476682413608, 0.999828686749913, 0.999828686749913, 0.9999999055683215], "layer_D_star_score": [179.9448508581652, 2631048503.7985754, 2631048503.7985754, 2803525216.61342], "layer_Op2_score": [231.05728988894202, 529.3021963135011, 529.3021963135011, 529.4832590280525], "layer_Barinel_score": [1.0, 1.0, 1.0, 1.0], "time": 0.23627257347106934}