{"neuron_counts": [12544, 10816, 2704, 5408, 3872, 800, 1600, 576, 64, 64, 50, 50, 10, 10, 10], "neuron_counts_selected": [500, 500, 500, 500, 500, 500, 500, 500, 64, 64, 50, 50, 10, 10, 10], "layer_tarantula_score": [0.060324890308314734, 0.17320241569445108, 0.251103015089142, 0.26864089702214594, 0.28050628019223445, 0.40264236047142854, 0.3950453620953608, 0.26553917635312746, 0.35363184932688985, 0.35363184932688985, 0.3871240246557637, 0.3871240246557637, 0.4743572089621294, 0.4743572089621294, 0.38513054643166933], "layer_ochiai_score": [0.001960677243124239, 0.006156573928260706, 0.011003732618862415, 0.01278928333295547, 0.012276417878440441, 0.024545510209157687, 0.0248959219330236, 0.013910549546866754, 0.029684643569974672, 0.029684643569974672, 0.032405736092312204, 0.032405736092312204, 0.027817335400054405, 0.027817335400054405, 0.02055568860892848], "layer_D_star_score": [0.004870315834838848, 0.013316814449920559, 0.03752265508022548, 0.050727996237971994, 0.04454506082285547, 0.1351194739074042, 0.14052992282988652, 0.06518014091698775, 0.22267943709555005, 0.22267943709555005, 0.18090941477250644, 0.18090941477250644, 0.13534474351428996, 0.13534474351428996, 0.0853054143479999], "layer_Op2_score": [0.5883820284463854, 1.8170267446062485, 5.131346153503764, 6.641002293143377, 5.715661502210526, 17.716500500875394, 18.05966059033913, 8.008289201667226, 24.428186275081025, 24.428186275081025, 32.13729349901685, 32.13729349901685, 15.240891792898228, 15.240891792898228, 11.236451980921043], "layer_Barinel_score": [0.0018413043649436395, 0.008493511055349174, 0.008862573099817637, 0.007333002778512123, 0.007979687299128263, 0.009462565929192144, 0.007061134133267962, 0.00621329853138258, 0.006117917289422637, 0.006117917289422637, 0.005108049881681229, 0.005108049881681229, 0.007686458490543779, 0.007686458490543779, 0.005679064104346099], "time": 449.5028007030487}