{"neuron_counts": [12544, 10816, 2704, 5408, 3872, 800, 1600, 576, 64, 64, 50, 50, 10, 10, 10], "neuron_counts_selected": [500, 500, 500, 500, 500, 500, 500, 500, 64, 64, 50, 50, 10, 10, 10], "layer_tarantula_score": [0.049357290381649786, 0.1395836616359291, 0.21455855969443752, 0.18968430086476476, 0.18040303249722017, 0.3153955545602503, 0.3206200188940477, 0.12947739640109385, 0.22606668901029556, 0.22606668901029556, 0.3619988566445849, 0.3619988566445849, 0.47028977054395854, 0.47028977054395854, 0.4142487776239], "layer_ochiai_score": [0.0018754164331553796, 0.0052112891349231595, 0.010458405191897299, 0.009703321504562766, 0.00789285150003892, 0.020209952561546313, 0.020439202718528164, 0.0063849341936181815, 0.019229641248266087, 0.019229641248266087, 0.031210890954715964, 0.031210890954715964, 0.0290458813446397, 0.0290458813446397, 0.0236010962783414], "layer_D_star_score": [0.0021837100128410205, 0.006556906516894396, 0.02069308339611638, 0.021820126961528203, 0.013720049465800698, 0.06160409352975481, 0.06293148830177805, 0.013603256471964443, 0.08479392133950106, 0.08479392133950106, 0.10347044916000937, 0.10347044916000937, 0.08478282975264272, 0.08478282975264272, 0.059045034385484585], "layer_Op2_score": [0.29917080550640607, 0.8530331171436152, 2.400176740937378, 2.560204607296227, 1.57214217849908, 6.679918135452743, 6.896336167605608, 1.5544030980531915, 7.737242722680044, 7.737242722680044, 16.171710613587976, 16.171710613587976, 8.899367996977606, 8.899367996977606, 7.189679960629179], "layer_Barinel_score": [0.000989555480753548, 0.002701621067286811, 0.004067001760323291, 0.0033905584488078235, 0.003479722781255849, 0.005800326321730233, 0.005709431897842802, 0.0023787104605628565, 0.0043906847939941965, 0.0043906847939941965, 0.005635641801984435, 0.005635641801984435, 0.00900802837797201, 0.00900802837797201, 0.007342124563037901], "time": 397.56059646606445}