{"neuron_counts": [12544, 10816, 2704, 5408, 3872, 800, 1600, 576, 64, 64, 50, 50, 10, 10, 10], "neuron_counts_selected": [500, 500, 500, 500, 500, 500, 500, 500, 64, 64, 50, 50, 10, 10, 10], "layer_tarantula_score": [0.0006115612183475032, 0.018249890932003854, 0.03373342653379564, 0.0863901997698278, 0.10696599843002416, 0.22080585514902865, 0.24133801172985955, 0.10093168186505391, 0.19529377967713854, 0.19529377967713854, 0.29385571287145545, 0.29385571287145545, 0.3383870842553243, 0.3383870842553243, 0.2060281349885648], "layer_ochiai_score": [1.6420532791118375e-05, 0.0005366130614648287, 0.0010483303170030968, 0.0028885147399455996, 0.003932330319413129, 0.010942810636967908, 0.011081287684774885, 0.004191369389412001, 0.014047169259670412, 0.014047169259670412, 0.020717215200143316, 0.020717215200143316, 0.015939294793198184, 0.015939294793198184, 0.008569346685476757], "layer_D_star_score": [1.400433983768585e-05, 0.0007253101908789689, 0.001611224750412932, 0.005483767835845439, 0.009159384119151202, 0.038352730654851314, 0.03699595544861316, 0.011012614461407264, 0.07939873700901978, 0.07939873700901978, 0.07692855799251984, 0.07692855799251984, 0.05012209784368722, 0.05012209784368722, 0.0190454695364817], "layer_Op2_score": [0.0017061541678167896, 0.10754708631885761, 0.24435602132063428, 0.8096486965838298, 1.3188098685689298, 5.0724733676239655, 5.34829005510698, 1.6124546338791999, 9.47134223857567, 9.47134223857567, 19.089146262033218, 19.089146262033218, 8.646874084205763, 8.646874084205763, 4.601387919192904], "layer_Barinel_score": [2.720560318286738e-05, 0.00035363723401714655, 0.0006492606313563659, 0.0013936798012073022, 0.0016145255712615514, 0.0033481899501111275, 0.0033853116098004126, 0.0015281012010124894, 0.002932804910082576, 0.002932804910082576, 0.00335176321732918, 0.00335176321732918, 0.0044284260775490055, 0.0044284260775490055, 0.0023810658886320763], "time": 430.73835825920105}