{"neuron_counts": [12544, 10816, 2704, 5408, 3872, 800, 1600, 576, 64, 64, 50, 50, 10, 10, 10], "neuron_counts_selected": [1000, 1000, 1000, 1000, 1000, 800, 1000, 576, 64, 64, 50, 50, 10, 10, 10], "layer_tarantula_score": [0.1543071127725298, 0.24204410751064223, 0.3234794881416214, 0.30386699899723174, 0.23520903027378937, 0.3565395033676859, 0.35834888029656653, 0.13857097260060525, 0.23714578603877898, 0.23714578603877898, 0.4079224177180242, 0.4079224177180242, 0.4818922443870039, 0.4818922443870039, 0.5693462937866668], "layer_ochiai_score": [0.006991621705643999, 0.010233375386003392, 0.01696340469356842, 0.017644634028534917, 0.010624560991076995, 0.022600635232580487, 0.02267913201015144, 0.006760543720238306, 0.018906723052322487, 0.018906723052322487, 0.0345031690481148, 0.0345031690481148, 0.027486605341815972, 0.027486605341815972, 0.0386494724162467], "layer_D_star_score": [0.020628897555020974, 0.029646535708277424, 0.06618492734239531, 0.07951566873754161, 0.034688500943614184, 0.11569787519292603, 0.11508198515046676, 0.023979346253614756, 0.12560245268743783, 0.12560245268743783, 0.19809470995953035, 0.19809470995953035, 0.1267107405784186, 0.1267107405784186, 0.23813120925091522], "layer_Op2_score": [2.8753170078182033, 4.055029150514981, 8.648969148142928, 10.479289289678292, 4.696522344854032, 15.164364965327296, 14.763650997547089, 3.2346323022572876, 14.014244180505965, 14.014244180505965, 32.14336559171409, 32.14336559171409, 15.02934778147693, 15.02934778147693, 21.298925051342096], "layer_Barinel_score": [0.002431349546876612, 0.0036584208161987426, 0.004948581026832973, 0.004525311815277912, 0.003511830823665435, 0.005241326508458025, 0.005227338193582774, 0.0020410259899283976, 0.0037300542426103897, 0.0037300542426103897, 0.005480437780333058, 0.005480437780333058, 0.0076137991928144685, 0.0076137991928144685, 0.010642333509212292], "time": 754.3609356880188}