{"neuron_counts": [12544, 10816, 2704, 5408, 3872, 800, 1600, 576, 64, 64, 50, 50, 10, 10, 10], "neuron_counts_selected": [500, 500, 500, 500, 500, 500, 500, 500, 64, 64, 50, 50, 10, 10, 10], "layer_tarantula_score": [0.29713899149773515, 0.38588557423853465, 0.45189380449720634, 0.4221081351948378, 0.37485389455134505, 0.46081282120103867, 0.447157833680296, 0.2940862337012602, 0.37249321816605163, 0.37249321816605163, 0.4515353757810582, 0.4515353757810582, 0.5405167626915028, 0.5405167626915028, 0.6167836616807005], "layer_ochiai_score": [0.0165776334676679, 0.019518559109455554, 0.02858122558184001, 0.02975266415792651, 0.021322190067777236, 0.03690459645853347, 0.03433523524804487, 0.016580987575728998, 0.034036935026829127, 0.034036935026829127, 0.042155024061982245, 0.042155024061982245, 0.03603302687768402, 0.03603302687768402, 0.04846254749874537], "layer_D_star_score": [0.08028065060492896, 0.08453620790497848, 0.16112191733702663, 0.1969852403444201, 0.1124808365128494, 0.27071179589517763, 0.23562816862083388, 0.08386579025551096, 0.28124858672032693, 0.28124858672032693, 0.2956958805655233, 0.2956958805655233, 0.22288163090763558, 0.22288163090763558, 0.38889820161783517], "layer_Op2_score": [10.516504740961299, 10.79501324497562, 20.49772522216734, 25.0089392511498, 14.1483796160939, 33.36917726483268, 29.4555626989063, 9.975752272441229, 29.60848353993464, 29.60848353993464, 42.13577653887292, 42.13577653887292, 19.83649424609979, 19.83649424609979, 26.882711542281918], "layer_Barinel_score": [0.011858856598957114, 0.012308633813303615, 0.011398861228451834, 0.0076764504082914835, 0.006737895777405695, 0.008314354573257236, 0.0075115677203005105, 0.00677965252737154, 0.006474997565593452, 0.006474997565593452, 0.006604182789793682, 0.006604182789793682, 0.009924218827988907, 0.009924218827988907, 0.013264419748775614], "time": 412.0215120315552}