{"neuron_counts": [262016, 130944, 65408, 32640, 32640, 16256, 8064, 3968, 3968, 1920, 896, 384, 384, 128, 128, 39], "neuron_counts_selected": [1000, 1000, 1000, 1000, 1000, 1000, 1000, 1000, 1000, 1000, 896, 384, 384, 128, 128, 39], "layer_tarantula_score": [0.221085658255381, 0.2158156883907151, 0.009326332110057144, 0.017142800774917324, 0.010557029240699513, 0.015187451404294157, 0.3547158410449883, 0.3547399176186224, 0.3608265284610236, 0.38087300238262767, 0.19258534654910422, 0.20383707435636372, 0.20383707435636372, 0.23864854573142122, 0.23864854573142122, 0.016174513428584614], "layer_ochiai_score": [0.30088024207294845, 0.3011672463045878, 0.0015180662832937266, 0.0031456552411145396, 0.001842368291333259, 0.002989302168381911, 0.1331247786701397, 0.13174249526603496, 0.15194326790377463, 0.16990026499277058, 0.09421720843738356, 0.12879068930508802, 0.12879068930508802, 0.2114678521846532, 0.2114678521846532, 0.002726105304720527], "layer_D_star_score": [3095.9392969495993, 3186.188220297072, 0.6830280738894788, 1.075940753052612, 0.845670237768413, 1.3519444667813132, 140.0325397053968, 144.23471535003247, 211.8601714102874, 225.09700807148747, 228.02973784599038, 363.07633365186945, 363.07633365186945, 656.3839689240067, 656.3839689240067, 0.009228919748102733], "layer_Op2_score": [519.780249235442, 526.7117347603454, 0.6247216212575505, 1.2497832620379863, 0.7827737658274259, 1.4682162855137793, 103.98416503165139, 97.42958337398429, 128.16866366549255, 145.0481784551172, 93.51927183834223, 140.97275790250282, 140.97275790250282, 271.32546335903646, 271.32546335903646, 0.5616858773205747], "layer_Barinel_score": [0.3933448301422248, 0.3887706399317717, 0.01668339213062957, 0.031151180165924577, 0.018783394200829126, 0.026817949185344865, 0.6600555866678771, 0.6683053134970671, 0.673433555364451, 0.7132615491132457, 0.3672150705624598, 0.4003958272132584, 0.4003958272132584, 0.4690196264885452, 0.4690196264885452, 0.03696460447775373], "time": 194.84220719337463}