{"neuron_counts": [262016, 130944, 65408, 32640, 32640, 16256, 8064, 3968, 3968, 1920, 896, 384, 384, 128, 128, 39], "neuron_counts_selected": [1000, 1000, 1000, 1000, 1000, 1000, 1000, 1000, 1000, 1000, 896, 384, 384, 128, 128, 39], "layer_tarantula_score": [0.336968706680125, 0.35369780780018883, 0.07649510778280463, 0.0868194209413621, 0.10372932889156988, 0.08723331756022362, 0.4794325646732449, 0.4891411109643586, 0.49939749687821244, 0.4830448004972708, 0.35614951467396844, 0.3497030851527308, 0.3497030851527308, 0.36859279981567034, 0.36859279981567034, 0.11080283521187069], "layer_ochiai_score": [0.5168051143281046, 0.5565521708402194, 0.024409296528350794, 0.03118560489750977, 0.03270111788970472, 0.032622756029250695, 0.288983530164133, 0.32306679882258726, 0.3121169906073924, 0.3483386887536694, 0.2688029941246506, 0.32195103885634035, 0.32195103885634035, 0.42457221588436966, 0.42457221588436966, 0.019186748050329994], "layer_D_star_score": [6441.936022646579, 6901.497322078641, 72.61885489455162, 106.14711892559524, 144.56478058829637, 111.70940687176154, 1145.4360915930433, 1344.0459042049865, 1370.824426508543, 1674.5629647240787, 1649.9224406878486, 2138.5866048709563, 2138.5866048709563, 2869.1388201114387, 2869.1388201114387, 0.15068911238294425], "layer_Op2_score": [1039.983173754227, 1126.7751596379676, 27.09771488727644, 35.55305784935461, 40.76938816751434, 37.29644439385081, 404.2549536801338, 460.47716636186766, 439.3975060091667, 512.502799790957, 422.70290885548974, 524.4458999150914, 524.4458999150914, 733.8075338762849, 733.8075338762849, 6.2870960837157135], "layer_Barinel_score": [0.5756345607270353, 0.6038170783004921, 0.11039335828389932, 0.12411327288991464, 0.14568540030514734, 0.13144902679969833, 0.7564183480429516, 0.775746558299364, 0.787807024234922, 0.7885258729097593, 0.5737952936628385, 0.5931155872491537, 0.5931155872491537, 0.6396394272715964, 0.6396394272715964, 0.17690290827936686], "time": 207.5943567752838}