{"neuron_counts": [262016, 130944, 65408, 32640, 32640, 16256, 8064, 3968, 3968, 1920, 896, 384, 384, 128, 128, 39], "neuron_counts_selected": [200, 200, 200, 200, 200, 200, 200, 200, 200, 200, 200, 200, 200, 128, 128, 39], "layer_tarantula_score": [0.1910261407831274, 0.21852949728304366, 0.004371288271686544, 0.012686698627508245, 0.006198625288523907, 0.012707010902641527, 0.35328313402562955, 0.3891769447377609, 0.3594140709248547, 0.3682290400412169, 0.19832667410902202, 0.1903013749808456, 0.20653204781482576, 0.23864854573142122, 0.23864854573142122, 0.016174513428584614], "layer_ochiai_score": [0.2529343103008685, 0.302936393072494, 0.0004616095691251887, 0.0023264539384991742, 0.0010465297828929174, 0.0024697784489067665, 0.13456622985077174, 0.1330441736301499, 0.15627669180189846, 0.19383591327959127, 0.10689393604530206, 0.1248695237808268, 0.12393257969154792, 0.2114678521846532, 0.2114678521846532, 0.002726105304720527], "layer_D_star_score": [2380.8953989619768, 3257.4351673905385, 0.007040650513796549, 0.7397386214095735, 0.02338219477399546, 0.11087530168838816, 159.10134951093227, 130.76241075671857, 178.68297219519266, 299.61402778924736, 316.8130615190303, 360.79623662454577, 304.26433544757685, 656.3839689240067, 656.3839689240067, 0.009228919748102733], "layer_Op2_score": [421.7545219675205, 530.3929605657576, 0.09227470705089708, 1.1877514651165124, 0.27483447276977097, 0.8733077150653261, 104.30979016025793, 93.3642802940114, 129.23492307668047, 177.0030035566003, 121.29470549625779, 137.87953401680318, 127.93802366374062, 271.32546335903646, 271.32546335903646, 0.5616858773205747], "layer_Barinel_score": [0.3420247750715998, 0.38978925933531355, 0.006850572582322852, 0.023292065020649597, 0.012025010093045605, 0.02261991580405227, 0.6633155206938665, 0.715109500607733, 0.6757585050193546, 0.698142889329438, 0.37045781659434895, 0.37640108792485655, 0.4096872792611103, 0.4690196264885452, 0.4690196264885452, 0.03696460447775373], "time": 48.27103924751282}