{"neuron_counts": [262016, 130944, 65408, 32640, 32640, 16256, 8064, 3968, 3968, 1920, 896, 384, 384, 128, 128, 39], "neuron_counts_selected": [500, 500, 500, 500, 500, 500, 500, 500, 500, 500, 500, 384, 384, 128, 128, 39], "layer_tarantula_score": [0.17942231467473335, 0.2170582020289116, 0.005669694159319724, 0.008028703828583839, 0.008862862589165698, 0.009740300305240906, 0.07028260807644322, 0.10109135879771439, 0.0902865408822434, 0.11033552573071381, 0.06798466919471581, 0.06890784766283357, 0.06890784766283357, 0.08596579000603793, 0.08596579000603793, 0], "layer_ochiai_score": [0.22148433926488909, 0.283845664839655, 0.0005665693851274959, 0.0012694974885558291, 0.0011179284600584586, 0.0022154304471150767, 0.005722426926960304, 0.009424085996131863, 0.007479408904230881, 0.011471492496844983, 0.010874165206323639, 0.017257266007226834, 0.017257266007226834, 0.04214028832862312, 0.04214028832862312, 0], "layer_D_star_score": [2591.772757747463, 3354.214406804948, 0.13600535982787662, 1.3053115055870992, 0.5289830299895873, 0.9691872434460062, 0.018014970703220952, 0.025908303343157194, 0.02767963109852923, 0.11346980514515899, 0.18792846771834812, 0.9853072399410432, 0.9853072399410432, 6.382206153491618, 6.382206153491618, 0], "layer_Op2_score": [425.82386243371735, 548.5255381273251, 0.16274496515855513, 0.6804489065293325, 0.4072011497808889, 1.373401603314293, 0.7664459357341674, 1.4424726934200789, 1.0776253402365283, 2.0760168622562545, 2.6163584417873667, 6.728767681931637, 6.728767681931637, 29.215612409436837, 29.215612409436837, 0], "layer_Barinel_score": [0.3217228443564396, 0.3876841584245438, 0.00854292095576828, 0.013905075451721602, 0.014521492519730339, 0.01719618722980986, 0.1070042908692919, 0.15887511417578076, 0.13503588548092077, 0.1781985515995185, 0.12686715859965067, 0.14362096468481572, 0.14362096468481572, 0.18573766888014173, 0.18573766888014173, 0], "time": 108.61811923980713}