{"neuron_counts": [262016, 130944, 65408, 32640, 32640, 16256, 8064, 3968, 3968, 1920, 896, 384, 384, 128, 128, 39], "neuron_counts_selected": [500, 500, 500, 500, 500, 500, 500, 500, 500, 500, 500, 384, 384, 128, 128, 39], "layer_tarantula_score": [0.18991064643637848, 0.20107951847296537, 0.005532850207638486, 0.004734737128562419, 0.0050579531040377415, 0.00920160270851485, 0.08381015164789246, 0.08221796282441123, 0.08860621244114567, 0.11182805345198736, 0.06852559483438098, 0.06890784766283357, 0.06890784766283357, 0.08596579000603793, 0.08596579000603793, 0], "layer_ochiai_score": [0.24165113175280342, 0.2680466922744274, 0.000822331694274474, 0.000905516722645148, 0.0008044760861251263, 0.0022038832347316445, 0.007008843106604723, 0.007354690405823009, 0.00857219513683668, 0.012871849399128277, 0.01165031444207693, 0.017257266007226834, 0.017257266007226834, 0.04214028832862312, 0.04214028832862312, 0], "layer_D_star_score": [2823.555000891243, 3251.0657860979995, 0.5334063459501426, 0.7220626333370066, 0.4561558531280291, 1.2671076204280245, 0.017488334058866094, 0.026226985982231842, 0.04496838305056973, 0.12779041287040444, 0.6607805129643174, 0.9853072399410432, 0.9853072399410432, 6.382206153491618, 6.382206153491618, 0], "layer_Op2_score": [464.0271159704762, 525.5537200331183, 0.39683804624879765, 0.5439625619402463, 0.46789897488682625, 1.2203753067290115, 0.97406438733512, 1.0685399600667544, 1.4235550254721412, 2.646573480471009, 3.854003705983004, 6.728767681931637, 6.728767681931637, 29.215612409436837, 29.215612409436837, 0], "layer_Barinel_score": [0.33961697496094256, 0.36239680213407377, 0.009295415684402333, 0.008169457851730347, 0.00832960434964152, 0.017324656987685882, 0.12722039087395984, 0.1288810921790067, 0.14132404240662255, 0.18018021029933115, 0.12996264898596624, 0.14362096468481572, 0.14362096468481572, 0.18573766888014173, 0.18573766888014173, 0], "time": 109.1033923625946}