{"neuron_counts": [262016, 130944, 65408, 32640, 32640, 16256, 8064, 3968, 3968, 1920, 896, 384, 384, 128, 128, 39], "neuron_counts_selected": [2000, 2000, 2000, 2000, 2000, 2000, 2000, 2000, 2000, 1920, 896, 384, 384, 128, 128, 39], "layer_tarantula_score": [0.3394318176767764, 0.3437265686195227, 0.08229411251183989, 0.1001094676589865, 0.10118268112799231, 0.11762541751263002, 0.48620672272891075, 0.4795375048032764, 0.4898145376344432, 0.48758914415466403, 0.35614951467396844, 0.3497030851527308, 0.3497030851527308, 0.36859279981567034, 0.36859279981567034, 0.11080283521187069], "layer_ochiai_score": [0.5233307389652367, 0.5281477614931439, 0.021418092214422816, 0.03181987583541117, 0.031229021018865075, 0.04300246452748322, 0.296970500209668, 0.30711532122734964, 0.31608091055728865, 0.3476871706875662, 0.2688029941246506, 0.32195103885634035, 0.32195103885634035, 0.42457221588436966, 0.42457221588436966, 0.019186748050329994], "layer_D_star_score": [6545.469021548588, 6538.180645126293, 41.758721307456675, 100.64694434966603, 120.25132263529743, 154.3376257475646, 1240.8225595104768, 1206.1616107574207, 1340.6979092874215, 1609.739996765685, 1649.9224406878486, 2138.5866048709563, 2138.5866048709563, 2869.1388201114387, 2869.1388201114387, 0.15068911238294425], "layer_Op2_score": [1059.331424134896, 1067.9300043377384, 21.34124535139774, 34.793246771707096, 34.87675436836525, 49.794018823914094, 418.66480965264753, 426.2134295503611, 446.3601312054797, 508.4023881323821, 422.70290885548974, 524.4458999150914, 524.4458999150914, 733.8075338762849, 733.8075338762849, 6.2870960837157135], "layer_Barinel_score": [0.5767101339126978, 0.5813294634065347, 0.11468177397807879, 0.14313580272807014, 0.1422738804185829, 0.16978720731342511, 0.7593725131410132, 0.7695147222520491, 0.7807298988830842, 0.789867558068314, 0.5737952936628385, 0.5931155872491537, 0.5931155872491537, 0.6396394272715964, 0.6396394272715964, 0.17690290827936686], "time": 374.80702924728394}