{"neuron_counts": [262016, 130944, 65408, 32640, 32640, 16256, 8064, 3968, 3968, 1920, 896, 384, 384, 128, 128, 39], "neuron_counts_selected": [500, 500, 500, 500, 500, 500, 500, 500, 500, 500, 500, 384, 384, 128, 128, 39], "layer_tarantula_score": [0.2001032883647113, 0.2037658176141875, 0.005656636333376852, 0.00587679828738547, 0.005878449192943412, 0.010495107148930104, 0.14555654511207755, 0.1437714714930697, 0.14023787807323732, 0.18095305002663536, 0.08479528305606586, 0.08765883722887713, 0.08765883722887713, 0.11344431305371384, 0.11344431305371384, 0], "layer_ochiai_score": [0.25425042494117095, 0.2788020736356904, 0.0009397841589737953, 0.001052354342199292, 0.0009495471045962332, 0.0025655342387500566, 0.01758201202785043, 0.01699919321270133, 0.01836404567728543, 0.025792732751831467, 0.022503047352184075, 0.03138974805622961, 0.03138974805622961, 0.07158060890218144, 0.07158060890218144, 0], "layer_D_star_score": [2893.934688168517, 3322.328604923577, 0.7807303052803315, 0.9937199482905723, 0.7133515736751269, 1.888070899903361, 0.6717060313952635, 0.3976312564069719, 0.6813519641848798, 2.030997869020982, 7.14997781180627, 9.24512088102898, 9.24512088102898, 36.01280902747504, 36.01280902747504, 0], "layer_Op2_score": [483.34556932053437, 543.1708292560095, 0.485206035710878, 0.6537702266355835, 0.5752122388727963, 1.5001855039729537, 4.490468363997274, 3.6305748753279654, 4.760378625382513, 7.391150541759328, 12.531809037494725, 19.91448176106072, 19.91448176106072, 67.3771803172111, 67.3771803172111, 0], "layer_Barinel_score": [0.35620202223765873, 0.3686564967339717, 0.009820680903143322, 0.00991589731504067, 0.009832725577665954, 0.01986097582472563, 0.23910789457502926, 0.2383426326124878, 0.235180833549565, 0.3072643820145019, 0.1665734735642877, 0.1795272614815494, 0.1795272614815494, 0.234784295785427, 0.234784295785427, 0], "time": 112.28905987739563}