{"neuron_counts": [262016, 130944, 65408, 32640, 32640, 16256, 8064, 3968, 3968, 1920, 896, 384, 384, 128, 128, 39], "neuron_counts_selected": [100, 100, 100, 100, 100, 100, 100, 100, 100, 100, 100, 100, 100, 100, 100, 39], "layer_tarantula_score": [0.1642031224043458, 0.2172264090408258, 0.006020077641025671, 0.009126174190662672, 0.009299341479548461, 0.009504813551004436, 0.3047034761984641, 0.36674517378745286, 0.34166724923664143, 0.3753618989035945, 0.14633291703439544, 0.12342758791601606, 0.27635333126468736, 0.2350376058269716, 0.2215189191828167, 0.015978045831234612], "layer_ochiai_score": [0.20922384684930895, 0.31344502178952904, 0.001317042975676509, 0.002713819336664972, 0.0009181552917489243, 0.001409098409129194, 0.13485414158041292, 0.16783809393023416, 0.16361702880016113, 0.1846889849998822, 0.08500710920005602, 0.08827921061750259, 0.19936304019866422, 0.20258882073016926, 0.18869210071790435, 0.0030510725503178526], "layer_D_star_score": [1900.104673732025, 3184.127671755969, 1.979848758657933, 4.399827059457817, 0.007007898041426222, 0.1883135482080624, 240.77318468106904, 309.78457039743444, 218.76720128794383, 272.0766022331496, 218.53444047087612, 189.6164628758568, 626.7524633453557, 565.853844027241, 682.496618094052, 0.016841768563275593], "layer_Op2_score": [375.1502286775348, 596.9290753489165, 0.9178614997893065, 2.5644790267289608, 0.18169879558693672, 0.40957481445714583, 136.30412531450128, 159.86987504205044, 150.83256004752687, 178.00581737717462, 97.46395345750808, 102.26934577365384, 257.4126099454518, 284.3179799933569, 262.6055180796103, 0.8000659244487408], "layer_Barinel_score": [0.2944944092378043, 0.3845604385917243, 0.011308592083752803, 0.014562102484002066, 0.015277990197060652, 0.01574359041487753, 0.5767735009824091, 0.7151376332900617, 0.6404037782066939, 0.6862089255086299, 0.28345991060386255, 0.24672292177773808, 0.5211072654003823, 0.44279200763322746, 0.42624344118523533, 0.036188232667578805], "time": 28.57011842727661}