{"neuron_counts": [262016, 130944, 65408, 32640, 32640, 16256, 8064, 3968, 3968, 1920, 896, 384, 384, 128, 128, 39], "neuron_counts_selected": [100, 100, 100, 100, 100, 100, 100, 100, 100, 100, 100, 100, 100, 100, 100, 39], "layer_tarantula_score": [0.2418842268226138, 0.19695931363831118, 0.009932644319825792, 0.016400851913881725, 0.018823758793063642, 0.007122904806515955, 0.3201170166206503, 0.3473967447001084, 0.3881866132832093, 0.343744738129875, 0.18914493523022202, 0.22027218363452758, 0.23540560045825065, 0.21945391915522697, 0.19938747944773397, 0.016174513428584614], "layer_ochiai_score": [0.38212717685289294, 0.25881203786310386, 0.0010256645623048465, 0.0032801575540163923, 0.00327237505586914, 0.002181748666103863, 0.16225558658996375, 0.13689462826622295, 0.16692313344791562, 0.2022372120228095, 0.07754693420046431, 0.11067698301035814, 0.13093488288290367, 0.18955822433438077, 0.17111613907890807, 0.002726105304720527], "layer_D_star_score": [4030.165680988603, 2467.6648800276193, 0.031158393503079727, 0.4777380119385539, 0.3706738960783356, 0.6707276862996432, 261.7368539178765, 143.34494089996272, 247.6506361072711, 550.3608959450032, 199.91635891080034, 166.5688558925239, 505.5861266753479, 444.92213454089733, 439.39006196929654, 0.009228919748102733], "layer_Op2_score": [674.8878735863775, 431.6768821257101, 0.23666679692702175, 1.4463093753478788, 1.3910125003857434, 1.4778238285062968, 154.7756183943678, 111.82238244692097, 148.06390667308347, 220.43299692511818, 77.45257501797867, 107.58287268266677, 155.63263948900823, 230.00375786728193, 217.47453169194048, 0.5616858773205747], "layer_Barinel_score": [0.4268009629127582, 0.35679614337011784, 0.014804213923897016, 0.030147038046593626, 0.032551580070136844, 0.013575067481656837, 0.6117312912021234, 0.6286707814405049, 0.6857522066043388, 0.6442134335272777, 0.35307996807928177, 0.4226718229780345, 0.44678654162622217, 0.4279354494239179, 0.3895634254981328, 0.03696460447775373], "time": 26.76581072807312}