{"neuron_counts": [1577088, 3097600, 774400, 774400, 774400, 128, 128, 2], "neuron_counts_selected": [2000, 2000, 2000, 2000, 2000, 128, 128, 2], "layer_tarantula_score": [0.38770046328599206, 0.27915368369590104, 0.4307683633190545, 0.43203741463924666, 0.4333973647880421, 0.0024719341275931113, 0.0024719341275931113, 0.5000020832899315], "layer_ochiai_score": [0.37939265727495197, 0.22615589642080536, 0.5375068787255879, 0.5352512224620911, 0.5361509074254122, 0.003829456015768005, 0.003829456015768005, 0.7745902143499258], "layer_D_star_score": [0.9273135284355867, 0.32667722263497445, 3.1328773965853474, 3.117412895045115, 3.123697450767941, 0.04449351656833566, 0.04449351656833566, 8.99977500562486], "layer_Op2_score": [1.4393909878052429, 0.675046987140256, 2.726416162646746, 2.696247086298274, 2.6967552195356097, 0.02570808691248046, 0.02570808691248046, 5.200015999680007], "layer_Barinel_score": [0.4725015961309523, 0.3306963589285717, 0.5257074764880952, 0.5264742735119049, 0.528384128472222, 0.0029663085937500656, 0.0029663085937500656, 0.6], "time": 3.2374472618103027}