{"neuron_counts": [1577088, 3097600, 774400, 774400, 774400, 128, 128, 2], "neuron_counts_selected": [200, 200, 200, 200, 200, 128, 128, 2], "layer_tarantula_score": [0.41502029090727915, 0.3105647344912219, 0.4252055553793275, 0.42551659273019443, 0.4325419315649551, 0.0024719335642812267, 0.0024719335642812267, 0.5000019693479468], "layer_ochiai_score": [0.41532023461906975, 0.2583439865678655, 0.5520454569910722, 0.5571984856732065, 0.5653440361053063, 0.003972336386836938, 0.003972336386836938, 0.8034908563201961], "layer_D_star_score": [1.6978979244139334, 0.7163892489146731, 5.631990542243694, 5.37241678824964, 5.759881434411527, 0.09394193722449146, 0.09394193722449146, 19.00178641340852], "layer_Op2_score": [2.906207852519257, 1.4839798643237891, 5.028433002037509, 5.064051482301583, 5.172970259710454, 0.0473604291986415, 0.0473604291986415, 9.579670024574778], "layer_Barinel_score": [0.540891186550832, 0.3926956261668649, 0.564150753476525, 0.5648041562892905, 0.5721891087314863, 0.003191766563672774, 0.003191766563672774, 0.645603745422398], "time": 0.7223646640777588}