{"neuron_counts": [1577088, 3097600, 774400, 774400, 774400, 128, 128, 2], "neuron_counts_selected": [2000, 2000, 2000, 2000, 2000, 128, 128, 2], "layer_tarantula_score": [0.515998577648446, 0.49501341956271, 0.5132878063663472, 0.5128881972880732, 0.5097797677096041, 0.035156388469777505, 0.035156388469777505, 0.5000019693479468], "layer_ochiai_score": [0.4935972085077244, 0.38400186397675407, 0.6470106626947181, 0.649423845901487, 0.6448813777545986, 0.05649545083501379, 0.05649545083501379, 0.8034908563201961], "layer_D_star_score": [4.115463568914709, 2.494580939946881, 554.1695479310084, 10.742566444878037, 1098.1256187457327, 1.3360631071927864, 1.3360631071927864, 19.00178641340852], "layer_Op2_score": [3.8630955621245238, 2.700936267409845, 6.430796403897786, 6.473060034650583, 6.3990167783038965, 0.6735705486029141, 0.6735705486029141, 9.579670024574778], "layer_Barinel_score": [0.6264388076227589, 0.5704639864616856, 0.6449045973860824, 0.644612251173683, 0.6431436729849086, 0.045394013350012356, 0.045394013350012356, 0.645603745422398], "time": 3.169370174407959}