{"neuron_counts": [1577088, 3097600, 774400, 774400, 774400, 128, 128, 2], "neuron_counts_selected": [500, 500, 500, 500, 500, 128, 128, 2], "layer_tarantula_score": [0.1043146028409236, 0.002, 0.002, 0.006, 0.0, 0.035156388469777505, 0.035156388469777505, 0.0], "layer_ochiai_score": [0.045463273556689485, 0.0007729462054884308, 0.0007729462054884308, 0.0028323713369769353, 0.0, 0.05649545083501379, 0.05649545083501379, 0.0], "layer_D_star_score": [0.05468423860476733, 0.0005471309688624085, 0.0005471309688624085, 0.004633005632863204, 0.0, 1.3360631071927864, 1.3360631071927864, 0.0], "layer_Op2_score": [0.19686636436342045, 0.003116002559661865, 0.0028186515837980656, 0.01386909964383377, 0.0, 0.6735705486029141, 0.6735705486029141, 0.0], "layer_Barinel_score": [0.10518374163489788, 0.002, 0.002, 0.006, 0.0, 0.045394013350012356, 0.045394013350012356, 0.0], "time": 0.8121511936187744}