{"neuron_counts": [1577088, 3097600, 774400, 774400, 774400, 128, 128, 2], "neuron_counts_selected": [500, 500, 500, 500, 500, 128, 128, 2], "layer_tarantula_score": [0.5063904958638226, 0.24295796068618766, 0.4244095576385746, 0.4231721519616423, 0.41241352758107974, 0.035156388469777505, 0.035156388469777505, 0.5000019693479468], "layer_ochiai_score": [0.3646759340813835, 0.12751177520475251, 0.3193507461014655, 0.308715982549349, 0.2982289913986821, 0.05649545083501379, 0.05649545083501379, 0.8034908563201961], "layer_D_star_score": [1.469595469150216, 0.3838845925897192, 2.4601776166612357, 1.9235647044872735, 1.7513489777635782, 1.3360631071927864, 1.3360631071927864, 19.00178641340852], "layer_Op2_score": [2.309612376980778, 0.6673032446454672, 2.2588384718704058, 2.1166218051929353, 2.0402319440499093, 0.6735705486029141, 0.6735705486029141, 9.579670024574778], "layer_Barinel_score": [0.5826137668756849, 0.25568658669579747, 0.483005300089642, 0.4797976443962933, 0.46667526236823387, 0.045394013350012356, 0.045394013350012356, 0.645603745422398], "time": 0.8312044143676758}