{"neuron_counts": [1577088, 3097600, 774400, 774400, 774400, 128, 128, 2], "neuron_counts_selected": [200, 200, 200, 200, 200, 128, 128, 2], "layer_tarantula_score": [0.38548249151593433, 0.29495994207285764, 0.43493938103822416, 0.438014825686553, 0.41799542279231977, 0.0024719335642812267, 0.0024719335642812267, 0.5000019693479468], "layer_ochiai_score": [0.3901927062381378, 0.24798481980351803, 0.5557723165061005, 0.5662542172822781, 0.5498294336692833, 0.003972336386836938, 0.003972336386836938, 0.8034908563201961], "layer_D_star_score": [1.544380454223095, 0.7023853234939873, 5.365442529935565, 5.724209865023167, 5.385730095598369, 0.09394193722449146, 0.09394193722449146, 19.00178641340852], "layer_Op2_score": [2.692014717346323, 1.4696425133229778, 4.9975318048485855, 5.133927906658755, 5.021672249868099, 0.0473604291986415, 0.0473604291986415, 9.579670024574778], "layer_Barinel_score": [0.5115001989538153, 0.3720224413876416, 0.5741488393963121, 0.5788699023084527, 0.5560696362794196, 0.003191766563672774, 0.003191766563672774, 0.645603745422398], "time": 0.7036356925964355}