{"neuron_counts": [1577088, 3097600, 774400, 774400, 774400, 128, 128, 2], "neuron_counts_selected": [500, 500, 500, 500, 500, 128, 128, 2], "layer_tarantula_score": [0.072197357438419, 0.0, 0.00901414965650974, 0.008, 0.008, 0.035156388469777505, 0.035156388469777505, 0.0], "layer_ochiai_score": [0.03105066593221722, 0.0, 0.0040619694812735595, 0.0033580937076430565, 0.0033233359761259563, 0.05649545083501379, 0.05649545083501379, 0.0], "layer_D_star_score": [0.030211286774051528, 0.0, 0.004005548816291297, 0.0031796104437841048, 0.0030399297280150456, 1.3360631071927864, 1.3360631071927864, 0.0], "layer_Op2_score": [0.12427429779661205, 0.0, 0.018372762844652394, 0.013913724605540396, 0.013827878171220092, 0.6735705486029141, 0.6735705486029141, 0.0], "layer_Barinel_score": [0.07366393234682243, 0.0, 0.00930410051626343, 0.008, 0.008, 0.045394013350012356, 0.045394013350012356, 0.0], "time": 1.1500239372253418}