{"neuron_counts": [1577088, 3097600, 774400, 774400, 774400, 128, 128, 2], "neuron_counts_selected": [1000, 1000, 1000, 1000, 1000, 128, 128, 2], "layer_tarantula_score": [0.39680063336702054, 0.2896650834305331, 0.4247580290814142, 0.4263640411792013, 0.43377206014264674, 0.0024719341275931113, 0.0024719341275931113, 0.5000020832899315], "layer_ochiai_score": [0.3879987443309952, 0.23579896489237379, 0.5222575204526502, 0.5327010041028014, 0.5392115164863125, 0.003829456015768005, 0.003829456015768005, 0.7745902143499258], "layer_D_star_score": [0.8888081662059429, 0.36048687515642885, 2.8904652589106536, 3.171241974881645, 3.1449223840046474, 0.04449351656833566, 0.04449351656833566, 8.99977500562486], "layer_Op2_score": [1.4894086419071617, 0.7178561004379899, 2.5930009021619553, 2.7079962667546646, 2.7263071270174595, 0.02570808691248046, 0.02570808691248046, 5.200015999680007], "layer_Barinel_score": [0.48253612261904766, 0.3426281980158729, 0.5193232892857143, 0.5204127904761905, 0.5286048194444443, 0.0029663085937500656, 0.0029663085937500656, 0.6], "time": 2.218655586242676}