{"neuron_counts": [1577088, 3097600, 774400, 774400, 774400, 128, 128, 2], "neuron_counts_selected": [100, 100, 100, 100, 100, 100, 100, 2], "layer_tarantula_score": [0.43529780154287895, 0.3053505895009417, 0.45795897103524424, 0.4274180479730297, 0.41903329327101824, 0.004050015951718312, 0.0018000070896525967, 0.5000019693479468], "layer_ochiai_score": [0.43675707209345166, 0.23700669144953018, 0.5660810424752707, 0.5778571424751, 0.5500489695026851, 0.006508275936193627, 0.00289256708275273, 0.8034908563201961], "layer_D_star_score": [1.8825932610791574, 0.5228296855719687, 5.2580804613040355, 6.01452874634567, 5.581830728593046, 0.15391446994860894, 0.0684064310882701, 19.00178641340852], "layer_Op2_score": [3.099826157486418, 1.292339723836472, 5.023193231660724, 5.429793940219461, 5.029427640763756, 0.07759532719905549, 0.034486812088469106, 9.579670024574778], "layer_Barinel_score": [0.5615796292633606, 0.37712671204580656, 0.5936274112458124, 0.5679295161966691, 0.5552738443885407, 0.0052293903379215054, 0.0023241734835206217, 0.645603745422398], "time": 0.6793355941772461}