{"neuron_counts": [1577088, 3097600, 774400, 774400, 774400, 128, 128, 2], "neuron_counts_selected": [1000, 1000, 1000, 1000, 1000, 128, 128, 2], "layer_tarantula_score": [0.516712034627867, 0.4743216007875976, 0.5104953252529459, 0.5113285786663573, 0.5137108219171607, 0.035156388469777505, 0.035156388469777505, 0.5000019693479468], "layer_ochiai_score": [0.4969302554386183, 0.3779478775804198, 0.6540051020905441, 0.6419333333902943, 0.6479092911223672, 0.05649545083501379, 0.05649545083501379, 0.8034908563201961], "layer_D_star_score": [3.8256731587553787, 2.608805210409325, 10.513938703189444, 10.36534407875298, 1098.355056176278, 1.3360631071927864, 1.3360631071927864, 19.00178641340852], "layer_Op2_score": [3.8921764712226237, 2.717538972219784, 6.563943600531085, 6.348917253758548, 6.446680188482784, 0.6735705486029141, 0.6735705486029141, 9.579670024574778], "layer_Barinel_score": [0.6293465595600782, 0.5480717887843597, 0.6435597604758391, 0.6438641397748225, 0.6453962721352401, 0.045394013350012356, 0.045394013350012356, 0.645603745422398], "time": 1.4888074398040771}