{"neuron_counts": [1577088, 3097600, 774400, 774400, 774400, 128, 128, 2], "neuron_counts_selected": [500, 500, 500, 500, 500, 128, 128, 2], "layer_tarantula_score": [0.005208002919941104, 0, 7.840007199852514e-05, 6.400000000000006e-05, 6.400000000000006e-05, 0.0024719341275931113, 0.0024719341275931113, 0], "layer_ochiai_score": [0.002309862950750255, 0, 3.651989110393159e-05, 2.6127672860005058e-05, 2.6127672859974236e-05, 0.003829456015768005, 0.003829456015768005, 0], "layer_D_star_score": [0.0011713106982174433, 0, 1.879964400679248e-05, 1.2799744005129678e-05, 1.2799744005112272e-05, 0.04449351656833566, 0.04449351656833566, 0], "layer_Op2_score": [-0.01832751168976631, 0, 9.280014399718153e-05, -0.0015327680646387105, -0.0007351840163197594, 0.02570808691248046, 0.02570808691248046, 0], "layer_Barinel_score": [0.005353999999999997, 0, 8.199999999999962e-05, 6.400000000000006e-05, 6.400000000000006e-05, 0.0029663085937500656, 0.0029663085937500656, 0], "time": 1.6365468502044678}