{"neuron_counts": [1577088, 3097600, 774400, 774400, 774400, 128, 128, 2], "neuron_counts_selected": [500, 500, 500, 500, 500, 128, 128, 2], "layer_tarantula_score": [0.16678123133752876, 0.005284811132311643, 0.023501229067000952, 0.025152314802669287, 0.021598279092339336, 0.0024719335642812267, 0.0024719335642812267, 0.47885649733065777], "layer_ochiai_score": [0.09700578917534274, 0.0028170713586630654, 0.01329355477586579, 0.014401832054169814, 0.013330659235083977, 0.003972336386836938, 0.003972336386836938, 0.5352590146507427], "layer_D_star_score": [0.11285960106080394, 0.0035535932515294213, 0.020110681218150017, 0.020493800099396494, 0.021115652885572444, 0.09394193722449146, 0.09394193722449146, 5.670028698053713], "layer_Op2_score": [0.38807990202987913, -0.0026483487122899376, 0.031404006296426104, 0.027560383190917363, 0.030197307968430617, 0.0473604291986415, 0.0473604291986415, 4.676325977272707], "layer_Barinel_score": [0.19207371262115933, 0.005743692159868824, 0.026254600772332975, 0.028147305607593612, 0.025067204746372758, 0.003191766563672774, 0.003191766563672774, 0.6259283707337775], "time": 1.2087903022766113}