{"neuron_counts": [1440, 1840, 5280, 5280, 1024, 256, 32, 1], "neuron_counts_selected": [100, 100, 100, 100, 100, 100, 32, 1], "layer_tarantula_score": [1.0, 0.9801, 0.8464, 0.81, 0.4096, 0.16000000000000003, 0.2822265625, NaN], "layer_ochiai_score": [0.533082109363613, 0.3631137092990102, 0.12816722212010348, 0.15064229324753023, 0.15347328908864788, 0.11096966294626395, 0.23914784381492712, NaN], "layer_D_star_score": [848.6121812683076, 513.9140748763964, 37.2065886392291, 57.11756686432588, 34996628560.87894, 28742248271.939857, 75094355949.58429, NaN], "layer_Op2_score": [1747.0345398280397, 998.8706280858877, 192.089131853982, 258.2716904011628, 781.138059273041, 599.8476060800612, 1320.605295313755, NaN], "layer_Barinel_score": [1.0, 0.9801, 0.8464, 0.81, 0.4096, 0.16000000000000003, 0.2822265625, NaN], "time": 22.311835289001465}