{"neuron_counts": [1440, 1840, 5280, 5280, 1024, 256, 32, 1], "neuron_counts_selected": [1440, 1840, 2000, 2000, 1024, 256, 32, 1], "layer_tarantula_score": [1.0, 0.9506249999999999, 0.76825225, 0.78765625, 0.36187744140625, 0.2160797119140625, 0.2822265625, 0], "layer_ochiai_score": [0.5281253783319141, 0.3203162164393041, 0.1439265469239542, 0.1400429572383934, 0.13172162553759714, 0.17838604062675686, 0.23909716600086364, 0], "layer_D_star_score": [467.1453423734171, 193.7225907812156, 30.073769895847327, 29.283654998346243, 9409422158.192457, 14682641325.987898, 23928222610.288616, 0], "layer_Op2_score": [972.3688753858025, 451.745557360586, 138.02514250000002, 131.61881950000003, 366.56144809722906, 559.1959381103516, 745.3496093750001, 0], "layer_Barinel_score": [1.0, 0.9506249999999999, 0.76825225, 0.78765625, 0.36187744140625, 0.2160797119140625, 0.2822265625, 0], "time": 261.0320899486542}