{"neuron_counts": [1440, 1840, 5280, 5280, 1024, 256, 32, 1], "neuron_counts_selected": [500, 500, 500, 500, 500, 256, 32, 1], "layer_tarantula_score": [0.9292959999999999, 0.7361639999999999, 0.09734400000000001, 0.09120400000000001, 0.12390399999999999, 0.1746978759765625, 0.25, 0], "layer_ochiai_score": [0.2696967293025661, 0.07508059237228336, 0.003866357904699519, 0.0039022730516277125, 0.10169256762270713, 0.1410635832387287, 0.2204412609587022, 0], "layer_D_star_score": [38.45523767738738, 3.054691415097838, 0.01700092471558682, 0.018608790515013428, 7361667919.279811, 10634882610.141459, 20844147101.73896, 0], "layer_Op2_score": [283.83384, 44.66180399999998, 0.926672, 0.9945719999999999, 322.0832879999999, 446.1109924316407, 723.8857421875, 0], "layer_Barinel_score": [0.9292959999999999, 0.7361639999999999, 0.09734400000000001, 0.09120400000000001, 0.12390399999999999, 0.1746978759765625, 0.25, 0], "time": 87.40791296958923}