{"neuron_counts": [1440, 1840, 5280, 5280, 1024, 256, 32, 1], "neuron_counts_selected": [100, 100, 100, 100, 100, 100, 32, 1], "layer_tarantula_score": [1.0, 0.8649, 0.7055999999999999, 0.7395999999999999, 0.4096, 0.2601, 0.2822265625, 0], "layer_ochiai_score": [0.5394703434791749, 0.2827433231751481, 0.12053166558521809, 0.13079864594182533, 0.13284499847034767, 0.21323157333475015, 0.23909716600086364, 0], "layer_D_star_score": [465.0353975209996, 151.16502400613155, 26.267692727286033, 21.62507445468853, 11151383587.876795, 16563691818.554985, 23928222610.288616, 0], "layer_Op2_score": [984.9174999999999, 388.7804, 112.04590000000002, 118.12670000000001, 384.48429999999996, 648.9561, 745.3496093750001, 0], "layer_Barinel_score": [1.0, 0.8649, 0.7055999999999999, 0.7395999999999999, 0.4096, 0.2601, 0.2822265625, 0], "time": 21.735426664352417}