{"neuron_counts": [1440, 1840, 5280, 5280, 1024, 256, 32, 1], "neuron_counts_selected": [500, 500, 500, 500, 500, 256, 32, 1], "layer_tarantula_score": [0.293764, 0.005183999999999996, 0, 0, 0.07617600000000001, 0.10260009765625, 0.19140625, 0], "layer_ochiai_score": [0.009317592968232083, 0.00010228271738984814, 0, 0, 0.020653513938965296, 0.07801902591542999, 0.14355762844592967, 0], "layer_D_star_score": [0.0032350905033603416, 3.5805527941619897e-06, 0, 0, 31.066019570264903, 3072539374.4341807, 10634793390.18635, 0], "layer_Op2_score": [1.2048400000000001, 0.006984000000000004, 0, 0, 31.369279999999993, 244.37014770507815, 420.962890625, 0], "layer_Barinel_score": [0.293764, 0.005183999999999996, 0, 0, 0.07617600000000001, 0.10260009765625, 0.19140625, 0], "time": 83.32434129714966}