{"neuron_counts": [1440, 1840, 5280, 5280, 1024, 256, 32, 1], "neuron_counts_selected": [500, 500, 500, 500, 500, 256, 32, 1], "layer_tarantula_score": [1.0, 0.952576, 0.813604, 0.7464959999999999, 0.4096, 0.2160797119140625, 0.2822265625, 0], "layer_ochiai_score": [0.5241099529202491, 0.32855561134526257, 0.15294388998879035, 0.14893275695317076, 0.14671031706216314, 0.17838604062675686, 0.23909716600086364, 0], "layer_D_star_score": [456.99156046198397, 195.96259483713033, 32.105738090347685, 41.991905578585644, 9932153595.527668, 14682641325.987898, 23928222610.288616, 0], "layer_Op2_score": [959.1317040000001, 464.77659200000005, 143.860404, 158.456064, 406.39536799999996, 559.1959381103516, 745.3496093750001, 0], "layer_Barinel_score": [1.0, 0.952576, 0.813604, 0.7464959999999999, 0.4096, 0.2160797119140625, 0.2822265625, 0], "time": 81.66327166557312}