{"neuron_counts": [1440, 1840, 5280, 5280, 1024, 256, 32, 1], "neuron_counts_selected": [200, 200, 200, 200, 200, 200, 32, 1], "layer_tarantula_score": [1.0, 0.98, 0.86, 0.895, 0.64, 0.49, 0.53125, 0.0], "layer_ochiai_score": [0.5643166960471261, 0.4583046633544401, 0.27319717156533, 0.2572941293241762, 0.37185263301767546, 0.45532470681411796, 0.4882622861255313, 0.0], "layer_D_star_score": [1041.7349549048588, 1114.1579176226403, 633.1407630295098, 277.3772924181222, 100820220398.9475, 140122737509.27347, 160201292687.56628, 0.0], "layer_Op2_score": [1926.6014954360328, 1490.670681235966, 738.9633921503206, 613.9843303366893, 2005.9330693524912, 2621.8757313946444, 2776.740424665143, 0.0], "layer_Barinel_score": [1.0, 0.98, 0.86, 0.895, 0.64, 0.49, 0.53125, 0.0], "time": 44.125548124313354}