{"neuron_counts": [1440, 1840, 5280, 5280, 1024, 256, 32, 1], "neuron_counts_selected": [500, 500, 500, 500, 500, 256, 32, 1], "layer_tarantula_score": [0.252004, 0.009999999999999998, NaN, NaN, 0.07840000000000001, 0.10260009765625, 0.19140625, NaN], "layer_ochiai_score": [0.007977183819349228, 0.0001957741208911096, NaN, NaN, 0.016658848986101985, 0.07798495714606471, 0.14347367062527513, NaN], "layer_D_star_score": [0.004556199336660656, 1.2235582292518406e-05, NaN, NaN, 32.61025804292066, 9642474397.113579, 33375317036.215374, NaN], "layer_Op2_score": [1.7909914514588778, 0.023598746489232107, NaN, NaN, 37.11300544637328, 432.657891294391, 745.3608822446315, NaN], "layer_Barinel_score": [0.252004, 0.009999999999999998, NaN, NaN, 0.07840000000000001, 0.10260009765625, 0.19140625, NaN], "time": 95.85685920715332}