{"neuron_counts": [21632, 36864, 9216, 9216, 9216, 128, 128, 10], "neuron_counts_selected": [500, 500, 500, 500, 500, 128, 128, 10], "layer_tarantula_score": [0.005332668435382465, 0.0, 0.0, 0.0, 0.0, 0.021821235361391883, 0.021821235361391883, 0.0], "layer_ochiai_score": [0.0009309387201506, 0.0, 0.0, 0.0, 0.0, 0.0018012301957219287, 0.0018012301957219287, 0.0], "layer_D_star_score": [0.05075066654452649, 0.0, 0.0, 0.0, 0.0, 0.025207712120771653, 0.025207712120771653, 0.0], "layer_Op2_score": [1.1851841443923319, 0.0, 0.0, 0.0, 0.0, 1.6107570549620736, 1.6107570549620736, 0.0], "layer_Barinel_score": [0.003417030166445784, 0.0, 0.0, 0.0, 0.0, 0.014692335325608404, 0.014692335325608404, 0.0], "time": 225.3934202194214}