{"neuron_counts": [21632, 36864, 9216, 9216, 9216, 128, 128, 10], "neuron_counts_selected": [200, 200, 200, 200, 200, 128, 128, 10], "layer_tarantula_score": [1.1179340683031262e-05, 0, 0, 0, 0, 0.0008461275604484962, 0.0008461275604484962, 0], "layer_ochiai_score": [2.937479454232619e-06, 0, 0, 0, 0, 7.508163415968114e-05, 7.508163415968114e-05, 0], "layer_D_star_score": [0.0002110981917259598, 0, 0, 0, 0, 0.00035142387429614634, 0.00035142387429614634, 0], "layer_Op2_score": [0.0045934680730877675, 0, 0, 0, 0, 0.03869786414833627, 0.03869786414833627, 0], "layer_Barinel_score": [6.971254405812941e-06, 0, 0, 0, 0, 0.0004991050471583899, 0.0004991050471583899, 0], "time": 104.39200139045715}