{"neuron_counts": [21632, 36864, 9216, 9216, 9216, 128, 128, 10], "neuron_counts_selected": [200, 200, 200, 200, 200, 128, 128, 10], "layer_tarantula_score": [0.33279551152593556, 0.3516860581306737, 0.3555688698180155, 0.31784904186604634, 0.359552745925289, 0.3985372898181623, 0.3985372898181623, 0.5501813516078295], "layer_ochiai_score": [0.08741730061824877, 0.10574297516628996, 0.13706945664532613, 0.13496480708847053, 0.13983529121521346, 0.2675119805667165, 0.2675119805667165, 0.3951724035814571], "layer_D_star_score": [69.1816415665169, 75.69919730475728, 162.1433354475331, 177.20508271292104, 170.14873825419554, 477.0492468201189, 477.0492468201189, 642.318062266407], "layer_Op2_score": [264.78000220107907, 308.91744701553966, 507.81619443867714, 527.3114495088118, 517.0100179809009, 1240.9273741631614, 1240.9273741631614, 1716.1352460129922], "layer_Barinel_score": [0.2320704588527476, 0.246835173786067, 0.24837657861598392, 0.21767121957742094, 0.2509637473108597, 0.26850414863399097, 0.26850414863399097, 0.3897765687208067], "time": 105.82442474365234}