{"neuron_counts": [21632, 36864, 9216, 9216, 9216, 128, 128, 10], "neuron_counts_selected": [200, 200, 200, 200, 200, 128, 128, 10], "layer_tarantula_score": [0.17638511523702216, 0.19567504439751726, 0.20321770183374663, 0.16966829016649967, 0.20810048130277994, 0.27748570635425346, 0.27748570635425346, 0.4721132482018703], "layer_ochiai_score": [0.026639526469750204, 0.03888681557937681, 0.051234266722021415, 0.046679414067629155, 0.053167883117588834, 0.1549507025995985, 0.1549507025995985, 0.34248770508076004], "layer_D_star_score": [7.024191008728, 9.137702157867965, 27.059030431504052, 29.438733783642707, 26.652234384241865, 181.88977026656065, 181.88977026656065, 369.8752300802044], "layer_Op2_score": [41.07816102293956, 61.836703297669025, 114.75316191639241, 115.21384174379159, 113.28948496430145, 546.0877673702788, 546.0877673702788, 1136.0723515270977], "layer_Barinel_score": [0.11804774201703333, 0.13204557162350472, 0.13576329815851523, 0.11321657090591145, 0.13987485637868827, 0.1841373838023108, 0.1841373838023108, 0.31683979151682784], "time": 97.70748543739319}