{"neuron_counts": [21632, 36864, 9216, 9216, 9216, 128, 128, 10], "neuron_counts_selected": [500, 500, 500, 500, 500, 128, 128, 10], "layer_tarantula_score": [0.009455212443544329, 0.0033437379045892683, 0.004832898944663587, 0.0040186564226227135, 0.005003856707099837, 0.06925778589683239, 0.06925778589683239, 0], "layer_ochiai_score": [0.0014542648840235714, 0.000254769188098633, 0.0005385077984596316, 0.00042405272801381374, 0.0005446350465394678, 0.010271044536124232, 0.010271044536124232, 0], "layer_D_star_score": [0.32611454712712534, 0.007424551763373519, 0.05505671098752373, 0.045456767494969144, 0.046908836578488884, 0.751349147432469, 0.751349147432469, 0], "layer_Op2_score": [2.5548526020897655, 0.166351453317836, 0.6236623518426117, 0.49163141364432844, 0.5999732179858726, 13.261960040178804, 13.261960040178804, -0.004876196830109615], "layer_Barinel_score": [0.006064254541553806, 0.0021309317670956795, 0.003038358341363122, 0.0025041354235118994, 0.0031823761082594017, 0.041153717374642546, 0.041153717374642546, 0], "time": 219.90072321891785}