{"neuron_counts": [512, 128, 1], "neuron_counts_selected": [200, 128, 1], "layer_tarantula_score": [0.1369, 0.1181640625, 1.0], "layer_ochiai_score": [0.07760023954628785, 0.11811162958025516, 0.9999990196092848], "layer_D_star_score": [16291.248226122352, 2935345.9153232244, 26009999.999136556], "layer_Op2_score": [2.8030999999999993, 6.021057128906249, 51.0], "layer_Barinel_score": [0.1369, 0.1181640625, 1.0], "time": 0.23438692092895508}