{"neuron_counts": [512, 128, 1], "neuron_counts_selected": [200, 128, 1], "layer_tarantula_score": [0.33, 0.34375, 1.0], "layer_ochiai_score": [0.21055134782058998, 0.3436756639781964, 0.9999994328742153], "layer_D_star_score": [777459.9575637712, 26111964.88406353, 77728535.1834353], "layer_Op2_score": [14.459530260242031, 30.293291042375614, 88.16378802321032], "layer_Barinel_score": [0.33, 0.34375, 1.0], "time": 0.2291419506072998}