{"neuron_counts": [512, 128, 1], "neuron_counts_selected": [500, 128, 1], "layer_tarantula_score": [0.34, 0.34375, 1.0], "layer_ochiai_score": [0.22573268520841622, 0.3436756639781964, 0.9999994328742153], "layer_D_star_score": [311199.6947698282, 26111964.88406353, 77728535.1834353], "layer_Op2_score": [15.9576194453571, 30.293291042375614, 88.16378802321032], "layer_Barinel_score": [0.34, 0.34375, 1.0], "time": 0.385817289352417}