{"neuron_counts": [512, 128, 1], "neuron_counts_selected": [500, 128, 1], "layer_tarantula_score": [0.147456, 0.1181640625, 1.0], "layer_ochiai_score": [0.07254501709554065, 0.1181136027260242, 0.9999994328742153], "layer_D_star_score": [19943.46223499708, 8772000.267448233, 77728535.1834353], "layer_Op2_score": [4.192099201198436, 10.40894788256719, 88.16378802321032], "layer_Barinel_score": [0.147456, 0.1181640625, 1.0], "time": 0.40508532524108887}