{"neuron_counts": [49152, 262144, 65536, 65536, 131072, 32768, 32768, 32768, 32768, 65536, 65536, 16384, 32768, 32768, 8192, 16384, 16384, 4096, 8192, 2048, 2048, 2048, 1], "neuron_counts_selected": [1000, 1000, 1000, 1000, 1000, 1000, 1000, 1000, 1000, 1000, 1000, 1000, 1000, 1000, 1000, 1000, 1000, 1000, 1000, 1000, 1000, 1000, 1], "layer_tarantula_score": [0.45263963593078865, 0.42632206549718826, 0.47181990391566314, 0.47381043498155895, 0.13797648472194995, 0.18575233921599385, 0.18117603682780525, 6.723075994231707e-05, 6.434007184334334e-05, NaN, NaN, NaN, NaN, NaN, NaN, NaN, NaN, NaN, NaN, NaN, NaN, NaN, 0.49999985119105195], "layer_ochiai_score": [0.41054222891757297, 0.29441414881919187, 0.5287140735909199, 0.5250110631311401, 0.10260627070265659, 0.168750943731678, 0.17231082059412348, 1.642100097753568e-05, 1.5970732484931177e-05, NaN, NaN, NaN, NaN, NaN, NaN, NaN, NaN, NaN, NaN, NaN, NaN, NaN, 0.6793648051448877], "layer_D_star_score": [3.670020678963654, 1.3105942403052897, 9.168895844108352, 8.977026001029357, 0.9254766056713837, 2.71642910197931, 2.9246797481669553, 4.7535568677628015e-06, 4.725223765807944e-06, NaN, NaN, NaN, NaN, NaN, NaN, NaN, NaN, NaN, NaN, NaN, NaN, NaN, 20.571355102303205], "layer_Op2_score": [9.188597498515522, 5.003035962779437, 14.708166003041367, 14.423307166809776, 2.000446392802103, 4.1622735171292415, 4.383248820083395, -0.0002434470777687978, -0.0009294102296199806, NaN, NaN, NaN, NaN, NaN, NaN, NaN, NaN, NaN, NaN, NaN, NaN, NaN, 23.03448608797901], "layer_Barinel_score": [0.4154386722171556, 0.3911220088809287, 0.43394887875017907, 0.4359050950909639, 0.12675970190931712, 0.1709851711408144, 0.16669995753358, 6.483333333336915e-05, 6.200000000012726e-05, NaN, NaN, NaN, NaN, NaN, NaN, NaN, NaN, NaN, NaN, NaN, NaN, NaN, 0.46153846153846156], "time": 15.08741021156311}