{"neuron_counts": [49152, 262144, 65536, 65536, 131072, 32768, 32768, 32768, 32768, 65536, 65536, 16384, 32768, 32768, 8192, 16384, 16384, 4096, 8192, 2048, 2048, 2048, 1], "neuron_counts_selected": [500, 500, 500, 500, 500, 500, 500, 500, 500, 500, 500, 500, 500, 500, 500, 500, 500, 500, 500, 500, 500, 500, 1], "layer_tarantula_score": [0.4388730038918698, 0.22006236069237192, 0.3463209770654072, 0.3438280527740432, 0.0003633434920025171, 0.0024073916186732876, 0.0028173221883969666, NaN, NaN, NaN, NaN, NaN, NaN, NaN, NaN, NaN, NaN, NaN, NaN, NaN, NaN, NaN, 0.49999985119105195], "layer_ochiai_score": [0.36061250433036446, 0.0816301700975744, 0.22343209007409157, 0.22048462796424476, 0.0001502012942353314, 0.001235219089317383, 0.0013918605698916944, NaN, NaN, NaN, NaN, NaN, NaN, NaN, NaN, NaN, NaN, NaN, NaN, NaN, NaN, NaN, 0.6793648051448877], "layer_D_star_score": [2.4208484167735267, 0.06156700072774464, 0.8876767976875245, 0.8270352767009015, 0.00024103478911539016, 0.00271074390855353, 0.00362777259335207, NaN, NaN, NaN, NaN, NaN, NaN, NaN, NaN, NaN, NaN, NaN, NaN, NaN, NaN, NaN, 20.571355102303205], "layer_Op2_score": [7.292816344757428, 0.6965924702604477, 3.5186738506970685, 3.4413608742176747, 0.00026290099689246457, 0.014386073620434025, 0.014969389705552328, NaN, NaN, NaN, NaN, NaN, NaN, NaN, NaN, NaN, NaN, NaN, NaN, NaN, NaN, NaN, 23.03448608797901], "layer_Barinel_score": [0.4023778286621199, 0.20375687734487746, 0.31785824703569737, 0.3154565604632633, 0.0003419743589743662, 0.002213092761717379, 0.002594467405875998, NaN, NaN, NaN, NaN, NaN, NaN, NaN, NaN, NaN, NaN, NaN, NaN, NaN, NaN, NaN, 0.46153846153846156], "time": 7.945404052734375}