{"neuron_counts": [49152, 262144, 65536, 65536, 131072, 32768, 32768, 32768, 32768, 65536, 65536, 16384, 32768, 32768, 8192, 16384, 16384, 4096, 8192, 2048, 2048, 2048, 1], "neuron_counts_selected": [500, 500, 500, 500, 500, 500, 500, 500, 500, 500, 500, 500, 500, 500, 500, 500, 500, 500, 500, 500, 500, 500, 1], "layer_tarantula_score": [0.4977803360384804, 0.49831759867340397, 0.5000994607961136, 0.5011216180634239, 0.26611470247124464, 0.3333826557358522, 0.3234814698984752, 0.010630768093199617, 0.010153845562132453, 0.0, 0.0, 0.0, 0.0, 0.0, 0.0, 0.0, 0.0, 0.0, 0.0, 0.0, 0.0, 0.0, 0.49999985119105195], "layer_ochiai_score": [0.4583244492125639, 0.35536343882182303, 0.5792962166961206, 0.5803863652089306, 0.21207202533162892, 0.32678337415339553, 0.32670959815443623, 0.002562169458119582, 0.0026287696010391815, 0.0, 0.0, 0.0, 0.0, 0.0, 0.0, 0.0, 0.0, 0.0, 0.0, 0.0, 0.0, 0.0, 0.6793648051448877], "layer_D_star_score": [5.330348739338208, 2.2905765342579665, 12.372422445963334, 12.497191731471922, 3.167137953014695, 7.246083822552361, 7.433867338822701, 0.0008586919640202575, 0.0015346721370992514, 0.0, 0.0, 0.0, 0.0, 0.0, 0.0, 0.0, 0.0, 0.0, 0.0, 0.0, 0.0, 0.0, 20.571355102303205], "layer_Op2_score": [10.572829121278893, 6.495104368605626, 16.91262312888576, 16.983450712238923, 5.040345578118696, 9.337449622587508, 9.439173768366317, 0.01517241664683915, 0.01717241664683915, 0.0, 0.0, 0.0, 0.0, 0.0, 0.0, 0.0, 0.0, 0.0, 0.0, 0.0, 0.0, 0.0, 23.03448608797901], "layer_Barinel_score": [0.4603443496572833, 0.4625850816377004, 0.46200129807691237, 0.46297713563641685, 0.2482369758982341, 0.31096551446597326, 0.3011992738146067, 0.010333333333333333, 0.01, 0.0, 0.0, 0.0, 0.0, 0.0, 0.0, 0.0, 0.0, 0.0, 0.0, 0.0, 0.0, 0.0, 0.46153846153846156], "time": 7.6795830726623535}