{"neuron_counts": [49152, 262144, 65536, 65536, 131072, 32768, 32768, 32768, 32768, 65536, 65536, 16384, 32768, 32768, 8192, 16384, 16384, 4096, 8192, 2048, 2048, 2048, 1], "neuron_counts_selected": [500, 500, 500, 500, 500, 500, 500, 500, 500, 500, 500, 500, 500, 500, 500, 500, 500, 500, 500, 500, 500, 500, 1], "layer_tarantula_score": [0.42727271614328854, 0.03196137196920059, 0.1021721027677154, 0.08661052863118762, NaN, NaN, NaN, NaN, NaN, NaN, NaN, NaN, NaN, NaN, NaN, NaN, NaN, NaN, NaN, NaN, NaN, NaN, 0.49999985119105195], "layer_ochiai_score": [0.3133555444406339, 0.008215593437564473, 0.03386752611842362, 0.028845128022528886, NaN, NaN, NaN, NaN, NaN, NaN, NaN, NaN, NaN, NaN, NaN, NaN, NaN, NaN, NaN, NaN, NaN, NaN, 0.6793648051448877], "layer_D_star_score": [1.5316380620574548, 0.0025454474418455868, 0.01974074413086914, 0.016184725459413414, NaN, NaN, NaN, NaN, NaN, NaN, NaN, NaN, NaN, NaN, NaN, NaN, NaN, NaN, NaN, NaN, NaN, NaN, 20.571355102303205], "layer_Op2_score": [5.629014005096535, 0.03897107772731825, 0.24244493434160458, 0.20248947192595884, NaN, NaN, NaN, NaN, NaN, NaN, NaN, NaN, NaN, NaN, NaN, NaN, NaN, NaN, NaN, NaN, NaN, NaN, 23.03448608797901], "layer_Barinel_score": [0.3915593858050384, 0.030747733333332937, 0.09581325238095224, 0.08149506190476209, NaN, NaN, NaN, NaN, NaN, NaN, NaN, NaN, NaN, NaN, NaN, NaN, NaN, NaN, NaN, NaN, NaN, NaN, 0.46153846153846156], "time": 8.147096633911133}