{"neuron_counts": [49152, 262144, 65536, 65536, 131072, 32768, 32768, 32768, 32768, 65536, 65536, 16384, 32768, 32768, 8192, 16384, 16384, 4096, 8192, 2048, 2048, 2048, 1], "neuron_counts_selected": [1000, 1000, 1000, 1000, 1000, 1000, 1000, 1000, 1000, 1000, 1000, 1000, 1000, 1000, 1000, 1000, 1000, 1000, 1000, 1000, 1000, 1000, 1], "layer_tarantula_score": [0.45313048408713325, 0.4278870387095097, 0.4722910820820182, 0.47410177681575305, 0.1382364993716013, 0.18605768171661013, 0.1815198037981312, 6.732738720786153e-05, 6.44350586086744e-05, 0, 0, 0, 0, 0, 0, 0, 0, 0, 0, 0, 0, 0, 0.4999998389700525], "layer_ochiai_score": [0.410399506175157, 0.2952137215349918, 0.528251950674605, 0.5242128585977062, 0.10274117015799938, 0.16872938602905407, 0.17200005352719736, 1.6774179669081878e-05, 1.6314226916822423e-05, 0, 0, 0, 0, 0, 0, 0, 0, 0, 0, 0, 0, 0, 0.6782315238977732], "layer_D_star_score": [3.5070649279629773, 1.2604812104714824, 8.744307151243174, 8.568419650512958, 0.8835432166603858, 2.60107834826478, 2.782863151306074, 4.964616577437567e-06, 4.933819738207347e-06, 0, 0, 0, 0, 0, 0, 0, 0, 0, 0, 0, 0, 0, 19.5925200277036], "layer_Op2_score": [8.803267552165886, 4.8072069598965745, 14.08291435743801, 13.803746885653984, 1.9183157636115553, 3.9910983558058857, 4.191344421141342, -0.00018446325548854777, -0.0009663176060086339, 0, 0, 0, 0, 0, 0, 0, 0, 0, 0, 0, 0, 0, 22.035717729579538], "layer_Barinel_score": [0.4144236976389186, 0.3912187951884244, 0.43287855924570595, 0.4346714877962178, 0.12655696813233502, 0.17067872731601422, 0.16645843887563622, 6.483333333336915e-05, 6.200000000012726e-05, 0, 0, 0, 0, 0, 0, 0, 0, 0, 0, 0, 0, 0, 0.45999999999999996], "time": 15.411632061004639}