{"neuron_counts": [49152, 262144, 65536, 65536, 131072, 32768, 32768, 32768, 32768, 65536, 65536, 16384, 32768, 32768, 8192, 16384, 16384, 4096, 8192, 2048, 2048, 2048, 1], "neuron_counts_selected": [100, 100, 100, 100, 100, 100, 100, 100, 100, 100, 100, 100, 100, 100, 100, 100, 100, 100, 100, 100, 100, 100, 1], "layer_tarantula_score": [0.492361784904405, 0.5093877720583184, 0.49884028727558344, 0.5044710308833503, 0.2945200812077419, 0.3418917709240551, 0.3473724227798137, 0.0, 0.01, 0.0, 0.0, 0.0, 0.0, 0.0, 0.0, 0.0, 0.0, 0.0, 0.0, 0.0, 0.0, 0.0, 0.49999985119105195], "layer_ochiai_score": [0.4516071587102292, 0.3689177638870823, 0.5774900506823952, 0.5861218780936552, 0.23539216742573651, 0.30900358941406514, 0.36881114649779057, 0.0, 0.002041237199746245, 0.0, 0.0, 0.0, 0.0, 0.0, 0.0, 0.0, 0.0, 0.0, 0.0, 0.0, 0.0, 0.0, 0.6793648051448877], "layer_D_star_score": [5.07431765373934, 2.431411786943167, 12.279226055594272, 12.702710495547965, 3.182892569275607, 5.915183969258404, 8.872195151856634, 0.0, 0.00043478071834470285, 0.0, 0.0, 0.0, 0.0, 0.0, 0.0, 0.0, 0.0, 0.0, 0.0, 0.0, 0.0, 0.0, 20.571355102303205], "layer_Op2_score": [10.38241533649884, 6.794483674194228, 16.850347274664568, 17.15103692745887, 5.369311105823774, 8.294828776452496, 10.941036030910237, 0.0, 0.00931034720569929, 0.0, 0.0, 0.0, 0.0, 0.0, 0.0, 0.0, 0.0, 0.0, 0.0, 0.0, 0.0, 0.0, 23.03448608797901], "layer_Barinel_score": [0.4549685417323706, 0.4737101953381568, 0.4607216272955093, 0.4663315369007014, 0.27402985599440793, 0.318776436783772, 0.32282712630184013, 0.0, 0.01, 0.0, 0.0, 0.0, 0.0, 0.0, 0.0, 0.0, 0.0, 0.0, 0.0, 0.0, 0.0, 0.0, 0.46153846153846156], "time": 1.668590784072876}