{"neuron_counts": [9, 64, 64, 1], "neuron_counts_selected": [9, 64, 64, 1], "layer_tarantula_score": [0.35614603772692754, 0.3384134745486925, 0.3285450555085952, 0.49999998150207037], "layer_ochiai_score": [0.2870350554055065, 0.20007994055147257, 0.20064297080410015, 0.7002739848431035], "layer_D_star_score": [5.96110515779279, 1.4264681827977117, 1.4083828688837545, 49.075379103058296], "layer_Op2_score": [11.790809898134393, 5.9689583058208475, 6.086887339549632, 50.01852033607345], "layer_Barinel_score": [0.34880286368643115, 0.3315739529343457, 0.3218265763344957, 0.4903846153846154], "time": 0.1998302936553955}