{"neuron_counts": [9, 64, 64, 1], "neuron_counts_selected": [9, 64, 64, 1], "layer_tarantula_score": [0.37526193994209556, 0.3097133791668203, 0.27594424973266707, 0.49999998150207037], "layer_ochiai_score": [0.2607780498275861, 0.14083184534890808, 0.1299508798373075, 0.7002739848431035], "layer_D_star_score": [4.202396518756673, 0.5442687632346833, 0.50858305422142, 49.075379103058296], "layer_Op2_score": [9.47942430650734, 3.240031124689179, 3.0976791114666358, 50.01852033607345], "layer_Barinel_score": [0.367594083616628, 0.30397875155892884, 0.27054040465092677, 0.4903846153846154], "time": 0.2037372589111328}