{"neuron_counts": [12, 2], "neuron_counts_selected": [12, 2], "layer_tarantula_score": [0.4995946046049087, 0.499995775855697], "layer_ochiai_score": [0.4554493108015272, 0.4973270522088893], "layer_D_star_score": [4335.228862312986, 3674.5436587791646], "layer_Op2_score": [6931.927237127843, 7426.979849600268], "layer_Barinel_score": [0.49427389220542306, 0.49467466188776843], "time": 3.9557266235351562}