{"neuron_counts": [784, 25088, 6272, 12544, 3136, 3136, 1024, 1024, 1024, 10], "neuron_counts_selected": [200, 200, 200, 200, 200, 200, 200, 200, 200, 10], "layer_tarantula_score": [0.30632442653898917, NaN, NaN, NaN, NaN, NaN, NaN, NaN, NaN, NaN], "layer_ochiai_score": [0.14577214506273414, NaN, NaN, NaN, NaN, NaN, NaN, NaN, NaN, NaN], "layer_D_star_score": [349.2936786841979, NaN, NaN, NaN, NaN, NaN, NaN, NaN, NaN, NaN], "layer_Op2_score": [630.0365213681825, NaN, NaN, NaN, NaN, NaN, NaN, NaN, NaN, NaN], "layer_Barinel_score": [0.5872561914258695, NaN, NaN, NaN, NaN, NaN, NaN, NaN, NaN, NaN], "time": 193.22401523590088}