{"neuron_counts": [21632, 5408, 7744, 1600, 576, 576, 1], "neuron_counts_selected": [2000, 2000, 2000, 1600, 576, 576, 1], "layer_tarantula_score": [0.5172920512338792, 0.5883297933162481, 0.592403230339549, 0.6357325543994164, 0.47693809940576437, 0.47693809940576437, 0.4999999965034874], "layer_ochiai_score": [0.24068745030110492, 0.3221071810798405, 0.3462186592703658, 0.49589990154964086, 0.4485378791402865, 0.4485378791402865, 0.6805679667147357], "layer_D_star_score": [205.70918171952164, 502.31521644917734, 489.7817651164602, 1842.547156555131, 5705.255389636761, 5705.255389636761, 846.4036194895673], "layer_Op2_score": [165.0236924498952, 250.77256635443177, 274.9931915791133, 485.68566237422783, 477.29859284334884, 477.29859284334884, 980.0008788224184], "layer_Barinel_score": [0.5072100112934578, 0.5769078589188733, 0.5791675840387708, 0.6173791738811595, 0.46021936342464126, 0.46021936342464126, 0.4631728045325779], "time": 152.83687281608582}