{"neuron_counts": [21632, 5408, 7744, 1600, 576, 576, 1], "neuron_counts_selected": [500, 500, 500, 500, 500, 500, 1], "layer_tarantula_score": [0.01180513702824435, 0.01211270958840546, 0.19581194240555277, 0.25145652902595206, 0.45900193207879986, 0.49691615669920136, 0.4999999965034874], "layer_ochiai_score": [0.001643974026319508, 0.002442682824704284, 0.052952671921766246, 0.10305556173424205, 0.34718200039213787, 0.37968921408543255, 0.6805679667147357], "layer_D_star_score": [0.014371941732426565, 0.046262970767949385, 16.99736538256238, 84.7280544545055, 9824.85088328917, 4362.773454057595, 846.4036194895673], "layer_Op2_score": [0.3276801406256467, 0.6454516696439657, 24.123583481231684, 62.70922847563897, 318.05343587702674, 348.2818049453598, 980.0008788224184], "layer_Barinel_score": [0.011623809523809524, 0.011975540069686413, 0.19364242502178958, 0.2477942934213574, 0.448884751857056, 0.4868413345846522, 0.4631728045325779], "time": 51.53990864753723}