{"neuron_counts": [21632, 5408, 7744, 1600, 576, 576, 1], "neuron_counts_selected": [100, 100, 100, 100, 100, 100, 1], "layer_tarantula_score": [0.29684914586779315, 0.3073329879878206, 0.32476033616090383, 0.532827889474644, 0.24887197590528323, 0.3074862852933054, 0.49999999651622795], "layer_ochiai_score": [0.11039364380014995, 0.11981245922507903, 0.16936236351556072, 0.3875528167870776, 0.24162738033419676, 0.29329534693780107, 0.6807032589270839], "layer_D_star_score": [24.963313257069267, 56.89274222526232, 76.76745014270134, 331.7377128766757, 406.166073347667, 593.9184226451473, 846.16732632887], "layer_Op2_score": [53.692329319698096, 68.851183719887, 118.29186445124436, 339.78721234682973, 250.6664594582871, 306.4142965993488, 979.0008803696409], "layer_Barinel_score": [0.28631122194741365, 0.29736562535293626, 0.3084686007270705, 0.5059428699391822, 0.23214772162543815, 0.29085123714673417, 0.46335697399527187], "time": 9.667227983474731}