{"neuron_counts": [21632, 5408, 7744, 1600, 576, 576, 1], "neuron_counts_selected": [1000, 1000, 1000, 1000, 576, 576, 1], "layer_tarantula_score": [0.26732139958400586, 0.32646665462605856, 0.35242264872046797, 0.445185926715953, 0.26683183553703893, 0.26683183553703893, 0.4999999965034874], "layer_ochiai_score": [0.0843224858648177, 0.1317455071628398, 0.16445006977843923, 0.3105278356636853, 0.2522797021334933, 0.2522797021334933, 0.6805679667147357], "layer_D_star_score": [21.93786458927482, 64.20530326831499, 80.61177463981825, 319.30592609624335, 391.35950950420636, 391.35950950420636, 846.4036194895673], "layer_Op2_score": [42.17539379758799, 81.99825984686261, 108.03772270848475, 273.92146850244944, 260.24447569000375, 260.24447569000375, 980.0008788224184], "layer_Barinel_score": [0.2580358731453726, 0.31353877604799035, 0.3381459615568683, 0.4231894370721399, 0.2508649593280176, 0.2508649593280176, 0.4631728045325779], "time": 90.40312147140503}