{"neuron_counts": [21632, 5408, 7744, 1600, 576, 576, 1], "neuron_counts_selected": [200, 200, 200, 200, 200, 200, 1], "layer_tarantula_score": [0.2802381692598782, 0.34428635391965157, 0.4260632495440915, 0.4407234604868357, 0.2955413300141975, 0.3256553440166135, 0.4999999965034874], "layer_ochiai_score": [0.10213239737259609, 0.13286268424988398, 0.16932538005410439, 0.313318108086171, 0.28128458416719127, 0.2977966873631439, 0.6805679667147357], "layer_D_star_score": [26.804806099893465, 80.06254670298975, 74.82140778364888, 368.58618843618314, 383.64404355569746, 594.9344075502767, 846.4036194895673], "layer_Op2_score": [52.40021619665274, 90.34605038010541, 100.2300779326271, 299.2165920930081, 292.12967330044614, 298.7959409139221, 980.0008788224184], "layer_Barinel_score": [0.27057755680771917, 0.32970426207139575, 0.41131595976194385, 0.4161151913096499, 0.27838850701492307, 0.30866401353188666, 0.4631728045325779], "time": 20.90799355506897}