{"neuron_counts": [21632, 5408, 7744, 1600, 576, 576, 1], "neuron_counts_selected": [500, 500, 500, 500, 500, 500, 1], "layer_tarantula_score": [0.001416540435787493, 0.0015114370705015226, 0.11872242084641435, 0.1884278740074307, 0.2328934933054979, 0.2660484676325886, 0.4999999965034874], "layer_ochiai_score": [0.00013286724214067418, 0.00018549194662912324, 0.026930582618820437, 0.06802558739243461, 0.17989552700004893, 0.2066344724581584, 0.6805679667147357], "layer_D_star_score": [0.005914710873786794, 0.02683735637497333, 3.0987461813768533, 23.588941954962458, 617.8404290650824, 446.6255644967023, 846.4036194895673], "layer_Op2_score": [0.032565694211801395, 0.0637013392048309, 9.869090420369275, 38.28079851913497, 158.97844378390172, 183.47220326465185, 980.0008788224184], "layer_Barinel_score": [0.0013898303772212242, 0.001491284284716567, 0.11606765320211043, 0.18224388940594077, 0.22163136540766978, 0.2540644428775169, 0.4631728045325779], "time": 50.87385439872742}