{"neuron_counts": [21632, 5408, 7744, 1600, 576, 576, 1], "neuron_counts_selected": [500, 500, 500, 500, 500, 500, 1], "layer_tarantula_score": [0, 0, 0.014881481231589099, 0.036045711891921066, 0.23295824043008975, 0.209674065322432, 0.49999999651622795], "layer_ochiai_score": [0, 0, 0.0020990704635233666, 0.008168827947771087, 0.1550130541927332, 0.12565968301856842, 0.6807032589270839], "layer_D_star_score": [0, 0, 0.15401540664877894, 2.0133557505452675, 224.4015668588627, 134.97100023154883, 846.16732632887], "layer_Op2_score": [0, 0, 0.531343782111294, 3.346165226219015, 125.59991609116709, 95.55060229584733, 979.0008803696409], "layer_Barinel_score": [0, 0, 0.014625972396416685, 0.035353349707099524, 0.22304355864992184, 0.20146280167596317, 0.46335697399527187], "time": 48.92390155792236}