{"neuron_counts": [21632, 5408, 7744, 1600, 576, 576, 1], "neuron_counts_selected": [200, 200, 200, 200, 200, 200, 1], "layer_tarantula_score": [0, 8.600929550954397e-05, 0.05226997168367527, 0.08474243042629886, 0.23293936955071534, 0.19745766935253434, 0.4999999965034874], "layer_ochiai_score": [0, 3.0413574714707904e-05, 0.010296295896262499, 0.026279287422836667, 0.16384430252053822, 0.13805157744592494, 0.6805679667147357], "layer_D_star_score": [0, 0.0010027054283564024, 1.4306074477771398, 5.022945148646198, 181.71925048753593, 185.01460837744202, 846.4036194895673], "layer_Op2_score": [0, 0.010330953428739903, 3.6909154669033373, 12.348240753254306, 130.9698761842948, 114.71694025084894, 980.0008788224184], "layer_Barinel_score": [0, 8.275708796714085e-05, 0.051383989408325725, 0.08259196643725498, 0.2222239454658238, 0.18804690799831875, 0.4631728045325779], "time": 20.95246410369873}