{"neuron_counts": [80, 80, 8], "neuron_counts_selected": [80, 80, 8], "layer_tarantula_score": [0.07562500000000004, 0.12249999999999998, 1.0], "layer_ochiai_score": [0.07562121903357039, 0.12249387545933711, 0.9999500037496877], "layer_D_star_score": [756.2500000000837, 1225.0000000001353, 10000.0000000011], "layer_Op2_score": [0.07562500000000004, 0.12249999999999998, 1.0], "layer_Barinel_score": [0.07562500000000004, 0.12249999999999998, 1.0], "time": 0.5467164516448975}