{"neuron_counts": [80, 80, 8], "neuron_counts_selected": [80, 80, 8], "layer_tarantula_score": [0.4375, 0.425, 1.0], "layer_ochiai_score": [0.43747812664048835, 0.42497875159361725, 0.9999500037496877], "layer_D_star_score": [4375.000000000482, 4250.0000000004675, 10000.0000000011], "layer_Op2_score": [0.4375, 0.425, 1.0], "layer_Barinel_score": [0.4375, 0.425, 1.0], "time": 0.5333764553070068}