{"neuron_counts": [60, 50, 1], "neuron_counts_selected": [60, 50, 1], "layer_tarantula_score": [0.13955687830687843, 0.06155174603174602, 0.5], "layer_ochiai_score": [0.10608421361018769, 0.05080701749976748, 0.7071008887036936], "layer_D_star_score": [0.23749377107949368, 0.245034674165641, 5.9999000016666395], "layer_Op2_score": [0.14250482532789197, -0.14079449722146828, 5.142869387580177], "layer_Barinel_score": [0.1395568783068784, 0.06155174603174609, 0.5], "time": 0.07240104675292969}