{"neuron_counts": [512, 256, 256, 1], "neuron_counts_selected": [100, 100, 100, 1], "layer_tarantula_score": [0.9801, 0.9801, 1.0, 1.0], "layer_ochiai_score": [0.27729889675768365, 0.5935909094709401, 0.6903464255745168, 0.7008652554713395], "layer_D_star_score": [41.26397447887545, 799.7290314732606, 1438.9485611515415, 1565.0034803452363], "layer_Op2_score": [273.1077, 1217.5744, 1573.1281000000001, 1621.0], "layer_Barinel_score": [0.9801, 0.9801, 1.0, 1.0], "time": 10.839834213256836}