{"neuron_counts": [512, 256, 256, 1], "neuron_counts_selected": [100, 100, 100, 1], "layer_tarantula_score": [1.0, 0.99, 1.0, 1.0], "layer_ochiai_score": [0.31508983320491324, 0.6297704243386222, 0.6992685475628277, 0.7014007419864375], "layer_D_star_score": [130.9002415085367, 1808.3165284943107, 2817.262872304819, 2847.130768714516], "layer_Op2_score": [649.2571501291554, 2414.264191920431, 2923.515398998374, 2940.1555998589592], "layer_Barinel_score": [1.0, 0.99, 1.0, 1.0], "time": 11.466650009155273}