{"neuron_counts": [512, 256, 256, 1], "neuron_counts_selected": [500, 256, 256, 1], "layer_tarantula_score": [0.080656, 0.9010162353515625, 1.0, 1.0], "layer_ochiai_score": [0.0017241219735590636, 0.40453389393154693, 0.6721660134038333, 0.6963106132726306], "layer_D_star_score": [0.0846471002333442, 259.009415567368, 1235.2708750136792, 1505.8822643598667], "layer_Op2_score": [0.3058359999999992, 613.2788391113281, 1491.439224243164, 1600.0], "layer_Barinel_score": [0.080656, 0.9010162353515625, 1.0, 1.0], "time": 31.17357897758484}