{"neuron_counts": [512, 256, 256, 1], "neuron_counts_selected": [100, 100, 100, 1], "layer_tarantula_score": [1.0, 0.9801, 1.0, 1.0], "layer_ochiai_score": [0.2627482938887487, 0.5958435385228386, 0.6911399995837284, 0.7014007419864375], "layer_D_star_score": [49.422571419049746, 1380.8978798261528, 2625.495911600263, 2847.130768714516], "layer_Op2_score": [448.9351925115335, 2184.6599868910225, 2855.657803767613, 2940.1555998589592], "layer_Barinel_score": [1.0, 0.9801, 1.0, 1.0], "time": 11.230751514434814}