{"neuron_counts": [64, 128, 64, 1], "neuron_counts_selected": [64, 128, 64, 1], "layer_tarantula_score": [0.6971171611177529, 0.40361043537598357, 0.10986355590614315, 0.5000012499906251], "layer_ochiai_score": [0.7274552267046719, 0.6590738471128312, 0.17940553850696656, 0.8164945396939283], "layer_D_star_score": [21.94503847815152, 32.28971613821218, 8.788974610253899, 39.99960000399996], "layer_Op2_score": [12.646308877216882, 15.408631505782473, 4.1947816454509494, 19.09091735529677], "layer_Barinel_score": [0.8154650342228572, 0.5381392555675287, 0.1464843750000002, 0.6666666666666667], "time": 0.16576528549194336}