{"neuron_counts": [12544, 10816, 2704, 5408, 3872, 800, 1600, 576, 64, 64, 50, 50, 10, 10, 10], "neuron_counts_selected": [500, 500, 500, 500, 500, 500, 500, 500, 64, 64, 50, 50, 10, 10, 10], "layer_tarantula_score": [NaN, 0.0003274285535640998, 0.0019083025755903872, 0.00926515812629001, 0.07308385494654962, 0.16627906907803883, 0.1466234573241898, 0.16983197215552562, 0.2796464372803077, 0.2796464372803077, 0.25127012592699566, 0.25127012592699566, 0.337655578612398, 0.337655578612398, 0.19938347152988792], "layer_ochiai_score": [NaN, 7.614095221073787e-06, 6.320323152799853e-05, 0.00024265144148012322, 0.0022955717138923044, 0.006042219842255435, 0.005597189472456972, 0.00702402594236533, 0.019375206876778725, 0.019375206876778725, 0.01666207099914011, 0.01666207099914011, 0.014702541316994854, 0.014702541316994854, 0.0074436947757471296], "layer_D_star_score": [NaN, 7.109329560198075e-06, 0.00012538463101989354, 0.0003436740882990827, 0.003842649826865105, 0.014563594924439984, 0.013615029406016364, 0.017786292000543515, 0.09885424192585233, 0.09885424192585233, 0.05136518170222033, 0.05136518170222033, 0.03618975586967372, 0.03618975586967372, 0.010911463806023466], "layer_Op2_score": [NaN, 0.0006294707984454974, 0.017436681548809056, 0.05169460087816658, 0.5844102046252997, 2.1095041069165212, 2.167243432733553, 3.021881718034229, 13.617480415571686, 13.617480415571686, 14.825952953600702, 14.825952953600702, 7.861924668324231, 7.861924668324231, 3.9176641690977654], "layer_Barinel_score": [NaN, 8.212960436348994e-06, 3.0235284566782608e-05, 0.00015069184420052123, 0.0011762705154216753, 0.0024760630145499673, 0.0020381296142463795, 0.002265970731303719, 0.003968290795503949, 0.003968290795503949, 0.002730486918540675, 0.002730486918540675, 0.004068947043933092, 0.004068947043933092, 0.0020710557722621145], "time": 439.81740975379944}