{"neuron_counts": [12544, 10816, 2704, 5408, 3872, 800, 1600, 576, 64, 64, 50, 50, 10, 10, 10], "neuron_counts_selected": [2000, 2000, 2000, 2000, 2000, 800, 1600, 576, 64, 64, 50, 50, 10, 10, 10], "layer_tarantula_score": [0.11117754915992922, 0.19142470554380528, 0.2516951931345735, 0.2705602354552727, 0.29646140236548657, 0.39919985148139386, 0.344704092140991, 0.2268129706119328, 0.32375270678695717, 0.32375270678695717, 0.3819661453039317, 0.3819661453039317, 0.5025881468580244, 0.5025881468580244, 0.6031362830552066], "layer_ochiai_score": [0.005817559997990527, 0.008939256463793954, 0.015196521872455593, 0.016389786302397277, 0.015379058107135895, 0.029328331749836272, 0.022540580210192132, 0.013495720078860447, 0.03132131589109603, 0.03132131589109603, 0.035621154806617296, 0.035621154806617296, 0.03202972009142495, 0.03202972009142495, 0.048119634828925936], "layer_D_star_score": [0.013109793498569855, 0.017437232494148094, 0.04357322915878486, 0.04691845516685444, 0.03543744409044584, 0.10910539684832445, 0.07008650161801537, 0.03555247180583538, 0.1541121900133617, 0.1541121900133617, 0.13651659516838868, 0.13651659516838868, 0.09708629059836807, 0.09708629059836807, 0.2136981054191356], "layer_Op2_score": [1.4091211013639204, 1.9516627576217938, 4.490972005577392, 4.999239779497798, 3.702105030647048, 11.17971279013829, 8.001270774024428, 4.088433849364175, 13.937640221433416, 13.937640221433416, 18.251828850911185, 18.251828850911185, 9.749937418997302, 9.749937418997302, 14.807960029292822], "layer_Barinel_score": [0.0021651472624728677, 0.0035583448832676, 0.004688502482496453, 0.004924800241078675, 0.005606324017192895, 0.007320455833051712, 0.005989212164772102, 0.003960161707535743, 0.006240182775261236, 0.006240182775261236, 0.0062868124931209, 0.0062868124931209, 0.00980243826175275, 0.00980243826175275, 0.014568425742274578], "time": 1136.3153400421143}