{"neuron_counts": [12544, 10816, 2704, 5408, 3872, 800, 1600, 576, 64, 64, 50, 50, 10, 10, 10], "neuron_counts_selected": [500, 500, 500, 500, 500, 500, 500, 500, 64, 64, 50, 50, 10, 10, 10], "layer_tarantula_score": [0.03153934004058376, 0.09179794635468129, 0.14493357094360756, 0.14866407917221083, 0.24159999724657175, 0.34327761788499284, 0.31297088284489116, 0.1887286391262796, 0.3063743717508423, 0.3063743717508423, 0.34656887296692046, 0.34656887296692046, 0.45702893327608424, 0.45702893327608424, 0.4618066744796537], "layer_ochiai_score": [0.0013972185256340317, 0.003502755678327058, 0.006887674242646254, 0.006923879014416625, 0.010677969016618126, 0.0218953232036755, 0.01854562791716897, 0.011176996736164494, 0.02816360229550965, 0.02816360229550965, 0.029954465314449657, 0.029954465314449657, 0.027187238952989315, 0.027187238952989315, 0.02736859076434987], "layer_D_star_score": [0.0022634479547374623, 0.005178832562144478, 0.01370094161362519, 0.013760384368130665, 0.019180376951705276, 0.06732007390037827, 0.05017281251623395, 0.028030309228786025, 0.12782381804519502, 0.12782381804519502, 0.0977843947256024, 0.0977843947256024, 0.07317831705108534, 0.07317831705108534, 0.07140174460336926], "layer_Op2_score": [0.26854996390760294, 0.5815977580348662, 1.4508869378907066, 1.5442638326424558, 2.06670175456261, 6.955220027000284, 5.8400550575726315, 3.2909427136992595, 12.193954412071234, 12.193954412071234, 15.148132030453903, 15.148132030453903, 8.240398708989616, 8.240398708989616, 8.289998991622097], "layer_Barinel_score": [0.0006233835061721649, 0.0017980095286071406, 0.002859771127713054, 0.00275472722679104, 0.004691233780435234, 0.006316312118328243, 0.005449635518767812, 0.0032713658435530083, 0.005781137628027447, 0.005781137628027447, 0.005403600527919314, 0.005403600527919314, 0.008340660587003296, 0.008340660587003296, 0.008379124784973924], "time": 396.89297890663147}