{"neuron_counts": [12544, 10816, 2704, 5408, 3872, 800, 1600, 576, 64, 64, 50, 50, 10, 10, 10], "neuron_counts_selected": [500, 500, 500, 500, 500, 500, 500, 500, 64, 64, 50, 50, 10, 10, 10], "layer_tarantula_score": [0.032487095200816385, 0.08366987648454055, 0.14236882701813083, 0.18103860044381292, 0.22883446945234884, 0.37097462832194295, 0.29844366407456324, 0.20770291611038316, 0.3063743717508423, 0.3063743717508423, 0.34656887296692046, 0.34656887296692046, 0.45702893327608424, 0.45702893327608424, 0.4618066744796537], "layer_ochiai_score": [0.0013701482916420283, 0.003221851011113699, 0.007250843385196189, 0.008307233370528579, 0.010581856377593306, 0.023139830202960843, 0.016993370118254844, 0.011467564667495277, 0.02816360229550965, 0.02816360229550965, 0.029954465314449657, 0.029954465314449657, 0.027187238952989315, 0.027187238952989315, 0.02736859076434987], "layer_D_star_score": [0.0022922682772941513, 0.004581611229771922, 0.01668853290540018, 0.015650741843128316, 0.020699249624686722, 0.06857219663364217, 0.043236520291880604, 0.026999424468478313, 0.12782381804519502, 0.12782381804519502, 0.0977843947256024, 0.0977843947256024, 0.07317831705108534, 0.07317831705108534, 0.07140174460336926], "layer_Op2_score": [0.258811482022132, 0.5192485927922882, 1.7897354050780423, 1.7602417404034965, 2.2351074023082345, 7.140335376570025, 5.08030259277709, 3.366554368919316, 12.193954412071234, 12.193954412071234, 15.148132030453903, 15.148132030453903, 8.240398708989616, 8.240398708989616, 8.289998991622097], "layer_Barinel_score": [0.0006379410730415414, 0.0016666440854512655, 0.0026227915612877027, 0.0034068786208899015, 0.0043054611276900105, 0.006844177611010205, 0.005173443795443759, 0.0034931539387562265, 0.005781137628027447, 0.005781137628027447, 0.005403600527919314, 0.005403600527919314, 0.008340660587003296, 0.008340660587003296, 0.008379124784973924], "time": 397.8171947002411}