{"neuron_counts": [784, 14, 1], "neuron_counts_selected": [200, 14, 1], "layer_tarantula_score": [0.30250000000000005, 0.32653061224489793, 1.0], "layer_ochiai_score": [0.034801476518174765, 0.12360286277325076, 0.6963844356824919], "layer_D_star_score": [0.49936132605794864, 57.39783370450441, 1311.3392398702265], "layer_Op2_score": [14.170137077041739, 170.6942213544623, 1392.7246276523372], "layer_Barinel_score": [0.30250000000000005, 0.32653061224489793, 1.0], "time": 3.789740562438965}