{"neuron_counts": [784, 14, 1], "neuron_counts_selected": [100, 14, 1], "layer_tarantula_score": [1.0, 1.0, 1.0], "layer_ochiai_score": [0.5026835815538144, 0.4112742288243556, 0.6998541905832526], "layer_D_star_score": [353.54305254703826, 389.16927287664913, 760.3199078400112], "layer_Op2_score": [452.70910000000003, 410.4387755102041, 792.0], "layer_Barinel_score": [1.0, 1.0, 1.0], "time": 2.330578565597534}