{"neuron_counts": [784, 14, 1], "neuron_counts_selected": [500, 14, 1], "layer_tarantula_score": [1.0, 1.0, 1.0], "layer_ochiai_score": [0.5117067561435497, 0.5009601215990418, 0.6986860534261065], "layer_D_star_score": [665.7159027991088, 782.5611594170992, 1337.0975272770884], "layer_Op2_score": [854.9304117846182, 919.4714527266622, 1401.9460198213972], "layer_Barinel_score": [1.0, 1.0, 1.0], "time": 7.974599123001099}