{"neuron_counts": [12000, 6000, 6000, 6000, 50, 1], "neuron_counts_selected": [1000, 1000, 1000, 1000, 50, 1], "layer_tarantula_score": [0.49912870399936954, 0.49711692943803937, 0.50286739980287, 0.49981867558464643, 0.13322935235997224, 0.4999998557695497], "layer_ochiai_score": [0.33578295890527576, 0.4373216776960718, 0.4401761121975351, 0.43789636355227135, 0.15526643707235366, 0.6593796491717406], "layer_D_star_score": [2.9479937996171586, 7.578867373604705, 7.629851668733792, 7.5634028064399725, 5.662008807671061, 30.769171597746926], "layer_Op2_score": [10.210434442576522, 17.353944224633537, 17.365057414986012, 17.296585723423163, 8.137358910643565, 39.018869775717405], "layer_Barinel_score": [0.43649004660140817, 0.43303251260989534, 0.4386398760125798, 0.4356878425942352, 0.11554195270444262, 0.4347826086956522], "time": 4.059537649154663}