{"neuron_counts": [12000, 6000, 6000, 6000, 50, 1], "neuron_counts_selected": [500, 500, 500, 500, 50, 1], "layer_tarantula_score": [0.23436304206731162, 0.32271934237717986, 0.3671114993950847, 0.3477550525630085, 0.13105890710090354, 0.4999998557695497], "layer_ochiai_score": [0.045071199515874225, 0.0735015964794428, 0.08070884353606043, 0.07822472461159267, 0.14526600186714453, 0.6593796491717406], "layer_D_star_score": [0.016763999718626566, 0.042819845976915, 0.043748886142134964, 0.04281826441578667, 5.0191412742035375, 30.769171597746926], "layer_Op2_score": [0.3798490757564608, 0.7663773955143481, 0.7964905990743414, 0.7937736230686357, 7.236226799572077, 39.018869775717405], "layer_Barinel_score": [0.22566666666666668, 0.30334285714285714, 0.3490309523809524, 0.32754047619047616, 0.1138272550151447, 0.4347826086956522], "time": 2.2574782371520996}