{"neuron_counts": [12000, 6000, 6000, 6000, 50, 1], "neuron_counts_selected": [500, 500, 500, 500, 50, 1], "layer_tarantula_score": [0.36359888917367833, 0.3790664066169993, 0.38994586365454204, 0.3999248459865561, 0.033259400568567854, 0.4999998228748973], "layer_ochiai_score": [0.11745689243527582, 0.16672158140799523, 0.17031818956662434, 0.17186376124591365, 0.03648965193915557, 0.6497854346736582], "layer_D_star_score": [0.10980495147785636, 0.36202295274836277, 0.3671613301713631, 0.35615975924833065, 0.8823042773086536, 27.7691773669666], "layer_Op2_score": [1.608328571568733, 3.1700944848556887, 3.226362567806474, 3.197408592187563, 1.7588378527587687, 37.018869775717405], "layer_Barinel_score": [0.3058596024753026, 0.31491855895784754, 0.32482151272585486, 0.33312905184634606, 0.027541679771172983, 0.4222222222222223], "time": 2.1153383255004883}