{"neuron_counts": [12000, 6000, 6000, 6000, 50, 1], "neuron_counts_selected": [100, 100, 100, 100, 50, 1], "layer_tarantula_score": [0.501912509450879, 0.495922288651058, 0.49536829076746286, 0.5007380797281218, 0.13322935235997224, 0.4999998557695497], "layer_ochiai_score": [0.33920030031370874, 0.43044008967777403, 0.4362964234674167, 0.4410057537696392, 0.15526643707235366, 0.6593796491717406], "layer_D_star_score": [3.0024965150612184, 7.152870365241535, 7.638224297019417, 7.687054911051819, 5.662008807671061, 30.769171597746926], "layer_Op2_score": [10.334151426129386, 16.851698921322786, 17.298680077962118, 17.530000830187113, 8.137358910643565, 39.018869775717405], "layer_Barinel_score": [0.43909127397643416, 0.4319026226740277, 0.4316821769042556, 0.43651365694731, 0.11554195270444262, 0.4347826086956522], "time": 0.5410535335540771}