{"neuron_counts": [12000, 6000, 6000, 6000, 50, 1], "neuron_counts_selected": [500, 500, 500, 500, 50, 1], "layer_tarantula_score": [0.1884126614831958, 0.2992722836643992, 0.29270090512325, 0.2848631720116912, 0.03250190042501656, 0.4999998557695497], "layer_ochiai_score": [0.045645641292736676, 0.09093087595039782, 0.08886281710741119, 0.08555488242315579, 0.035653659506396894, 0.6593796491717406], "layer_D_star_score": [0.018260325375787798, 0.07396109285625505, 0.07275275929468271, 0.061634249656118086, 0.901411070456318, 30.769171597746926], "layer_Op2_score": [0.45334903727351444, 1.187792924934104, 1.1655331535902755, 1.0837708089154534, 1.7519020009396216, 39.018869775717405], "layer_Barinel_score": [0.16762609610389625, 0.26030832200022197, 0.25499510367573636, 0.2478880723554221, 0.02775500731914707, 0.4347826086956522], "time": 4.104264259338379}