{"neuron_counts": [12000, 6000, 6000, 6000, 50, 1], "neuron_counts_selected": [100, 100, 100, 100, 50, 1], "layer_tarantula_score": [0.4344577175602769, 0.4634971896318747, 0.468565130262397, 0.4748935715651915, 0.0341800235474488, 0.4999998228748973], "layer_ochiai_score": [0.27848783618547984, 0.3882088409359608, 0.3965816168846125, 0.4028194134123779, 0.03846711266048351, 0.6497854346736582], "layer_D_star_score": [1.6762345312640845, 4.964990065940808, 5.293103269545228, 5.4380429619746975, 0.9888114886390016, 27.7691773669666], "layer_Op2_score": [7.744460851017263, 14.166429093718687, 14.60577815230537, 14.867985701725091, 1.9056001207544895, 37.018869775717405], "layer_Barinel_score": [0.3618245066852333, 0.38782991270333095, 0.39252685191057035, 0.39860551342278017, 0.02836629213342787, 0.4222222222222223], "time": 0.5566353797912598}