{"neuron_counts": [12000, 6000, 6000, 6000, 50, 1], "neuron_counts_selected": [500, 500, 500, 500, 50, 1], "layer_tarantula_score": [0.44541373956151553, 0.4569212600096048, 0.4581520612127265, 0.4652462284620444, 0.0341800235474488, 0.4999998228748973], "layer_ochiai_score": [0.2865746162177914, 0.38501034781866994, 0.3858714396907404, 0.3955256644927212, 0.03846711266048351, 0.6497854346736582], "layer_D_star_score": [1.7613006500971113, 4.965682998736197, 4.968826330002452, 5.257228580141224, 0.9888114886390016, 27.7691773669666], "layer_Op2_score": [8.024221908419042, 14.166449714283559, 14.193468960851021, 14.600468125735611, 1.9056001207544895, 37.018869775717405], "layer_Barinel_score": [0.37162160057624694, 0.38166895386165695, 0.3828178726170542, 0.38954054862952764, 0.02836629213342787, 0.4222222222222223], "time": 1.782111406326294}