{"neuron_counts": [32768, 32768, 8192, 8192, 16384, 16384, 4096, 4096, 8192, 8192, 2048, 2048, 2048, 512, 512, 10], "neuron_counts_selected": [500, 500, 500, 500, 500, 500, 500, 500, 500, 500, 500, 500, 500, 500, 500, 10], "layer_tarantula_score": [0.1126713456838429, 0.34225993890839423, 0.3765041147578554, 0.37643541686316956, 0.21816537244787554, 0.23032097220401093, 0.2805090941279091, 0.27795651033420854, 0.12120524222923179, 0.017577534591294516, 0.038432684561345416, 0.028765572199504277, 0.029351958474326777, 0.18968790543237277, 0.2045108229032583, 0.10943025136403559], "layer_ochiai_score": [0.015320281872619013, 0.03447582037321398, 0.049937271524701884, 0.05872557306445604, 0.02099578815289122, 0.01972690475318127, 0.0326885991204679, 0.03845189593640362, 0.006528443040825034, 0.0013429353475656438, 0.0018305011663831217, 0.0014578781867250262, 0.002086601915174563, 0.06508999775738426, 0.06897596390899015, 0.02296498516995029], "layer_D_star_score": [4.527670206378405, 2.2675414756752654, 4.862810378214965, 8.931884873314111, 1.1200609426500732, 0.5449207179366762, 1.5638738670471484, 3.164854540744985, 0.025062801876351223, 0.00907869276317645, 0.021381430224407087, 0.01345642429500553, 0.031434200073818586, 29.77224681926435, 28.79132984770141, 0.37445820085620557], "layer_Op2_score": [29.298917139383903, 44.41395856215994, 81.87161568880869, 109.59113256779249, 26.98246857860578, 21.406278941009376, 45.60773560765194, 62.25756332425294, 3.673419912434071, 0.9598737945828005, 1.348311516058361, 1.0182138056642296, 1.7979952213251822, 206.08800644136218, 217.78223034762334, 38.37293150218875], "layer_Barinel_score": [0.10484990689128909, 0.31520612499824163, 0.3463810688895395, 0.34562079344398877, 0.20151640556477848, 0.21380087469148612, 0.2583824682344664, 0.2552643110798018, 0.11254744917162453, 0.016339159568571102, 0.03656230719882954, 0.027525128360370278, 0.02742341719120207, 0.17138510002305749, 0.1850239149177924, 0.09422845095384161], "time": 609.4281198978424}