{"neuron_counts": [32768, 32768, 8192, 8192, 16384, 16384, 4096, 4096, 8192, 8192, 2048, 2048, 2048, 512, 512, 10], "neuron_counts_selected": [200, 200, 200, 200, 200, 200, 200, 200, 200, 200, 200, 200, 200, 200, 200, 10], "layer_tarantula_score": [0.05618649314378222, 0.40995518627920896, 0.3976112972784538, 0.4044066240031591, 0.24478586788733153, 0.29394194809617974, 0.34811504041767793, 0.3365051142086279, 0.3558269424405831, 0.14413418669965275, 0.17997946973473666, 0.17997581124384512, 0.19769304779010835, 0.14511193409639517, 0.12462719864856217, 0.504518527143489], "layer_ochiai_score": [0.016276475343805392, 0.10524539647311762, 0.1485442343601977, 0.1626289087722199, 0.04449467099728986, 0.057973967873941684, 0.105785467701894, 0.1160945319323013, 0.07888789971306237, 0.029215152782375953, 0.05512838839216576, 0.06437040489455596, 0.06601342091665441, 0.0949753590127101, 0.07378223621073594, 0.36192995067293676], "layer_D_star_score": [11.538261798433973, 24.633204344681893, 70.21264326598303, 82.21266685569212, 7.415662256027445, 5.919130352519592, 30.98633825750059, 38.82224455144221, 19.516137663312694, 2.882898647742776, 12.807874393680828, 21.11051011290943, 14.042546276673265, 102.07002567308872, 78.2808121501074, 429.14032984123554], "layer_Op2_score": [45.50434603868629, 192.92480087516014, 374.1944364122621, 411.435003147455, 69.52270797218247, 80.79122288038607, 223.18952326199897, 256.572361675563, 145.87791039533752, 41.33580054728314, 111.50860998975746, 143.8552504695826, 133.88022598735876, 346.2763367004679, 264.0469062829899, 1304.455283318576], "layer_Barinel_score": [0.05478043748622685, 0.39989744212835115, 0.3878262511696233, 0.3944994797491298, 0.23841485981338525, 0.28656377629250157, 0.3395709892716592, 0.3281757259976807, 0.34671097065606543, 0.14031807862854226, 0.17532973033572258, 0.17532120711360805, 0.1924669876886072, 0.14141982284166799, 0.12136393318328831, 0.49308431077012843], "time": 241.95636177062988}