{"neuron_counts": [32768, 32768, 8192, 8192, 16384, 16384, 4096, 4096, 8192, 8192, 2048, 2048, 2048, 512, 512, 10], "neuron_counts_selected": [200, 200, 200, 200, 200, 200, 200, 200, 200, 200, 200, 200, 200, 200, 200, 10], "layer_tarantula_score": [0.0405400567714958, 0.29336248103754553, 0.28212381362886835, 0.30767802632126207, 0.10037215647119958, 0.12096256968662666, 0.19721128777869137, 0.23043132030385424, 0.06666072891882924, 0.004525006265206529, 0.014978546261892565, 0.019991727587846755, 0.02350215605655805, 0.11445096538200966, 0.09333115782963433, 0.28749393407033924], "layer_ochiai_score": [0.004769959689495283, 0.029207783996183016, 0.04235371353390243, 0.04359823247324306, 0.008260494927408633, 0.0088383865594972, 0.022683523557410504, 0.02552454632744171, 0.0040206324344245065, 0.00019839100025167142, 0.0006022822553050493, 0.0007786930569969852, 0.0008867693269041866, 0.046213185882145, 0.03391025426298726, 0.05527619109760668], "layer_D_star_score": [0.27846479204967145, 1.1268852448343416, 3.5965183493841946, 3.3717601938859114, 0.1935089424907491, 0.10437919351505988, 0.7961337900984307, 1.0612650373079309, 0.01284792321578743, 0.0007102442688571799, 0.0015966162978030723, 0.0019656088258678535, 0.0005909963705610028, 16.910127154070608, 13.269810966869596, 3.1999134763414645], "layer_Op2_score": [6.979141281333238, 31.194949454274493, 64.9503843420349, 63.973770940005636, 7.010357100922983, 6.440514542549442, 26.113780450789648, 28.310283640419932, 2.1081442640774832, 0.08586864547359864, 0.1997800814377224, 0.22147661577299385, 0.23798684809714535, 146.68803964809317, 108.2176928063102, 106.23256217108207], "layer_Barinel_score": [0.03671141032414116, 0.26554528751600603, 0.25483671324816054, 0.27812778302653796, 0.09036676499452478, 0.1092909575487631, 0.1778080922915019, 0.20836684109080122, 0.0602065195360644, 0.004063050875330582, 0.013708540788109753, 0.018269708075724513, 0.021322699402970623, 0.1025121957782395, 0.08333972898016088, 0.2531200921448311], "time": 250.58629822731018}