{"neuron_counts": [32768, 32768, 8192, 8192, 16384, 16384, 4096, 4096, 8192, 8192, 2048, 2048, 2048, 512, 512, 10], "neuron_counts_selected": [500, 500, 500, 500, 500, 500, 500, 500, 500, 500, 500, 500, 500, 500, 500, 10], "layer_tarantula_score": [0.08994346219026067, 0.30063276785305676, 0.3626398593920007, 0.35910598158392637, 0.1492554603547712, 0.17972981029727544, 0.2198928111097942, 0.24353530902184709, 0.0813979491210887, 0.013154830739497607, 0.011599955636691455, 0.013405299066023623, 0.010300478925948979, 0.15988429226519799, 0.15296512881890464, 0.01035015221842457], "layer_ochiai_score": [0.00807663034483335, 0.025449824948798543, 0.03766056924033866, 0.03748444992350729, 0.011776292934579565, 0.013065735783388426, 0.020805128392951483, 0.021366634871591832, 0.0028278998237336833, 0.0006159478221866483, 0.0008388755686914208, 0.0009917194004533975, 0.0006410853119584569, 0.041381026338575995, 0.03754318389603544, 0.0010083475953470012], "layer_D_star_score": [1.9441638183442047, 1.7408474125667677, 3.0925298163537716, 2.0666341857944244, 0.5051844691989117, 0.18245281877366842, 0.5521838127750212, 0.4754435973291882, 0.0043510376873622195, 0.0009558117811402362, 0.005513383869068175, 0.010252819490627337, 0.00380162321594219, 9.461100489374875, 9.396394285235187, 0.0003361979470155431], "layer_Op2_score": [10.936134173205334, 30.135633431621944, 51.484645932744954, 49.61220149609978, 12.83926790649785, 11.430628941189665, 23.586214688410852, 22.403588213201772, 1.0515349793059932, 0.2734703274491949, 0.5922937332095856, 0.8234808336666917, 0.43258120385955856, 104.41002200468631, 89.52793501148449, 0.7563441815829706], "layer_Barinel_score": [0.08343760270326019, 0.2792348277658514, 0.33630626694360505, 0.3327252184951202, 0.13785264270384778, 0.16688309106150426, 0.20320799288970562, 0.22567226722816355, 0.07703479338015157, 0.012510854675177124, 0.010689581133727977, 0.012730254904291591, 0.00962135185915775, 0.14329709692532783, 0.1371165501418562, 0.00875058526966166], "time": 608.3629674911499}