{"neuron_counts": [32768, 32768, 8192, 8192, 16384, 16384, 4096, 4096, 8192, 8192, 2048, 2048, 2048, 512, 512, 10], "neuron_counts_selected": [500, 500, 500, 500, 500, 500, 500, 500, 500, 500, 500, 500, 500, 500, 500, 10], "layer_tarantula_score": [0.038529461022174576, 0.3150694095427794, 0.3716625535610826, 0.3493933260519295, 0.14142828509384295, 0.18426294073859706, 0.23601110522112678, 0.23039007883860696, 0.15929730204949494, 0.039129540950322284, 0.07766409429233523, 0.08279061683663687, 0.0766415525735188, 0.10428986859465776, 0.09324539572299817, 0.4050744661580325], "layer_ochiai_score": [0.007036920649341773, 0.053794575626881516, 0.08291401213517498, 0.08222305507875333, 0.018500081517237005, 0.02472055719778311, 0.04324489406994446, 0.04865438573750662, 0.018315590458980575, 0.0025676643337716673, 0.006460647691019857, 0.007750393156278314, 0.006597453860018544, 0.04988026992190017, 0.0443205628412282, 0.15906729435375022], "layer_D_star_score": [1.2033150200554905, 3.314994708654568, 11.417225204502987, 11.682306717073454, 0.8516079177339191, 0.9963617730085045, 3.958430131972498, 5.056994161924678, 0.31057453891402764, 0.012305072959925998, 0.07229160055303159, 0.08213914283251009, 0.052050816461753996, 26.509590172034528, 23.670619278102837, 25.301249366934673], "layer_Op2_score": [12.344449354489623, 62.77116825506299, 127.32787332059985, 130.32593892279448, 18.944492194700352, 24.38061590320955, 58.03959685060904, 71.07120140635905, 14.182190526059609, 1.1041709277129552, 3.8557530996710923, 4.7336381141345845, 3.69375333960674, 141.12298848763575, 124.66024322455397, 321.9314341556968], "layer_Barinel_score": [0.037550424609312426, 0.3070518560375452, 0.3622733554294087, 0.3406473930243564, 0.13768538109170841, 0.17942022146466852, 0.2299136992076322, 0.22440417066543722, 0.15500555531229435, 0.03804831714690519, 0.07546553082483964, 0.08046633244500231, 0.07451692508245772, 0.10146580425876763, 0.09071049496656423, 0.3940288242005204], "time": 596.8462846279144}