{"neuron_counts": [32768, 32768, 8192, 8192, 16384, 16384, 4096, 4096, 8192, 8192, 2048, 2048, 2048, 512, 512, 10], "neuron_counts_selected": [500, 500, 500, 500, 500, 500, 500, 500, 500, 500, 500, 500, 500, 500, 500, 10], "layer_tarantula_score": [0.012799971832290775, 0.13955122045185947, 0.2057907759489684, 0.20368357688584907, 0.03649804831328208, 0.04948598254262296, 0.07839059408158244, 0.09268299631692037, 0.008631284256497994, 0.00021634615431143127, 0.00022268341800543587, 0.00023254037051320667, 0.0001543026068021922, 0.05831575993138106, 0.0535977191486729, 0.0019431043362905373], "layer_ochiai_score": [0.0009189615516079645, 0.00827903446442853, 0.015075937131035437, 0.015039505280664065, 0.0020395988708719775, 0.0028509077733275133, 0.0054758216826951735, 0.006369568365068444, 0.0002846048694651698, 9.834695154219049e-06, 1.164206088849112e-05, 1.2954415213224429e-05, 7.2525782924950885e-06, 0.010899649289064256, 0.009570852840468198, 0.00019128883341486668], "layer_D_star_score": [0.005309780731145007, 0.03754604283848287, 0.11465248033598485, 0.11893643372124917, 0.006870791024404477, 0.006116416954910891, 0.02893396354051069, 0.0247976993267007, 4.3625380804223403e-05, 4.846130093874741e-06, 2.3447172045884176e-05, 5.75472466932159e-05, 1.2763384070761205e-05, 0.5024721827847425, 0.3367245066122964, 2.429536027795316e-05], "layer_Op2_score": [0.4030611551411904, 3.3293575177962174, 7.69109204692861, 7.867610088352275, 0.7379507080936408, 1.02482840719686, 2.7137807432743206, 2.8147672090830995, 0.045130354045521466, 0.0022954872997375418, 0.004210429855443644, 0.005904071903239726, 0.0023764415788086984, 13.17526395555531, 10.697103921147423, 0.09644783125346175], "layer_Barinel_score": [0.01246503565822572, 0.1360170334404957, 0.20064082470871433, 0.19855019123790782, 0.03549710001216306, 0.048166714537285264, 0.0762798626998373, 0.09020207401404381, 0.00842554263250559, 0.000211705103142471, 0.0002172691883019611, 0.0002281903207219968, 0.00015067724496653888, 0.05645637950539472, 0.051889746568721716, 0.0018567639257294425], "time": 600.8688900470734}