{"neuron_counts": [32768, 32768, 8192, 8192, 16384, 16384, 4096, 4096, 8192, 8192, 2048, 2048, 2048, 512, 512, 10], "neuron_counts_selected": [200, 200, 200, 200, 200, 200, 200, 200, 200, 200, 200, 200, 200, 200, 200, 10], "layer_tarantula_score": [0.014178848749834017, 0.25597363336062234, 0.31899541762884254, 0.30077809134565536, 0.09979509593873315, 0.12671653964629875, 0.1389205056029239, 0.15443687570664302, 0.07555610937930413, 0.00883407850883863, 0.016643777132448665, 0.010221711509471012, 0.015245918900793, 0.07730594040213565, 0.09908733440602563, 0.28749393407033924], "layer_ochiai_score": [0.0021589592561567818, 0.025234679828367843, 0.04879386377555515, 0.044669770653614944, 0.008780160470065058, 0.010765967900100168, 0.016748040203247178, 0.02052540327262395, 0.004720530015909177, 0.0002469966689299006, 0.0006576315020270763, 0.00041089496840381664, 0.0006648182747815426, 0.027475843670368035, 0.03850239376177859, 0.05527619109760668], "layer_D_star_score": [0.22831419666383948, 0.722869115584274, 3.474312887900867, 3.3603132233394444, 0.18029869680516436, 0.12126298558686359, 0.8545653393403463, 0.9696546966767924, 0.012988152819294607, 2.1728521990723347e-05, 0.00024771435058527756, 0.0006968818078588432, 0.0010751861673410964, 8.9836415840773, 16.110294424498008, 3.1999134763414645], "layer_Op2_score": [3.560671754139956, 24.556362637332978, 74.11703920167706, 65.13588361007966, 7.489749935390101, 8.592586542157886, 21.501212574227107, 27.061505716278297, 2.4062419044456225, 0.04361598011449534, 0.17699616073297725, 0.12896219588164004, 0.22240778443993492, 81.64950002185628, 126.89390551715898, 106.23256217108207], "layer_Barinel_score": [0.01282030085673109, 0.23204375451061265, 0.2885463166570288, 0.27235187164722874, 0.08995631576121818, 0.11405244001101468, 0.1253112930354539, 0.1390526783171784, 0.06811859499331349, 0.008146534461992795, 0.015063542747717809, 0.00929349144288149, 0.013671685699929818, 0.069310592623589, 0.08871534382445039, 0.2531200921448311], "time": 249.74822878837585}