{"neuron_counts": [32768, 32768, 8192, 8192, 16384, 16384, 4096, 4096, 8192, 8192, 2048, 2048, 2048, 512, 512, 10], "neuron_counts_selected": [500, 500, 500, 500, 500, 500, 500, 500, 500, 500, 500, 500, 500, 500, 500, 10], "layer_tarantula_score": [0.09172236665717694, 0.3070700524284581, 0.34966726266492015, 0.35211927916579305, 0.16937420493528677, 0.1745464233563307, 0.22726621415951614, 0.2507749108773724, 0.09301520017946377, 0.012341457646147073, 0.010514761783156674, 0.012346549247244858, 0.018518429874892085, 0.15905006701200852, 0.16728626409010597, 0.01035015221842457], "layer_ochiai_score": [0.008686210996298993, 0.02203807932758793, 0.03195167499514703, 0.03904659226326927, 0.012807523096441635, 0.011946298114633923, 0.019883957668441574, 0.024303914125027772, 0.0029645579795010567, 0.0006915944161041844, 0.0006269593585796866, 0.0006512148746676447, 0.0010217727724597192, 0.040773219381722216, 0.0429714040231964, 0.0010083475953470012], "layer_D_star_score": [1.0105410060132183, 0.517257563307374, 1.3016408699917783, 2.269528843912958, 0.29257160333290233, 0.12192310468416111, 0.43337459261016975, 0.7709452657032546, 0.0027491084634837896, 0.0016017358069136184, 0.0019802513496680854, 0.001750155349720807, 0.00477304471100358, 10.71268301780131, 8.44500028822154, 0.0003361979470155431], "layer_Op2_score": [11.283602102770077, 20.904376494255338, 38.798869330924816, 53.7605286732439, 12.323968344981264, 9.519196849413483, 21.27347364320204, 28.727773740975092, 1.0059261799943364, 0.338474180773248, 0.36039748757162904, 0.3380032820030135, 0.607714569149954, 102.88851842221976, 104.96605637894623, 0.7563441815829706], "layer_Barinel_score": [0.08500526278246819, 0.2876983490091665, 0.3255983870450923, 0.32580318250202833, 0.15757020065270239, 0.16213618124760115, 0.2108963548141415, 0.23230128652747595, 0.0879561794762048, 0.011381083891095578, 0.00967306543862643, 0.011795340362469077, 0.017268493738473886, 0.1423647020079576, 0.14978427890128354, 0.00875058526966166], "time": 615.9422695636749}