{"neuron_counts": [32768, 32768, 8192, 8192, 16384, 16384, 4096, 4096, 8192, 8192, 2048, 2048, 2048, 512, 512, 10], "neuron_counts_selected": [200, 200, 200, 200, 200, 200, 200, 200, 200, 200, 200, 200, 200, 200, 200, 10], "layer_tarantula_score": [0.15341862242597534, 0.44775158836685686, 0.4493500907562493, 0.4770336782124323, 0.4011176080537624, 0.3622611887916637, 0.41861758915737796, 0.4275436361076666, 0.44344426417549326, 0.3173039790312087, 0.31104569252816316, 0.28842472435944105, 0.27863985028798444, 0.26262165455431885, 0.24175747040937556, 0.5582158863127702], "layer_ochiai_score": [0.0665209237961953, 0.1726826324465491, 0.2285114203670933, 0.23958673576253708, 0.11543015936892749, 0.10743779738396754, 0.18745757337282634, 0.1772894067844406, 0.18312380596608208, 0.09875338992346286, 0.13356906694352866, 0.1270921028639379, 0.12300871369177013, 0.18013671202659928, 0.16802194032974632, 0.40483578258531205], "layer_D_star_score": [151.91403015700135, 209.60907603041346, 343.94756029324964, 377.29998586457157, 94.74422969095063, 41.985450849604625, 218.5859026130216, 178.44558499399218, 187.40725819341168, 41.980736165634156, 122.34064879208816, 121.98153010477516, 118.40979192404087, 412.2529532563805, 422.3784159094739, 805.3251518900273], "layer_Op2_score": [364.00164584384197, 693.0339560382596, 1049.6391194302132, 1117.462699651903, 415.8614974733809, 316.2278752109992, 815.2894007236507, 723.5644508114227, 734.1524113917106, 294.8160151539173, 518.8341880966102, 504.77527105065485, 482.7109456575591, 1019.1262520348196, 982.4604548101441, 2047.2025347311906], "layer_Barinel_score": [0.1417394960547351, 0.4103167814589435, 0.4103925333108764, 0.4363873091999369, 0.3697094206122453, 0.33045086977106464, 0.38300539357873037, 0.39226306728759963, 0.4062203733429149, 0.29004181794835465, 0.28242894249235456, 0.2624713250306002, 0.2532370206437144, 0.24086536531907776, 0.22118958638785063, 0.5161277963030853], "time": 250.56728291511536}