{"neuron_counts": [1229312, 307328, 141376, 64800, 15488, 15488, 15488, 5000, 1000, 131], "neuron_counts_selected": [100, 100, 100, 100, 100, 100, 100, 100, 100, 100], "layer_tarantula_score": [0.46911176682728184, 0.48844128327591024, 0.44427904293525916, 0.38192652430552526, 0.40377634827378295, 0.41872818651546606, 0.44705522029040895, 0.2698788245432071, 0.10797591509622477, 0], "layer_ochiai_score": [0.43349359485655553, 0.7063673620813733, 0.2319984613250853, 0.2048344116300489, 0.34144439862139303, 0.3573371077066622, 0.3696661025233893, 0.17149033250665546, 0.09765689678943003, 0], "layer_D_star_score": [16.642688204256565, 152.4098781417522, 15.112031033114613, 5.9512134253234255, 34.06698962465114, 31.83814556292983, 41.88252246385443, 17.759394878232623, 25.289254343579085, 0], "layer_Op2_score": [48.17773608174276, 125.28526757777671, 22.815459680405127, 16.868309643559957, 42.976066979920255, 43.39569197929527, 47.4170610470702, 19.075333471388767, 15.912685828231195, 0], "layer_Barinel_score": [0.6391640357907561, 0.657526019410325, 0.5943605001711356, 0.5170872822542227, 0.548717865055408, 0.5710296809366018, 0.6011250085655296, 0.36863257491032764, 0.14655281447265095, 0], "time": 5.854746341705322}