{"neuron_counts": [1229312, 307328, 141376, 64800, 15488, 15488, 15488, 5000, 1000, 131], "neuron_counts_selected": [500, 500, 500, 500, 500, 500, 500, 500, 500, 131], "layer_tarantula_score": [0.13100219826318477, 0.2922933071869597, 0.12082618011135421, 0.01619828495117943, 0.03339316394115623, 0.020469341103787318, 0.029196891001262826, 0.05255424815073606, 0.09891037047873061, 0.0038167947095266107], "layer_ochiai_score": [0.015207643210822004, 0.047877529357071215, 0.022514885092744293, 0.0032300360097951984, 0.009922055072456823, 0.004990950294882817, 0.00625883317181618, 0.026949116252562286, 0.11540120084719868, 0.006224296605620412], "layer_D_star_score": [0.11570508232385805, 0.31796875582272366, 0.2217042733816785, 0.04254305875704331, 0.42674676141714046, 0.13630670391494207, 0.12708018315668176, 4.052484004416057, 51.96973233714771, 3.4822233191829133], "layer_Op2_score": [0.6625466989634695, 2.5350927978569913, 1.293511611296251, 0.2409083880785723, 1.115319027376431, 0.47529974256610985, 0.5449661497897731, 4.319727974976262, 29.050177291570137, 1.7478213799744555], "layer_Barinel_score": [0.13712560040311939, 0.3221825643404794, 0.13596455948641642, 0.01745913301166761, 0.038736736609680446, 0.022725982672291617, 0.03185570192838564, 0.06318682523181413, 0.1271826566583671, 0.005075186945774471], "time": 10.043717861175537}