{"neuron_counts": [1229312, 307328, 141376, 64800, 15488, 15488, 15488, 5000, 1000, 131], "neuron_counts_selected": [2000, 2000, 2000, 2000, 2000, 2000, 2000, 2000, 1000, 131], "layer_tarantula_score": [0.47469031099544956, 0.4894930613443842, 0.40761428311956444, 0.3865418778081352, 0.4323398586909637, 0.42430189636661186, 0.4307498180397343, 0.25378911542192906, 0.10106813806022522, 0.00011726872676909239], "layer_ochiai_score": [0.43716767910920096, 0.704629917882165, 0.23046206634878288, 0.21036124813825785, 0.37389417234122024, 0.370871943427659, 0.3634703402969877, 0.17379580508620754, 0.09127112807361798, 9.553558852580278e-05], "layer_D_star_score": [23.715315567931643, 207.92076378271835, 16.83348225710211, 8.418021060929181, 56.823703553593745, 55.83599969341178, 53.7284395863687, 27.954539628411737, 31.315345357670438, 0.02711391165429674], "layer_Op2_score": [67.53245331987301, 172.47469897165007, 30.13542404853734, 23.72705048874735, 66.03313746725316, 65.63519773258305, 63.11137097623052, 28.67023029608233, 19.98891892965466, 0.017812136404293546], "layer_Barinel_score": [0.6409787630505758, 0.6552990336361739, 0.5525061952662874, 0.5253446463616094, 0.5837986773549904, 0.5735764110547973, 0.5825806103632707, 0.3448595266387595, 0.13595736175997417, 0.00015560880400683177], "time": 33.82900619506836}