{"neuron_counts": [1229312, 307328, 141376, 64800, 15488, 15488, 15488, 5000, 1000, 131], "neuron_counts_selected": [500, 500, 500, 500, 500, 500, 500, 500, 500, 131], "layer_tarantula_score": [0.47520247623921863, 0.48985653469676654, 0.41464343416398275, 0.3986902645678617, 0.4296314533456303, 0.4158540056981232, 0.4346130346505383, 0.2587469439853104, 0.1069273591694024, 0.00011726872676909239], "layer_ochiai_score": [0.43777156958308955, 0.7061032730303735, 0.24014713052709616, 0.2216309834224791, 0.3837307395085974, 0.36006738221435813, 0.35284415197444824, 0.17018562272614207, 0.09780518075236685, 9.553558852580278e-05], "layer_D_star_score": [23.818600288498093, 209.87879625349117, 17.697070699591606, 9.956812782708587, 65.17532901880315, 56.38234970826048, 46.26555064556338, 27.81462212556627, 36.292154587158436, 0.02711391165429674], "layer_Op2_score": [67.6490332205487, 173.10459432643205, 31.828358423559514, 25.749154564607572, 70.16715075467259, 64.27773265321042, 59.24062755577255, 27.811809821519613, 22.062384679173288, 0.017812136404293546], "layer_Barinel_score": [0.641409113721587, 0.6556231674071133, 0.5596949602570268, 0.5433508635795611, 0.5807575307569743, 0.5627966070122478, 0.5851904205933222, 0.35008372102622703, 0.14331404899821595, 0.00015560880400683177], "time": 10.350742816925049}