{"neuron_counts": [1229312, 307328, 141376, 64800, 15488, 15488, 15488, 5000, 1000, 131], "neuron_counts_selected": [500, 500, 500, 500, 500, 500, 500, 500, 500, 131], "layer_tarantula_score": [0.291900196778825, 0.42417215806822384, 0.0540463878692426, 0.005273779133883901, 0.019675942944698453, 0.02204404652225794, 0.026460866207453304, 0.022981389481064613, 0.027036236460017536, 2.9135840073660315e-05], "layer_ochiai_score": [0.046214637418888704, 0.13389077586335119, 0.013646991530128013, 0.0008347604716991814, 0.00383319100297985, 0.00408642224480922, 0.004675616925983459, 0.00716879517944473, 0.026927181330287504, 4.762615377680911e-05], "layer_D_star_score": [0.014095502640917055, 0.24364075826576034, 0.03735448766978263, 0.0007685317961279373, 0.004357139635574932, 0.006126183208240682, 0.011204313862822356, 0.15335078120788742, 6.346575328792251, 0.01957995707473145], "layer_Op2_score": [0.9420038209335463, 5.130855184139068, 0.49693324302232134, 0.018979571952890798, 0.09990595383101215, 0.1043161920759596, 0.12587762077902176, 0.4115880510237728, 4.253758268925857, 0.009673789752240558], "layer_Barinel_score": [0.3677129281769736, 0.5801400639737162, 0.07276383343495975, 0.006440642235939116, 0.025759249360294202, 0.02810611336780858, 0.03242807532031019, 0.031071726729344003, 0.03671838930719454, 3.892547054367411e-05], "time": 22.402578353881836}