{"neuron_counts": [1229312, 307328, 141376, 64800, 15488, 15488, 15488, 5000, 1000, 131], "neuron_counts_selected": [100, 100, 100, 100, 100, 100, 100, 100, 100, 100], "layer_tarantula_score": [0.503425141135085, 0.5011597735032985, 0.49589826890953836, 0.4621844469568085, 0.4779186647957747, 0.5012471691737641, 0.4997486757036368, 0.4155571183265645, 0.29466295858896646, 0.00500000106947986], "layer_ochiai_score": [0.4603285421355456, 0.7213132435864135, 0.3350208988641733, 0.3574648620412558, 0.5101193660642953, 0.548020009824929, 0.5621442417448373, 0.3487226843042949, 0.32083562264528936, 0.00815382855336274], "layer_D_star_score": [28.77237012439274, 234.30283896559501, 54.284759121690016, 55.3622370996239, 153.38298424383996, 146.3563563477752, 182.7214052040545, 100.06685504820854, 139.06387270400472, 4.561712548129616], "layer_Op2_score": [73.07651006692068, 179.140991811801, 57.606806472720706, 64.01261682392966, 112.22070101022402, 118.32574541783508, 128.1085227152562, 74.55402653304361, 80.27061601937248, 2.2896460077665366], "layer_Barinel_score": [0.6662741765719952, 0.6656510799012756, 0.6280115727117187, 0.5919465454439198, 0.6292335410101846, 0.663692534728218, 0.6574435161721963, 0.5269870393461633, 0.37765924003442464, 0.006648494898964557], "time": 3.4825279712677}