{"neuron_counts": [1229312, 307328, 141376, 64800, 15488, 15488, 15488, 5000, 1000, 131], "neuron_counts_selected": [200, 200, 200, 200, 200, 200, 200, 200, 200, 131], "layer_tarantula_score": [0.4758808683811832, 0.49021231458769715, 0.410314244632443, 0.37949963026635336, 0.45497695441972225, 0.42613151713330555, 0.4559897446682754, 0.27474045572332934, 0.14194286014745702, 0.00011710336559027196], "layer_ochiai_score": [0.43671637373338, 0.7042977553369532, 0.23575717584384354, 0.19992059353078287, 0.3449264069911756, 0.3477364018911974, 0.39530215687774434, 0.15430336194676578, 0.1381623063799499, 0.00010098527583243905], "layer_D_star_score": [16.958971038306696, 150.44297658620985, 11.732692455818828, 7.021384692507591, 35.89634138655379, 35.22370306793758, 46.534836769171136, 14.68090736362029, 36.60436520868539, 0.02017658332447218], "layer_Op2_score": [48.55968518582121, 124.27290059889809, 22.33310522246405, 16.79535279830024, 41.44193779474668, 42.94633423716162, 51.42298160850403, 16.039977795919263, 22.68385968600038, 0.013671642052504974], "layer_Barinel_score": [0.6451525138776036, 0.6591202240898127, 0.5616859109215517, 0.5152391165807437, 0.6150143019396823, 0.5772481439239809, 0.6163861843937782, 0.3746993620250972, 0.19086338836418024, 0.00015619547743344058], "time": 5.965116500854492}