{"neuron_counts": [1229312, 307328, 141376, 64800, 15488, 15488, 15488, 5000, 1000, 131], "neuron_counts_selected": [500, 500, 500, 500, 500, 500, 500, 500, 500, 131], "layer_tarantula_score": [0.5039204508540047, 0.4998429637735694, 0.5110233485547909, 0.4911670641230062, 0.48715433007569287, 0.4788487837361651, 0.4985919861460451, 0.39966187107559087, 0.2552656732331503, 0.007728613787697787], "layer_ochiai_score": [0.46081952101941037, 0.7213572652611058, 0.37886158405947323, 0.34425754978143985, 0.5252601064706646, 0.5051797269051135, 0.49224477898463026, 0.3452283012417391, 0.2781658361839673, 0.008321251769373724], "layer_D_star_score": [28.887043567705742, 234.4990296230288, 65.28105607316255, 42.50115835207108, 155.29746719744546, 141.34954806557732, 126.53750764459487, 106.51692629028727, 128.27709183425713, 3.5054563550262303], "layer_Op2_score": [73.15925966306001, 179.43696330042164, 69.18038473890105, 56.41307023300652, 116.51293330178952, 110.30290433927809, 103.650559920349, 74.41935521000437, 70.50545097066744, 1.9430108763037732], "layer_Barinel_score": [0.6668235132303671, 0.6645253525874496, 0.6498985907340923, 0.6333003831552214, 0.6390899780490183, 0.6291756359379732, 0.6478732915228383, 0.5107402069672813, 0.32522546997220625, 0.01023437943334634], "time": 10.568894863128662}