{"neuron_counts": [1229312, 307328, 141376, 64800, 15488, 15488, 15488, 5000, 1000, 131], "neuron_counts_selected": [200, 200, 200, 200, 200, 200, 200, 200, 200, 131], "layer_tarantula_score": [0.5049212103979951, 0.49964511643039955, 0.4895673468302789, 0.4781145616681856, 0.5010379169095797, 0.49917169759228763, 0.49404287009958225, 0.4454519387275463, 0.2732590567015636, 0.007728613787697787], "layer_ochiai_score": [0.4638654189615735, 0.7210169009287694, 0.3584679987876557, 0.3316976993586169, 0.5237661894261294, 0.532767239555359, 0.4837680680437385, 0.4089535650529876, 0.24968672201157752, 0.008321251769373724], "layer_D_star_score": [29.710729200721754, 235.1049105120875, 66.59479152587929, 36.90880741234352, 138.97904631010897, 147.61420977854903, 121.8116753671614, 137.94930846252845, 106.20119703071846, 3.5054563550262303], "layer_Op2_score": [74.02900526642988, 179.34619867938795, 66.10382616221403, 52.902377871711295, 112.6417050083392, 116.7085152550444, 100.13926239556065, 91.77500535337069, 60.276078223393036, 1.9430108763037732], "layer_Barinel_score": [0.6678302222618826, 0.6643216433506592, 0.6274749308128613, 0.6207116578930169, 0.6525048006347393, 0.6518172195908654, 0.6483935308148493, 0.5685444013670479, 0.34172770904219774, 0.01023437943334634], "time": 5.196790456771851}