{"neuron_counts": [3200, 3200, 800, 800, 1600, 1600, 1600, 1600, 256, 256, 512, 512, 512, 512, 512, 512, 128, 128, 128, 512, 512, 512, 2], "neuron_counts_selected": [500, 500, 500, 500, 500, 500, 500, 500, 256, 256, 500, 500, 500, 500, 500, 500, 128, 128, 128, 500, 500, 500, 2], "layer_tarantula_score": [0.0285412643120706, 0.02081514835964302, 0.15066132344537864, 0.15054262579850944, 0.0018926415509373038, 0.0008013199213597249, 0, 0, 0, 0, 0, 0, 0, 0, 0, 0, 0, 0, 0, 0, 0, 0, 0.12500004006378154], "layer_ochiai_score": [0.008538470069022152, 0.006570059506417113, 0.06269139835940814, 0.06393614685020231, 0.0011962047622077264, 0.0004635844742789577, 0, 0, 0, 0, 0, 0, 0, 0, 0, 0, 0, 0, 0, 0, 0, 0, 0.1802768704019544], "layer_D_star_score": [0.002813842691149293, 0.0023041123198637332, 0.03372694699885748, 0.039707121828886166, 0.003188198130157191, 0.0007050607599317944, 0, 0, 0, 0, 0, 0, 0, 0, 0, 0, 0, 0, 0, 0, 0, 0, 3.520803993300056], "layer_Op2_score": [0.014733990692379254, 0.0034906417950628004, 0.2609785690571616, 0.27282259484157817, 0.005671721386758861, -0.0017178088476238979, 0, 0, -0.0005997831717400245, -0.0005997831717400245, 0, 0, 0, 0, 0, 0, 0, 0, 0, 0, 0, 0, 3.0192325443650434], "layer_Barinel_score": [0.02871400000000053, 0.02101733333333302, 0.15501062857142892, 0.15451942380952358, 0.001964877677394951, 0.0008292380952381316, 0, 0, 0, 0, 0, 0, 0, 0, 0, 0, 0, 0, 0, 0, 0, 0, 0.13], "time": 3.9519333839416504}