{"neuron_counts": [3200, 3200, 800, 800, 1600, 1600, 1600, 1600, 256, 256, 512, 512, 512, 512, 512, 512, 128, 128, 128, 512, 512, 512, 2], "neuron_counts_selected": [200, 200, 200, 200, 200, 200, 200, 200, 200, 200, 200, 200, 200, 200, 200, 200, 128, 128, 128, 200, 200, 200, 2], "layer_tarantula_score": [0.413253699257474, 0.405053758880522, 0.46890553470659313, 0.45346254285756393, 0.18634421228654519, 0.1446782406871272, 0.1569926117592891, 0.08607998653386101, 0.20346330771264087, 0.22286622256874783, 0.029550332210253036, 0.001984771794449847, 6.690696437939595e-05, NaN, NaN, NaN, NaN, NaN, NaN, NaN, NaN, NaN, 0.49999992781272967], "layer_ochiai_score": [0.313014765849424, 0.3025423593176136, 0.5630046159876829, 0.5339382860225612, 0.15212351428312973, 0.09404453734255261, 0.11106937269242109, 0.05562513690111467, 0.15928123700138713, 0.18462400685819452, 0.017353393861442364, 0.0009381997327660521, 2.530882400113583e-05, NaN, NaN, NaN, NaN, NaN, NaN, NaN, NaN, NaN, 0.6978799333247936], "layer_D_star_score": [1.2700102619161038, 1.1863108866587273, 8.30122927815065, 6.91539516196364, 0.9949519535897089, 0.33615096663871913, 0.6019197088162981, 0.20886496912480182, 1.2476366330892876, 1.6022276925277896, 0.0680195214169755, 0.0012492786719119782, 1.2486620130213053e-05, NaN, NaN, NaN, NaN, NaN, NaN, NaN, NaN, NaN, 16.616228871608502], "layer_Op2_score": [3.91171524383734, 3.717288064138796, 11.352687586494952, 10.495653626619132, 2.0456058652652196, 0.98799604092159, 1.307328787213881, 0.5683806274578929, 2.148407952861078, 2.689561877203825, 0.1653618143068792, 0.003331926703277961, 0.00013463092724188996, NaN, NaN, NaN, NaN, NaN, NaN, NaN, NaN, NaN, 16.55215354551465], "layer_Barinel_score": [0.4017826763120798, 0.3938443117802723, 0.45616732356476314, 0.440808708754613, 0.1812476013110052, 0.14083975351206157, 0.15310998020694486, 0.08408740972352963, 0.19840084608403893, 0.21686680682741533, 0.028839297971804005, 0.0019307144660508234, 6.594540423834197e-05, NaN, NaN, NaN, NaN, NaN, NaN, NaN, NaN, NaN, 0.48703918429324033], "time": 2.0773048400878906}