{"neuron_counts": [3200, 3200, 800, 800, 1600, 1600, 1600, 1600, 256, 256, 512, 512, 512, 512, 512, 512, 128, 128, 128, 512, 512, 512, 2], "neuron_counts_selected": [500, 500, 500, 500, 500, 500, 500, 500, 256, 256, 500, 500, 500, 500, 500, 500, 128, 128, 128, 500, 500, 500, 2], "layer_tarantula_score": [0.18327503404744738, 0.1788119774871244, 0.4060571256410212, 0.38913531726268397, 0.04355575307330539, 0.008162636898346638, 0.0015584629181684443, 0.00023721972480846793, 0.008180577968558438, 0.008180577968558438, NaN, NaN, NaN, NaN, NaN, NaN, NaN, NaN, NaN, NaN, NaN, NaN, 0.49999992781272967], "layer_ochiai_score": [0.07953184692588612, 0.07966389942564715, 0.2976173530489713, 0.2852445970960849, 0.02116375770403915, 0.003990874935269844, 0.0007287390562246801, 9.838434303352484e-05, 0.004034770454075604, 0.004034770454075604, NaN, NaN, NaN, NaN, NaN, NaN, NaN, NaN, NaN, NaN, NaN, NaN, 0.6978799333247936], "layer_D_star_score": [0.06753044010756527, 0.07372694592971556, 1.1027007640708306, 1.1006961020575399, 0.042427399100366144, 0.007902907628567357, 0.001204263511804038, 8.951143071129308e-05, 0.0053950016827967575, 0.0053950016827967575, NaN, NaN, NaN, NaN, NaN, NaN, NaN, NaN, NaN, NaN, NaN, NaN, 16.616228871608502], "layer_Op2_score": [0.5097217175544223, 0.5272913159414947, 3.540841291249299, 3.411201991717677, 0.15348344453897578, 0.02491599039899421, 0.0005888453332457259, -0.002189641798031257, 0.023178740393226503, 0.023178740393226503, -0.0002543918016475629, NaN, NaN, NaN, NaN, NaN, NaN, NaN, NaN, NaN, NaN, NaN, 16.55215354551465], "layer_Barinel_score": [0.17955722855971648, 0.17500038340595828, 0.39496312612929135, 0.37843984727294905, 0.0426995292614456, 0.007981657386566175, 0.001526664620151387, 0.00023377598897466085, 0.007992931975107033, 0.007992931975107033, NaN, NaN, NaN, NaN, NaN, NaN, NaN, NaN, NaN, NaN, NaN, NaN, 0.48703918429324033], "time": 6.213858366012573}