{"neuron_counts": [3200, 3200, 800, 800, 1600, 1600, 1600, 1600, 256, 256, 512, 512, 512, 512, 512, 512, 128, 128, 128, 512, 512, 512, 2], "neuron_counts_selected": [500, 500, 500, 500, 500, 500, 500, 500, 256, 256, 500, 500, 500, 500, 500, 500, 128, 128, 128, 500, 500, 500, 2], "layer_tarantula_score": [0.4996573553929252, 0.49746856119352767, 0.5025676369796513, 0.5027542754121705, 0.3785293674637166, 0.2869648417569374, 0.32838551490192175, 0.2100333021180252, 0.375010389589464, 0.375010389589464, 0.16675587520282467, 0.040571828450112875, 0.014649925910111924, 0.0, 0.0, 0.0, 0.0, 0.0, 0.0, 0.0, 0.0, 0.0, 0.49999992781272967], "layer_ochiai_score": [0.3825593393916232, 0.37352677449920113, 0.6046536381912919, 0.6037647285159712, 0.3169605078049104, 0.19434305979540778, 0.2279470967211956, 0.1253221104144146, 0.3088059113649724, 0.3088059113649724, 0.10709693186423568, 0.017145423046222154, 0.008557329986953965, 0.0, 0.0, 0.0, 0.0, 0.0, 0.0, 0.0, 0.0, 0.0, 0.6978799333247936], "layer_D_star_score": [2.461545318993428, 2.3239151659866533, 10.615219843489744, 10.626325116752824, 3.80959411175502, 1.788389232149064, 2.207441700965064, 0.8557924221096084, 4.071561800667572, 4.071561800667572, 1.007587053658993, 0.02818682895253929, 0.04824948387329752, 0.0, 0.0, 0.0, 0.0, 0.0, 0.0, 0.0, 0.0, 0.0, 16.616228871608502], "layer_Op2_score": [5.130809522703616, 4.9104664266284175, 12.444526877429398, 12.408638988656628, 5.274547461544711, 2.77551646993205, 3.404198627516549, 1.5645446718110545, 5.327404188794878, 5.327404188794878, 1.5551830304642003, 0.13474039082483222, 0.10019585084007551, 0.0, 0.0, 0.0, 0.0, 0.0, 0.0, 0.0, 0.0, 0.0, 16.55215354551465], "layer_Barinel_score": [0.4883365638983558, 0.48656560961951095, 0.4897989664658435, 0.490012765405824, 0.3709056622798825, 0.282242206111614, 0.32264299022802695, 0.2068677394353294, 0.3680046059732045, 0.3680046059732045, 0.16439513630519986, 0.04006567880028036, 0.014427094478373703, 0.0, 0.0, 0.0, 0.0, 0.0, 0.0, 0.0, 0.0, 0.0, 0.48703918429324033], "time": 4.095221996307373}