{"neuron_counts": [3200, 3200, 800, 800, 1600, 1600, 1600, 1600, 256, 256, 512, 512, 512, 512, 512, 512, 128, 128, 128, 512, 512, 512, 2], "neuron_counts_selected": [500, 500, 500, 500, 500, 500, 500, 500, 256, 256, 500, 500, 500, 500, 500, 500, 128, 128, 128, 500, 500, 500, 2], "layer_tarantula_score": [0.4047698889732039, 0.4032988291539297, 0.4720541036686214, 0.4639708106894209, 0.19249436019725102, 0.12958889756072, 0.14098364939258015, 0.0593916598859163, 0.20253943381593947, 0.20253943381593947, 0.01813457054191573, 0.0016306268166102677, 0.0003458131536876359, NaN, NaN, NaN, NaN, NaN, NaN, NaN, NaN, NaN, 0.49999992781272967], "layer_ochiai_score": [0.3076159153016333, 0.302755995157263, 0.56727995165699, 0.5535829023232893, 0.15100275050830506, 0.08727098683207436, 0.09493396499981895, 0.03851648057388487, 0.15774963146535392, 0.15774963146535392, 0.011598674334867713, 0.0006930535410262734, 0.00018469180043007653, NaN, NaN, NaN, NaN, NaN, NaN, NaN, NaN, NaN, 0.6978799333247936], "layer_D_star_score": [1.251788939379633, 1.1644449910578976, 8.270810845269457, 7.806522282224691, 1.0547685282993722, 0.4491205742277534, 0.41528559473003746, 0.14867496822180967, 1.1923991152821276, 1.1923991152821276, 0.04839181763740254, 0.0006855965041851958, 0.0004692780399828287, NaN, NaN, NaN, NaN, NaN, NaN, NaN, NaN, NaN, 16.616228871608502], "layer_Op2_score": [3.848802165744999, 3.7109211654060226, 11.39827687838764, 11.057732981735208, 1.9902982530288678, 0.9721384123556155, 1.0509664492084836, 0.3974541924969114, 2.131313750243423, 2.131313750243423, 0.11815170039771063, 0.0020717502178617263, 0.0008695853390254029, NaN, NaN, NaN, NaN, NaN, NaN, NaN, NaN, NaN, 16.55215354551465], "layer_Barinel_score": [0.39349013644577824, 0.3921259621699627, 0.45928019803398024, 0.45126255579040725, 0.1874149092707463, 0.1264410580537326, 0.13731595039242994, 0.057855982595077855, 0.19729412751534114, 0.19729412751534114, 0.01768237462364971, 0.0015986858550726302, 0.0003390805852339671, NaN, NaN, NaN, NaN, NaN, NaN, NaN, NaN, NaN, 0.48703918429324033], "time": 4.396384239196777}