{"neuron_counts": [3200, 3200, 800, 800, 1600, 1600, 1600, 1600, 256, 256, 512, 512, 512, 512, 512, 512, 128, 128, 128, 512, 512, 512, 2], "neuron_counts_selected": [1000, 1000, 800, 800, 1000, 1000, 1000, 1000, 256, 256, 512, 512, 512, 512, 512, 512, 128, 128, 128, 512, 512, 512, 2], "layer_tarantula_score": [0.4069523897581449, 0.4017594958297849, 0.4654185569268706, 0.4654185569268706, 0.20229229161185824, 0.14338179208834384, 0.140252186852691, 0.06111144325565765, 0.20164634567350348, 0.20164634567350348, 0.025306336214888762, 0.0025309061790615684, 0.00020286127755794937, 0, 0, 0, 0, 0, 0, 0, 0, 0, 0.5000001602551262], "layer_ochiai_score": [0.3203508218384872, 0.3127066353830642, 0.574867773083823, 0.574867773083823, 0.16048567103361355, 0.09900658459691816, 0.09973846494391096, 0.03844450920487235, 0.16258211675989193, 0.16258211675989193, 0.017044290313757305, 0.0013289458340970052, 0.00010188479881442002, 0, 0, 0, 0, 0, 0, 0, 0, 0, 0.7211074816078176], "layer_D_star_score": [0.9735040189795147, 0.9156606282444845, 6.449690284956117, 6.449690284956117, 0.8477999606502297, 0.33177988758707105, 0.3390531649819928, 0.08858994596211486, 0.9862316389254673, 0.9862316389254673, 0.06325229395000054, 0.002023952774863453, 0.00017437999741551317, 0, 0, 0, 0, 0, 0, 0, 0, 0, 14.083215973200224], "layer_Op2_score": [2.808614585633957, 2.6956966143491217, 8.082330775652684, 8.082330775652684, 1.4898939159237259, 0.7534128695779282, 0.7905477161252632, 0.25270752657287493, 1.5672899254534713, 1.5672899254534713, 0.12476745496780123, 0.0034229961595413274, 0.00030811263539579255, 0, 0, 0, 0, 0, 0, 0, 0, 0, 12.076930177460174], "layer_Barinel_score": [0.4245611590548342, 0.4189553094100342, 0.48512100581769096, 0.48512100581769096, 0.21075975289453866, 0.1489700356889616, 0.145908744404791, 0.0634829409835468, 0.20976838382230462, 0.20976838382230462, 0.026239065897205427, 0.0026186603346682715, 0.00020790100097661595, 0, 0, 0, 0, 0, 0, 0, 0, 0, 0.52], "time": 5.837089538574219}