{"neuron_counts": [3200, 3200, 800, 800, 1600, 1600, 1600, 1600, 256, 256, 512, 512, 512, 512, 512, 512, 128, 128, 128, 512, 512, 512, 2], "neuron_counts_selected": [100, 100, 100, 100, 100, 100, 100, 100, 100, 100, 100, 100, 100, 100, 100, 100, 100, 100, 100, 100, 100, 100, 2], "layer_tarantula_score": [0.39329519281548697, 0.437877525855198, 0.4560271437674517, 0.45645984411740165, 0.22081203380473233, 0.11353615119056043, 0.1815098179498456, 0.06489105168756495, 0.23565617953030824, 0.22512174971424725, 0.03499044573261756, 0.0020687953010309914, 0.0002676278575173744, NaN, NaN, NaN, NaN, NaN, NaN, NaN, NaN, NaN, 0.49999992781272967], "layer_ochiai_score": [0.2961570567718177, 0.3282087389140922, 0.5392627562945159, 0.5378714099259971, 0.16599446086496494, 0.08006776588904103, 0.13608690995391734, 0.043267029000654586, 0.18405089015170692, 0.19004227596409545, 0.02438089321151394, 0.001364136210007133, 0.00010569892720753055, NaN, NaN, NaN, NaN, NaN, NaN, NaN, NaN, NaN, 0.6978799333247936], "layer_D_star_score": [1.1713423467795232, 1.315161175419842, 7.248323785783186, 7.29919656417203, 0.8894383254230875, 0.5229635689543234, 0.8064117484803098, 0.1547602141316549, 1.4189520214242783, 1.459945539188978, 0.16857754476753373, 0.011332011852338687, 5.9576415599235006e-05, NaN, NaN, NaN, NaN, NaN, NaN, NaN, NaN, NaN, 16.616228871608502], "layer_Op2_score": [3.686967850984359, 4.041871480323403, 10.681013939613617, 10.633997329760883, 2.026185839962567, 0.9583252461247619, 1.7228885908834801, 0.44959661390218425, 2.5272669842327966, 2.675665023636676, 0.29338682717141557, 0.015437237111161189, 0.0006014739050847421, NaN, NaN, NaN, NaN, NaN, NaN, NaN, NaN, NaN, 16.55215354551465], "layer_Barinel_score": [0.3820200034029662, 0.42616048737611556, 0.4433668422174265, 0.4438022414970131, 0.21512095254572433, 0.11056134655658591, 0.17671353248773966, 0.063179363248893, 0.22932866547539013, 0.21930140915554627, 0.034235869702285045, 0.002009694163338712, 0.00026378161695322715, NaN, NaN, NaN, NaN, NaN, NaN, NaN, NaN, NaN, 0.48703918429324033], "time": 1.1510348320007324}