{"neuron_counts": [3200, 3200, 800, 800, 1600, 1600, 1600, 1600, 256, 256, 512, 512, 512, 512, 512, 512, 128, 128, 128, 512, 512, 512, 2], "neuron_counts_selected": [500, 500, 500, 500, 500, 500, 500, 500, 256, 256, 500, 500, 500, 500, 500, 500, 128, 128, 128, 500, 500, 500, 2], "layer_tarantula_score": [0.4395802061178937, 0.41864874662912244, 0.49957397653915814, 0.5119209131153262, 0.1639775440039404, 0.10858747371209596, 0.04478232508933681, 0.023784636620801183, 0.08093179743602294, 0.08093179743602294, 0.0, 0.0, 0.0, 0.0, 0.0, 0.0, 0.0, 0.0, 0.0, 0.0, 0.0, 0.0, 0.49999992781272967], "layer_ochiai_score": [0.18749776425574702, 0.18475281376063266, 0.37009815601579316, 0.38055456943416616, 0.09725800652563069, 0.057862283962564785, 0.019384551610195946, 0.010409544339720076, 0.03929781726457739, 0.03929781726457739, 0.0, 0.0, 0.0, 0.0, 0.0, 0.0, 0.0, 0.0, 0.0, 0.0, 0.0, 0.0, 0.6978799333247936], "layer_D_star_score": [0.32025842291149575, 0.33785890618889297, 2.3551302064671034, 2.497420928961888, 0.8589728936201364, 0.4071706557322268, 0.051500069299727516, 0.02227139300706899, 0.12381244105110903, 0.12381244105110903, 0.0, 0.0, 0.0, 0.0, 0.0, 0.0, 0.0, 0.0, 0.0, 0.0, 0.0, 0.0, 16.616228871608502], "layer_Op2_score": [1.4513122472787663, 1.4955102633869914, 4.916849826837585, 5.124570858064729, 1.318490919637667, 0.706571244379608, 0.1687365995460924, 0.09106411968223392, 0.39716542874005706, 0.39716542874005706, -0.00025464644809565913, 0.0, 0.0, 0.0, 0.0, 0.0, 0.0, 0.0, 0.0, 0.0, 0.0, 0.0, 16.55215354551465], "layer_Barinel_score": [0.4350760379816111, 0.4137112012406008, 0.48891637749774486, 0.5011913990037599, 0.16164712226233915, 0.10716128331125356, 0.04433169553738194, 0.02349975169352888, 0.07979110144658152, 0.07979110144658152, 0.0, 0.0, 0.0, 0.0, 0.0, 0.0, 0.0, 0.0, 0.0, 0.0, 0.0, 0.0, 0.48703918429324033], "time": 3.871053695678711}