{"neuron_counts": [3200, 3200, 800, 800, 1600, 1600, 1600, 1600, 256, 256, 512, 512, 512, 512, 512, 512, 128, 128, 128, 512, 512, 512, 2], "neuron_counts_selected": [500, 500, 500, 500, 500, 500, 500, 500, 256, 256, 500, 500, 500, 500, 500, 500, 128, 128, 128, 500, 500, 500, 2], "layer_tarantula_score": [0.4011650847647473, 0.42358508898622205, 0.47235834276746097, 0.4672343142833029, 0.22343515710359863, 0.14500798606314055, 0.1473645182969116, 0.05452208836581424, 0.20253943381593947, 0.20253943381593947, 0.024673837026668914, 0.0025111302859621874, 0.0005669883044780686, NaN, NaN, NaN, NaN, NaN, NaN, NaN, NaN, NaN, 0.49999992781272967], "layer_ochiai_score": [0.3059448713093576, 0.31548889249385714, 0.5634171782853417, 0.558263741904128, 0.17417251310994705, 0.0961168291477926, 0.10061508402234935, 0.03354613489034843, 0.15774963146535392, 0.15774963146535392, 0.015954584899637893, 0.0013016672876024504, 0.0002785420216087225, NaN, NaN, NaN, NaN, NaN, NaN, NaN, NaN, NaN, 0.6978799333247936], "layer_D_star_score": [1.23010325481864, 1.2000849617306089, 8.112350383842404, 7.956236947428737, 1.0960432036395673, 0.42847468440008263, 0.46928511990478233, 0.10078258897216645, 1.1923991152821276, 1.1923991152821276, 0.07202818213584052, 0.0030286091809641202, 0.0006051315593358116, NaN, NaN, NaN, NaN, NaN, NaN, NaN, NaN, NaN, 16.616228871608502], "layer_Op2_score": [3.825836428687711, 3.8539114914859156, 11.255275164436338, 11.12977324502721, 2.2345346474171035, 1.0333454532271829, 1.13386887394766, 0.3207528904110515, 2.131313750243423, 2.131313750243423, 0.1683766089730317, 0.006743391948034409, 0.0022890105665992573, NaN, NaN, NaN, NaN, NaN, NaN, NaN, NaN, NaN, 16.55215354551465], "layer_Barinel_score": [0.3900243730010571, 0.4119631027200704, 0.4595767328977664, 0.4545184944571468, 0.21752697549383226, 0.14139091956028307, 0.14353466497488765, 0.05311252157700163, 0.19729412751534114, 0.19729412751534114, 0.024093148067986483, 0.002454290212989356, 0.0005566162228476464, NaN, NaN, NaN, NaN, NaN, NaN, NaN, NaN, NaN, 0.48703918429324033], "time": 4.21254301071167}