{"neuron_counts": [3276800, 409600, 819200, 102400, 102400, 204800, 25600, 51200, 5120, 5120, 5120, 5120, 128, 128, 128, 1], "neuron_counts_selected": [500, 500, 500, 500, 500, 500, 500, 500, 500, 500, 500, 500, 128, 128, 128, 1], "layer_tarantula_score": [0.5161833244412966, 0.49973, 0.34733600941489823, 0.49363901511912944, 0.4452092769854097, 0.37671623804778404, 0.49361211803765853, 0.35164652874757196, 0.4952801267001496, 0.37568411250017386, 0.37453271124405124, 0.49671150316061946, 0.344596300700751, 0.344596300700751, 0.5, 0.5], "layer_ochiai_score": [0.4918574510310471, 0.7043283630441775, 0.32647420666532184, 0.6202997109616614, 0.4758782968226365, 0.4055408075578991, 0.6502915369958857, 0.4167767150871851, 0.6815249745325358, 0.4540556176340499, 0.46967719836108357, 0.6484545277061561, 0.3883508760640082, 0.3883508760640082, 0.7071040615607717, 0.7071040615607717], "layer_D_star_score": [3.6235770278459714, 12.831654144436444, 3.9258521898150205, 9.925520941889543, 7.107013444703412, 5.754466537567346, 11.026514916046112, 6.519996686726569, 12.181040773824934, 7.351432243094762, 7.623848316804075, 10.472083469629892, 5.421682440716708, 5.421682440716708, 12.999900000769228, 12.999900000769225], "layer_Op2_score": [5.750717266305241, 11.983149448932508, 4.444288183655832, 9.854576824451255, 7.147146763237406, 5.9867175520174865, 10.654291569345933, 6.494003571403062, 11.469006321383418, 7.205575403032835, 7.510004214255613, 10.427720059142437, 5.813619355843887, 5.813619355843887, 12.071435204034257, 12.071435204034257], "layer_Barinel_score": [0.5161833244412966, 0.49973, 0.34733600941489823, 0.49363901511912944, 0.4452092769854097, 0.37671623804778404, 0.49361211803765853, 0.35164652874757196, 0.4952801267001496, 0.3756841125001739, 0.37453271124405124, 0.49671150316061946, 0.344596300700751, 0.344596300700751, 0.5, 0.5], "time": 4.646935224533081}