{"neuron_counts": [3276800, 409600, 819200, 102400, 102400, 204800, 25600, 51200, 5120, 5120, 5120, 5120, 128, 128, 128, 1], "neuron_counts_selected": [500, 500, 500, 500, 500, 500, 500, 500, 500, 500, 500, 500, 128, 128, 128, 1], "layer_tarantula_score": [0.37126709033136307, 0.4771529017475296, 0.08780593497440473, 0.3165309289517, 0.12925948021833145, 0.06073187525259444, 0.25877597160145605, 0.044521035900491814, 0.23353465623951028, 0.062138980981543225, 0.07199493039454992, 0.206106688331725, 0.08260643889914937, 0.08260643889914937, 0.014188725600942158, 0.5000001602551262], "layer_ochiai_score": [0.2491747297083267, 0.6428898651135175, 0.07862546119624071, 0.3336977596900807, 0.14002218918985232, 0.05218353606460535, 0.282556150480494, 0.043301364973359575, 0.28316771371975646, 0.05671163367280623, 0.07225112224106672, 0.16256441459894821, 0.076545758852136, 0.076545758852136, 0.009368698616078443, 0.7211074816078176], "layer_D_star_score": [0.44333798524735757, 9.298484257675037, 0.5865734972696621, 3.9509734462546597, 1.6065713721794326, 0.31902300991930854, 3.42856921173113, 0.43186124695885897, 4.213605003937186, 0.45963062190905546, 0.7602303906429462, 0.8650590890941905, 0.540842341255065, 0.540842341255065, 0.025438240828487037, 14.083215973200224], "layer_Op2_score": [1.8303697098330018, 9.937275273482513, 0.8439436156337216, 4.305877330420529, 1.8410273307128364, 0.5181640579687843, 3.7565943849047314, 0.5051099070314874, 4.141394503488437, 0.6189985260113379, 0.8831802936900548, 1.502409927523633, 0.8097728401450697, 0.8097728401450697, 0.06478185124988221, 12.076930177460174], "layer_Barinel_score": [0.38750084845154864, 0.4970660716731902, 0.09135123739117405, 0.3295312266416276, 0.13468337318520548, 0.06324430550586513, 0.26976779832399, 0.04631685414824255, 0.24319814080606547, 0.06464298056758405, 0.07500196914151637, 0.21442714364372184, 0.08608187190624156, 0.08608187190624156, 0.014724257116987943, 0.52], "time": 4.6175642013549805}