{"neuron_counts": [3276800, 409600, 819200, 102400, 102400, 204800, 25600, 51200, 5120, 5120, 5120, 5120, 128, 128, 128, 1], "neuron_counts_selected": [1000, 1000, 1000, 1000, 1000, 1000, 1000, 1000, 1000, 1000, 1000, 1000, 128, 128, 128, 1], "layer_tarantula_score": [0.42883467254604685, 0.4969946625362319, 0.1924415397407812, 0.4386288039771084, 0.30861877720602954, 0.2249881326419079, 0.45619566526691413, 0.2116268944893205, 0.47788521019240016, 0.27311316653038914, 0.27202963518357126, 0.47373294968638396, 0.20541264028279918, 0.20541264028279918, 0.5, 0.5], "layer_ochiai_score": [0.40518126689929046, 0.7002937951512549, 0.16669242348895508, 0.5318218753615572, 0.30974867410472906, 0.23220688507085996, 0.5974525018965988, 0.23624749037782283, 0.6394694255570019, 0.32061167490918374, 0.3250953440223516, 0.6027571976648711, 0.2227072153306003, 0.2227072153306003, 0.7071040615607717, 0.7071040615607717], "layer_D_star_score": [1.9890996320444427, 12.560360392712292, 1.2768587092252248, 7.296273163093631, 3.4482990595623773, 2.431207115224028, 9.591662468094222, 3.0460011417531137, 10.769979163765443, 4.433189959548477, 4.616977733490219, 8.60195395926756, 2.3433241822318136, 2.3433241822318136, 12.999900000769228, 12.999900000769225], "layer_Op2_score": [4.457754407989945, 11.901917050056786, 1.8238352531553328, 7.914564882779419, 4.026438428689798, 3.005186640152575, 9.562828835951153, 3.336075159048863, 10.45808297305733, 4.736036199562861, 4.860557164055967, 9.257423703523544, 2.9580531756839297, 2.9580531756839297, 12.071435204034257, 12.071435204034257], "layer_Barinel_score": [0.42883467254604685, 0.4969946625362319, 0.1924415397407812, 0.4386288039771084, 0.30861877720602954, 0.2249881326419079, 0.45619566526691413, 0.2116268944893205, 0.47788521019240016, 0.2731131665303891, 0.27202963518357126, 0.47373294968638396, 0.20541264028279915, 0.20541264028279915, 0.5, 0.5], "time": 19.91251492500305}