{"neuron_counts": [3276800, 409600, 819200, 102400, 102400, 204800, 25600, 51200, 5120, 5120, 5120, 5120, 128, 128, 128, 1], "neuron_counts_selected": [2000, 2000, 2000, 2000, 2000, 2000, 2000, 2000, 2000, 2000, 2000, 2000, 128, 128, 128, 1], "layer_tarantula_score": [0.43719357255708474, 0.49688853067028993, 0.20273234206467483, 0.4408561913160481, 0.2982954120057651, 0.23390321856613924, 0.45810898444658466, 0.2114598567231597, 0.47617428345800356, 0.27816105745091096, 0.2531503738922694, 0.4667419449748573, 0.20541264028279918, 0.20541264028279918, 0.5, 0.5], "layer_ochiai_score": [0.41044770285100285, 0.7001136269833398, 0.1758537567085277, 0.5370518399952225, 0.2957947664756071, 0.2385855352097262, 0.5943219233478009, 0.23986159147940217, 0.6393114247974202, 0.32856915296606287, 0.30066393717433826, 0.5915099893677817, 0.2227072153306003, 0.2227072153306003, 0.7071040615607717, 0.7071040615607717], "layer_D_star_score": [2.0312864345312187, 12.546526804738127, 1.3779964459386411, 7.377350804636143, 3.2878597312438225, 2.423667603710173, 9.404950606700513, 3.0520474379340836, 10.858826726436302, 4.528562921148597, 4.156467226638123, 8.35313369886917, 2.3433241822318136, 2.3433241822318136, 12.999900000769228, 12.999900000769225], "layer_Op2_score": [4.50358224292862, 11.897554818103083, 1.9432939234237614, 8.000942809769228, 3.8263519266166135, 3.0618324286576444, 9.443082494700038, 3.39676994379683, 10.498029851120734, 4.850093498655382, 4.447313158916718, 9.072410449118225, 2.9580531756839297, 2.9580531756839297, 12.071435204034257, 12.071435204034257], "layer_Barinel_score": [0.43719357255708474, 0.49688853067028993, 0.20273234206467483, 0.440856191316048, 0.2982954120057651, 0.23390321856613924, 0.45810898444658466, 0.2114598567231598, 0.47617428345800356, 0.27816105745091096, 0.25315037389226946, 0.4667419449748573, 0.20541264028279915, 0.20541264028279915, 0.5, 0.5], "time": 11.895676612854004}