{"neuron_counts": [3276800, 409600, 819200, 102400, 102400, 204800, 25600, 51200, 5120, 5120, 5120, 5120, 128, 128, 128, 1], "neuron_counts_selected": [500, 500, 500, 500, 500, 500, 500, 500, 500, 500, 500, 500, 128, 128, 128, 1], "layer_tarantula_score": [0.4998530054482841, 0.5001733333333332, 0.36062310458831187, 0.4911665472908211, 0.45088658100264106, 0.3647217252984523, 0.49411021379033765, 0.33203737401999145, 0.492666564856301, 0.3922132192347369, 0.375838287167283, 0.4985777473402295, 0.344596300700751, 0.344596300700751, 0.5, 0.5], "layer_ochiai_score": [0.47264525235096644, 0.7046387259405832, 0.33012368145783094, 0.6097471255929329, 0.4448347780541856, 0.39266582491449625, 0.6507283333845517, 0.3949910163674102, 0.6671845153528286, 0.4769896177428599, 0.45757174962697705, 0.6453081481387912, 0.3883508760640082, 0.3883508760640082, 0.7071040615607717, 0.7071040615607717], "layer_D_star_score": [3.257398198074879, 12.85646526316724, 3.9171583990264858, 9.810321714244804, 6.221434472244552, 5.426281457633127, 11.150042598609533, 6.208289906884614, 11.786345741310425, 7.559962986408634, 7.368329126118592, 10.44396577113737, 5.421682440716708, 5.421682440716708, 12.999900000769228, 12.999900000769225], "layer_Op2_score": [5.46114590610067, 11.984720866279527, 4.43000241426847, 9.672433868329513, 6.408717723444834, 5.764431739773287, 10.687862986692952, 6.189860572424482, 11.130434682609412, 7.560147070378069, 7.25743254691038, 10.353148563224549, 5.813619355843887, 5.813619355843887, 12.071435204034257, 12.071435204034257], "layer_Barinel_score": [0.4998530054482841, 0.5001733333333332, 0.36062310458831187, 0.4911665472908211, 0.45088658100264106, 0.3647217252984523, 0.49411021379033765, 0.3320373740199915, 0.492666564856301, 0.3922132192347369, 0.375838287167283, 0.4985777473402295, 0.344596300700751, 0.344596300700751, 0.5, 0.5], "time": 4.489213705062866}