{"neuron_counts": [3276800, 409600, 819200, 102400, 102400, 204800, 25600, 51200, 5120, 5120, 5120, 5120, 128, 128, 128, 1], "neuron_counts_selected": [500, 500, 500, 500, 500, 500, 500, 500, 500, 500, 500, 500, 128, 128, 128, 1], "layer_tarantula_score": [0.5174952963702962, 0.5001581140598532, 0.2704532257883604, 0.46623398787053727, 0.365383220684731, 0.2733931859529322, 0.45222040949702547, 0.2211940847732307, 0.43105172992925916, 0.2787821011419296, 0.27779642696701456, 0.4532715178723551, 0.2618921343627731, 0.2618921343627731, 0.35540197707120624, 0.5], "layer_ochiai_score": [0.39669992328453696, 0.6875328159595565, 0.23507127736451638, 0.5151461088473586, 0.39061181440902415, 0.2651744052516363, 0.5275975272482974, 0.23641215269764837, 0.5429293865598163, 0.29239514720065235, 0.3032054017911504, 0.4411421500420204, 0.27484038515611425, 0.27484038515611425, 0.38566265219342544, 0.7071040615607717], "layer_D_star_score": [1.7578283540414066, 11.883530723898657, 2.7468192544915375, 7.478518193549256, 5.638993140707646, 3.1396556696388775, 8.182719759484023, 3.2522050381783227, 9.082909262259951, 4.282877264520465, 4.523737319965818, 5.02131851677982, 3.5021156079605538, 3.5021156079605538, 5.330199034051317, 12.999900000769225], "layer_Op2_score": [3.785287676516596, 11.41586341526132, 3.1272874479468005, 7.717147077520877, 5.822288869365218, 3.5918590867208096, 8.2015759458861, 3.4601447561088854, 8.787719087720804, 4.345288076513739, 4.56928820508425, 5.858431768344511, 3.8431941445953965, 3.8431941445953965, 5.622770942261127, 12.071435204034257], "layer_Barinel_score": [0.5174952963702963, 0.5001581140598532, 0.2704532257883604, 0.46623398787053727, 0.365383220684731, 0.27339318595293216, 0.45222040949702547, 0.2211940847732307, 0.4310517299292592, 0.2787821011419296, 0.27779642696701456, 0.45327151787235515, 0.2618921343627731, 0.2618921343627731, 0.3554019770712062, 0.5], "time": 4.332783937454224}