{"neuron_counts": [3276800, 409600, 819200, 102400, 102400, 204800, 25600, 51200, 5120, 5120, 5120, 5120, 128, 128, 128, 1], "neuron_counts_selected": [1000, 1000, 1000, 1000, 1000, 1000, 1000, 1000, 1000, 1000, 1000, 1000, 128, 128, 128, 1], "layer_tarantula_score": [0.4364955963609361, 0.4960447782608695, 0.20389631810793626, 0.4375917289655636, 0.2960157678375318, 0.22872947180408085, 0.458005422310773, 0.2154433654466729, 0.47384507883813776, 0.25965129700765077, 0.25829366403018145, 0.46503874017552277, 0.20541264028279918, 0.20541264028279918, 0.5, 0.5], "layer_ochiai_score": [0.4108621553468666, 0.6983367629698347, 0.17957051927521514, 0.5303528950091587, 0.28842323599472725, 0.23921304086722092, 0.5906970787993595, 0.2424103952671932, 0.637595197804997, 0.30821223479785653, 0.3024084017161055, 0.5918119007886645, 0.2227072153306003, 0.2227072153306003, 0.7071040615607717, 0.7071040615607717], "layer_D_star_score": [2.0405895922094537, 12.43133213435397, 1.4932293444294042, 7.297686915917987, 3.0716603845789527, 2.5072487080933743, 9.290930663272409, 3.1162568222846807, 10.792677832949106, 4.377903816357042, 4.097756226904745, 8.460903665030933, 2.3433241822318136, 2.3433241822318136, 12.999900000769228, 12.999900000769225], "layer_Op2_score": [4.523430691973628, 11.854875621724132, 2.0238145280676507, 7.893762858551041, 3.6430886741308988, 3.105678325469112, 9.352138474260888, 3.4309440647352525, 10.460962183348697, 4.599440601559966, 4.431414966585953, 9.137906391611496, 2.9580531756839297, 2.9580531756839297, 12.071435204034257, 12.071435204034257], "layer_Barinel_score": [0.4364955963609361, 0.4960447782608695, 0.20389631810793626, 0.4375917289655636, 0.2960157678375318, 0.22872947180408085, 0.458005422310773, 0.2154433654466729, 0.47384507883813776, 0.25965129700765077, 0.25829366403018145, 0.46503874017552277, 0.20541264028279915, 0.20541264028279915, 0.5, 0.5], "time": 17.817883491516113}