{"neuron_counts": [3276800, 409600, 819200, 102400, 102400, 204800, 25600, 51200, 5120, 5120, 5120, 5120, 128, 128, 128, 1], "neuron_counts_selected": [1000, 1000, 1000, 1000, 1000, 1000, 1000, 1000, 1000, 1000, 1000, 1000, 128, 128, 128, 1], "layer_tarantula_score": [0.4427770193351197, 0.4971572443429215, 0.1951933818373914, 0.44188176186067923, 0.2897851429181163, 0.2243962861412648, 0.4596061316724755, 0.21215429240128322, 0.4726436044155508, 0.26804787790101864, 0.2804507424319678, 0.46353879951450944, 0.2050852842514456, 0.2050852842514456, 0.5000001602551263, 0.5000001602551262], "layer_ochiai_score": [0.42706645667204435, 0.7147842759469984, 0.17018975026702624, 0.5452882686576211, 0.2930543547753758, 0.23225166163439903, 0.6064964778264926, 0.24222471999352888, 0.6582808644576804, 0.32037964971821137, 0.33869769899896224, 0.5965902145787635, 0.22650978035173577, 0.22650978035173577, 0.7211074816078173, 0.7211074816078176], "layer_D_star_score": [2.231356207456609, 13.633115928623209, 1.358237356778307, 7.805324862581387, 3.329868960038354, 2.474220349265594, 10.171629107104737, 3.207266356900945, 12.100258305280665, 4.711628601160098, 4.990803744757484, 8.779165987857473, 2.5048557517945804, 2.5048557517945804, 14.083215973200224, 14.083215973200224], "layer_Op2_score": [4.635584171560221, 11.921938015438343, 1.8146606105876146, 7.956459336674326, 3.691594729732862, 2.908118251267304, 9.446943609787631, 3.332267534042044, 10.72478996523872, 4.646727448058085, 4.9346184157045, 8.937687332935901, 2.9580144103496395, 2.9580144103496395, 12.076930177460175, 12.076930177460174], "layer_Barinel_score": [0.46190082737997284, 0.5171561903623186, 0.20321120577763183, 0.4602402505721549, 0.3017185319305323, 0.23367775804731727, 0.47842030358790627, 0.22100845527756433, 0.49174379904359033, 0.2791393017871941, 0.29201052677748507, 0.4829382119971178, 0.21369008751506638, 0.21369008751506638, 0.5199999999999998, 0.52], "time": 8.322477340698242}