{"neuron_counts": [3276800, 409600, 819200, 102400, 102400, 204800, 25600, 51200, 5120, 5120, 5120, 5120, 128, 128, 128, 1], "neuron_counts_selected": [200, 200, 200, 200, 200, 200, 200, 200, 200, 200, 200, 200, 128, 128, 128, 1], "layer_tarantula_score": [0.4313939492580862, 0.49724875, 0.1830371313101934, 0.4695514506713896, 0.2684719986502008, 0.2573085603561106, 0.43456295991511845, 0.1927652397301961, 0.4766692767490396, 0.33333456248166604, 0.2196002294530832, 0.4753737060034105, 0.20541264028279918, 0.20541264028279918, 0.5, 0.5], "layer_ochiai_score": [0.40239249980811015, 0.7009336286436494, 0.14291209507208452, 0.55193557238729, 0.26552756376319164, 0.2742767712302292, 0.5696432022928791, 0.21827053395579968, 0.6452019119592494, 0.39493818634631084, 0.26151454780444616, 0.5951449612426994, 0.2227072153306003, 0.2227072153306003, 0.7071040615607717, 0.7071040615607717], "layer_D_star_score": [1.9025933465790135, 12.60229530272482, 0.9338486954375881, 7.294085166387442, 3.0851884466502826, 2.903952289121312, 9.058245043880213, 2.758556311665457, 10.857994356027795, 5.529052162227376, 3.48704952086197, 7.8891733203190775, 2.3433241822318136, 2.3433241822318136, 12.999900000769228, 12.999900000769225], "layer_Op2_score": [4.374960242426838, 11.918342337911874, 1.4266329801215716, 8.028961574738748, 3.441876903379264, 3.6610985528674753, 9.021346015921317, 3.09293210352069, 10.547061215455608, 5.853013933829047, 3.8356039526503447, 8.97033728634081, 2.9580531756839297, 2.9580531756839297, 12.071435204034257, 12.071435204034257], "layer_Barinel_score": [0.4313939492580862, 0.49724875, 0.1830371313101934, 0.4695514506713896, 0.2684719986502008, 0.2573085603561106, 0.4345629599151185, 0.19276523973019602, 0.4766692767490396, 0.33333456248166604, 0.2196002294530832, 0.4753737060034105, 0.20541264028279915, 0.20541264028279915, 0.5, 0.5], "time": 9.222375392913818}