{"neuron_counts": [3276800, 409600, 819200, 102400, 102400, 204800, 25600, 51200, 5120, 5120, 5120, 5120, 128, 128, 128, 1], "neuron_counts_selected": [500, 500, 500, 500, 500, 500, 500, 500, 500, 500, 500, 500, 128, 128, 128, 1], "layer_tarantula_score": [0.49377713524865224, 0.4997833333333333, 0.3442856583218758, 0.5060334238176982, 0.4293070000035561, 0.3663624306273586, 0.4896358742031962, 0.36151042564807206, 0.49095730830124695, 0.3654146852992209, 0.38549554527172175, 0.49846518542965235, 0.344596300700751, 0.344596300700751, 0.5, 0.5], "layer_ochiai_score": [0.4645554513876209, 0.7040897808926302, 0.3410779457681358, 0.6262889924800136, 0.44278946220072224, 0.3823924494232777, 0.6510108492505349, 0.4419217317877558, 0.6806164519399044, 0.4562001004476667, 0.4774420745797104, 0.6400910860473579, 0.3883508760640082, 0.3883508760640082, 0.7071040615607717, 0.7071040615607717], "layer_D_star_score": [3.0694445580294496, 12.820255537940481, 4.4852468757975545, 10.206415077119228, 6.43618714613038, 5.260169574515165, 10.981324536932325, 7.065341477771513, 12.272110902017094, 7.352973867964225, 7.633131477894718, 10.411740764752942, 5.421682440716708, 5.421682440716708, 12.999900000769228, 12.999900000769225], "layer_Op2_score": [5.330145884672253, 11.974006585667246, 4.797145477532304, 9.947148234655467, 6.5330035499746435, 5.579574488753652, 10.67643449689645, 6.982003842829694, 11.476149156077458, 7.267718316297742, 7.571861315276321, 10.233005578531582, 5.813619355843887, 5.813619355843887, 12.071435204034257, 12.071435204034257], "layer_Barinel_score": [0.49377713524865224, 0.4997833333333333, 0.34428565832187585, 0.5060334238176982, 0.4293070000035561, 0.3663624306273586, 0.4896358742031962, 0.36151042564807206, 0.49095730830124695, 0.3654146852992209, 0.38549554527172175, 0.49846518542965235, 0.344596300700751, 0.344596300700751, 0.5, 0.5], "time": 4.40977931022644}