{"neuron_counts": [3276800, 409600, 819200, 102400, 102400, 204800, 25600, 51200, 5120, 5120, 5120, 5120, 128, 128, 128, 1], "neuron_counts_selected": [200, 200, 200, 200, 200, 200, 200, 200, 200, 200, 200, 200, 128, 128, 128, 1], "layer_tarantula_score": [0.46147177659501054, 0.4959806221496325, 0.20983965227948023, 0.4275479915725432, 0.3109106850962292, 0.2814407579054405, 0.46277747212548076, 0.25380898682780983, 0.4695919591636905, 0.31553675617189797, 0.2618427731497994, 0.4778079655266847, 0.2050852842514456, 0.2050852842514456, 0.5000001602551263, 0.5000001602551262], "layer_ochiai_score": [0.45373269533472094, 0.7122037679721107, 0.16616786126351252, 0.5380070287152756, 0.32853826876745357, 0.28686150691771356, 0.6169859619489662, 0.31241834111082145, 0.6476909122042124, 0.3864152914926474, 0.3093912227254406, 0.628802088561629, 0.22650978035173577, 0.22650978035173577, 0.7211074816078173, 0.7211074816078176], "layer_D_star_score": [2.6018679516347083, 13.453553110192678, 1.067983023166505, 7.742278291444795, 3.958937573835646, 2.9795678528356166, 10.254894524034436, 4.621303006731293, 11.881194235028786, 5.926167238995413, 4.451563933212716, 9.480360917980585, 2.5048557517945804, 2.5048557517945804, 14.083215973200224, 14.083215973200224], "layer_Op2_score": [5.061282220905992, 11.859441705256112, 1.620908764163352, 7.89456636910485, 4.29961224548273, 3.5797828772470974, 9.684261693179284, 4.582670018499852, 10.481104231698218, 5.6970994400043065, 4.4759046251567325, 9.613577093445434, 2.9580144103496395, 2.9580144103496395, 12.076930177460175, 12.076930177460174], "layer_Barinel_score": [0.4808950667388167, 0.515979152173913, 0.21839317053016966, 0.44544488964918044, 0.3237101264071036, 0.2930520675700456, 0.4818944279578155, 0.26424409885820016, 0.4885554915103721, 0.3282721341016653, 0.27266407916078844, 0.4976479175879757, 0.21369008751506638, 0.21369008751506638, 0.5199999999999998, 0.52], "time": 3.2877633571624756}