{"neuron_counts": [128, 128, 128, 1], "neuron_counts_selected": [128, 128, 128, 1], "layer_tarantula_score": [0.2435659367023854, 0.25715215989122053, 0.25715215989122053, 1.0], "layer_ochiai_score": [0.11265307080469991, 0.13883412775042817, 0.13883412775042817, 0.8660199911764082], "layer_D_star_score": [0.07120913475255647, 0.359891701351922, 0.359891701351922, 17.999100044997753], "layer_Op2_score": [0.3388680256882062, 0.572327575653077, 0.572327575653077, 6.0], "layer_Barinel_score": [0.27653503417968756, 0.27142224993024555, 0.27142224993024555, 1.0], "time": 0.14507341384887695}