{"neuron_counts": [131700, 100, 10, 1], "neuron_counts_selected": [1000, 100, 10, 1], "layer_tarantula_score": [0.009166666666666667, 0.0, 0.0, 0.5], "layer_ochiai_score": [0.0009861802388665838, 0.0, 0.0, 0.7071064276334221], "layer_D_star_score": [0.00013121198877576878, 0.0, 0.0, 99.9999000001], "layer_Op2_score": [0.010950495098519704, 0.0, 0.0, 99.00990197039408], "layer_Barinel_score": [0.009166666666666668, 0.0, 0.0, 0.5], "time": 4.501903057098389}