{"neuron_counts": [4704, 1176, 600, 150, 120, 120, 84, 10], "neuron_counts_selected": [500, 500, 500, 150, 120, 120, 84, 10], "layer_tarantula_score": [0.41920477758350244, 0.40445791381968477, 0.4941052418070174, 0.4937434436692021, 0.47658382834189833, 0.47658382834189833, 0.47318038782156674, 0.31454674338528243], "layer_ochiai_score": [0.06023939219177251, 0.04783901240700034, 0.38971733802029435, 0.35194311595198297, 0.3066721818158756, 0.3066721818158756, 0.3469995977017201, 0.09222280701380146], "layer_D_star_score": [1.6876241337338413, 0.9960581016155737, 977.2972244215262, 780.6131630145929, 493.71546927108824, 493.71546927108824, 835.2012470325741, 5.918307408330937], "layer_Op2_score": [75.59241784260513, 51.70986489496471, 2319.27794233113, 1970.0529859775372, 1559.2141034902975, 1559.2141034902975, 2001.2645783491032, 190.48851428977167], "layer_Barinel_score": [0.43101927963597375, 0.4158347033265929, 0.5064937037605362, 0.5061285871319657, 0.4889289463508424, 0.4889289463508424, 0.48550417801072454, 0.3251384329008619], "time": 163.43720412254333}