{"neuron_counts": [4704, 1176, 600, 150, 120, 120, 84, 10], "neuron_counts_selected": [1000, 1000, 600, 150, 120, 120, 84, 10], "layer_tarantula_score": [0.48103505058734186, 0.48348761943454494, 0.504815270664653, 0.5061052899075983, 0.4969445692979923, 0.4969445692979923, 0.49316784350991294, 0.5654840063090686], "layer_ochiai_score": [0.37552399713921647, 0.3645392408872718, 0.547816923270902, 0.5455077243317025, 0.46540420181153147, 0.46540420181153147, 0.48617790923309706, 0.4097266567058102], "layer_D_star_score": [933.9561446007042, 877.4422363418724, 2995.910989730946, 3039.9162670056785, 1992.3392894289282, 1992.3392894289282, 2392.4084770545646, 763.6011584292598], "layer_Op2_score": [2332.4957218172085, 2227.1426660836796, 4376.697661496139, 4362.489119448673, 3352.1817079976245, 3352.1817079976245, 3664.006825851775, 2142.7973806785985], "layer_Barinel_score": [0.4933973746205065, 0.4958534200848132, 0.5171981861063019, 0.5184858810733566, 0.5093094122643802, 0.5093094122643802, 0.5055329864659364, 0.577476706496999], "time": 254.08026552200317}