{"neuron_counts": [4704, 1176, 600, 150, 120, 120, 84, 10], "neuron_counts_selected": [500, 500, 500, 150, 120, 120, 84, 10], "layer_tarantula_score": [0.4832673955421942, 0.4814860919583704, 0.5047432043643667, 0.5061052899075983, 0.4969445692979923, 0.4969445692979923, 0.49316784350991294, 0.5654840063090686], "layer_ochiai_score": [0.37206427411015464, 0.36660723807079776, 0.5477130342595552, 0.5455077243317025, 0.46540420181153147, 0.46540420181153147, 0.48617790923309706, 0.4097266567058102], "layer_D_star_score": [887.2779749515233, 893.4763210219058, 2977.8724667367123, 3039.9162670056785, 1992.3392894289282, 1992.3392894289282, 2392.4084770545646, 763.6011584292598], "layer_Op2_score": [2273.0911402540128, 2253.8437056218336, 4370.248373815155, 4362.489119448673, 3352.1817079976245, 3352.1817079976245, 3664.006825851775, 2142.7973806785985], "layer_Barinel_score": [0.4956351942179493, 0.49384816749858046, 0.5171260525824772, 0.5184858810733566, 0.5093094122643802, 0.5093094122643802, 0.5055329864659364, 0.577476706496999], "time": 162.89860725402832}