{"neuron_counts": [4704, 1176, 600, 150, 120, 120, 84, 10], "neuron_counts_selected": [500, 500, 500, 150, 120, 120, 84, 10], "layer_tarantula_score": [0.4531256890348531, 0.4489319138304791, 0.4979767840201056, 0.4977807531579949, 0.48089642504496993, 0.48089642504496993, 0.47762596199790736, 0.44126705277814704], "layer_ochiai_score": [0.1607960015648597, 0.14978399898030653, 0.4487156371762039, 0.4248269943955613, 0.3504957727768992, 0.3504957727768992, 0.37891511572925074, 0.19937386766559956], "layer_D_star_score": [40.82908485582977, 31.68805159550777, 1482.4869512309094, 1347.832071448484, 747.7575201369873, 747.7575201369873, 1064.5226236268622, 56.58861954701175], "layer_Op2_score": [451.5407482996578, 394.51122077707157, 2983.553337319343, 2747.4243735561754, 1982.516195292705, 1982.516195292705, 2324.121092328188, 623.8778978114121], "layer_Barinel_score": [0.4653816999008846, 0.46113903745372, 0.5103668881801474, 0.5101691191738519, 0.4932541974876119, 0.4932541974876119, 0.4899669911674528, 0.4533070929107732], "time": 165.2218906879425}