{"neuron_counts": [4704, 1176, 600, 150, 120, 120, 84, 10], "neuron_counts_selected": [100, 100, 100, 100, 100, 100, 84, 10], "layer_tarantula_score": [0.4720236997069907, 0.47253804245315606, 0.5000663256965927, 0.4973838973468825, 0.4866968925177527, 0.48600444188113345, 0.48047683152166054, 0.5345755143507734], "layer_ochiai_score": [0.3013536030816706, 0.297633093996038, 0.5037134994488656, 0.515829955076139, 0.38970265072999766, 0.3883223917441769, 0.40604910634167896, 0.3693345274041935], "layer_D_star_score": [469.5860824775033, 508.5762115993404, 2202.8178328207987, 2394.1443092064455, 1050.2839697019979, 1113.3221894485346, 1289.591240789207, 525.9241990487205], "layer_Op2_score": [1573.47237762747, 1585.6523336146665, 3705.5020280510325, 3897.2812115488523, 2399.221160041688, 2430.8739741524287, 2619.5957529799507, 1830.788809477525], "layer_Barinel_score": [0.48437340278169017, 0.4848811278830942, 0.5124570083908255, 0.5097744758009392, 0.49907090178597957, 0.4983790135583135, 0.4928315105155471, 0.5467815460408492], "time": 57.73664975166321}