{"neuron_counts": [4704, 1176, 600, 150, 120, 120, 84, 10], "neuron_counts_selected": [500, 500, 500, 150, 120, 120, 84, 10], "layer_tarantula_score": [0.4629990009695786, 0.4564247608465406, 0.5015208717379182, 0.5035317296125328, 0.49188635027878436, 0.49188635027878436, 0.4890012491843931, 0.356697621978504], "layer_ochiai_score": [0.08421886970537437, 0.07352546535855012, 0.45713790535246623, 0.4282411861903325, 0.3872724421009874, 0.3872724421009874, 0.43335822372628147, 0.10878076618799068], "layer_D_star_score": [5.579543114124843, 4.4574447231687655, 1774.880131917553, 1497.9861214440207, 1188.9351892427176, 1188.9351892427176, 1747.0446479127183, 10.767642743120108], "layer_Op2_score": [141.43711755825723, 119.16596446218423, 3193.170677011477, 2860.750485879595, 2436.7522066001898, 2436.7522066001898, 3016.6534986072465, 258.0931751208604], "layer_Barinel_score": [0.4750207651267589, 0.4680397017834083, 0.5139025251145738, 0.5159061073082889, 0.5042387220030856, 0.5042387220030856, 0.5013488337277172, 0.3678716136259255], "time": 164.3370316028595}