{"neuron_counts": [4704, 1176, 600, 150, 120, 120, 84, 10], "neuron_counts_selected": [500, 500, 500, 150, 120, 120, 84, 10], "layer_tarantula_score": [0.47284660205842644, 0.4690754035025982, 0.5040751482244546, 0.505151597565291, 0.49455515350331514, 0.49455515350331514, 0.49189098186175834, 0.48878904603462503], "layer_ochiai_score": [0.1998382868725709, 0.1869696276013921, 0.5077534369850871, 0.49157090440322265, 0.42928843838265285, 0.42928843838265285, 0.4623781622061237, 0.22102987973036603], "layer_D_star_score": [89.62224231991303, 81.23437412846934, 2364.4752783844333, 2213.4540154591846, 1580.6132728760874, 1580.6132728760874, 2086.292629418303, 76.77118545166667], "layer_Op2_score": [685.9478153041047, 628.2564352323012, 3816.7757576289746, 3627.1457607062457, 2912.7350811828287, 2912.7350811828287, 3363.560117023701, 725.553389164258], "layer_Barinel_score": [0.48515319161407844, 0.48134645045729074, 0.5164569389088158, 0.5175308559606829, 0.5069131107096472, 0.5069131107096472, 0.5042474596184557, 0.5008346999686102], "time": 167.5273938179016}