{"neuron_counts": [4704, 1176, 600, 150, 120, 120, 84, 10], "neuron_counts_selected": [500, 500, 500, 150, 120, 120, 84, 10], "layer_tarantula_score": [0.07103133856947881, 0.02494650958592613, 0.4972520637429178, 0.505089788379755, 0.48321460857444065, 0.48321460857444065, 0.47702108163464085, 0.06238220465338645], "layer_ochiai_score": [0.00110211796674922, 0.00035083204081392475, 0.2733528435303051, 0.21533473958063898, 0.23199222776342435, 0.23199222776342435, 0.31921792021449996, 0.007293534053950822], "layer_D_star_score": [3.093084491531732e-05, 7.123317804882417e-06, 454.5916749553067, 217.49945470801924, 333.7807269333829, 333.7807269333829, 751.665551796255, 0.01987736348819989], "layer_Op2_score": [0.130632416942261, 0.036490522155612326, 1370.641992753782, 918.7191455689806, 1031.0658853614048, 1031.0658853614048, 1805.4061065985534, 7.280819485463134], "layer_Barinel_score": [0.07134752810186495, 0.02497125672418141, 0.5095931484262439, 0.5173554816430849, 0.49538957484867735, 0.49538957484867735, 0.4892961102193727, 0.06515181981482013], "time": 162.01663851737976}