{"neuron_counts": [5, 4, 1], "neuron_counts_selected": [5, 4, 1], "layer_tarantula_score": [1.0, 0.75, 1.0], "layer_ochiai_score": [0.5018821625273084, 0.47028201040861795, 0.7242381158984088], "layer_D_star_score": [53.750774785045074, 104.19129117948705, 301.17380414847327], "layer_Op2_score": [134.19657836697684, 154.00015562114777, 273.01462896763246], "layer_Barinel_score": [1.0, 0.75, 1.0], "time": 0.12517714500427246}