{"neuron_counts": [5, 4, 1], "neuron_counts_selected": [5, 4, 1], "layer_tarantula_score": [1.0, 0.5625, 1.0], "layer_ochiai_score": [0.6070943703036211, 0.36749260864370414, 0.7348468003604969], "layer_D_star_score": [66.84466364485465, 54.97136230522165, 190.1737752363948], "layer_Op2_score": [110.83999999999999, 72.125, 162.0], "layer_Barinel_score": [1.0, 0.5625, 1.0], "time": 0.10337543487548828}