{"neuron_counts": [5, 4, 1], "neuron_counts_selected": [5, 4, 1], "layer_tarantula_score": [1.0, 0.5625, 1.0], "layer_ochiai_score": [0.5938556872817045, 0.3662091545423973, 0.7321454985997708], "layer_D_star_score": [104.2200701104256, 93.37921687206997, 322.351303644354], "layer_Op2_score": [184.13440631513834, 124.25430840981346, 279.00883554395267], "layer_Barinel_score": [1.0, 0.5625, 1.0], "time": 0.12787842750549316}