{"neuron_counts": [230400, 57600, 25088, 6272, 6272, 1024, 1024, 10], "neuron_counts_selected": [2000, 2000, 2000, 2000, 2000, 1024, 1024, 10], "layer_tarantula_score": [0.20420771113125075, 0.24526946623629303, 0.22690385330536714, 0.22792619096708566, 0.23337267365178366, 0.1735057022545477, 0.1735057022545477, 0.5406068116999978], "layer_ochiai_score": [0.016268748871213382, 0.022976857078193524, 0.055328488779875146, 0.08103440710993585, 0.08311928996358561, 0.11749539946227806, 0.11749539946227806, 0.29535511784945706], "layer_D_star_score": [2.660986977053499, 3.5114994027998803, 4.022679140175405, 16.80747197624745, 17.386475547818932, 118.97759583991215, 118.97759583991215, 179.96180743649822], "layer_Op2_score": [15.46725608665276, 22.49043119319289, 71.30573968304786, 154.49602423206113, 158.53817162507883, 419.3442525206922, 419.3442525206922, 787.1302415487582], "layer_Barinel_score": [0.13482962066686177, 0.1616111890285765, 0.14991041009922312, 0.15071650573365178, 0.15455775971500085, 0.11506697072387172, 0.11506697072387172, 0.37690771902697084], "time": 937.5581524372101}