{"neuron_counts": [230400, 57600, 25088, 6272, 6272, 1024, 1024, 10], "neuron_counts_selected": [100, 100, 100, 100, 100, 100, 100, 10], "layer_tarantula_score": [0.1822082910488868, 0.236833663254326, 0.20501313552892506, 0.21207352784835173, 0.21536603374256208, 0.15504629025485672, 0.14107536300306422, 0.5406068116999978], "layer_ochiai_score": [0.013768537843039233, 0.028800237762025626, 0.05149928769857943, 0.07530846271779375, 0.08000137655537906, 0.10613811586150561, 0.09493019970703638, 0.29535511784945706], "layer_D_star_score": [2.131026784838057, 6.507158476951429, 4.010951660606863, 13.549959259456353, 17.61352455774156, 108.24868859710719, 86.91024938126421, 179.96180743649822], "layer_Op2_score": [12.513157140760072, 35.43878638301798, 67.61404649790994, 137.892650498864, 156.81891037212995, 380.68347601329765, 331.04566857045023, 787.1302415487582], "layer_Barinel_score": [0.12078430866235404, 0.1564244680922513, 0.13511875157120365, 0.13971600989358562, 0.14244895253451464, 0.10257989672711297, 0.09336927874302788, 0.37690771902697084], "time": 63.4196081161499}