{"neuron_counts": [230400, 57600, 25088, 6272, 6272, 1024, 1024, 10], "neuron_counts_selected": [200, 200, 200, 200, 200, 200, 200, 10], "layer_tarantula_score": [0.3690700072263124, 0.3307137443977811, 0.3413178138748977, 0.3306366583304046, 0.3492155033739995, 0.31411237811161735, 0.28968589733462446, 0.5827317719965714], "layer_ochiai_score": [0.051512008253502814, 0.0642524518474932, 0.09703404719660223, 0.13566632708652293, 0.14111743572358518, 0.22760978291993772, 0.21223707584044227, 0.32180967992530674], "layer_D_star_score": [46.00226378971049, 79.96724228548163, 23.29926679038345, 82.55467241016206, 77.61071366188267, 409.0283470466286, 396.60250065086655, 345.57628515930685], "layer_Op2_score": [171.02336281616058, 269.2868361065129, 244.77889781394225, 498.2165102620158, 496.7836977141671, 1330.3199498937986, 1264.5313346090206, 1280.1131162385389], "layer_Barinel_score": [0.2323462523140864, 0.20107274289908184, 0.20477850420379556, 0.19747289911668706, 0.2111323296877699, 0.18917495990392588, 0.17365029253429146, 0.3801287789203441], "time": 120.42720246315002}