{"neuron_counts": [230400, 57600, 25088, 6272, 6272, 1024, 1024, 10], "neuron_counts_selected": [500, 500, 500, 500, 500, 500, 500, 10], "layer_tarantula_score": [0, 0, 0.008796585159093939, 0.021642417875789296, 0.02419177556058494, 0.15944201608910233, 0.12915989830572186, 0.3024386714590409], "layer_ochiai_score": [0, 0, 0.0002776888819202135, 0.0009315718682122062, 0.0009735245602339921, 0.050473096359914295, 0.041984013513518784, 0.07562031798065104], "layer_D_star_score": [0, 0, 8.866724977628799e-05, 0.0012326113288837716, 0.0012330472455825239, 13.10802432608527, 11.718651722639168, 6.097313742183897], "layer_Op2_score": [0, 0, 0.05871105051441494, 0.3145308570865299, 0.3235950736712546, 142.85621585294837, 122.0432594785525, 160.61418012169403], "layer_Barinel_score": [0, 0, 0.005559348516257213, 0.0130861557738433, 0.014560982477053053, 0.08855880702074512, 0.07203602988887688, 0.1612422028981131], "time": 287.603040933609}