{"neuron_counts": [230400, 57600, 25088, 6272, 6272, 1024, 1024, 10], "neuron_counts_selected": [500, 500, 500, 500, 500, 500, 500, 10], "layer_tarantula_score": [0.337023597929579, 0.35229131437045896, 0.33789648175708, 0.35617219806201106, 0.34487396128323755, 0.3204617659666869, 0.28836830152188114, 0.5827317719965714], "layer_ochiai_score": [0.05106242632473227, 0.07112470712465292, 0.0953551272004585, 0.1466707890618665, 0.14140705400409137, 0.2339648720579047, 0.21251359435917214, 0.32180967992530674], "layer_D_star_score": [54.7625160835602, 88.17608278166584, 23.24266124755237, 81.5674726750511, 82.0417150491104, 434.4037585673527, 401.32766762857216, 345.57628515930685], "layer_Op2_score": [193.57603400810865, 298.20705094604875, 242.64952089164657, 523.2208887838248, 506.92593610452093, 1387.5274213890407, 1266.3279005515324, 1280.1131162385389], "layer_Barinel_score": [0.21456479443819151, 0.21924273245533749, 0.20286620045585357, 0.21282558764589304, 0.20635714044240122, 0.19251331577073028, 0.1735048291754543, 0.3801287789203441], "time": 285.9530785083771}