{"neuron_counts": [230400, 57600, 25088, 6272, 6272, 1024, 1024, 10], "neuron_counts_selected": [1000, 1000, 1000, 1000, 1000, 1000, 1000, 10], "layer_tarantula_score": [0.217757789323795, 0.24344325181453377, 0.2266301304004461, 0.24255719489795594, 0.23542062460619106, 0.16844800092706833, 0.1716732737481048, 0.5433109064423646], "layer_ochiai_score": [0.015343391612162248, 0.02105770028144927, 0.054317010786272685, 0.08290528238027021, 0.08133998400877375, 0.10956452114862424, 0.11259549033157583, 0.277958273471368], "layer_D_star_score": [3.0808603861285007, 4.037262830142087, 6.065125283028399, 24.006312800894825, 24.762625532703318, 147.17772216377614, 153.28743139588954, 221.67432994086133], "layer_Op2_score": [20.322028322536493, 29.171025854020915, 105.87196846202748, 231.36237037720934, 230.88296534991062, 576.6675742084706, 593.5912818186046, 1058.122753537398], "layer_Barinel_score": [0.1281827188326105, 0.14203473993801483, 0.13308572911239114, 0.14268727411910792, 0.13852307943452682, 0.09927308658336155, 0.10128018467077315, 0.3420664109984326], "time": 564.1722373962402}