{"neuron_counts": [230400, 57600, 25088, 6272, 6272, 1024, 1024, 10], "neuron_counts_selected": [500, 500, 500, 500, 500, 500, 500, 10], "layer_tarantula_score": [0, 0, 9.506398289818202e-06, 5.507945573149996e-06, 0.00010779246047011245, 0.1179090347460985, 0.10891694313781936, 0.0182049724761415], "layer_ochiai_score": [0, 0, 2.2590824500677007e-07, 1.2895053276240218e-07, 2.3335000359643424e-06, 0.01284601450373439, 0.012579743484315419, 0.0027062631360535647], "layer_D_star_score": [0, 0, 1.5367771113868977e-08, 1.2987111582228891e-08, 1.04631418589276e-07, 0.2963244271064598, 0.38251267669440414, 0.01345643088921922], "layer_Op2_score": [0, 0, 3.1401481321945665e-05, 2.2130506027820483e-05, 0.0002817160421139481, 14.614145134867147, 15.15764731529844, 4.1469100640650245], "layer_Barinel_score": [0, 0, 6.25000335253393e-06, 2.958599864324393e-06, 7.522865569524767e-05, 0.0629286127316753, 0.05869891628075613, 0.008193677700129878], "time": 289.0428841114044}