{"neuron_counts": [230400, 57600, 25088, 6272, 6272, 1024, 1024, 10], "neuron_counts_selected": [500, 500, 500, 500, 500, 500, 500, 10], "layer_tarantula_score": [0.0, 0.0, 0.09554555628439818, 0.11213420063828011, 0.11255670590210144, 0.27188620159716026, 0.26500100170097995, 0.3608650987674941], "layer_ochiai_score": [0.0, 0.0, 0.003511619301515787, 0.006183388888581043, 0.0057403071393390395, 0.10642633792564428, 0.10798905702780782, 0.09371842307179869], "layer_D_star_score": [0.0, 0.0, 0.004103423347718228, 0.0303468248198404, 0.032649011921352826, 58.646046537627754, 65.700296740105, 9.914213938518712], "layer_Op2_score": [0.0, 0.0, 1.208594504487066, 3.57743506801928, 3.394732848404941, 383.89025637172153, 396.5832829056852, 212.42927735131804], "layer_Barinel_score": [0.0, 0.0, 0.0682629583361163, 0.07520088046791454, 0.07874604367329781, 0.1572856540770768, 0.1538491553187215, 0.20157343320609217], "time": 290.016809463501}