{"neuron_counts": [230400, 57600, 25088, 6272, 6272, 1024, 1024, 10], "neuron_counts_selected": [500, 500, 500, 500, 500, 500, 500, 10], "layer_tarantula_score": [0, 0, 9.448703730015584e-06, 5.890628340768195e-06, 0.00011075887148210284, 0.11702800282760659, 0.10843770759172569, 0.015792635570441017], "layer_ochiai_score": [0, 0, 2.0758187767506203e-07, 1.4913739622055785e-07, 2.6321674056086785e-06, 0.013040168764735564, 0.012775841100575763, 0.0023111175858882087], "layer_D_star_score": [0, 0, 8.289980053481815e-09, 8.282274751942879e-09, 9.592528659800687e-08, 0.18808572543479746, 0.2477304608953902, 0.005175743363545278], "layer_Op2_score": [0, 0, 1.819021741863503e-05, 1.4594806844879779e-05, 0.0002305471015314651, 9.677558081604625, 10.117077917350512, 2.1558620171216494], "layer_Barinel_score": [0, 0, 6.8000000000055795e-06, 3.6666666666646528e-06, 8.466666666660424e-05, 0.07134426239916858, 0.06660877665755696, 0.008306364933230491], "time": 288.3952100276947}