{"neuron_counts": [230400, 57600, 25088, 6272, 6272, 1024, 1024, 10], "neuron_counts_selected": [500, 500, 500, 500, 500, 500, 500, 10], "layer_tarantula_score": [0, 0, 0.0006873584608345238, 0.0012405431181604495, 0.0007482773298134877, 0.12491119884696361, 0.12556161031504506, 0.18010185110742075], "layer_ochiai_score": [0, 0, 1.863885823781536e-05, 4.437668119280823e-05, 1.988601809042812e-05, 0.024039886005099462, 0.022881296003270442, 0.02895818473903342], "layer_D_star_score": [0, 0, 1.8290321243472467e-06, 1.8469154949542315e-05, 2.5064004312834035e-06, 1.975884397382235, 1.6232979128713705, 0.6429791577593136], "layer_Op2_score": [0, 0, 0.0036562743331442714, 0.011333929998852039, 0.0038012471763297535, 44.05280424601155, 40.127973105120844, 44.993289248932946], "layer_Barinel_score": [0, 0, 0.00040411620076907036, 0.0007569824393917039, 0.00043855416315925836, 0.0675796379795073, 0.06793580287671103, 0.08823934537472256], "time": 288.2090804576874}