{"neuron_counts": [230400, 57600, 25088, 6272, 6272, 1024, 1024, 10], "neuron_counts_selected": [500, 500, 500, 500, 500, 500, 500, 10], "layer_tarantula_score": [0, 0, 0.0003706316813500592, 0.001760550087637609, 0.0020856877516969336, 0.13588569644292156, 0.1269546691390822, 0.16269505422873803], "layer_ochiai_score": [0, 0, 1.0234303886634602e-05, 5.386409343583364e-05, 7.249324634289094e-05, 0.02686173675638111, 0.026149081599034493, 0.02623828576710281], "layer_D_star_score": [0, 0, 1.061170865537191e-06, 6.033118495401196e-06, 1.3510560653893306e-05, 1.466089866859595, 1.7048313536350523, 0.29499291024136487], "layer_Op2_score": [0, 0, 0.0012262264496038966, 0.006815954106522602, 0.011476890700649922, 32.815161582970205, 33.255420518347066, 25.701265097203127], "layer_Barinel_score": [0, 0, 0.00027570366300374216, 0.0012382040491603268, 0.001431572537279145, 0.08417570793093679, 0.0789507024304402, 0.09144144023719299], "time": 285.945960521698}