{"neuron_counts": [230400, 57600, 25088, 6272, 6272, 1024, 1024, 10], "neuron_counts_selected": [200, 200, 200, 200, 200, 200, 200, 10], "layer_tarantula_score": [0, 0, 0.0007329367327316444, 0.0016052442321496194, 0.0020428052844459654, 0.10564322860498493, 0.12234710991211187, 0.18010185110742075], "layer_ochiai_score": [0, 0, 1.7030912710448992e-05, 5.75752182719736e-05, 6.690570748567323e-05, 0.018593465870805424, 0.023564682267974146, 0.02895818473903342], "layer_D_star_score": [0, 0, 1.1989883840934376e-06, 1.898718463126216e-05, 1.1811102337503305e-05, 1.417448593665227, 2.1616483656097425, 0.6429791577593136], "layer_Op2_score": [0, 0, 0.0027529022955045564, 0.013914533274332034, 0.013294583816024618, 32.52347178460427, 45.39867808246524, 44.993289248932946], "layer_Barinel_score": [0, 0, 0.0004804983266451747, 0.000972015678395323, 0.0013174870382348576, 0.05719447119287557, 0.0663115996307799, 0.08823934537472256], "time": 121.58714246749878}