{"neuron_counts": [800, 288, 128, 512, 512, 128, 128, 128, 128, 128, 128, 64, 32, 1], "neuron_counts_selected": [500, 288, 128, 500, 500, 128, 128, 128, 128, 128, 128, 64, 32, 1], "layer_tarantula_score": [0.04048835645832867, 0.09129049378510222, 0.12883510091393338, 0.021921353372617476, 0.021469550908236493, 0.16017688767414, 0.03625756219406682, 0.03784353227662323, 0.03784353227662323, 0.03784353227662323, 0.11353301129475567, 0.07742749980749189, 0.12239828938979537, 0.4999999981854483], "layer_ochiai_score": [0.006510450369556626, 0.016092277080970593, 0.03136649586741376, 0.003447027313645683, 0.010606992489389871, 0.1250524045659216, 0.035420036392347774, 0.03678983384006002, 0.03678983384006002, 0.03678983384006002, 0.1223726821445577, 0.08666596016015038, 0.1306822355852948, 0.7049735105680157], "layer_D_star_score": [0.004278971362463826, 0.014399980151889574, 0.0744690160635322, 0.003976048524904266, 0.6863482074019541, 15.807183035628155, 8.833857488950052, 8.3800658055536, 8.3800658055536, 8.3800658055536, 18.87639316364614, 19.01474547785634, 17.225501755766867, 163.02385447673385], "layer_Op2_score": [0.17185050384850956, 0.48107444494077345, 1.3211343073358257, 0.08726870184006083, 1.095969946805971, 17.150994219938394, 5.5807786121740115, 5.821207352677799, 5.821207352677799, 5.821207352677799, 20.839435888151684, 15.313140942291943, 22.537266534620933, 164.00595297264704], "layer_Barinel_score": [0.04027557037554599, 0.09084859017997432, 0.1281063744310098, 0.021874370065348876, 0.021378710198697606, 0.1594157842122138, 0.03608070718756425, 0.03766465717216571, 0.03766465717216571, 0.03766465717216571, 0.11280899203294066, 0.07698082640905701, 0.12142941419091356, 0.4969879518072289], "time": 10.39783239364624}