{"neuron_counts": [800, 288, 128, 512, 512, 128, 128, 128, 128, 128, 128, 64, 32, 1], "neuron_counts_selected": [500, 288, 128, 500, 500, 128, 128, 128, 128, 128, 128, 64, 32, 1], "layer_tarantula_score": [0.27837962829142854, 0.1864957690168186, 0.22548845224261746, 0.08686694311597819, 0.03853339884910518, 0.19046770035201505, 0.037455575474807955, 0.0396410214975313, 0.0396410214975313, 0.0396410214975313, 0.13369201400593816, 0.07820490887583234, 0.12887263948071276, 0.4999999981854483], "layer_ochiai_score": [0.09828142414829796, 0.06273085963691682, 0.10275829205681222, 0.02956313604290058, 0.019594470336982563, 0.17766366801246458, 0.03795891988812442, 0.04100459554695816, 0.04100459554695816, 0.04100459554695816, 0.1467563837419703, 0.0888142473705575, 0.14059066509869325, 0.7049735105680157], "layer_D_star_score": [0.5252462850705453, 0.3629814437697575, 1.558103775912108, 0.586848375462, 1.5486858411979667, 29.573153705142115, 9.151986625067615, 9.34912008268771, 9.34912008268771, 9.34912008268771, 26.69927388014891, 19.5011179818889, 18.346749305260722, 163.02385447673385], "layer_Op2_score": [6.002720062526162, 3.7227698073655917, 8.35296635484238, 2.121888626728212, 2.2221614065253434, 27.399869113941904, 6.24777916003222, 6.815648797840333, 6.815648797840333, 6.815648797840333, 26.394990612628497, 15.977011624023499, 24.83160712973999, 164.00595297264704], "layer_Barinel_score": [0.2765770557468025, 0.18529526947784694, 0.2239903184457151, 0.0864865822187516, 0.038354053057569774, 0.18938594490373836, 0.03725147305886256, 0.03942850525093939, 0.03942850525093939, 0.03942850525093939, 0.1328315273570343, 0.07773961534681482, 0.12786255752427889, 0.4969879518072289], "time": 11.288912534713745}