{"neuron_counts": [1229312, 307328, 141376, 64800, 15488, 15488, 15488, 5000, 1000, 131], "neuron_counts_selected": [2000, 2000, 2000, 2000, 2000, 2000, 2000, 2000, 1000, 131], "layer_tarantula_score": [0.5025845520476456, 0.5001965630200041, 0.45077861759493304, 0.4997567043569056, 0.4983541162446926, 0.5003696439955674, 0.5023224246632167, 0.43682289775647665, 0.2957387417079675, 0.011486238968135236], "layer_ochiai_score": [0.44632934338565794, 0.6963837699925381, 0.40099728873536256, 0.34681264065849937, 0.5608386057101293, 0.5654140574244543, 0.5558944564937055, 0.35763726700113957, 0.28974828890161347, 0.01802211692664139], "layer_D_star_score": [23.53095801412613, 170.93247725008317, 53.91206136310271, 21.192723451309316, 108.85526066854851, 112.84505003272398, 108.54991045031899, 74.11020753606856, 86.72696714419013, 7.134557143514134], "layer_Op2_score": [61.35441253443865, 149.29065280920796, 66.49694364116877, 44.672271757581285, 106.98343459945393, 108.48198456326534, 105.92931140958876, 64.62833303103903, 60.75173297896797, 4.352311730823169], "layer_Barinel_score": [0.6206947495742438, 0.619428877136861, 0.5515276078183527, 0.6094021294964129, 0.6144188201197472, 0.6172862851671015, 0.6182187112927343, 0.525314307365977, 0.3542944136421502, 0.014218055150664854], "time": 54.42164349555969}