{"neuron_counts": [1229312, 307328, 141376, 64800, 15488, 15488, 15488, 5000, 1000, 131], "neuron_counts_selected": [100, 100, 100, 100, 100, 100, 100, 100, 100, 100], "layer_tarantula_score": [0.4644965550528035, 0.48989134150998304, 0.37271842490544344, 0.43401083045855904, 0.4747065411233555, 0.4459051478848678, 0.47803335912229983, 0.2794795548784348, 0.1898616556526317, 0.0008004698369406326], "layer_ochiai_score": [0.4126531851929846, 0.6804603055242517, 0.25407871100152085, 0.24883216233260247, 0.4431146961420679, 0.40879197635603526, 0.4932366391863922, 0.15491141946149328, 0.14968631363472712, 0.0012591241113144936], "layer_D_star_score": [18.01906629882244, 152.39141598199538, 17.249407829153483, 5.969542484277415, 49.52533413908014, 46.457431513175216, 75.79235399167425, 11.075601672804009, 36.240944762482435, 0.49841910229830955], "layer_Op2_score": [54.91141112450654, 143.5578557087441, 32.45421626235625, 24.202720299271032, 70.15383839975566, 65.2730713803924, 87.09961192070615, 18.171953255723494, 28.055129819319806, 0.3038494585599243], "layer_Barinel_score": [0.5843355561106166, 0.6097201430427707, 0.46799936988973984, 0.5444911571133735, 0.5938681611664335, 0.5585243625910634, 0.5971866352891779, 0.3539043494676732, 0.23459187027568507, 0.0009914530570481709], "time": 5.428670883178711}