{"neuron_counts": [1229312, 307328, 141376, 64800, 15488, 15488, 15488, 5000, 1000, 131], "neuron_counts_selected": [500, 500, 500, 500, 500, 500, 500, 500, 500, 131], "layer_tarantula_score": [0.4994681675898224, 0.4993088746633682, 0.4575966072694921, 0.49408344776883933, 0.5019324046762118, 0.5076532890502168, 0.5033875665913816, 0.4454072300123644, 0.2945510647234479, 0.011486238968135236], "layer_ochiai_score": [0.44374523009324274, 0.6966110671738038, 0.4174001422912537, 0.3411440906465924, 0.5457773626396711, 0.5607326052169362, 0.565845807634925, 0.37461259939606284, 0.2964427765105728, 0.01802211692664139], "layer_D_star_score": [23.024969075853413, 171.4813933532997, 58.45280794265186, 20.078024297375904, 104.3493087318188, 111.07413286408129, 114.05889057249648, 82.28289335485475, 92.03182696246161, 7.134557143514134], "layer_Op2_score": [60.92053601413634, 149.59100387667377, 70.4465361734436, 43.41021132965638, 103.32842044705959, 107.20856243824936, 109.20062390168505, 69.15435870267383, 63.31215009853078, 4.352311730823169], "layer_Barinel_score": [0.6178630683302847, 0.618602550280653, 0.5585832346422517, 0.6025185448116408, 0.6162331616488425, 0.6231148655060261, 0.6196395636931639, 0.5342071508587299, 0.3522512645653281, 0.014218055150664854], "time": 13.033648252487183}