{"neuron_counts": [1229312, 307328, 141376, 64800, 15488, 15488, 15488, 5000, 1000, 131], "neuron_counts_selected": [1000, 1000, 1000, 1000, 1000, 1000, 1000, 1000, 1000, 131], "layer_tarantula_score": [0.500306342267523, 0.4994560840144781, 0.4522395871364586, 0.49085551848446757, 0.49919782102806676, 0.49983852007978774, 0.502514587307717, 0.4368165808193307, 0.2957387417079675, 0.011486238968135236], "layer_ochiai_score": [0.4434872164056769, 0.6964834937942215, 0.40496753608103536, 0.3472458716336666, 0.5538916494657133, 0.5537379586645984, 0.5667418814415772, 0.36172805330382174, 0.28974828890161347, 0.01802211692664139], "layer_D_star_score": [22.91427693815739, 171.25106238833592, 55.2651814806064, 20.95355462905125, 106.43576194466856, 108.47801811024178, 111.94264304814465, 76.54030985964091, 86.72696714419013, 7.134557143514134], "layer_Op2_score": [60.77731824308228, 149.50099981362698, 67.68132241957103, 44.92640892415458, 104.96005181873164, 105.57096540735745, 108.52149505214032, 65.98618384049165, 60.75173297896797, 4.352311730823169], "layer_Barinel_score": [0.618674370675226, 0.6187215600880945, 0.5518164212666626, 0.5998127548749514, 0.614819445413711, 0.6149707112002133, 0.6186695821829871, 0.5250668181196273, 0.3542944136421502, 0.014218055150664854], "time": 24.42623019218445}