{"neuron_counts": [1229312, 307328, 141376, 64800, 15488, 15488, 15488, 5000, 1000, 131], "neuron_counts_selected": [100, 100, 100, 100, 100, 100, 100, 100, 100, 100], "layer_tarantula_score": [0.5019308510095413, 0.5016308133241599, 0.4362658140929651, 0.5050577110172589, 0.4878716473500294, 0.5085600888351962, 0.5005012972565737, 0.4395205390571628, 0.28697897599373556, 0.005000000818908133], "layer_ochiai_score": [0.44582460657021383, 0.6990740285737683, 0.39926338382661664, 0.3193978325395667, 0.5422457188026053, 0.5582835837868269, 0.5626898759964831, 0.35716061977333324, 0.2840680593303842, 0.007870080217170434], "layer_D_star_score": [23.32000476807028, 173.55037558036588, 54.035960759971104, 15.08475062413687, 103.84896082980472, 109.76433550144668, 107.58813821358325, 67.7731642477142, 93.78647899932898, 3.1163957552387336], "layer_Op2_score": [61.2811640750535, 150.09960789385792, 66.73441556831193, 37.98061654802698, 102.22927391779253, 106.69691697663892, 106.98641816526987, 63.097042862955824, 61.91557839598821, 1.9051505431312097], "layer_Barinel_score": [0.6201735029797166, 0.6208130678475798, 0.5354557891717101, 0.6144209177291748, 0.6054476977191473, 0.6247444273381987, 0.6160488274828628, 0.5320534626822312, 0.33989744075085154, 0.0061938194967266135], "time": 4.048368692398071}