{"neuron_counts": [1229312, 307328, 141376, 64800, 15488, 15488, 15488, 5000, 1000, 131], "neuron_counts_selected": [500, 500, 500, 500, 500, 500, 500, 500, 500, 131], "layer_tarantula_score": [0.43317954201897646, 0.47315137865496154, 0.26023417970919616, 0.203028800170411, 0.3115802308384824, 0.33023540464939116, 0.29049383254380745, 0.12852901018666651, 0.06519670847078983, 0.00025808162876884044], "layer_ochiai_score": [0.19036228793023188, 0.39211517294089376, 0.10254181466509567, 0.04504237802467581, 0.10841404933361894, 0.10461138252488919, 0.09873010637810288, 0.06249460505136613, 0.06543064176730344, 0.00029051715238771406], "layer_D_star_score": [0.9249509972315993, 14.676052521391906, 1.230468267841832, 0.06590082555750386, 0.8421957220165468, 0.6715419695932198, 0.9239467643972792, 4.187784578368195, 17.168473915733337, 0.03840397491971381], "layer_Op2_score": [12.300802770906325, 48.57226383497531, 7.470153265910896, 1.600633648182826, 6.582072088253746, 5.790196181625196, 6.152912815511775, 7.035332123244318, 12.91460158229244, 0.0513131930384833], "layer_Barinel_score": [0.5498483690174795, 0.5928262576949738, 0.3263695288527209, 0.2493231461838713, 0.3907043222313413, 0.41218469352234216, 0.3641479581155358, 0.16236493753159956, 0.08197307269786024, 0.00032090196709572334], "time": 16.57656192779541}