{"neuron_counts": [1229312, 307328, 141376, 64800, 15488, 15488, 15488, 5000, 1000, 131], "neuron_counts_selected": [200, 200, 200, 200, 200, 200, 200, 200, 200, 131], "layer_tarantula_score": [0.4740594252722471, 0.49178720646533036, 0.3864037201990643, 0.44187753674895786, 0.4665583287289152, 0.47197132738126424, 0.4646261065086936, 0.34910882679282357, 0.11504152086476033, 0.0002624962296002915], "layer_ochiai_score": [0.4223738416385826, 0.6830402913487641, 0.2784613050258428, 0.2733172917712396, 0.43892590104753226, 0.48875471761295036, 0.47284190570761575, 0.23082817388222807, 0.09310468320678233, 0.0004127054633557346], "layer_D_star_score": [19.152130382578704, 155.47230090027628, 17.562996199782052, 7.397045945848045, 49.692130761992196, 61.69889153383269, 63.20184958741886, 28.042545034066624, 19.323615129858158, 0.1633528043737831], "layer_Op2_score": [56.496570705963926, 144.51524760135064, 35.63702287278106, 27.75814777320239, 69.69457119664713, 81.74018021813713, 79.66017974191944, 32.84137439711156, 16.41748290268553, 0.09950899468623346], "layer_Barinel_score": [0.5940000752815303, 0.6115522941384582, 0.4838649925654159, 0.5559373932331181, 0.5825282472493203, 0.590196727460762, 0.5807456036498105, 0.4354414967388661, 0.14305025408342126, 0.00032508926768679523], "time": 8.992907047271729}