{"neuron_counts": [1229312, 307328, 141376, 64800, 15488, 15488, 15488, 5000, 1000, 131], "neuron_counts_selected": [500, 500, 500, 500, 500, 500, 500, 500, 500, 131], "layer_tarantula_score": [0.13094664763773387, 0.26329989899100725, 0.12467497204467197, 0.011470202013578065, 0.018012674999450133, 0.020490354687455976, 0.028500853428990936, 0.06074757264684459, 0.09867455234036675, 0.0], "layer_ochiai_score": [0.017087616806730006, 0.04485931046777277, 0.023138988875967773, 0.0036182081162178022, 0.005835002625665032, 0.002731696004709675, 0.00727647629070284, 0.02488829907234629, 0.10725210194039389, 0.0], "layer_D_star_score": [0.06358193057373289, 0.13284148312242106, 0.24839282358568102, 0.09661116026580706, 0.33509690538443326, 0.02417330686691714, 0.16023248487799535, 2.534762707447776, 31.894414820589052, 0.0], "layer_Op2_score": [0.6385848611925505, 1.8938151073934444, 1.256038358088495, 0.32244984826664785, 0.6720827631772008, 0.13902460484445547, 0.6013694800347651, 2.9382483285681085, 22.730689994623404, 0.0], "layer_Barinel_score": [0.1379387583207428, 0.2880748647548782, 0.13474540227125398, 0.01337086512084822, 0.020503244082434948, 0.021603109873915, 0.03151205050819743, 0.07193662969900903, 0.12108559977914697, 0.0], "time": 12.430793046951294}