{"neuron_counts": [1229312, 307328, 141376, 64800, 15488, 15488, 15488, 5000, 1000, 131], "neuron_counts_selected": [500, 500, 500, 500, 500, 500, 500, 500, 500, 131], "layer_tarantula_score": [0.43338123445280213, 0.47389043204382675, 0.26066692691976, 0.20429273023983185, 0.31266817415105935, 0.3300614838827662, 0.29180938836343573, 0.12772942305894197, 0.06498251317619946, 0.000259568457601367], "layer_ochiai_score": [0.19117744786136573, 0.39418444166036043, 0.10307665663620473, 0.0453207345891198, 0.10882632806478787, 0.10492386664727218, 0.0995042953688849, 0.061346982158373045, 0.06529157967623464, 0.00029886888880364146], "layer_D_star_score": [0.7551424437485647, 12.040420014662262, 1.0081486544515823, 0.052682503314768224, 0.676428066230323, 0.5428352701216171, 0.7475166696298963, 3.3753335027281195, 14.240211148465848, 0.03443134443115967], "layer_Op2_score": [10.014683069676774, 39.584146673921396, 6.087995537735211, 1.2996444741847641, 5.336450437349011, 4.701664285528116, 5.011402098208316, 5.582692208951363, 10.472081419623757, 0.04359579124346345], "layer_Barinel_score": [0.554790108038758, 0.5982685242790167, 0.3295319078766049, 0.252581716152321, 0.39526963925059966, 0.4155023710035488, 0.36861848362192967, 0.1629149057019484, 0.0824122804896959, 0.0003247532690161242], "time": 23.536399841308594}