{"neuron_counts": [1229312, 307328, 141376, 64800, 15488, 15488, 15488, 5000, 1000, 131], "neuron_counts_selected": [500, 500, 500, 500, 500, 500, 500, 500, 500, 131], "layer_tarantula_score": [0.43852901106070524, 0.47373866801515335, 0.2580472616596115, 0.1963333673832501, 0.3133721208536898, 0.2898196631186966, 0.29395799437225495, 0.10841928920327025, 0.06447151809482951, 0.000259568457601367], "layer_ochiai_score": [0.18992336159787682, 0.3932504933599229, 0.10911261899971221, 0.04367237309453094, 0.10088486335530485, 0.09382971973161165, 0.0984640107880311, 0.0479314853185913, 0.0543153117869934, 0.00029886888880364146], "layer_D_star_score": [0.727556382833876, 12.024828607381451, 1.3870429200130605, 0.052376172106636386, 0.5866201782983745, 0.4965957931232071, 0.6158460032432289, 2.4174297448605255, 9.907252472141286, 0.03443134443115967], "layer_Op2_score": [9.79676870808347, 39.497779306009164, 7.0032714165648375, 1.26123554837521, 4.618657547682582, 4.282488198488216, 4.740028581132012, 4.02512179697072, 8.040387087794663, 0.04359579124346345], "layer_Barinel_score": [0.560142539823064, 0.5981173812094895, 0.32559184946415054, 0.24353117217750916, 0.3951045596895306, 0.36331544021798984, 0.3713630377040101, 0.13789237675665353, 0.08193441467500782, 0.0003247532690161242], "time": 18.240291118621826}