{"neuron_counts": [10, 256, 256, 5], "neuron_counts_selected": [10, 100, 100, 5], "layer_tarantula_score": [0.4950862814249968, 0.467383799505721, 0.4563082272791153, 0.5994900750343064], "layer_ochiai_score": [0.24316728167234994, 0.19727341051386446, 0.19406936910630226, 0.33806733604676226], "layer_D_star_score": [1.2855231484493568, 0.8143263779264103, 0.7877464582125776, 2.567173975537167], "layer_Op2_score": [8.717185934396412, 6.285310212362907, 6.364784476666309, 12.162668808333883], "layer_Barinel_score": [0.12741249289445392, 0.11579787605530313, 0.1104544268429591, 0.17752732779521924], "time": 0.3085513114929199}