{"neuron_counts": [10, 256, 256, 5], "neuron_counts_selected": [10, 200, 200, 5], "layer_tarantula_score": [0.4950862814249968, 0.46370232186058, 0.47384559690519396, 0.5994900750343064], "layer_ochiai_score": [0.24316728167234994, 0.20561400761129536, 0.2089555541105355, 0.33806733604676226], "layer_D_star_score": [1.2855231484493568, 0.8951852445340088, 0.9163972303421911, 2.567173975537167], "layer_Op2_score": [8.717185934396412, 6.927678844379286, 6.935468062199041, 12.162668808333883], "layer_Barinel_score": [0.12741249289445392, 0.11360691182012564, 0.11789495496069305, 0.17752732779521924], "time": 0.5409753322601318}