{"neuron_counts": [3072, 3072, 3136, 4608, 1152, 1024, 512, 512, 512, 128, 128, 43], "neuron_counts_selected": [500, 500, 500, 500, 500, 500, 500, 500, 500, 128, 128, 43], "layer_tarantula_score": [0.0, 0.14409033725870288, 0.23565793689283412, 0.327670253402744, 0.3681099481749901, 0.3474962566356867, 0.3101925380272422, 0.30340762255922454, 0.3090035942579171, 0.45418468291764164, 0.45418468291764164, 0.18914647470600235], "layer_ochiai_score": [0.0, 0.013356719879835926, 0.020116946009384115, 0.02756817021892531, 0.04497982562220614, 0.04888953448701082, 0.044117623919364635, 0.044773075554859064, 0.044749728535820314, 0.1034816591586657, 0.1034816591586657, 0.00819148300035773], "layer_D_star_score": [0.0, 0.19066768208695845, 0.39547698131233233, 0.5267519085273807, 1.331086911096447, 1.6268024547027853, 1.3573809621167716, 1.4581436506960836, 1.3949351492119666, 5.684871650954906, 5.684871650954906, 0.0384309196290513], "layer_Op2_score": [0.0, 9.648106918877838, 16.645513641867364, 22.548367704702486, 50.466049732911976, 54.98224892437419, 47.102778972863334, 49.499668661048474, 48.2369527607841, 163.02051939782916, 163.02051939782916, 3.2840440416888073], "layer_Barinel_score": [0.0, 0.00872892422860333, 0.01580565512049177, 0.02228774492452498, 0.023167148693775636, 0.023058124450839896, 0.01966792710748834, 0.019414792247950834, 0.019793995798865083, 0.030609876091478513, 0.030609876091478513, 0.01194639057844795], "time": 263.8768072128296}