{"neuron_counts": [3072, 3072, 3136, 4608, 1152, 1024, 512, 512, 512, 128, 128, 43], "neuron_counts_selected": [200, 200, 200, 200, 200, 200, 200, 200, 200, 128, 128, 43], "layer_tarantula_score": [0.44382920346966315, 0.4890035556200037, 0.49512109768703916, 0.49259483580748137, 0.49096773780488057, 0.4275006001962691, 0.3408739492789229, 0.37125728308931344, 0.382534120786922, 0.5005121868183141, 0.5005121868183141, 0.5652490003313269], "layer_ochiai_score": [0.06321744033237903, 0.13719761851093712, 0.14700882127250897, 0.12783630573484875, 0.15081442920654745, 0.11506919471159995, 0.07634711115024717, 0.08254599906990023, 0.08224585466963129, 0.13301722677520292, 0.13301722677520292, 0.054074713641890065], "layer_D_star_score": [1.7271100596320637, 9.074053700090003, 10.688333414849446, 8.130830141758393, 10.992940089101051, 7.65075707814391, 4.243893028531969, 4.673803191513593, 4.425569102513655, 8.943808134287378, 8.943808134287378, 1.3269735189214418], "layer_Op2_score": [66.00708977251571, 264.3916236616344, 302.2347318023102, 230.3305581667467, 318.0916567926463, 212.8416493060479, 116.2329115930851, 123.76970581885512, 121.85017938525932, 230.12619481106498, 230.12619481106498, 23.170798257678268], "layer_Barinel_score": [0.02815392027057814, 0.03320823354346165, 0.03408275123299345, 0.03391717173904878, 0.03334440540847173, 0.02950729953119386, 0.023642677256956707, 0.02625322839743716, 0.026528486835833424, 0.035722918034697265, 0.035722918034697265, 0.06947710792927701], "time": 110.34300112724304}