{"neuron_counts": [3072, 3072, 3136, 4608, 1152, 1024, 512, 512, 512, 128, 128, 43], "neuron_counts_selected": [2000, 2000, 2000, 2000, 1152, 1024, 512, 512, 512, 128, 128, 43], "layer_tarantula_score": [0.40430220429432484, 0.474804514811296, 0.4758156271327932, 0.464185410407652, 0.47576421421055026, 0.3246189826928418, 0.2470346135163689, 0.2470346135163689, 0.2470346135163689, 0.4594598124638006, 0.4594598124638006, 0.43486798484348677], "layer_ochiai_score": [0.057692200004103786, 0.13820134517804883, 0.14171852493172632, 0.1202622890132106, 0.1530217219234897, 0.09058316854251691, 0.05440682887610662, 0.05440682887610662, 0.05440682887610662, 0.12494463735304535, 0.12494463735304535, 0.032941078957326266], "layer_D_star_score": [0.8951706351232103, 6.111259383608819, 6.6693320861173655, 4.734571142406252, 7.605014126409619, 3.939882834718975, 1.801275968116406, 1.801275968116406, 1.801275968116406, 5.298331168478926, 5.298331168478926, 0.24465926396532903], "layer_Op2_score": [32.55507805812742, 144.68111034032316, 152.57916958579517, 113.47011896435329, 177.67080709909035, 89.9198855854418, 44.5306057084703, 44.5306057084703, 44.5306057084703, 121.53400642156147, 121.53400642156147, 6.86662446671888], "layer_Barinel_score": [0.030875759589380904, 0.04038968149130319, 0.040551312159064996, 0.03898998735536478, 0.040394426445440654, 0.027717563307153595, 0.020480729730872043, 0.020480729730872043, 0.020480729730872043, 0.03897028641640744, 0.03897028641640744, 0.04937147865174117], "time": 531.0452473163605}