{"neuron_counts": [3072, 3072, 3136, 4608, 1152, 1024, 512, 512, 512, 128, 128, 43], "neuron_counts_selected": [500, 500, 500, 500, 500, 500, 500, 500, 500, 128, 128, 43], "layer_tarantula_score": [0, 0.045632286685866594, 0.10974735259705726, 0.2131272417955883, 0.2833857479317817, 0.23565221771735076, 0.19814985227462137, 0.18729833731473008, 0.19314981223442862, 0.39601359643187023, 0.39601359643187023, 0.06947043628759728], "layer_ochiai_score": [0, 0.0042936280458088895, 0.007790573653345517, 0.015260176412077638, 0.02873454036165586, 0.02979436047306457, 0.026315351725742443, 0.02574926766323705, 0.026403328303423065, 0.0888005489112017, 0.0888005489112017, 0.002873894803726473], "layer_D_star_score": [0, 0.03322259359468903, 0.054460592019218795, 0.09029756469561391, 0.33722675585705214, 0.4536566147272978, 0.3847515524766953, 0.39784043248346757, 0.39835511883660446, 2.8056163844471826, 2.8056163844471826, 0.003142806869822311], "layer_Op2_score": [0, 1.6855002321783563, 2.678573045066463, 4.935099473307043, 13.65309776426859, 15.82121442199442, 14.863392292237068, 15.021405315981939, 15.041722297634797, 77.4621893678936, 77.4621893678936, 0.5654636998435828], "layer_Barinel_score": [0, 0.0032948982232702466, 0.007964528667624725, 0.015240681451501814, 0.020247967969501325, 0.017581775502225755, 0.01428647600083095, 0.01355065927517881, 0.014077537935277348, 0.031028528208588584, 0.031028528208588584, 0.0044240155763826785], "time": 254.89101886749268}