{"neuron_counts": [3072, 3072, 3136, 4608, 1152, 1024, 512, 512, 512, 128, 128, 43], "neuron_counts_selected": [100, 100, 100, 100, 100, 100, 100, 100, 100, 100, 100, 43], "layer_tarantula_score": [0.44732965038220796, 0.49493901772464033, 0.4980745803581628, 0.48835633437465104, 0.4921714543772482, 0.4135638728435207, 0.3567070622211111, 0.3737487167056818, 0.3511361415168553, 0.49803448433861286, 0.49449430881647566, 0.5652490003313269], "layer_ochiai_score": [0.06456772045654573, 0.14069675297134285, 0.14589725306153326, 0.1268679850229345, 0.15180823778743938, 0.11978111518419489, 0.07911851265512485, 0.08612500077722693, 0.0809727452490945, 0.12934306230128112, 0.13221291528076906, 0.054074713641890065], "layer_D_star_score": [1.7966483504851016, 9.48881627532125, 10.460953081919609, 8.030606657789882, 11.148087217215624, 8.621077576564913, 4.472105344938154, 5.092678807572119, 4.7804198394357496, 8.62702994405869, 8.886653800085448, 1.3269735189214418], "layer_Op2_score": [68.02888362148092, 271.8409683202578, 295.8431794824847, 231.2862836314399, 320.75240630404437, 230.87342607713887, 121.7758520208465, 131.97579505153652, 123.82492994167106, 219.58743669420875, 231.46357164562858, 23.170798257678268], "layer_Barinel_score": [0.02848443020669298, 0.033897738161090735, 0.034333400184752186, 0.03326200376191574, 0.0335150200467904, 0.02909540400790776, 0.024741484725109664, 0.026527616340656687, 0.024976882071552787, 0.0355720474824317, 0.034938344284302605, 0.06947710792927701], "time": 59.74419140815735}