{"neuron_counts": [3072, 3072, 3136, 4608, 1152, 1024, 512, 512, 512, 128, 128, 43], "neuron_counts_selected": [1000, 1000, 1000, 1000, 1000, 1000, 512, 512, 512, 128, 128, 43], "layer_tarantula_score": [0.4078466809820913, 0.4699915876684138, 0.4785345160848035, 0.4622223018299215, 0.47679612045676384, 0.3321372516780749, 0.2470346135163689, 0.2470346135163689, 0.2470346135163689, 0.4594598124638006, 0.4594598124638006, 0.43486798484348677], "layer_ochiai_score": [0.058802843257218455, 0.13643825745642324, 0.1438592132863714, 0.11887714910121037, 0.15393584836511554, 0.09315611901075266, 0.05440682887610662, 0.05440682887610662, 0.05440682887610662, 0.12494463735304535, 0.12494463735304535, 0.032941078957326266], "layer_D_star_score": [0.9358851241929699, 5.988783186345827, 6.8859211038053925, 4.626799952515354, 7.713331948990577, 4.07364747005981, 1.801275968116406, 1.801275968116406, 1.801275968116406, 5.298331168478926, 5.298331168478926, 0.24465926396532903], "layer_Op2_score": [33.416541981805665, 143.25666775976057, 155.83492564549576, 111.45567596799717, 179.16934369471764, 92.74416876435292, 44.5306057084703, 44.5306057084703, 44.5306057084703, 121.53400642156147, 121.53400642156147, 6.86662446671888], "layer_Barinel_score": [0.031316471256471974, 0.03972597176841701, 0.040943602920926206, 0.038705014484363545, 0.040548700238146725, 0.028383366922832175, 0.020480729730872043, 0.020480729730872043, 0.020480729730872043, 0.03897028641640744, 0.03897028641640744, 0.04937147865174117], "time": 345.98585271835327}