{"neuron_counts": [3072, 3072, 3136, 4608, 1152, 1024, 512, 512, 512, 128, 128, 43], "neuron_counts_selected": [1000, 1000, 1000, 1000, 1000, 1000, 512, 512, 512, 128, 128, 43], "layer_tarantula_score": [0.4048838837123596, 0.4726641721799184, 0.47533765915849185, 0.464590832091448, 0.47672433309380746, 0.33592361943668203, 0.2470346135163689, 0.2470346135163689, 0.2470346135163689, 0.4594598124638006, 0.4594598124638006, 0.43486798484348677], "layer_ochiai_score": [0.05798555090601766, 0.1383384515073992, 0.14070036509097011, 0.11935192606017091, 0.15393073974669524, 0.09424418048797614, 0.05440682887610662, 0.05440682887610662, 0.05440682887610662, 0.12494463735304535, 0.12494463735304535, 0.032941078957326266], "layer_D_star_score": [0.9045079563197663, 6.172889194744933, 6.585924852188809, 4.625688626993524, 7.693011276755576, 4.142282093432514, 1.801275968116406, 1.801275968116406, 1.801275968116406, 5.298331168478926, 5.298331168478926, 0.24465926396532903], "layer_Op2_score": [32.779121231867094, 146.16843371912694, 149.5265754134681, 111.29780949727287, 179.42592338232635, 93.62994938926619, 44.5306057084703, 44.5306057084703, 44.5306057084703, 121.53400642156147, 121.53400642156147, 6.86662446671888], "layer_Barinel_score": [0.030950946749328884, 0.040151690247093925, 0.040525407129006305, 0.03903431714064073, 0.040529933904046224, 0.028792116550072782, 0.020480729730872043, 0.020480729730872043, 0.020480729730872043, 0.03897028641640744, 0.03897028641640744, 0.04937147865174117], "time": 349.79729747772217}