{"neuron_counts": [3072, 3072, 3136, 4608, 1152, 1024, 512, 512, 512, 128, 128, 43], "neuron_counts_selected": [500, 500, 500, 500, 500, 500, 500, 500, 500, 128, 128, 43], "layer_tarantula_score": [0, 0.07588739548479805, 0.2134501266411772, 0.2957330404419069, 0.35602057269238757, 0.27042160326185816, 0.22610913908109845, 0.20939093914452597, 0.21685220280766943, 0.4201239477821618, 0.4201239477821618, 0.14856049793457846], "layer_ochiai_score": [0, 0.007881830225309009, 0.022188468877051584, 0.029198569200021476, 0.0510870474994446, 0.04420201456039257, 0.03567447538757306, 0.03419650102407588, 0.03533662035077327, 0.10088285481648349, 0.10088285481648349, 0.006818707487899793], "layer_D_star_score": [0, 0.10740674318917465, 0.39227009703950627, 0.3175972392392693, 0.9415133268050695, 0.9772413828139507, 0.7200883113959072, 0.7165139759776185, 0.7328044722680196, 3.55803346037189, 3.55803346037189, 0.020337219986987936], "layer_Op2_score": [0, 4.006527394401378, 12.079233696630268, 13.014643699883568, 31.80708184472511, 29.19346031630365, 22.951052518632597, 22.655833757579668, 22.93784401123811, 91.31295105475391, 91.31295105475391, 1.428529674458665], "layer_Barinel_score": [0, 0.0056130081987259915, 0.016165183949364312, 0.021412409552876543, 0.02658037253634495, 0.020833469584250745, 0.017178623885926482, 0.015916762101064182, 0.01664537589544971, 0.033924139461459384, 0.033924139461459384, 0.01076541030759271], "time": 244.99952006340027}