{"neuron_counts": [3072, 3072, 3136, 4608, 1152, 1024, 512, 512, 512, 128, 128, 43], "neuron_counts_selected": [2000, 2000, 2000, 2000, 1152, 1024, 512, 512, 512, 128, 128, 43], "layer_tarantula_score": [0.4068074398118401, 0.4759578646402503, 0.47589141264099516, 0.46428353993140914, 0.47615598518830143, 0.32437061805072, 0.24673559729120145, 0.24673559729120145, 0.24673559729120145, 0.4593990618032624, 0.4593990618032624, 0.4310430529395942], "layer_ochiai_score": [0.05158308038583216, 0.12277093055999802, 0.12522350013533073, 0.1062935529984405, 0.13537438830493018, 0.07976584994311593, 0.04795564584709056, 0.04795564584709056, 0.04795564584709056, 0.11042849746474345, 0.11042849746474345, 0.02855973601781673], "layer_D_star_score": [1.1129490325348033, 7.2080295346834475, 7.768265781834914, 5.547755777287475, 8.865022707256275, 4.577222667064462, 2.1161269997499366, 2.1161269997499366, 2.1161269997499366, 6.19710456065276, 6.19710456065276, 0.30580243842341254], "layer_Op2_score": [49.646343489061245, 218.4212267711831, 228.7223914254149, 170.18482158965722, 266.81521979118986, 134.28019928093465, 66.61014386445204, 66.61014386445204, 66.61014386445204, 182.13269036703838, 182.13269036703838, 9.8433386951437], "layer_Barinel_score": [0.024231456266750717, 0.03159519619945238, 0.03159511835135123, 0.03037139311357337, 0.031508145849661606, 0.02156316648445154, 0.0159227013258569, 0.0159227013258569, 0.0159227013258569, 0.0303722807870683, 0.0303722807870683, 0.03858245898194935], "time": 620.1976401805878}