{"neuron_counts": [3072, 3072, 3136, 4608, 1152, 1024, 512, 512, 512, 128, 128, 43], "neuron_counts_selected": [500, 500, 500, 500, 500, 500, 500, 500, 500, 128, 128, 43], "layer_tarantula_score": [0.0, 0.13250948145282726, 0.23246023596069487, 0.3325263331575793, 0.36406656312150537, 0.3495297947579718, 0.28545663581959263, 0.2880856792703082, 0.2889981929592445, 0.45418468291764164, 0.45418468291764164, 0.18914647470600235], "layer_ochiai_score": [0.0, 0.01242202683630764, 0.02192615441714851, 0.029426848620742754, 0.04495469822736494, 0.05153589522894096, 0.040620558846487735, 0.04151452157640047, 0.04047793754444347, 0.1034816591586657, 0.1034816591586657, 0.00819148300035773], "layer_D_star_score": [0.0, 0.17817069026654572, 0.4751945785441903, 0.6268049064497027, 1.3295137575491445, 1.7908830225731505, 1.2726040746544376, 1.3081620445550175, 1.239795355770466, 5.684871650954906, 5.684871650954906, 0.0384309196290513], "layer_Op2_score": [0.0, 9.20153468118848, 19.235949519893992, 24.71074304294638, 49.65025221576048, 59.260961139267415, 44.74174670674198, 45.58514643668265, 43.740133380930494, 163.02051939782916, 163.02051939782916, 3.2840440416888073], "layer_Barinel_score": [0.0, 0.007865758306326822, 0.0179666433865221, 0.023596442283622173, 0.022940255051878494, 0.022841500333476917, 0.01796242120652039, 0.01825460498102105, 0.018087258612815845, 0.030609876091478513, 0.030609876091478513, 0.01194639057844795], "time": 264.865740776062}