{"neuron_counts": [3072, 3072, 3136, 4608, 1152, 1024, 512, 512, 512, 128, 128, 43], "neuron_counts_selected": [500, 500, 500, 500, 500, 500, 500, 500, 500, 128, 128, 43], "layer_tarantula_score": [0.4004328958056206, 0.46954857662858773, 0.47234818179708205, 0.465239686190641, 0.47749487394783674, 0.3352370517237543, 0.2745286302559943, 0.25449524848773747, 0.2602517575021887, 0.4594598124638006, 0.4594598124638006, 0.43486798484348677], "layer_ochiai_score": [0.057110110793503754, 0.1384265188137619, 0.13848316395884183, 0.11882829102656793, 0.15385743114407166, 0.09312712579175103, 0.0603700470035159, 0.057741048338443124, 0.05855117983184522, 0.12494463735304535, 0.12494463735304535, 0.032941078957326266], "layer_D_star_score": [0.8794062993220136, 6.173218351709778, 6.403301679071523, 4.555311331660292, 7.6642183821435586, 4.024583929028624, 2.0072711797975984, 1.996348516103147, 1.989341516750759, 5.298331168478926, 5.298331168478926, 0.24465926396532903], "layer_Op2_score": [32.38170068634571, 147.94565898713157, 146.82960275412762, 110.46079181883964, 177.77618958295872, 91.77789156276974, 48.83153927345885, 48.01908723614459, 47.87764169297089, 121.53400642156147, 121.53400642156147, 6.86662446671888], "layer_Barinel_score": [0.03041979260239196, 0.03965573136269217, 0.04013999326311853, 0.039025491041635336, 0.04066139618894595, 0.02871890311265551, 0.022941699769875864, 0.021330033416680275, 0.021888615188687354, 0.03897028641640744, 0.03897028641640744, 0.04937147865174117], "time": 214.73473691940308}