{"neuron_counts": [3072, 3072, 3136, 4608, 1152, 1024, 512, 512, 512, 128, 128, 43], "neuron_counts_selected": [100, 100, 100, 100, 100, 100, 100, 100, 100, 100, 100, 43], "layer_tarantula_score": [0.4174809116929606, 0.4793964051604597, 0.4835733485643764, 0.4654385729038571, 0.4777220379627034, 0.3224413507118686, 0.23992035911192044, 0.2572950527381544, 0.22815662309263174, 0.4535350678572501, 0.4526561273562811, 0.43486798484348677], "layer_ochiai_score": [0.06264337090311485, 0.14308627445204317, 0.14414069162257148, 0.12018845995671089, 0.15439741141006888, 0.09701736980137016, 0.051024602530632124, 0.05800823588520651, 0.05183115374795518, 0.11813755566052841, 0.12359043806080436, 0.032941078957326266], "layer_D_star_score": [1.0758201081529781, 6.544744873590744, 6.826814153980398, 4.727811886075815, 7.711034766944345, 4.6268772787082915, 1.6517370121634696, 2.089202672672214, 1.8332034092572398, 4.8169171441919305, 5.240471834285012, 0.24465926396532903], "layer_Op2_score": [36.54134155629934, 152.61833481397454, 153.64323863100338, 114.58354737605583, 179.46942038800836, 102.79693535223572, 41.651879323069174, 48.147473191548336, 42.49921349790485, 111.34469624880529, 122.49435290713468, 6.86662446671888], "layer_Barinel_score": [0.032516603995249464, 0.041024771513640236, 0.04169064590532468, 0.03900582233666184, 0.04066074602057793, 0.027815643809624042, 0.019753085049933606, 0.021672813562060224, 0.01931006149902629, 0.038211328710909306, 0.03799495749862141, 0.04937147865174117], "time": 52.500877380371094}