{"neuron_counts": [3072, 3072, 3136, 4608, 1152, 1024, 512, 512, 512, 128, 128, 43], "neuron_counts_selected": [200, 200, 200, 200, 200, 200, 200, 200, 200, 128, 128, 43], "layer_tarantula_score": [0, 0, 0.063047999739409, 0.11743556271242592, 0.1641495089029241, 0.2029586855957854, 0.13432609506641888, 0.136345992206376, 0.14972872093509493, 0.3746911157301699, 0.3746911157301699, 0.006571352993631196], "layer_ochiai_score": [0, 0, 0.00352607711646949, 0.005937489205728168, 0.011117757418402072, 0.01705528493835039, 0.013175418685552118, 0.013123520684634236, 0.015120173666841624, 0.06959082004899396, 0.06959082004899396, 0.0002734660139274247], "layer_D_star_score": [0, 0, 0.02543776946465838, 0.03873332492140195, 0.11902267712015045, 0.24073238315402448, 0.183717061566036, 0.1722150125767064, 0.21933781313972373, 2.631563986246051, 2.631563986246051, 0.0003711341684392183], "layer_Op2_score": [0, -0.00030561696499060206, 1.6468563838695385, 2.656869799184332, 7.274728156724161, 12.362780941310467, 11.315834287245032, 10.911354124436441, 13.139049936658365, 99.70166429449536, 99.70166429449536, 0.1014847822494477], "layer_Barinel_score": [0, 0, 0.00379196546892658, 0.0065513076582905914, 0.008736224446903851, 0.011315993705240678, 0.007041434284028498, 0.007179718402791454, 0.007941906703823137, 0.022213465171368414, 0.022213465171368414, 0.0002811379932100898], "time": 116.26972150802612}