{"neuron_counts": [3072, 3072, 3136, 4608, 1152, 1024, 512, 512, 512, 128, 128, 43], "neuron_counts_selected": [500, 500, 500, 500, 500, 500, 500, 500, 500, 128, 128, 43], "layer_tarantula_score": [0, 0.00038630933157197, 0.05335358158832972, 0.13258482302984767, 0.19211308655364356, 0.20374751522878376, 0.17705556135967196, 0.1678266868859152, 0.17342120380086626, 0.3746911157301699, 0.3746911157301699, 0.006571352993631196], "layer_ochiai_score": [0, 1.0167956551494734e-05, 0.0027320267202444208, 0.006677322353447885, 0.013127310964563946, 0.01794524930453116, 0.017620136610058616, 0.017365515460795143, 0.017772734605669825, 0.06959082004899396, 0.06959082004899396, 0.0002734660139274247], "layer_D_star_score": [0, 2.06843112346443e-06, 0.01506410008368381, 0.03212722133759246, 0.13650934431106024, 0.26682835573092395, 0.26475707644163365, 0.27791167172425035, 0.2741142380873122, 2.631563986246051, 2.631563986246051, 0.0003711341684392183], "layer_Op2_score": [0, 0.0003768866195649108, 1.1484833387093338, 2.741829624492486, 8.433571130389476, 13.238848592375328, 14.830259837219652, 15.159080235611313, 15.100329463817838, 99.70166429449536, 99.70166429449536, 0.1014847822494477], "layer_Barinel_score": [0, 7.047841948446634e-05, 0.003117606477672015, 0.007449939814307108, 0.010228905167567106, 0.011581922914598131, 0.00956879610725161, 0.009114141028070193, 0.009463992260887876, 0.022213465171368414, 0.022213465171368414, 0.0002811379932100898], "time": 266.2883789539337}