{"neuron_counts": [3072, 3072, 3136, 4608, 1152, 1024, 512, 512, 512, 128, 128, 43], "neuron_counts_selected": [200, 200, 200, 200, 200, 200, 200, 200, 200, 128, 128, 43], "layer_tarantula_score": [0, 0.03305437388928682, 0.10986001464582203, 0.19519608926121693, 0.258508804486563, 0.2487415752721015, 0.19385673360703345, 0.17669212578363855, 0.1777947629341372, 0.39826144696707044, 0.39826144696707044, 0.07848642463880126], "layer_ochiai_score": [0, 0.002625294370907057, 0.007049121072178702, 0.013022425420647434, 0.022774667744630377, 0.027962651591289522, 0.02225109683904154, 0.020352120495195494, 0.021515027879901654, 0.07931445524109594, 0.07931445524109594, 0.0030053361002324547], "layer_D_star_score": [0, 0.025187868948710113, 0.06626877828402514, 0.12861180519019583, 0.4047053157969211, 0.5830721809183373, 0.4261583754999842, 0.36922753760873334, 0.4529377120083561, 3.3693777945181123, 3.3693777945181123, 0.005924830887662083], "layer_Op2_score": [0, 1.7333653658379802, 4.062868535869515, 7.3102231100715205, 18.93085841375578, 25.084898895287647, 21.450917764493767, 19.766383281085563, 21.35469030300365, 117.72334323297613, 117.72334323297613, 1.0160511232824139], "layer_Barinel_score": [0, 0.0017917775884819965, 0.006220092504295331, 0.011148166178638395, 0.0143182574412622, 0.014297427368592406, 0.010635655622864542, 0.009608672879909706, 0.009950807128369188, 0.024364721454364673, 0.024364721454364673, 0.004057883969485111], "time": 116.49903059005737}