{"neuron_counts": [10816, 2704, 2704, 2704, 2704, 512, 3], "neuron_counts_selected": [500, 500, 500, 500, 500, 500, 3], "layer_tarantula_score": [0.5014542469870582, 0.5021136655654307, 0.5014837534652771, 0.4998288721903759, 0.5020744042178437, 0.4930860999057262, 0.5072226281838007], "layer_ochiai_score": [0.4549200278151867, 0.6727691885419268, 0.5407793091753941, 0.5375290570089458, 0.5401083688522752, 0.47074881238986116, 0.7240320888493943], "layer_D_star_score": [36.33054544267539, 183.18429086046794, 73.8705293510424, 72.01895582277108, 73.12433490295693, 53.92164605315578, 249.8153638776847], "layer_Op2_score": [86.25305988727591, 188.06329608328366, 121.73860582336347, 120.65012452015176, 121.3104523488246, 97.71926786742537, 215.8030494725248], "layer_Barinel_score": [0.5415146075819043, 0.5424113185768685, 0.5416581745639832, 0.5400426151320876, 0.5422493334241254, 0.5331668607336585, 0.5475049559673799], "time": 7.916636228561401}