{"neuron_counts": [10816, 2704, 2704, 2704, 2704, 512, 3], "neuron_counts_selected": [500, 500, 500, 500, 500, 500, 3], "layer_tarantula_score": [0.27859029957573517, 0.4096063219735113, 0.4478920829957438, 0.4433026831264242, 0.4442461403967969, 0.39662859778525267, 0.4906867946645231], "layer_ochiai_score": [0.05608344561579168, 0.14181083281920992, 0.18361453633001465, 0.18332188108885308, 0.18831062469723867, 0.16849759175171344, 0.27855873654357693], "layer_D_star_score": [0.052576525238641994, 0.79389647618411, 1.3183538098945362, 1.3697557119963302, 1.4604062311087072, 1.9191905959860347, 19.659231983894976], "layer_Op2_score": [2.2685544370488353, 10.4638010308591, 15.473233442398042, 15.472964469514956, 16.27459951295534, 15.59860965664973, 41.630175253927], "layer_Barinel_score": [0.3014027152021641, 0.4458978797892034, 0.48688390190165554, 0.48157660993395374, 0.4831663202133217, 0.4320254038046998, 0.5310467785543129], "time": 8.581003904342651}