{"neuron_counts": [10816, 2704, 2704, 2704, 2704, 512, 3], "neuron_counts_selected": [500, 500, 500, 500, 500, 500, 3], "layer_tarantula_score": [0.086352249083982, 0.21890570172629534, 0.37550055020834666, 0.38818695854139346, 0.3730013469384954, 0.366879953021742, 0.11441142292091647], "layer_ochiai_score": [0.01157790284166874, 0.04563047254933373, 0.10229635396833356, 0.1046548245521767, 0.10397801459728916, 0.11994231629255, 0.05165057076522381], "layer_D_star_score": [0.0019361770160109032, 0.031151074011379853, 0.13454750944403465, 0.13880744806531492, 0.14556152632554786, 0.38423716314089595, 0.3153128805537979], "layer_Op2_score": [0.18651211036096435, 1.1505511970272604, 3.4001600994618553, 3.443526929349617, 3.546250791438236, 5.07886552476325, 3.1661750741813504], "layer_Barinel_score": [0.09240905952380993, 0.2420406120532377, 0.41951840412608854, 0.4322351840829664, 0.4167971442932894, 0.40962701764909654, 0.13283781208309509], "time": 7.029845476150513}