{"neuron_counts": [10816, 2704, 2704, 2704, 2704, 512, 3], "neuron_counts_selected": [500, 500, 500, 500, 500, 500, 3], "layer_tarantula_score": [0.4274061335814181, 0.46627516649137574, 0.4666920164441825, 0.4665508126787039, 0.46575682260719015, 0.4359758627540288, 0.5369249635795438], "layer_ochiai_score": [0.15336808928255508, 0.30689527522928156, 0.2858104278719809, 0.2860426494346741, 0.29149407111091036, 0.24231879359703828, 0.48103421850023564], "layer_D_star_score": [0.4296923448530079, 5.590535777050835, 3.7697617140496193, 3.792585460010594, 4.03715523164466, 3.5199505733680527, 39.85247667639719], "layer_Op2_score": [6.710704262371451, 24.906320449273938, 21.277449311673173, 21.255476991075227, 22.15835331909972, 17.55667835209351, 56.56243883363329], "layer_Barinel_score": [0.4764585248387741, 0.5178012979224745, 0.5181280738943281, 0.5179765701794551, 0.5173096179968341, 0.48586437925066794, 0.5880756781342779], "time": 6.8810906410217285}