{"neuron_counts": [10816, 2704, 2704, 2704, 2704, 512, 3], "neuron_counts_selected": [100, 100, 100, 100, 100, 100, 3], "layer_tarantula_score": [0.49922806343096376, 0.5007115378613884, 0.5023421152786445, 0.5052722584239039, 0.5053040131796465, 0.49828417872081604, 0.5072226281838007], "layer_ochiai_score": [0.45193931647065205, 0.6741335386851184, 0.5422501938239594, 0.5435865717137669, 0.5465665992467713, 0.4868506299821811, 0.7240320888493943], "layer_D_star_score": [35.6620709639777, 184.54419663073125, 74.58657797758707, 75.28431507487116, 76.64318907234242, 58.969684877294085, 249.8153638776847], "layer_Op2_score": [85.45134139341256, 189.24852942563615, 122.24004679544473, 122.2131211551422, 123.50030951854866, 102.89141177823329, 215.8030494725248], "layer_Barinel_score": [0.5392950695981178, 0.5410146491209016, 0.5425303170908421, 0.5453939271737384, 0.545479238229465, 0.5383923213519678, 0.5475049559673799], "time": 1.665865182876587}