{"neuron_counts": [10816, 2704, 2704, 2704, 2704, 512, 3], "neuron_counts_selected": [500, 500, 500, 500, 500, 500, 3], "layer_tarantula_score": [0.08733889213212526, 0.24546246490933124, 0.3863392353022711, 0.38506328315665345, 0.385588026243421, 0.34805544418103807, 0.11867347937351476], "layer_ochiai_score": [0.012043125324051466, 0.048336630807280206, 0.1031862160463366, 0.1055022307468389, 0.10792163027666345, 0.11155721209414372, 0.05574388977521679], "layer_D_star_score": [0.0036751193241561955, 0.04656077810121753, 0.23263394269113338, 0.2508087951658798, 0.25789998206412135, 0.5603123402143108, 0.6894532766040309], "layer_Op2_score": [0.32684198500289063, 1.9150192204182477, 5.675720868653628, 5.891194243366516, 6.177779607406659, 7.7663688419285615, 6.081836900654989], "layer_Barinel_score": [0.09231410523990596, 0.2649639327134651, 0.41972754656181516, 0.418044688668767, 0.420129335759916, 0.3794802666100258, 0.13312057565644714], "time": 8.177210092544556}