{"neuron_counts": [10816, 2704, 2704, 2704, 2704, 512, 3], "neuron_counts_selected": [500, 500, 500, 500, 500, 500, 3], "layer_tarantula_score": [0.45954362827924855, 0.48517531374365336, 0.47735700559803085, 0.47448274304959775, 0.4753303402066556, 0.4605252558703661, 0.5064013628614594], "layer_ochiai_score": [0.27901404729263174, 0.5037243185037842, 0.4042685719871497, 0.3975416129858316, 0.3997169140698855, 0.33031396129181395, 0.582271493393838], "layer_D_star_score": [5.814750679026692, 57.42790238453374, 23.749767671129554, 22.387112237563013, 22.69306706480784, 15.156802795526819, 116.18896845697704], "layer_Op2_score": [34.581142832928556, 107.43478507439069, 70.29826109496591, 68.32612299391428, 68.77956801794623, 50.51843408823444, 142.81159913327477], "layer_Barinel_score": [0.49935371589208866, 0.5254681410474704, 0.5175281093850166, 0.5146662411287141, 0.5154737564803682, 0.5004866303727035, 0.5466931963734415], "time": 8.580211162567139}