{"neuron_counts": [10816, 2704, 2704, 2704, 2704, 512, 3], "neuron_counts_selected": [200, 200, 200, 200, 200, 200, 3], "layer_tarantula_score": [0.5026627787090778, 0.5023927697069608, 0.5036403757411082, 0.5028781889777183, 0.5003150017218431, 0.49509827369147386, 0.5072226281838007], "layer_ochiai_score": [0.45438870816566146, 0.6737474247132222, 0.544360827321744, 0.5415425996217258, 0.5388284299595952, 0.47441750980773784, 0.7240320888493943], "layer_D_star_score": [36.274397530382636, 184.63396705027816, 75.48287609114615, 74.09304634021791, 73.03167372537312, 55.26337261696475, 249.8153638776847], "layer_Op2_score": [85.8900051332891, 188.50649668729318, 122.90102796047702, 121.8046088561582, 121.14407876043443, 98.82111906462659, 215.8030494725248], "layer_Barinel_score": [0.5427088122501169, 0.5426749567840945, 0.5438186169961078, 0.5430530249570665, 0.5405048288332724, 0.5352025907150214, 0.5475049559673799], "time": 3.5508313179016113}