{"neuron_counts": [32, 32, 32, 64, 64, 128, 128, 256, 256, 1], "neuron_counts_selected": [32, 32, 32, 64, 64, 128, 128, 256, 256, 1], "layer_tarantula_score": [0.4109852349345639, 0.0, 0.0, 0.0, 0.0, 0.0, 0.0, 0.0, 0.0, 0.49999998150207037], "layer_ochiai_score": [0.34977203372093757, 0.0, 0.0, 0.0, 0.0, 0.0, 0.0, 0.0, 0.0, 0.7002739848431035], "layer_D_star_score": [9.266817261231544, 0.0, 0.0, 0.0, 0.0, 0.0, 0.0, 0.0, 0.0, 49.075379103058296], "layer_Op2_score": [15.981482152347866, 0.0, 0.0, 0.0, 0.0, 0.0, 0.0, 0.0, 0.0, 50.01852033607345], "layer_Barinel_score": [0.4023767269248335, 0.0, 0.0, 0.0, 0.0, 0.0, 0.0, 0.0, 0.0, 0.4903846153846154], "time": 0.9720709323883057}