{"neuron_counts": [20, 15, 6, 6], "neuron_counts_selected": [20, 15, 6, 6], "layer_tarantula_score": [1.0, 1.0, 0.4444444444444445, 1.0], "layer_ochiai_score": [0.6932250224561113, 0.6616316172438397, 0.34280038827492565, 0.29780528107822285], "layer_D_star_score": [132.55608761881348, 1028.266371530179, 3496.707383266923, 5.5855336771055395], "layer_Op2_score": [121.21999999999998, 130.43555555555557, 72.94444444444444, 28.36111111111111], "layer_Barinel_score": [1.0, 1.0, 0.4444444444444445, 1.0], "time": 0.20222687721252441}