{"neuron_counts": [20, 15, 6, 6], "neuron_counts_selected": [20, 15, 6, 6], "layer_tarantula_score": [1.0, 1.0, 0.4444444444444445, 1.0], "layer_ochiai_score": [0.7332887930824828, 0.6817717022963459, 0.35822174645877275, 0.805331118064393], "layer_D_star_score": [369.952083472054, 2908.6259382731887, 9816.179519507663, 1169.5063919007223], "layer_Op2_score": [266.9437030715516, 270.57709633659437, 152.2115128291059, 321.2250254003082], "layer_Barinel_score": [1.0, 1.0, 0.4444444444444445, 1.0], "time": 0.23122167587280273}