{"neuron_counts": [20, 15, 6, 6], "neuron_counts_selected": [20, 15, 6, 6], "layer_tarantula_score": [1.0, 1.0, 0.6666666666666666, 0.8333333333333334], "layer_ochiai_score": [0.7001632513348717, 0.7570751047498226, 0.5654621983494895, 0.21985585819659062], "layer_D_star_score": [306.37086251211394, 2593.424472623063, 18033.796804178135, 3.170149803804619], "layer_Op2_score": [244.9081798412223, 315.21812383552754, 255.8071981346302, 30.124959560992806], "layer_Barinel_score": [1.0, 1.0, 0.6666666666666666, 0.8333333333333334], "time": 0.23906707763671875}