{"neuron_counts": [28800, 7200, 5408, 1152, 1152, 400, 10], "neuron_counts_selected": [200, 200, 200, 200, 200, 200, 10], "layer_tarantula_score": [0.4639767778495348, 0.4754572592954663, 0.49566550713117863, 0.4969129559980541, 0.496545003681844, 0.22278621826845815, 0.518744499260642], "layer_ochiai_score": [0.2810679233902748, 0.31802976117350257, 0.4584312034813042, 0.5385906421543386, 0.5060986371721442, 0.2851742257452983, 0.37650467592242304], "layer_D_star_score": [1121.0506957004393, 1258.058304562766, 2138.291837283398, 3025.8235140701645, 2461.3086033658333, 2194.5490031040986, 623.6776274816353], "layer_Op2_score": [1735.4275549086312, 2020.8413506205438, 3264.1987852902594, 4213.975222069946, 3749.4477335482884, 2527.050270232399, 1894.6081852478837], "layer_Barinel_score": [0.4533393723657922, 0.46450557855861546, 0.48434708674238763, 0.48558185955187183, 0.4852152760061029, 0.2177990030556651, 0.5075851126169715], "time": 88.44315505027771}