{"neuron_counts": [28800, 7200, 5408, 1152, 1152, 400, 10], "neuron_counts_selected": [2000, 2000, 2000, 1152, 1152, 400, 10], "layer_tarantula_score": [0.44535565242052344, 0.4354949998459546, 0.48723388732723405, 0.4901804787917708, 0.4901804787917708, 0.10063340712898096, 0.48357112948714426], "layer_ochiai_score": [0.16268669753478193, 0.2040354809836743, 0.37144510612875264, 0.4521120357334079, 0.4521120357334079, 0.12122636675665116, 0.3352387752778696], "layer_D_star_score": [236.68705434398404, 332.38956560300096, 971.7291171654088, 1659.817203340571, 1659.817203340571, 770.0903196716251, 393.08160147164637], "layer_Op2_score": [627.4323553380262, 892.4741808764608, 2136.7463471370697, 3012.5215341232315, 3012.5215341232315, 994.8463199392104, 1571.0619663311754], "layer_Barinel_score": [0.4346841760643316, 0.4250442921302427, 0.47591561010596406, 0.47885429519786116, 0.47885429519786116, 0.09833796782997149, 0.47237700333703536], "time": 616.7905547618866}