{"neuron_counts": [28800, 7200, 5408, 1152, 1152, 400, 10], "neuron_counts_selected": [500, 500, 500, 500, 500, 400, 10], "layer_tarantula_score": [0.0023465922536571988, 0.0022186454542995355, 0.06641601170088034, 0.06589605056365266, 0.0797465732086556, 0.09479255360031175, 0.11839429757009792], "layer_ochiai_score": [0.000893181609667847, 0.0010307611842036207, 0.00422539631883911, 0.004889752408977146, 0.006298700378212709, 0.0827748524331246, 0.011433892574991262], "layer_D_star_score": [0.12168367712348735, 0.2898186950777819, 0.00958813112878086, 0.03677661486208015, 0.04370571469706617, 228.2792025533999, 0.012884834426837948], "layer_Op2_score": [1.6742273018160243, 2.46118751070109, 1.6361805830682488, 2.6534113042903673, 3.4329105337352037, 398.5363471105537, 5.063065378432045], "layer_Barinel_score": [0.0024135620582560733, 0.002281807715248215, 0.06847412861869077, 0.06786397101295596, 0.0821892855563896, 0.09754749038417404, 0.123146302533048], "time": 257.2522625923157}