{"neuron_counts": [28800, 7200, 5408, 1152, 1152, 400, 10], "neuron_counts_selected": [500, 500, 500, 500, 500, 400, 10], "layer_tarantula_score": [0.0023268894242432486, 0.002206646340271492, 0.06581828628046447, 0.06524262743959157, 0.07879879362455659, 0.09475068672612079, 0.12618472780559614], "layer_ochiai_score": [0.0008701937449506036, 0.0010066797087908202, 0.004208412613473458, 0.004866856001513016, 0.006259600513049128, 0.08121979062738383, 0.013269367958063433], "layer_D_star_score": [0.1589841869819457, 0.37771411565361684, 0.01356149839716095, 0.051660349160047817, 0.061854628289594066, 278.6378685772062, 0.03085430875122232], "layer_Op2_score": [2.1906539377249867, 3.224369810091689, 2.225556770616552, 3.6012425174937426, 4.660289297038451, 522.7953087512035, 8.932730338051277], "layer_Barinel_score": [0.0022716091319283146, 0.0021544842644063695, 0.0641388697415516, 0.06363152260372341, 0.07680474006273384, 0.09247708865780821, 0.12216171786211913], "time": 199.673894405365}