{"neuron_counts": [28800, 7200, 5408, 1152, 1152, 400, 10], "neuron_counts_selected": [200, 200, 200, 200, 200, 200, 10], "layer_tarantula_score": [0.41886425400187305, 0.4432954922905603, 0.48345417833532184, 0.4886951664410319, 0.4874970575687309, 0.09661406094469267, 0.48357112948714426], "layer_ochiai_score": [0.1617134146674025, 0.19794414803545415, 0.36384005252713475, 0.464870179954889, 0.432043552106593, 0.11913945920827594, 0.3352387752778696], "layer_D_star_score": [257.7363268609086, 340.2919665187245, 971.074527931066, 1801.2614787972782, 1364.7535331715799, 803.7549661512074, 393.08160147164637], "layer_Op2_score": [642.3821745769227, 876.3640027264815, 2094.208563656308, 3176.434996537978, 2747.6820093422893, 1000.9077658955896, 1571.0619663311754], "layer_Barinel_score": [0.40883590997781594, 0.43266971199602994, 0.4721452184494277, 0.47737209230565225, 0.4761743202557661, 0.09441861343282336, 0.47237700333703536], "time": 86.69309663772583}