{"neuron_counts": [28800, 7200, 5408, 1152, 1152, 400, 10], "neuron_counts_selected": [100, 100, 100, 100, 100, 100, 10], "layer_tarantula_score": [0.41809834923069317, 0.4229252129306201, 0.4877323033214905, 0.49127474455060693, 0.4893549337121438, 0.08746837524668676, 0.48357112948714426], "layer_ochiai_score": [0.16331092568840966, 0.20729576487858417, 0.39060223641719916, 0.4378842969934367, 0.43775429780591935, 0.10395129413060053, 0.3352387752778696], "layer_D_star_score": [287.8013106870799, 354.7896776548195, 1045.560395378629, 1617.0644315574662, 1455.8396245485953, 626.3554671480612, 393.08160147164637], "layer_Op2_score": [676.9003871426709, 917.006920931522, 2303.8886750161464, 2874.5091390829457, 2816.0326154403137, 837.2377927273277, 1571.0619663311754], "layer_Barinel_score": [0.4081707825550494, 0.4127976027531612, 0.47641095736645805, 0.4799457129250321, 0.47803217263528797, 0.08546937363867843, 0.47237700333703536], "time": 44.95338439941406}