{"neuron_counts": [50, 2], "neuron_counts_selected": [50, 2], "layer_tarantula_score": [0.41085804285259175, NaN], "layer_ochiai_score": [0.10893434576024477, NaN], "layer_D_star_score": [4.9120271605206804, NaN], "layer_Op2_score": [52.89389943149088, NaN], "layer_Barinel_score": [0.4525239876477961, NaN], "time": 1.682368516921997}