{"neuron_counts": [50, 2], "neuron_counts_selected": [50, 2], "layer_tarantula_score": [0.5543949021534893, 0.5000000048807793], "layer_ochiai_score": [0.5066748021484193, 0.7553539684745537], "layer_D_star_score": [473.44243792137837, 2236.3128769420355], "layer_Op2_score": [708.1616532940865, 1682.195620687218], "layer_Barinel_score": [0.6152307475094471, 0.5705596515876767], "time": 1.3235974311828613}