{"neuron_counts": [262016, 130944, 65408, 32640, 32640, 16256, 8064, 3968, 3968, 1920, 896, 384, 384, 128, 128, 39], "neuron_counts_selected": [200, 200, 200, 200, 200, 200, 200, 200, 200, 200, 200, 200, 200, 128, 128, 39], "layer_tarantula_score": [0.1500447093463007, 0.1542022227621786, 0.011575118637609308, 0.010019508643387303, 0.01687998758263944, 0.01681646797999767, 0.0937444845559511, 0.08013686069105386, 0.0741156991344034, 0.09371703068802736, 0.04817180978777124, 0.060935541471265516, 0.034523836758499425, 0.06655882843436234, 0.06655882843436234, 0], "layer_ochiai_score": [0.20987503264711108, 0.22665036542290234, 0.002380316164234449, 0.002270467712305793, 0.003567944765679401, 0.0037101278387210207, 0.011441472845382815, 0.012513996518276773, 0.01430511635182852, 0.016717496085220093, 0.009961782549282792, 0.01909567352921446, 0.009241939084015277, 0.041666541199575344, 0.041666541199575344, 0], "layer_D_star_score": [3013.9345083182084, 3311.4993881736586, 0.7597051174206039, 1.8075629866304868, 1.7446843810782335, 1.2740839120783816, 0.14490564205678613, 0.3051356896031339, 0.8947107133920044, 1.4411309692920728, 0.369057133078197, 3.084031319549526, 1.9276361995121694, 13.498416505716163, 13.498416505716163, 0], "layer_Op2_score": [445.2138234309162, 481.6835603655168, 1.0201114790604913, 1.3472468366028356, 2.093226688807539, 2.2618665193766003, 2.6598145720692394, 3.570493307129039, 4.773550421709886, 6.32817435984685, 3.555403582720121, 10.669632132112921, 5.564539588385926, 38.44877801593125, 38.44877801593125, 0], "layer_Barinel_score": [0.2692757529507258, 0.28577143471053335, 0.02057341591359198, 0.01960681383408821, 0.02987961567974221, 0.027204843171081305, 0.15186584854885302, 0.1404544009300233, 0.1391133675548081, 0.1656576779632824, 0.09271896567060046, 0.12178415879971684, 0.06902369663337483, 0.13910363971763381, 0.13910363971763381, 0], "time": 50.93932008743286}