{"neuron_counts": [262016, 130944, 65408, 32640, 32640, 16256, 8064, 3968, 3968, 1920, 896, 384, 384, 128, 128, 39], "neuron_counts_selected": [500, 500, 500, 500, 500, 500, 500, 500, 500, 500, 500, 384, 384, 128, 128, 39], "layer_tarantula_score": [0.16441602330547644, 0.18706543959329505, 0.009251970350062094, 0.011503873753046307, 0.009880122049377733, 0.029502964636978903, 0.08946512568650077, 0.11209025987245712, 0.1092438315269469, 0.12218481008587596, 0.07024763425983652, 0.07959500018492836, 0.07959500018492836, 0.09278982441493897, 0.09278982441493897, 0], "layer_ochiai_score": [0.227240538051399, 0.2775248038696293, 0.0018500637565226424, 0.003327044666498389, 0.0024935339214163456, 0.007813426902297733, 0.016046334799447587, 0.02397995441488171, 0.019797507513503104, 0.026752987537674813, 0.01852845179540363, 0.030048183589241103, 0.030048183589241103, 0.06560870361940202, 0.06560870361940202, 0], "layer_D_star_score": [3338.0548161479783, 4166.7843793629245, 0.7826051772107223, 3.7098387778223163, 0.6355941933624565, 7.23474653915237, 1.0949224217936266, 1.8019471824670106, 1.6512424842004925, 2.31447920004064, 2.7118619551198817, 15.334363044786047, 15.334363044786047, 50.68234573119432, 50.68234573119432, 0], "layer_Op2_score": [482.6412800439736, 597.0080738597759, 0.9793074049631185, 2.4418858302120876, 1.2483360565004211, 5.767783902269318, 5.978574631270685, 9.69166274810532, 7.436173703752626, 10.838189103209341, 10.094335518720733, 23.303428179284346, 23.303428179284346, 72.0858651857407, 72.0858651857407, 0], "layer_Barinel_score": [0.29940178030370485, 0.33905419624796074, 0.016494118805227494, 0.020612788301266626, 0.018915014509276688, 0.05245790464171651, 0.15756534682929313, 0.21067399642684917, 0.1959119072655809, 0.23015933041531664, 0.1333448846269686, 0.15561682941743363, 0.15561682941743363, 0.18810859220903423, 0.18810859220903423, 0], "time": 112.02525448799133}