{"neuron_counts": [262016, 130944, 65408, 32640, 32640, 16256, 8064, 3968, 3968, 1920, 896, 384, 384, 128, 128, 39], "neuron_counts_selected": [500, 500, 500, 500, 500, 500, 500, 500, 500, 500, 500, 384, 384, 128, 128, 39], "layer_tarantula_score": [0.17598616152881702, 0.16569756788349527, 0.0143312237939856, 0.011936128819240067, 0.016422824180491284, 0.023422178413065597, 0.07561637049131391, 0.0989581783626267, 0.07806309626351556, 0.08491961806891102, 0.048066634382269734, 0.051246307467313935, 0.051246307467313935, 0.06655882843436234, 0.06655882843436234, 0], "layer_ochiai_score": [0.24148973783518138, 0.2149354961063782, 0.0024653984834608865, 0.002436130636775503, 0.0036024415081585986, 0.006192977605347619, 0.010321310375542033, 0.013773032392555633, 0.01171153815617406, 0.015282238918003014, 0.009624816444793849, 0.016662178562961368, 0.016662178562961368, 0.041666541199575344, 0.041666541199575344, 0], "layer_D_star_score": [3427.3726370775335, 3102.4522247029886, 1.7247886661469323, 0.899344569378729, 0.9462296190726157, 4.451292224598133, 0.737772208563684, 0.8754547196853757, 0.4377900236845237, 2.1300133664471512, 1.1149434763275947, 2.6626811504914816, 2.6626811504914816, 13.498416505716163, 13.498416505716163, 0], "layer_Op2_score": [508.550827273916, 451.0765343545376, 1.4942103942652252, 1.1725284936757314, 1.7263315699208623, 4.31699097056146, 2.849175667684624, 4.7612928211568715, 3.1578324092122614, 5.9442855241996515, 4.652655371504814, 9.937165021168036, 9.937165021168036, 38.44877801593125, 38.44877801593125, 0], "layer_Barinel_score": [0.31843991954499273, 0.29875439250390246, 0.02378985213189061, 0.021092112318841384, 0.03009646792023982, 0.0425579152033221, 0.1276659276831691, 0.15953265975857747, 0.13782547460805647, 0.15214844465439603, 0.08878723052561327, 0.1045546561150997, 0.1045546561150997, 0.13910363971763381, 0.13910363971763381, 0], "time": 109.10325384140015}