{"neuron_counts": [262016, 130944, 65408, 32640, 32640, 16256, 8064, 3968, 3968, 1920, 896, 384, 384, 128, 128, 39], "neuron_counts_selected": [200, 200, 200, 200, 200, 200, 200, 200, 200, 200, 200, 200, 200, 128, 128, 39], "layer_tarantula_score": [0.20749606703768378, 0.20070496948698216, 0.008463782491866592, 0.015088537355507524, 0.010363548105619305, 0.022774893349844415, 0.18375156642734192, 0.18634463626724743, 0.17208694242581785, 0.20562225250425617, 0.11696514490548929, 0.08003291773676928, 0.133367293745537, 0.13917102057281425, 0.13917102057281425, 0], "layer_ochiai_score": [0.31035735673685183, 0.2604124835960013, 0.0025142292100919102, 0.004083725930704749, 0.002939320404666383, 0.007757334553746401, 0.044633247223634785, 0.06089436887209947, 0.04341551927603842, 0.05942682050260305, 0.04951287566803872, 0.0410326397258028, 0.06620191622969218, 0.10902728755383755, 0.10902728755383755, 0], "layer_D_star_score": [4419.514873376462, 3806.112355922664, 9.554036311398491, 8.038416604990124, 5.559412482411752, 6.662683040125311, 7.489660120443006, 44.79501373371733, 11.917464749211868, 20.432515590047164, 49.13121434167225, 47.23107443531541, 80.72854748174792, 183.13413640483148, 183.13413640483148, 0], "layer_Op2_score": [658.5691259950088, 542.9526768516077, 3.095752084926158, 3.3717383505788994, 2.7637259148687736, 6.538541735871067, 23.86499985705367, 45.371939713038245, 24.158117035988457, 38.37943479375444, 46.009010797477686, 38.64113231410344, 68.56812854817062, 143.07602192153803, 143.07602192153803, 0], "layer_Barinel_score": [0.37078233166443364, 0.3590885093689112, 0.01297820951063674, 0.02720830802507312, 0.01806870880905408, 0.04267273238877749, 0.3457158405722831, 0.3471960189888188, 0.3132168556099219, 0.37844296379047704, 0.21380406451322234, 0.1633353883355367, 0.2600036990963317, 0.27559628410903214, 0.27559628410903214, 0], "time": 52.140852212905884}