{"neuron_counts": [262016, 130944, 65408, 32640, 32640, 16256, 8064, 3968, 3968, 1920, 896, 384, 384, 128, 128, 39], "neuron_counts_selected": [200, 200, 200, 200, 200, 200, 200, 200, 200, 200, 200, 200, 200, 128, 128, 39], "layer_tarantula_score": [0.19332298048322755, 0.16328022357620026, 0.013263056300633956, 0.02300541150228528, 0.018092739765950654, 0.03821719980289652, 0.28699594524379934, 0.310914057109488, 0.27850914471434646, 0.2914868396643839, 0.13115388094655378, 0.20008761919973564, 0.18199610067845184, 0.2129428008701943, 0.2129428008701943, 0.01455861500637674], "layer_ochiai_score": [0.27220607860718005, 0.21477536486716545, 0.003344733223639298, 0.005426995681647941, 0.0072220026081265855, 0.014889598050201139, 0.15115889485252637, 0.15828416763333827, 0.14264758655248744, 0.18118268236203797, 0.060280356413703474, 0.10063773738152801, 0.11374722416567615, 0.17660150319110016, 0.17660150319110016, 0.003688224729576443], "layer_D_star_score": [3337.504997797568, 2606.145516870441, 3.940768481950791, 4.601305988588185, 9.391937482790924, 31.10027290715621, 314.95940245684625, 236.07929768737952, 251.99360805829446, 421.5193667813554, 110.23606519984938, 180.23450902382808, 329.0089679165758, 631.6036550048426, 631.6036550048426, 0.0262745220296523], "layer_Op2_score": [478.29567598481503, 373.6797437854484, 2.1779195658067056, 3.330648913837202, 6.275194675534938, 14.237239786124182, 157.38243916858067, 152.05765590697573, 143.65198460075646, 206.19369494146954, 53.09938305668114, 100.04352622077077, 127.824221335937, 231.4343326007053, 231.4343326007053, 0.9237572540849052], "layer_Barinel_score": [0.3549364046531367, 0.29226346462132746, 0.024723263731873037, 0.039749607586426663, 0.0351132954921301, 0.06730756481187664, 0.5358727233222469, 0.5886530900447603, 0.523161491339466, 0.5522063832683125, 0.25159685865662973, 0.3734986088229567, 0.340217605583477, 0.41510045642195914, 0.41510045642195914, 0.03677509367127857], "time": 48.37518572807312}