{"neuron_counts": [262016, 130944, 65408, 32640, 32640, 16256, 8064, 3968, 3968, 1920, 896, 384, 384, 128, 128, 39], "neuron_counts_selected": [100, 100, 100, 100, 100, 100, 100, 100, 100, 100, 100, 100, 100, 100, 100, 39], "layer_tarantula_score": [0.24905551355490108, 0.1759731842446705, 0.009519616370162229, 0.03276364958250774, 0.01946792112509081, 0.013496351605761884, 0.30078609159844183, 0.27175961470893895, 0.2834172792727899, 0.23188812182336693, 0.1843188328374877, 0.19798294649919146, 0.1953301266741939, 0.20535928978957052, 0.17018712542179307, 0.01455861500637674], "layer_ochiai_score": [0.39637031747957874, 0.2627197662766206, 0.002435825558437873, 0.007117157905535216, 0.005358260654319318, 0.003106551657424198, 0.14768592940631387, 0.13563339578769576, 0.19247638027205918, 0.13459911115834255, 0.10374721706667227, 0.13736214185309492, 0.1105186754483669, 0.16613712008959491, 0.11943431457262207, 0.003688224729576443], "layer_D_star_score": [4958.349086102568, 3292.6102001970376, 1.6896022285595762, 3.798583967173352, 28.072489118581068, 6.233646863358461, 252.40246995331478, 107.6326181951431, 500.84011061379726, 341.47095723078746, 258.38420485380954, 342.65586181807026, 340.28157309596435, 686.8423451063953, 536.1052185099754, 0.0262745220296523], "layer_Op2_score": [715.114221477208, 469.85784706906634, 1.2393460872842994, 4.021627826944472, 5.154251740412337, 2.1368656527104894, 152.3993035153897, 118.35686524736285, 220.31220657534504, 146.02333742663598, 117.81865046406489, 154.8779813424862, 126.89524046689564, 220.74130310060738, 150.5237930823943, 0.9237572540849052], "layer_Barinel_score": [0.4545587351952654, 0.31649136067855227, 0.020206241419166115, 0.05153059930563997, 0.03425312571525569, 0.024502185116685112, 0.5313818221087431, 0.5161046397165003, 0.5354175505312686, 0.43860743397081103, 0.3349721366437181, 0.37233127740501293, 0.37368222147096697, 0.4132090900606146, 0.3281591470835134, 0.03677509367127857], "time": 26.790343761444092}