{"neuron_counts": [262016, 130944, 65408, 32640, 32640, 16256, 8064, 3968, 3968, 1920, 896, 384, 384, 128, 128, 39], "neuron_counts_selected": [200, 200, 200, 200, 200, 200, 200, 200, 200, 200, 200, 200, 200, 128, 128, 39], "layer_tarantula_score": [0.18627086020705694, 0.15422045565423392, 0.009541163350778318, 0.020418158629440086, 0.016859642423041433, 0.035437315589385905, 0.18751266458385216, 0.20233783042348077, 0.16371776552669767, 0.18698942785864736, 0.08659052609315684, 0.11530214787953107, 0.10720497655925568, 0.13917102057281425, 0.13917102057281425, 0], "layer_ochiai_score": [0.25865370747280586, 0.2006035161128589, 0.002660690054147669, 0.004624834695678114, 0.00557951302028948, 0.01273261303259583, 0.0487831140626929, 0.05908361771076188, 0.052808203271093035, 0.06716595324357795, 0.03083183056677919, 0.04488268349435307, 0.05879796795727743, 0.10902728755383755, 0.10902728755383755, 0], "layer_D_star_score": [3652.805350012178, 2809.525167309153, 3.3038185728131766, 4.220426666809569, 7.02084207056864, 13.62971066748532, 15.169815368056478, 20.940984401838094, 22.701110092929127, 37.83248287512585, 27.788650590483204, 36.4913103815404, 89.68160255999568, 183.13413640483148, 183.13413640483148, 0], "layer_Op2_score": [537.9872494687457, 412.66291169540153, 1.8978164106051463, 3.0060179788489623, 4.430748186569234, 12.438749730554365, 29.539505922938467, 38.31515843346175, 38.982931018360425, 55.93861235306319, 23.931369951087405, 36.56810400232675, 63.14376049446831, 143.07602192153803, 143.07602192153803, 0], "layer_Barinel_score": [0.33876940664834765, 0.277876433602942, 0.01712124443124674, 0.03473940313651913, 0.032747298709374865, 0.06095814204227623, 0.34883290953907126, 0.3812480466881518, 0.3085398920515972, 0.34041027759100273, 0.1669331170323324, 0.2227731905522649, 0.21102282575706435, 0.27559628410903214, 0.27559628410903214, 0], "time": 51.26288723945618}