{"neuron_counts": [262016, 130944, 65408, 32640, 32640, 16256, 8064, 3968, 3968, 1920, 896, 384, 384, 128, 128, 39], "neuron_counts_selected": [200, 200, 200, 200, 200, 200, 200, 200, 200, 200, 200, 200, 200, 128, 128, 39], "layer_tarantula_score": [0.20756964835807465, 0.20473383539957804, 0.01350112901557809, 0.01974036993630134, 0.008928858969016348, 0.028625885928493036, 0.2913734509006602, 0.27430756641130094, 0.2675767995589885, 0.3128895481240476, 0.19162760889744493, 0.15010243556661274, 0.17648814066855978, 0.2129428008701943, 0.2129428008701943, 0.01455861500637674], "layer_ochiai_score": [0.3207271508280024, 0.28139542179751453, 0.0029340580341416273, 0.00490708203770433, 0.0033710089720998815, 0.009415956430083408, 0.13561461135290315, 0.16544596572949896, 0.1215515744654937, 0.16245231050537734, 0.10725634194889112, 0.08183439725510339, 0.11642019889398224, 0.17660150319110016, 0.17660150319110016, 0.003688224729576443], "layer_D_star_score": [4065.0244702058762, 3450.3863710018995, 12.614957549783604, 9.370441144749, 7.464009287010751, 11.958243065702035, 186.55493776071833, 328.09590338034326, 149.97507758815718, 305.5753160813302, 249.97611898070159, 180.4516534902969, 302.8870846263425, 631.6036550048426, 631.6036550048426, 0.0262745220296523], "layer_Op2_score": [577.8375780745854, 491.0195505532501, 3.0793792398349975, 3.6490945661546066, 2.9571839138113973, 8.027455871562667, 127.78411470574365, 175.74731906442634, 112.83384687592535, 164.01249971516307, 116.96815339860706, 83.6209157817107, 132.55277601097808, 231.4343326007053, 231.4343326007053, 0.9237572540849052], "layer_Barinel_score": [0.376973600108485, 0.36730708640957427, 0.019323800776060766, 0.03562566121483953, 0.017857522882873653, 0.05294221771152967, 0.5493836823002912, 0.5119632077032359, 0.4980194551644847, 0.5800376391803249, 0.3601789759228205, 0.2868566811390495, 0.349053989199715, 0.41510045642195914, 0.41510045642195914, 0.03677509367127857], "time": 50.0351619720459}