{"neuron_counts": [262016, 130944, 65408, 32640, 32640, 16256, 8064, 3968, 3968, 1920, 896, 384, 384, 128, 128, 39], "neuron_counts_selected": [200, 200, 200, 200, 200, 200, 200, 200, 200, 200, 200, 200, 200, 128, 128, 39], "layer_tarantula_score": [0.20375088137066788, 0.19092320145291572, 0.008297470171169092, 0.01457783343645075, 0.008560991887614729, 0.019573650743351597, 0.11091808542995651, 0.11106820283744029, 0.11082704887776909, 0.13324046089379069, 0.07539064774534113, 0.055361027869721864, 0.09610681159338877, 0.09278982441493897, 0.09278982441493897, 0], "layer_ochiai_score": [0.30128224470733417, 0.2504875373801153, 0.002220463899917659, 0.003445836534500743, 0.0024380104693581526, 0.0062448849023469056, 0.020702502845145476, 0.029601382646682956, 0.020448203991952633, 0.027334624283573705, 0.022827950911774645, 0.022219060853303132, 0.033732087226944714, 0.06560870361940202, 0.06560870361940202, 0], "layer_D_star_score": [4300.057945747763, 3749.007628520174, 5.670372403970118, 5.281823324730114, 3.2264195503784903, 4.529226576714365, 1.0409034905341799, 4.938698223888752, 3.959569460531898, 2.0625600027795428, 14.326387892410255, 11.283991698514622, 18.068924010212623, 50.68234573119432, 50.68234573119432, 0], "layer_Op2_score": [638.3517582214629, 530.6964140807057, 2.4570077231923473, 2.525593246159094, 2.1363566455186804, 4.319643279905489, 7.800874903645905, 13.87231083074592, 7.877644116475885, 10.74505739313925, 16.00585579058284, 16.922128506155286, 28.093127257328675, 72.0858651857407, 72.0858651857407, 0], "layer_Barinel_score": [0.3647345818751439, 0.34557381356810607, 0.012885532093298709, 0.025791971907613353, 0.01540361311908539, 0.038011759175272754, 0.20850990909600803, 0.2122312803587234, 0.2006587479996964, 0.24275723035127675, 0.13991495704949808, 0.11416655932603967, 0.17938194155160495, 0.18810859220903423, 0.18810859220903423, 0], "time": 50.8951952457428}