{"neuron_counts": [87616, 21904, 20736, 5184, 9248, 2048, 2048, 128, 5], "neuron_counts_selected": [100, 100, 100, 100, 100, 100, 100, 100, 5], "layer_tarantula_score": [0.4890376258222286, 0.5019582628397642, 0.5052432216038365, 0.5004936375706434, 0.5139827377705226, 0.5022936421463179, 0.49836894845709806, 0.2769693106270903, 0.5000010802031754], "layer_ochiai_score": [0.558160410466929, 0.8259800369325696, 0.6065305299971651, 0.7760243632550674, 0.6407384449186062, 0.8340712962525814, 0.8243757893410973, 0.47527800481046056, 0.8766554184908981], "layer_D_star_score": [14.549855200309665, 116.67906893984232, 47.6008354470511, 109.88135326971174, 47.01266321171317, 133.21706941063073, 122.79203178838935, 89.39192197314617, 178.27954233704367], "layer_Op2_score": [21.942143129389073, 46.83134513523233, 28.054074060627368, 42.52295433067184, 29.357792020095545, 47.899576749797745, 46.95154930539789, 28.146492794058794, 52.75492099344547], "layer_Barinel_score": [0.7542921877542106, 0.7691633414720296, 0.7605574022386656, 0.7668387150766022, 0.772197110652052, 0.7692380464234454, 0.7665272200261637, 0.4239582410642482, 0.7685261540025506], "time": 0.6532256603240967}