{"neuron_counts": [87616, 21904, 20736, 5184, 9248, 2048, 2048, 128, 5], "neuron_counts_selected": [100, 100, 100, 100, 100, 100, 100, 100, 5], "layer_tarantula_score": [0.4573603966519325, 0.47976961294498544, 0.4640215793363115, 0.4708873063965853, 0.4481515083858483, 0.485002830693746, 0.48721186655811966, 0.15010467828489726, 0.500001631692123], "layer_ochiai_score": [0.5431799721096633, 0.8098884439149697, 0.5228444416239246, 0.6692208885690503, 0.54715731449107, 0.807145298594423, 0.8214624189095935, 0.26046904394348774, 0.8831749543579279], "layer_D_star_score": [8.48012656743058, 73.40213936952775, 14.284112509532232, 45.565132264185394, 13.431035652428783, 75.96843678429708, 83.62601261117578, 34.99519097994009, 138.27147025936122], "layer_Op2_score": [14.784011626569779, 32.475073616886526, 14.582344604628297, 23.104446390446743, 15.545903323305643, 32.06686488862593, 33.070214999875, 10.918460476162702, 38.08334097215857], "layer_Barinel_score": [0.7438247111152951, 0.7654065205977685, 0.7471999166051961, 0.7562626833801573, 0.7316183241730252, 0.7692344229046463, 0.7706517226229344, 0.23514101725859093, 0.78], "time": 0.6974501609802246}