{"neuron_counts": [87616, 21904, 20736, 5184, 9248, 2048, 2048, 128, 5], "neuron_counts_selected": [1000, 1000, 1000, 1000, 1000, 1000, 1000, 128, 5], "layer_tarantula_score": [0.4494088219098679, 0.4837778755015552, 0.4466258611189749, 0.47418032420634737, 0.45615428502165994, 0.4871964388128964, 0.48615573339504126, 0.16141061783964714, 0.5000010802031754], "layer_ochiai_score": [0.5346805502904572, 0.810318343999449, 0.47159210519281114, 0.7182732653362631, 0.5408745206907692, 0.8078978238664906, 0.8049059849031486, 0.27782301642893914, 0.8766554184908981], "layer_D_star_score": [11.593116242016638, 102.01491237362673, 15.693435937450138, 80.19958387700382, 16.50127973112184, 107.06336468178114, 105.91971364124672, 48.773572817022185, 178.27954233704367], "layer_Op2_score": [20.425424859143888, 45.46871221718317, 17.412198082986187, 37.09457823547845, 21.03211765251701, 45.05662117965323, 44.88491540883075, 16.269327151989398, 52.75492099344547], "layer_Barinel_score": [0.7253151183775138, 0.7563853423989549, 0.7170376565684862, 0.7475654407622336, 0.7313418545586129, 0.7588324303765489, 0.7580319763808154, 0.24908255780619468, 0.7685261540025506], "time": 6.445287227630615}