{"neuron_counts": [87616, 21904, 20736, 5184, 9248, 2048, 2048, 128, 5], "neuron_counts_selected": [2000, 2000, 2000, 2000, 2000, 2000, 2000, 128, 5], "layer_tarantula_score": [0.4514193181942123, 0.4846505893000967, 0.44932119898180395, 0.47819339969823704, 0.45958872344624496, 0.48466561406013564, 0.4865338572690683, 0.16132807914141148, 0.500001631692123], "layer_ochiai_score": [0.5409262391438551, 0.8168774506883723, 0.4809643511188439, 0.727185817196706, 0.5527991149041247, 0.8115455459274599, 0.8113501126796537, 0.28004326082292674, 0.8831749543579279], "layer_D_star_score": [8.611952334586332, 77.44551542687655, 12.774666678576404, 62.218614175360244, 13.333612829874912, 80.98323481355276, 80.29007746459867, 37.811687021987986, 138.27147025936122], "layer_Op2_score": [14.801680985008455, 32.82490895346913, 12.89507018688177, 26.92253308347637, 15.566869916598625, 32.4789727680561, 32.38429676408738, 11.763068942707536, 38.08334097215857], "layer_Barinel_score": [0.7397583659339022, 0.7688859145465798, 0.7325221200679904, 0.7630916987221953, 0.7464771891079057, 0.7687696368367436, 0.7701313517966001, 0.2527842713201308, 0.78], "time": 9.63956618309021}