{"neuron_counts": [87616, 21904, 20736, 5184, 9248, 2048, 2048, 128, 5], "neuron_counts_selected": [200, 200, 200, 200, 200, 200, 200, 128, 5], "layer_tarantula_score": [0.514300125483679, 0.49997783585525807, 0.5218624242277798, 0.5103846379690202, 0.5031685323005293, 0.5035726315888686, 0.5040695125085094, 0.28721108927391764, 0.5000010802031754], "layer_ochiai_score": [0.5716889362681069, 0.8264783670915796, 0.6067496046455827, 0.7718227049692038, 0.6277395793664198, 0.8319931450266052, 0.837826605991739, 0.4931259837291997, 0.8766554184908981], "layer_D_star_score": [15.407702853362494, 118.24566105213387, 49.75175989408513, 107.71740212562354, 43.470499422344275, 129.77374023518988, 137.10001278932887, 93.05966039495324, 178.27954233704367], "layer_Op2_score": [22.513188858431707, 46.98108532987404, 27.973993856783274, 41.92758897095853, 28.48372105550313, 47.62053788761059, 48.25714126002364, 29.222146073739598, 52.75492099344547], "layer_Barinel_score": [0.7705908847764341, 0.7676670257614526, 0.7719033589588914, 0.7728358809434609, 0.7633621998373528, 0.7702167761442519, 0.7707473744811345, 0.4395686663591014, 0.7685261540025506], "time": 1.1731603145599365}