{"neuron_counts": [87616, 21904, 20736, 5184, 9248, 2048, 2048, 128, 5], "neuron_counts_selected": [500, 500, 500, 500, 500, 500, 500, 128, 5], "layer_tarantula_score": [0.5078489119692035, 0.5018634313453959, 0.5197094823686598, 0.5011387438632032, 0.5060790417645038, 0.5025261259483634, 0.5012233143905059, 0.28721108927391764, 0.5000010802031754], "layer_ochiai_score": [0.5701274487343778, 0.8306260851829872, 0.6056620467076232, 0.7789737794580678, 0.6254650564791243, 0.8320569844107092, 0.8328200092847314, 0.4931259837291997, 0.8766554184908981], "layer_D_star_score": [15.317386661377668, 122.19276859855634, 47.546610888127205, 114.99391249367069, 42.65238104672819, 129.47481062415818, 129.73887980645037, 93.05966039495324, 178.27954233704367], "layer_Op2_score": [22.525996961077034, 47.37138646317969, 27.74533589449124, 42.9024966055733, 28.14753220325245, 47.64160747027849, 47.75028930730178, 29.222146073739598, 52.75492099344547], "layer_Barinel_score": [0.7654027066280036, 0.7690763787039827, 0.7682114650969836, 0.766949486538801, 0.766495703338122, 0.7694432026989939, 0.7686594952108635, 0.4395686663591014, 0.7685261540025506], "time": 2.617476463317871}