{"neuron_counts": [87616, 21904, 20736, 5184, 9248, 2048, 2048, 128, 5], "neuron_counts_selected": [500, 500, 500, 500, 500, 500, 500, 128, 5], "layer_tarantula_score": [0.4449312533067157, 0.4776125527343947, 0.412487084537864, 0.4649610340190101, 0.43948126432843165, 0.46278948751990445, 0.4615609706731249, 0.15997538720244847, 0.4930016228533127], "layer_ochiai_score": [0.44503571226755756, 0.7506380427007197, 0.3535086452618998, 0.6196727141321611, 0.3552335599927942, 0.5909833025258129, 0.5985728321094796, 0.26252039659733223, 0.8324463098094783], "layer_D_star_score": [3.7172130725652877, 45.17299098462203, 6.696727386171202, 36.41739166700201, 3.8660510396186787, 19.057108382211982, 21.60386792961229, 27.526670929798968, 91.39172189050072], "layer_Op2_score": [10.103839016208198, 27.878366236848027, 8.1633900646828, 20.684317219189833, 7.076963137040524, 17.908423078307678, 18.521975888867594, 10.40963440681451, 33.34667277772685], "layer_Barinel_score": [0.7311090850332221, 0.7633154773510763, 0.6666183848275169, 0.7512197929718936, 0.7114617725906186, 0.7490528050462817, 0.7482714455975212, 0.25175407157268404, 0.7741959183673469], "time": 2.206012725830078}