{"neuron_counts": [87616, 21904, 20736, 5184, 9248, 2048, 2048, 128, 5], "neuron_counts_selected": [200, 200, 200, 200, 200, 200, 200, 128, 5], "layer_tarantula_score": [0.4554942712044039, 0.4847687040600223, 0.43824376569492746, 0.4801657671497124, 0.4541029621332413, 0.4869957433688688, 0.48455924098983794, 0.16141061783964714, 0.5000010802031754], "layer_ochiai_score": [0.5344123585384145, 0.8078720204007365, 0.47178226310620197, 0.7142789685648259, 0.5425695671039391, 0.8110721322004936, 0.8119671712649993, 0.27782301642893914, 0.8766554184908981], "layer_D_star_score": [11.382623400723263, 99.73796701362261, 16.615607965769783, 73.9341617442717, 16.27619360477273, 108.83684303326933, 107.81625119803743, 48.773572817022185, 178.27954233704367], "layer_Op2_score": [20.258170317965337, 45.181441298814455, 17.758580300037163, 36.31271266486183, 21.09940586351857, 45.45670378812432, 45.73560148652345, 16.269327151989398, 52.75492099344547], "layer_Barinel_score": [0.7315151057809787, 0.7571779148122656, 0.7075879573969116, 0.753099876510469, 0.7288606809244522, 0.7586890630311108, 0.7570684738650664, 0.24908255780619468, 0.7685261540025506], "time": 1.366074800491333}