{"neuron_counts": [87616, 21904, 20736, 5184, 9248, 2048, 2048, 128, 5], "neuron_counts_selected": [100, 100, 100, 100, 100, 100, 100, 100, 5], "layer_tarantula_score": [0.4489303897974687, 0.48472246789924434, 0.4568610537528675, 0.4856437409589135, 0.44418203181309807, 0.4834388395136101, 0.4904907148254441, 0.172075745798536, 0.500001631692123], "layer_ochiai_score": [0.5377290222243304, 0.8190386323458972, 0.49390184963755523, 0.7254696745901585, 0.5448296226096894, 0.8114276419040808, 0.8199965319199048, 0.3001628218879068, 0.8831749543579279], "layer_D_star_score": [8.559145543477015, 78.88538047055084, 16.333001675229294, 61.99802215952462, 13.542598228984986, 77.82599034257007, 82.56654214146043, 40.7775138404134, 138.27147025936122], "layer_Op2_score": [14.67398671261073, 33.015123497304195, 13.779986105949117, 26.61936359697002, 15.48003682719311, 32.40623164806961, 32.86918985758452, 12.643952522062316, 38.08334097215857], "layer_Barinel_score": [0.7375567166653952, 0.7689874755670579, 0.7395759218910503, 0.7685692966018326, 0.7352218070779284, 0.7678350269400201, 0.7731231749352936, 0.2701336428269808, 0.78], "time": 0.6200876235961914}