{"neuron_counts": [87616, 21904, 20736, 5184, 9248, 2048, 2048, 128, 5], "neuron_counts_selected": [500, 500, 500, 500, 500, 500, 500, 128, 5], "layer_tarantula_score": [0.4509803047671556, 0.48439335755475477, 0.44348730646754164, 0.48028263043281993, 0.46452831879322587, 0.4821450207638754, 0.48321632712909196, 0.16141061783964714, 0.5000010802031754], "layer_ochiai_score": [0.5358358887489558, 0.8117709024098845, 0.4662808148734077, 0.7305711690750959, 0.5613727502424323, 0.796516326685336, 0.8002176416922191, 0.27782301642893914, 0.8766554184908981], "layer_D_star_score": [11.695119149480634, 102.91805050772813, 17.079967460980352, 82.14322963112487, 20.11529931207989, 99.74158032867118, 104.08762078927975, 48.773572817022185, 178.27954233704367], "layer_Op2_score": [20.485591683306428, 45.64362519730735, 17.378308378282505, 37.89629203966651, 22.44804088065586, 44.12220378537565, 44.545743666723375, 16.269327151989398, 52.75492099344547], "layer_Barinel_score": [0.7268367155916347, 0.7568821301195517, 0.7144025363290434, 0.7530407736518375, 0.7384020872848962, 0.7547964136947658, 0.7556432217987462, 0.24908255780619468, 0.7685261540025506], "time": 2.890498638153076}