{"neuron_counts": [320000, 80000, 160000, 40000, 80000, 18432, 36864, 9216, 18432, 4608, 4608, 1024, 1024, 512, 512, 256, 128, 64, 9], "neuron_counts_selected": [2000, 2000, 2000, 2000, 2000, 2000, 2000, 2000, 2000, 2000, 2000, 1024, 1024, 512, 512, 256, 128, 64, 9], "layer_tarantula_score": [0.47853768827075777, 0.4926936219432907, 0.07149947232672768, 0.12170835916556282, 0.002021032514753186, 0.004317444034615585, NaN, NaN, NaN, NaN, NaN, 0.00663846086890466, 0.00663846086890466, 0.04821912508560723, 0.04821912508560723, 0.04882812525765974, 0.05383300809657018, 0.07031250037103033, 0.02469135815498459], "layer_ochiai_score": [0.42232879280963315, 0.6426401833446221, 0.018698579480246884, 0.04395366719502752, 0.00031505481116100414, 0.0009652625234825857, NaN, NaN, NaN, NaN, NaN, 0.009318743424636372, 0.009318743424636372, 0.06736351501578819, 0.06736351501578819, 0.06940894322853682, 0.07652335990946224, 0.09994887824909342, 0.035098645859763945], "layer_D_star_score": [26.580664824224144, 135.84001337418943, 0.21267480630662292, 1.5360376209677384, 0.00014059734353853384, 0.001860791754217429, NaN, NaN, NaN, NaN, NaN, 2.613781334857606, 2.613781334857606, 18.813259919378822, 18.813259919378822, 19.709602867486076, 21.729837161403353, 28.38182812917993, 9.966732511755904], "layer_Op2_score": [71.9557313382644, 162.29567635519328, 1.2384511962462914, 4.27504929053536, 0.008592605750272852, 0.041939106161052696, NaN, NaN, NaN, NaN, NaN, 2.5609446082576244, 2.5609446082576244, 18.468512539242344, 18.468512539242344, 19.209623945700503, 21.178610400134797, 27.661858481808657, 9.713903664393722], "layer_Barinel_score": [0.4836687903691816, 0.4978531229199839, 0.07223275178341605, 0.12300451669312773, 0.0020388048662030576, 0.00435875025106804, NaN, NaN, NaN, NaN, NaN, 0.006707011072993505, 0.006707011072993505, 0.048716978817003695, 0.048716978817003695, 0.04933226328994882, 0.05438882027716851, 0.07103845913752627, 0.024946290177238296], "time": 46.219998598098755}