{"neuron_counts": [320000, 80000, 160000, 40000, 80000, 18432, 36864, 9216, 18432, 4608, 4608, 1024, 1024, 512, 512, 256, 128, 64, 9], "neuron_counts_selected": [500, 500, 500, 500, 500, 500, 500, 500, 500, 500, 500, 500, 500, 500, 500, 256, 128, 64, 9], "layer_tarantula_score": [0.4263111270355364, 0.5034697830475824, 0.0, 0.004, 0.0, 0.0, 0.0, 0.0, 0.0, 0.0, 0.0, 0.0, 0.0, 0.0, 0.0, 0.019531250103063995, 0.08261223572658623, 0.14062500074206075, 0.0], "layer_ochiai_score": [0.0624455745681521, 0.13645065795695535, 0.0, 0.0004489082668453575, 0.0, 0.0, 0.0, 0.0, 0.0, 0.0, 0.0, 0.0, 0.0, 0.0, 0.0, 0.027763577291414824, 0.11497538554185424, 0.19989775649818675, 0.0], "layer_D_star_score": [0.044995943253918556, 0.48055252186010267, 0.0, 0.00014036455662264714, 0.0, 0.0, 0.0, 0.0, 0.0, 0.0, 0.0, 0.0, 0.0, 0.0, 0.0, 7.883841146994415, 31.86680077123868, 56.763656258359795, 0.0], "layer_Op2_score": [2.0082616215943103, 7.9336949010589075, 0.0, 0.010114100817183008, 0.0, 0.0, 0.0, 0.0, 0.0, 0.0, 0.0, 0.0, 0.0, 0.0, 0.0, 7.683849578280191, 31.404396000702157, 55.32371696361737, 0.0], "layer_Barinel_score": [0.4284325098756691, 0.5077831085875102, 0.0, 0.004, 0.0, 0.0, 0.0, 0.0, 0.0, 0.0, 0.0, 0.0, 0.0, 0.0, 0.0, 0.019732905315979515, 0.08345823497621058, 0.1420769182750525, 0.0], "time": 15.096006631851196}