{"neuron_counts": [320000, 80000, 160000, 40000, 80000, 18432, 36864, 9216, 18432, 4608, 4608, 1024, 1024, 512, 512, 256, 128, 64, 9], "neuron_counts_selected": [500, 500, 500, 500, 500, 500, 500, 500, 500, 500, 500, 500, 500, 500, 500, 256, 128, 64, 9], "layer_tarantula_score": [0.47652894443018484, 0.49382947578615455, 0.07935792104862395, 0.112510153173349, 0.0012725936470902328, 0.0051315091587097765, 0, 0, 0, 0, 0, 0.008450840963677965, 0.006731137649952235, 0.047432249206534084, 0.04321659748794484, 0.04882812562515961, 0.053833008501738486, 0.0703125009002297, 0.024691358340821416], "layer_ochiai_score": [0.4218535262627966, 0.6460277628740169, 0.019585351434746868, 0.044717991439581065, 0.00022120359716400632, 0.001135021713524092, 0, 0, 0, 0, 0, 0.011819543369739378, 0.009190906539957754, 0.06696762965246811, 0.061193917113928506, 0.0696036041642204, 0.07673797359105299, 0.10022918999647729, 0.03519708180946257], "layer_D_star_score": [16.976128941818665, 88.90059983013471, 0.11650365087634205, 1.3047497084763517, 8.654890190483993e-05, 0.0011058218552113188, 0, 0, 0, 0, 0, 2.1482764616919683, 1.6441333216562644, 12.100930207479697, 11.115313672244659, 12.805661590925562, 14.1182419039954, 18.440152690932795, 6.475554305732221], "layer_Op2_score": [45.92761786173075, 104.32459847665606, 0.7555689410411836, 3.1111946333849563, 0.004281742066336832, 0.029800645641416355, 0, 0, 0, 0, 0, 2.070723432468233, 1.5920513648972885, 11.724092622441479, 10.749247261613545, 12.305475128523069, 13.566786329196693, 17.719884185073283, 6.2226205094358695], "layer_Barinel_score": [0.48447814082105767, 0.5018261326452814, 0.08052464962330023, 0.11436984640388313, 0.0012891304761904177, 0.005209001461463651, 0, 0, 0, 0, 0, 0.00858603588663986, 0.00683876576131695, 0.04819115678150162, 0.04390808400780926, 0.04960937499999995, 0.05469433593750019, 0.07143749999999993, 0.02508641975308642], "time": 18.719951391220093}