{"neuron_counts": [320000, 80000, 160000, 40000, 80000, 18432, 36864, 9216, 18432, 4608, 4608, 1024, 1024, 512, 512, 256, 128, 64, 9], "neuron_counts_selected": [100, 100, 100, 100, 100, 100, 100, 100, 100, 100, 100, 100, 100, 100, 100, 100, 100, 64, 9], "layer_tarantula_score": [0.48197188133704316, 0.49529197295581495, 0.06581147719653758, 0.12446227082045727, 0.002688489553887657, 0.004511066384403512, 0, 0, 0, 0, 0, 0.007200000092183518, 0.0018000000230458464, 0.039200000501888085, 0.04205000053837746, 0.06480000082965179, 0.05445000069713789, 0.0703125009002297, 0.024691358340821416], "layer_ochiai_score": [0.4269901134203269, 0.6455714715899876, 0.01899107378648909, 0.04385917220935632, 0.0004883416187150384, 0.0009457886803016345, 0, 0, 0, 0, 0, 0.010263469055639178, 0.002565867263909835, 0.05587888708070277, 0.05994151024856008, 0.09237122150075376, 0.07761748473327199, 0.10022918999647729, 0.03519708180946257], "layer_D_star_score": [17.53701574329845, 88.46118885829337, 0.24447748229627225, 0.8811004814149769, 0.0002001997787742681, 0.0008196511788305763, 0, 0, 0, 0, 0, 1.8882716355515035, 0.47206790888786804, 10.280590015780467, 11.02803087151958, 16.994444719963646, 14.280054243858316, 18.440152690932795, 6.475554305732221], "layer_Op2_score": [46.56729547258429, 103.82183775908247, 0.9814483954448391, 2.573017759501806, 0.009132259006242684, 0.025032258280437415, 0, 0, 0, 0, 0, 1.8145161405515062, 0.4534685513963412, 9.879032320780395, 10.59727829308201, 16.330645264963493, 13.722278312920723, 17.719884185073283, 6.2226205094358695], "layer_Barinel_score": [0.48993142520148814, 0.5032902212778251, 0.06688147349016961, 0.12664630765267018, 0.002723333333333329, 0.004579816490698752, 0, 0, 0, 0, 0, 0.007315199999999973, 0.0018288000000000356, 0.03982719999999997, 0.04272279999999999, 0.06583679999999983, 0.05532120000000002, 0.07143749999999993, 0.02508641975308642], "time": 6.408435106277466}