{"neuron_counts": [320000, 80000, 160000, 40000, 80000, 18432, 36864, 9216, 18432, 4608, 4608, 1024, 1024, 512, 512, 256, 128, 64, 9], "neuron_counts_selected": [500, 500, 500, 500, 500, 500, 500, 500, 500, 500, 500, 500, 500, 500, 500, 256, 128, 64, 9], "layer_tarantula_score": [0.5045484464451143, 0.504908304486349, 0.012496495561555972, 0.02906554396277091, 0.0, 0.0, 0.0, 0.0, 0.0, 0.0, 0.0, 0.0, 0.0, 0.0, 0.0, 0.04492187523704719, 0.10546875055654556, 0.14062500074206075, 0.0], "layer_ochiai_score": [0.12944122970188846, 0.2530308255562932, 0.0012589394751821219, 0.004547887833910073, 0.0, 0.0, 0.0, 0.0, 0.0, 0.0, 0.0, 0.0, 0.0, 0.0, 0.0, 0.0638562277702541, 0.14992331737364006, 0.19989775649818675, 0.0], "layer_D_star_score": [0.3357135315613894, 3.954321888953862, 0.0002927339614296962, 0.004744700084170798, 0.0, 0.0, 0.0, 0.0, 0.0, 0.0, 0.0, 0.0, 0.0, 0.0, 0.0, 18.132834638087154, 42.57274219376984, 56.763656258359795, 0.0], "layer_Op2_score": [6.8837733203588405, 25.629238896964797, 0.025922140295075072, 0.15987040244711673, 0.0, 0.0, 0.0, 0.0, 0.0, 0.0, 0.0, 0.0, 0.0, 0.0, 0.0, 17.67285403004444, 41.49278772271303, 55.32371696361737, 0.0], "layer_Barinel_score": [0.5089132714368951, 0.5099139327163177, 0.012504243088444795, 0.029218877087330467, 0.0, 0.0, 0.0, 0.0, 0.0, 0.0, 0.0, 0.0, 0.0, 0.0, 0.0, 0.04538568222675288, 0.10655768870628937, 0.1420769182750525, 0.0], "time": 15.414214372634888}