{"neuron_counts": [320000, 80000, 160000, 40000, 80000, 18432, 36864, 9216, 18432, 4608, 4608, 1024, 1024, 512, 512, 256, 128, 64, 9], "neuron_counts_selected": [100, 100, 100, 100, 100, 100, 100, 100, 100, 100, 100, 100, 100, 100, 100, 100, 100, 64, 9], "layer_tarantula_score": [0.47110588717035956, 0.4941404121383607, 0.10981284790873758, 0.16060993743710583, 0.00431533273303514, 0.0021993668235319283, 0, 0, 0, 0, 0, 0.001250212230486542, 0.008450000108187682, 0.08001558099697252, 0.03920393618832848, 0.02880000036873408, 0.02880000036873419, 0.0703125009002297, 0.024691358340821416], "layer_ochiai_score": [0.4160977004321271, 0.6409708620585767, 0.03754261188205744, 0.06588665236066839, 0.0006035265021733824, 0.00044877129594929674, 0, 0, 0, 0, 0, 0.0017806545559410267, 0.012045321322243388, 0.11200677123906574, 0.055208299209108636, 0.04105387622255709, 0.04105387622255716, 0.10022918999647729, 0.03519708180946257], "layer_D_star_score": [16.329011649440247, 86.1586319565183, 0.4313647435692039, 2.270126272709988, 0.00017583513740197895, 0.0004711458497805376, 0, 0, 0, 0, 0, 0.32692589629428837, 2.216096572279196, 19.926148159101622, 9.878715580342021, 7.553086542206067, 7.553086542206035, 18.440152690932795, 6.475554305732221], "layer_Op2_score": [45.12302531376991, 102.61915065778173, 2.0071927551671296, 4.954207289107012, 0.009502419514177686, 0.011075806793703976, 0, 0, 0, 0, 0, 0.31397419566597135, 2.1295363038416943, 19.437803347981184, 9.628516189745012, 7.258064562205997, 7.258064562205988, 17.719884185073283, 6.2226205094358695], "layer_Barinel_score": [0.4790414143011415, 0.5021371039533752, 0.11148073757145384, 0.16318936307447826, 0.004348214285714326, 0.0022315162907267563, 0, 0, 0, 0, 0, 0.0012702121457489571, 0.008585199999999927, 0.08129555334117403, 0.03983112972972969, 0.029260799999999886, 0.029260800000000014, 0.07143749999999993, 0.02508641975308642], "time": 5.905625581741333}