{"neuron_counts": [320000, 80000, 160000, 40000, 80000, 18432, 36864, 9216, 18432, 4608, 4608, 1024, 1024, 512, 512, 256, 128, 64, 9], "neuron_counts_selected": [1000, 1000, 1000, 1000, 1000, 1000, 1000, 1000, 1000, 1000, 1000, 1000, 1000, 512, 512, 256, 128, 64, 9], "layer_tarantula_score": [0.4764859386886323, 0.4919919968212162, 0.08030996872493998, 0.1299596970816028, 0.0017765157626468955, 0.004755012832233023, NaN, NaN, NaN, NaN, NaN, 0.005510940541621758, 0.005617608025466494, 0.04821912508560723, 0.04821912508560723, 0.04882812525765974, 0.05383300809657018, 0.07031250037103033, 0.02469135815498459], "layer_ochiai_score": [0.4218611871148766, 0.6417778084251434, 0.02191246648724538, 0.04773383142440005, 0.00028074231633680734, 0.001003695890535064, NaN, NaN, NaN, NaN, NaN, 0.007644274528886496, 0.007796095770545086, 0.06736351501578819, 0.06736351501578819, 0.06940894322853682, 0.07652335990946224, 0.09994887824909342, 0.035098645859763945], "layer_D_star_score": [26.576260450307103, 135.12466443244048, 0.25424204821614066, 1.6955298350603751, 0.0001461147631524497, 0.0016533710065481113, NaN, NaN, NaN, NaN, NaN, 2.1321561555804975, 2.1778805723184647, 18.813259919378822, 18.813259919378822, 19.709602867486076, 21.729837161403353, 28.38182812917993, 9.966732511755904], "layer_Op2_score": [72.07076396892771, 162.09874607843932, 1.4557540797602428, 4.692851309977139, 0.007579379106838163, 0.0411930334472674, NaN, NaN, NaN, NaN, NaN, 2.0912641524701536, 2.1333892696388688, 18.468512539242344, 18.468512539242344, 19.209623945700503, 21.178610400134797, 27.661858481808657, 9.713903664393722], "layer_Barinel_score": [0.48161548628091116, 0.49715118686304066, 0.08111337303539658, 0.13136009789573141, 0.0017903336509070193, 0.004800661954121175, NaN, NaN, NaN, NaN, NaN, 0.005567852629244157, 0.005675609381238059, 0.048716978817003695, 0.048716978817003695, 0.04933226328994882, 0.05438882027716851, 0.07103845913752627, 0.024946290177238296], "time": 26.7734797000885}