{"neuron_counts": [320000, 80000, 160000, 40000, 80000, 18432, 36864, 9216, 18432, 4608, 4608, 1024, 1024, 512, 512, 256, 128, 64, 9], "neuron_counts_selected": [1000, 1000, 1000, 1000, 1000, 1000, 1000, 1000, 1000, 1000, 1000, 1000, 1000, 512, 512, 256, 128, 64, 9], "layer_tarantula_score": [0.4760960538617807, 0.4921004710150979, 0.07436526694987192, 0.12023635752408203, 0.0014982349369486183, 0.003001741700989262, 0, 0, 0, 0, 0, 0.0067271198832324144, 0.00708136801902052, 0.048220226449318435, 0.048220226449318435, 0.04882812562515961, 0.053833008501738486, 0.0703125009002297, 0.024691358340821416], "layer_ochiai_score": [0.4204789084041206, 0.6427878742379352, 0.019154301766169078, 0.04292707109614139, 0.00023235775828727112, 0.000704546885873375, 0, 0, 0, 0, 0, 0.009571131537887181, 0.009868871045456563, 0.06759403092262771, 0.06759403092262771, 0.0696036041642204, 0.07673797359105299, 0.10022918999647729, 0.03519708180946257], "layer_D_star_score": [16.765291421518985, 87.25861850643612, 0.11422574778824143, 0.9441831979754806, 6.596493338243676e-05, 0.0008810161995097355, 0, 0, 0, 0, 0, 1.7514593880113538, 1.7831197226103557, 12.228911480648843, 12.228911480648843, 12.805661590925562, 14.1182419039954, 18.440152690932795, 6.475554305732221], "layer_Op2_score": [45.66005639254565, 103.57646903223707, 0.7508366830841405, 2.6351545904874234, 0.0039018309017489605, 0.019810790713072256, 0, 0, 0, 0, 0, 1.6886900429886509, 1.724361801250176, 11.836361313890317, 11.836361313890317, 12.305475128523069, 13.566786329196693, 17.719884185073283, 6.2226205094358695], "layer_Barinel_score": [0.48404653458553704, 0.5000963971155364, 0.07551692099647866, 0.12225983458025184, 0.00151500909090876, 0.0030487723780042134, 0, 0, 0, 0, 0, 0.006834767909826818, 0.007194650945085982, 0.04899173545822434, 0.04899173545822434, 0.04960937499999995, 0.05469433593750019, 0.07143749999999993, 0.02508641975308642], "time": 38.602423667907715}