{"neuron_counts": [64, 32, 1], "neuron_counts_selected": [64, 32, 1], "layer_tarantula_score": [0.5596104350771947, 0.5144461004919753, 1.0], "layer_ochiai_score": [0.7611812508935302, 0.5220325716679157, 0.05978024831134059], "layer_D_star_score": [37634.64954946168, 29389.34728602078, 0.5959561463525077], "layer_Op2_score": [27119.171711847303, 16261.848802186032, 166.16672690729305], "layer_Barinel_score": [0.9932965850279994, 0.9921247498497053, 1.0], "time": 25.926451921463013}