{"neuron_counts": [12, 12, 1], "neuron_counts_selected": [12, 12, 1], "layer_tarantula_score": [0.6914644488385286, 0.3032685164100992, 0.7440432820120814], "layer_ochiai_score": [0.5900625164150963, 0.26758857798452623, 0.8256265363904417], "layer_D_star_score": [94.93332342925599, 51.64310991369134, 402.2585623508263], "layer_Op2_score": [97.71949585121718, 47.025687099245516, 174.2402184561105], "layer_Barinel_score": [0.6968409520824262, 0.3068908812510442, 0.7489177694330825], "time": 0.20192217826843262}