{"neuron_counts": [12, 12, 1], "neuron_counts_selected": [12, 12, 1], "layer_tarantula_score": [0.8026410558577228, 0.2331719381923138, 0.8490203872171634], "layer_ochiai_score": [0.4421792527471322, 0.15794276526570014, 0.8221971497340624], "layer_D_star_score": [27.23972437398053, 41.39601272171014, 350.4174102628647], "layer_Op2_score": [50.44627507062117, 27.503804202629343, 151.96841462797093], "layer_Barinel_score": [0.8064520176578016, 0.23502877480173015, 0.852292552910405], "time": 0.19330525398254395}