{"neuron_counts": [12368, 3088, 5824, 1440, 544, 128, 128, 16, 2], "neuron_counts_selected": [1000, 1000, 1000, 1000, 544, 128, 128, 16, 2], "layer_tarantula_score": [0.47697150754859474, 0.49266807645128313, 0.4061779819765228, 0.4529381128837432, 0.18373344945494505, 0.22216067043327226, 0.22216067043327226, 0.12328460618150197, 0.5000000128131104], "layer_ochiai_score": [0.41178156968518886, 0.6492976574870007, 0.15364255817731157, 0.2751041744877909, 0.10820874941092608, 0.16924924822724355, 0.16924924822724355, 0.08493879310450353, 0.7183311214198576], "layer_D_star_score": [15.339817887256517, 91.70240222603437, 3.250724134789607, 11.704206919368003, 7.03024814825079, 16.678223695541707, 16.678223695541707, 8.489805384355199, 137.52881195965952], "layer_Op2_score": [43.63792154163235, 105.40604359563885, 9.427489429189821, 24.953149333052984, 11.184911425645693, 21.886332669734035, 21.886332669734035, 10.379258516617003, 128.00819753426433], "layer_Barinel_score": [0.49287644816461484, 0.5086646604909455, 0.41981571359935227, 0.4684261926030833, 0.18975146926602193, 0.22980336658913014, 0.22980336658913014, 0.127258072159327, 0.516], "time": 12.060009717941284}