{"neuron_counts": [12368, 3088, 5824, 1440, 544, 128, 128, 16, 2], "neuron_counts_selected": [100, 100, 100, 100, 100, 100, 100, 16, 2], "layer_tarantula_score": [0.500645422128694, 0.5006937274043477, 0.49372621632188946, 0.49162109900552264, 0.28640433573081103, 0.331145207854297, 0.3742340865306701, 0.25973161703557923, 0.5000000048478807], "layer_ochiai_score": [0.4314678453293481, 0.6611315060763405, 0.26829805520455685, 0.39736757269445144, 0.23454068079889062, 0.3248352738960577, 0.3444856885587502, 0.23496074142836043, 0.7129938060976474], "layer_D_star_score": [24.562155831089036, 134.73028167135257, 23.347832501476763, 46.83360921828034, 38.640113470867, 58.81034124013136, 62.20431356922646, 44.17714736359177, 181.35342728549523], "layer_Op2_score": [63.94963656868783, 149.86931102728167, 37.60919348370469, 67.64666614145145, 45.18446367511739, 67.57720110923687, 71.6792490433596, 47.93670788617413, 174.3943429412904], "layer_Barinel_score": [0.5089480552932443, 0.5090480539521071, 0.5009959465721654, 0.49975911312435833, 0.2906143235813831, 0.3364918534470792, 0.37935295660436025, 0.2638468162298217, 0.508360457381702], "time": 1.404714822769165}