{"neuron_counts": [12368, 3088, 5824, 1440, 544, 128, 128, 16, 2], "neuron_counts_selected": [500, 500, 500, 500, 500, 128, 128, 16, 2], "layer_tarantula_score": [0.3057649063240781, 0.4189840425029398, 0.050214159223401514, 0.06693531947757672, 0.05431716501928293, 0.06976205277225635, 0.06976205277225635, 0.0897908644653807, 0.0], "layer_ochiai_score": [0.0375488718212458, 0.07656209481956128, 0.008500071246456888, 0.01948432895549544, 0.014066989903980823, 0.026831974593564522, 0.026831974593564522, 0.050189125072065834, 0.0], "layer_D_star_score": [0.015069263007670681, 0.10344311902676222, 0.008751776003325629, 0.12798391341762075, 0.05455260500092116, 0.5214947560371112, 0.5214947560371112, 8.11805233008318, 0.0], "layer_Op2_score": [0.8811938389829393, 2.875515645718746, 0.2961270963394353, 1.2468977007236177, 0.7846551478958259, 2.5302981425615254, 2.5302981425615254, 9.680253321325582, 0.0], "layer_Barinel_score": [0.30741349552381975, 0.4231577329464994, 0.05071124995636702, 0.06782764197790116, 0.054943648950045075, 0.07098546452031591, 0.07098546452031591, 0.0913524638130023, 0.0], "time": 5.056541681289673}