{"neuron_counts": [12368, 3088, 5824, 1440, 544, 128, 128, 16, 2], "neuron_counts_selected": [500, 500, 500, 500, 500, 128, 128, 16, 2], "layer_tarantula_score": [0.5067035255745891, 0.49998888910765626, 0.146046994090515, 0.2335845860222995, 0.15893471405118426, 0.1800555992544971, 0.1800555992544971, 0.12874290648685632, 0.49816950305427565], "layer_ochiai_score": [0.18073244007432862, 0.33709111497539085, 0.06868141455153111, 0.11010346710112737, 0.10148165496804344, 0.14330132921027858, 0.14330132921027858, 0.12655859632326802, 0.5005264787025154], "layer_D_star_score": [0.9918249615764373, 11.00944492039354, 3.1005001749254544, 14.47261060874472, 9.56392373144609, 23.907246790907852, 23.907246790907852, 18.909091029141084, 45.81925851614929], "layer_Op2_score": [11.715287330412234, 40.55459193473954, 8.521151715850586, 18.53957998477065, 15.947100262274379, 28.43142883672912, 28.43142883672912, 24.254182711255215, 86.73443947371803], "layer_Barinel_score": [0.5144230239947118, 0.5082332066147143, 0.1478749418246258, 0.23600107195201242, 0.16109106900319733, 0.18258553620751455, 0.18258553620751455, 0.13082298823664684, 0.506525551634909], "time": 5.1023149490356445}