{"neuron_counts": [5, 1], "neuron_counts_selected": [5, 1], "layer_tarantula_score": [1.0, 1.0], "layer_ochiai_score": [0.5811342900150585, 0.9999994004376161], "layer_D_star_score": [19.753516819414017, 69545730.3170389], "layer_Op2_score": [29.159832844048236, 83.39408271535072], "layer_Barinel_score": [1.0, 1.0], "time": 0.08235907554626465}