{"neuron_counts": [5, 1], "neuron_counts_selected": [5, 1], "layer_tarantula_score": [1.0, 1.0], "layer_ochiai_score": [0.8758397777581669, 0.9999994004376161], "layer_D_star_score": [11127457.549690032, 69545730.3170389], "layer_Op2_score": [64.25081352223904, 83.39408271535072], "layer_Barinel_score": [1.0, 1.0], "time": 0.08279871940612793}