{"neuron_counts": [5, 1], "neuron_counts_selected": [5, 1], "layer_tarantula_score": [1.0, 1.0], "layer_ochiai_score": [0.857468216577564, 0.9999990196092848], "layer_D_star_score": [4161668.186793301, 26009999.999136556], "layer_Op2_score": [37.72, 51.0], "layer_Barinel_score": [1.0, 1.0], "time": 0.06524252891540527}