{"neuron_counts": [10, 10, 10, 10, 10, 1], "neuron_counts_selected": [10, 10, 10, 10, 10, 1], "layer_tarantula_score": [0.4882267081628859, 0.4882267081628859, 0.46092995481569365, 0.46092995481569365, 0.46092995481569365, 0.49999998150207037], "layer_ochiai_score": [0.45568945307222536, 0.45568945307222536, 0.2992827551892792, 0.2992827551892792, 0.2992827551892792, 0.7002739848431035], "layer_D_star_score": [11.52448700335, 11.52448700335, 3.8100886549470543, 3.8100886549470543, 3.8100886549470543, 49.075379103058296], "layer_Op2_score": [21.748148984909285, 21.748148984909285, 10.953704159807112, 10.953704159807112, 10.953704159807112, 50.01852033607345], "layer_Barinel_score": [0.479235281709623, 0.479235281709623, 0.4537544100779395, 0.4537544100779395, 0.4537544100779395, 0.4903846153846154], "time": 0.13065123558044434}