{"neuron_counts": [10, 10, 10, 10, 10, 1], "neuron_counts_selected": [10, 10, 10, 10, 10, 1], "layer_tarantula_score": [0.48998865753098225, 0.48998865753098225, 0.43997761410996106, 0.43997761410996106, 0.43997761410996106, 0.49999998150207037], "layer_ochiai_score": [0.4069108302099327, 0.4069108302099327, 0.1850840926380907, 0.1850840926380907, 0.1850840926380907, 0.7002739848431035], "layer_D_star_score": [7.332923758749689, 7.332923758749689, 0.8271629083389735, 0.8271629083389735, 0.8271629083389735, 49.075379103058296], "layer_Op2_score": [17.342593254456936, 17.342593254456936, 4.577778004114807, 4.577778004114807, 4.577778004114807, 50.01852033607345], "layer_Barinel_score": [0.48117414082424226, 0.48117414082424226, 0.43357142857142855, 0.43357142857142855, 0.43357142857142855, 0.4903846153846154], "time": 0.12491106986999512}