{"neuron_counts": [12, 12, 1], "neuron_counts_selected": [12, 12, 1], "layer_tarantula_score": [0.8163974845166554, 0.5933274832774754, 0.8242520215588838], "layer_ochiai_score": [0.5678118016243737, 0.5186901208638385, 0.8387866144647096], "layer_D_star_score": [86.76630601820845, 179.7970974514941, 429.05654699225596], "layer_Op2_score": [81.3488381648527, 93.96942383403349, 164.91124876390677], "layer_Barinel_score": [0.8160656117102687, 0.5930256249872659, 0.8238792127728893], "time": 0.16796660423278809}