{"neuron_counts": [700928, 175232, 165888, 41472, 73984, 18496, 18496, 64, 64, 1], "neuron_counts_selected": [500, 500, 500, 500, 500, 500, 500, 64, 64, 1], "layer_tarantula_score": [0.5000002444610959, 0.5000002444610959, 0.44180021600582436, 0.44745821877214614, 0.3595521757929519, 0.3528001724917493, 0.3561681741384391, 0.0538330341326522, 0.0538330341326522, 0.5000002444610959], "layer_ochiai_score": [0.8269869837336323, 0.8269869837336323, 0.7307256988270373, 0.7400838835349671, 0.5946896479507896, 0.5835220157224507, 0.5890926000448806, 0.08903839351233686, 0.08903839351233686, 0.8269869837336321], "layer_D_star_score": [257.472259141347, 257.472259141347, 227.50248817729423, 230.4160442617377, 185.14933143757915, 181.67242605013442, 183.40675918771046, 27.72101227571631, 27.72101227571631, 257.472259141347], "layer_Op2_score": [118.01785889668054, 118.01785889668054, 104.2805801211069, 105.61607021238176, 84.86711440403855, 83.27340123749781, 84.06836953502581, 12.706512639999035, 12.706512639999035, 118.01785889668054], "layer_Barinel_score": [0.6839080459770114, 0.6839080459770114, 0.6043011494252872, 0.6120402528735631, 0.49180101149425276, 0.48256551724137925, 0.4871723218390803, 0.07363365436422427, 0.07363365436422427, 0.6839080459770115], "time": 5.811983108520508}