{"neuron_counts": [700928, 175232, 165888, 41472, 73984, 18496, 18496, 64, 64, 1], "neuron_counts_selected": [500, 500, 500, 500, 500, 500, 500, 64, 64, 1], "layer_tarantula_score": [0.4999160443642913, 0.5002115499697638, 0.4418002112050459, 0.4474582139098855, 0.35955217188591376, 0.352800168658081, 0.3561681702681728, 0.05383303354768086, 0.05383303354768086, 0.5000002390278928], "layer_ochiai_score": [0.7973180483661443, 0.8034660300943576, 0.7277571139276807, 0.737077280859783, 0.5922737116951686, 0.581151448152299, 0.586699401886361, 0.0886766736072235, 0.0886766736072235, 0.8236273358167502], "layer_D_star_score": [202.50209719584979, 211.8518030921443, 216.17636331570313, 218.9448691184198, 175.93174237865034, 172.62793340375745, 174.27592342559385, 26.340932221032347, 26.340932221032347, 244.65410062890794], "layer_Op2_score": [107.52189790815372, 109.17307100385176, 101.62978012110689, 102.93132221238176, 82.70980240403856, 81.1566012374978, 81.93136153502581, 12.383514593124035, 12.383514593124035, 115.01785889668054], "layer_Barinel_score": [0.6782580139134051, 0.6785224887009782, 0.5994011695906435, 0.607077520467836, 0.48781323976608154, 0.4786526315789474, 0.48322208187134524, 0.07303659539473686, 0.07303659539473686, 0.6783625730994152], "time": 6.826437950134277}