{"neuron_counts": [700928, 175232, 165888, 41472, 73984, 18496, 18496, 64, 64, 1], "neuron_counts_selected": [500, 500, 500, 500, 500, 500, 500, 64, 64, 1], "layer_tarantula_score": [0.49808032800956165, 0.4994256037197347, 0.43245021143440193, 0.4436822169259758, 0.36808217996345827, 0.39072819103559037, 0.3477781700363819, 0.0538330341326522, 0.0538330341326522, 0.5000002444610959], "layer_ochiai_score": [0.7968805010425657, 0.8068299489832708, 0.7152610422312184, 0.7338384778338108, 0.6087980458932853, 0.646253940360549, 0.5752157584578302, 0.08903839351233686, 0.08903839351233686, 0.8269869837336321], "layer_D_star_score": [207.4438339274205, 222.13469920060618, 222.68775693135098, 228.4716137607022, 189.54180817853057, 201.2032417395605, 179.0863746793188, 27.72101227571631, 27.72101227571631, 257.472259141347], "layer_Op2_score": [109.58570705203026, 112.14917965441491, 102.07364615973898, 104.72479934199404, 86.88049907681591, 92.22576394196435, 82.08802986273952, 12.706512639999035, 12.706512639999035, 118.01785889668054], "layer_Barinel_score": [0.6822070443710326, 0.6833864531295842, 0.5915120689655172, 0.6068753793103446, 0.503468482758621, 0.5344440459770112, 0.47569634482758627, 0.07363365436422427, 0.07363365436422427, 0.6839080459770115], "time": 5.710405349731445}