{"neuron_counts": [502, 64, 64, 1], "neuron_counts_selected": [500, 64, 64, 1], "layer_tarantula_score": [1.0, 1.0, 1.0, 0], "layer_ochiai_score": [0.5919099778297533, 0.8356232224022192, 0.9060716094021182, 0], "layer_D_star_score": [19.654732933239128, 166.26813338591234, 37135404.987332575, 0], "layer_Op2_score": [35.153892, 69.865234375, 85.58349609375, 0], "layer_Barinel_score": [1.0, 1.0, 1.0, 0], "time": 0.6416256427764893}