{"neuron_counts": [502, 64, 64, 1], "neuron_counts_selected": [502, 64, 64, 1], "layer_tarantula_score": [1.0, 1.0, 1.0, 0], "layer_ochiai_score": [0.6559218658992704, 0.9608651099720407, 0.9999997011845164, 0], "layer_D_star_score": [56.13116059170115, 275536.69442435127, 279984135.76520663, 0], "layer_Op2_score": [72.14345560441777, 154.5117408243588, 167.32726487184473, 0], "layer_Barinel_score": [1.0, 1.0, 1.0, 0], "time": 0.6425187587738037}