{"neuron_counts": [502, 64, 64, 1], "neuron_counts_selected": [100, 64, 64, 1], "layer_tarantula_score": [1.0, 1.0, 1.0, 0], "layer_ochiai_score": [0.6570226829750959, 0.9608651099720407, 0.9999997011845164, 0], "layer_D_star_score": [56.510648452278005, 275536.69442435127, 279984135.76520663, 0], "layer_Op2_score": [72.37786255422418, 154.5117408243588, 167.32726487184473, 0], "layer_Barinel_score": [1.0, 1.0, 1.0, 0], "time": 0.2738344669342041}