{"neuron_counts": [502, 64, 64, 1], "neuron_counts_selected": [500, 64, 64, 1], "layer_tarantula_score": [1.0, 1.0, 0.1181640625, 0], "layer_ochiai_score": [0.4636932985162611, 0.49234981541414136, 0.02210060203792383, 0], "layer_D_star_score": [6.194948904137758, 8.017628857510978, 1.5647862683764577, 0], "layer_Op2_score": [21.627028000000003, 24.332275390625, 0.6997070312500003, 0], "layer_Barinel_score": [1.0, 1.0, 0.1181640625, 0], "time": 0.6367473602294922}