{"neuron_counts": [502, 64, 64, 1], "neuron_counts_selected": [500, 64, 64, 1], "layer_tarantula_score": [1.0, 1.0, 0.34375, 0.0], "layer_ochiai_score": [0.4874820515350245, 0.511359522709468, 0.11502676892444852, 0.0], "layer_D_star_score": [13.286154162387854, 16.177955136984117, 81.65868877586749, 0.0], "layer_Op2_score": [40.07055086134628, 43.954743911003845, 11.097290369617443, 0.0], "layer_Barinel_score": [1.0, 1.0, 0.34375, 0.0], "time": 0.6551623344421387}