{"neuron_counts": [502, 64, 64, 1], "neuron_counts_selected": [500, 64, 64, 1], "layer_tarantula_score": [1.0, 1.0, 1.0, 0.0], "layer_ochiai_score": [0.6184559804204108, 0.8498929774119554, 0.9499336953012273, 0.0], "layer_D_star_score": [41.693327115553195, 332.8877395088446, 170617373.01757118, 0.0], "layer_Op2_score": [64.24243759689571, 120.97441246445409, 154.33476523903067, 0.0], "layer_Barinel_score": [1.0, 1.0, 1.0, 0.0], "time": 0.6313982009887695}