{"neuron_counts": [19620, 6540, 6360, 2120, 1940, 20, 3], "neuron_counts_selected": [100, 100, 100, 100, 100, 20, 3], "layer_tarantula_score": [0.49997202093090165, 0.4997958751236673, 0.5121113111269392, 0.5105434347225354, 0.402361219022889, 0.20020136592796237, 0.16666669712525958], "layer_ochiai_score": [0.4960671808504818, 0.7025069063105219, 0.3618637981254331, 0.5448365827033882, 0.3573647888980704, 0.3247579405884323, 0.27060560975226067], "layer_D_star_score": [44.768351874707285, 231.19017916324384, 75.18536547139603, 184.26092312073018, 133.4292229274081, 197.4667894305939, 164.46324799263334], "layer_Op2_score": [95.28724567783496, 190.81870679231037, 73.6150287068071, 138.27898256773352, 89.26759745210549, 101.65473548200768, 84.75312608049681], "layer_Barinel_score": [0.6578428918315522, 0.6586270167258231, 0.6465399563621006, 0.6612787431748807, 0.510647163023445, 0.2637992247674974, 0.21968227415305042], "time": 1.5663807392120361}