{"neuron_counts": [19620, 6540, 6360, 2120, 1940, 20, 3], "neuron_counts_selected": [200, 200, 200, 200, 200, 20, 3], "layer_tarantula_score": [0.5005063319228803, 0.4995338550918419, 0.47223774216514736, 0.5021439712625687, 0.43212565266230013, 0.20020136592796237, 0.16666669712525958], "layer_ochiai_score": [0.4988436193200293, 0.7002931558830805, 0.3544384385022133, 0.539522732403933, 0.3472077049541737, 0.3247579405884323, 0.27060560975226067], "layer_D_star_score": [45.72955137828848, 227.7857839040407, 68.4527806033848, 185.104246740367, 119.69947554886215, 197.4667894305939, 164.46324799263334], "layer_Op2_score": [96.2513281321063, 189.79048002426936, 71.50431169576997, 137.75553513649743, 83.79097069943269, 101.65473548200768, 84.75312608049681], "layer_Barinel_score": [0.6584792521776401, 0.6583660900270241, 0.6058176002902593, 0.6512567399843883, 0.5402250905384469, 0.2637992247674974, 0.21968227415305042], "time": 2.806475877761841}