{"neuron_counts": [19620, 6540, 6360, 2120, 1940, 20, 3], "neuron_counts_selected": [100, 100, 100, 100, 100, 20, 3], "layer_tarantula_score": [0.5066307821698344, 0.5054600196802179, 0.5270752225187061, 0.5280385238706492, 0.4436134170384004, 0.20020136592796237, 0.16666669712525958], "layer_ochiai_score": [0.5038180541704923, 0.7068632592940008, 0.4000330507726402, 0.5291499547760669, 0.42450816237638456, 0.3247579405884323, 0.27060560975226067], "layer_D_star_score": [47.317043868550336, 236.5274806098061, 102.1909279497983, 175.04462969505818, 166.30492500143177, 197.4667894305939, 164.46324799263334], "layer_Op2_score": [97.42311750214392, 191.8080757566451, 85.86396274913484, 132.17443677989672, 108.8988414277789, 101.65473548200768, 84.75312608049681], "layer_Barinel_score": [0.6637234091737136, 0.663551106967288, 0.6583362996290965, 0.6738852907007269, 0.5718146788436631, 0.2637992247674974, 0.21968227415305042], "time": 1.7846488952636719}