{"neuron_counts": [19620, 6540, 6360, 2120, 1940, 20, 3], "neuron_counts_selected": [100, 100, 100, 100, 100, 20, 3], "layer_tarantula_score": [0.48307894399774864, 0.49329773631256946, 0.41450559619518235, 0.45483313234693956, 0.29745349511461283, 0.08001008108900716, 0.055555565708419866], "layer_ochiai_score": [0.48494350485852966, 0.6845705876085284, 0.26432309066444154, 0.3948796097237888, 0.16765495868317665, 0.12989225312537114, 0.09020186991742023], "layer_D_star_score": [41.059529764427715, 201.82923712025078, 25.59930553885398, 71.08303786780002, 38.88112165227527, 78.94790362843567, 54.82108266421112], "layer_Op2_score": [92.23580752209011, 181.22837091111373, 42.287630029764244, 81.13832381395355, 31.95870469816695, 40.64473865769709, 28.251042026832273], "layer_Barinel_score": [0.6431208754933225, 0.6528670490522712, 0.5584680608874267, 0.6093985226690403, 0.39559988783882866, 0.10545651638265606, 0.07322742471768348], "time": 1.6965277194976807}