{"neuron_counts": [19620, 6540, 6360, 2120, 1940, 20, 3], "neuron_counts_selected": [500, 500, 500, 500, 500, 20, 3], "layer_tarantula_score": [0.075691080997642, 0.2327268902416631, 0.009017985926722412, 0.01697117974977248, 0.0030214248567409893, 0, 0], "layer_ochiai_score": [0.007445068362119922, 0.032940527435566226, 0.0018065332072921053, 0.004835520965849466, 0.0003049689010436678, 0, 0], "layer_D_star_score": [0.0007624619064431213, 0.006436939612172321, 0.023169586811547318, 0.2102055380892975, 2.9934322874161782e-05, 0, 0], "layer_Op2_score": [0.10688832997635944, 0.6068010787429329, 0.08854330360081025, 0.34259046837853535, 0.004046605438830531, 0, 0], "layer_Barinel_score": [0.08267473333333322, 0.2824148539682538, 0.010948292313778427, 0.021972614911272635, 0.003375999999999992, 0, 0], "time": 5.959862947463989}