{"neuron_counts": [19620, 6540, 6360, 2120, 1940, 20, 3], "neuron_counts_selected": [500, 500, 500, 500, 500, 20, 3], "layer_tarantula_score": [0.34115441615164177, 0.4140343605601139, 0.03909012080402288, 0.0648076750211192, 0.015325568155224354, 0, 0], "layer_ochiai_score": [0.06221629329340121, 0.12785193090633648, 0.008437395293138854, 0.02051799007664186, 0.005121347450984642, 0, 0], "layer_D_star_score": [0.020837836038203054, 0.18667590437965587, 0.18912109148406964, 0.6699942041171572, 0.01871664469983496, 0, 0], "layer_Op2_score": [1.3991028072479, 4.717883203089299, 0.39913349240757684, 1.171574056062732, 0.24571251379475184, 0, 0], "layer_Barinel_score": [0.4404853237318238, 0.5608514755087177, 0.049208253991636565, 0.08584714800512476, 0.019848764945652166, 0, 0], "time": 5.9564759731292725}