{"neuron_counts": [19620, 6540, 6360, 2120, 1940, 20, 3], "neuron_counts_selected": [500, 500, 500, 500, 500, 20, 3], "layer_tarantula_score": [0.5091786424275676, 0.5043071427754671, 0.2863680486783495, 0.31471017423304076, 0.20046224296794193, 0.07503318058582358, 0.0], "layer_ochiai_score": [0.19344007353622905, 0.32533954208012494, 0.11122845785948388, 0.17623637273083842, 0.1424611586275149, 0.09439999102177118, 0.0], "layer_D_star_score": [1.0420678531764132, 8.164438977008265, 14.810960009427543, 36.00309192162844, 17.199771898135328, 27.162593805782272, 0.0], "layer_Op2_score": [14.927163147160485, 41.620298106041055, 16.486385932675816, 33.35581748054971, 26.589164578783645, 23.68241211440904, 0.0], "layer_Barinel_score": [0.6555310673201938, 0.6587063207645101, 0.3408966962516736, 0.38779415477091006, 0.2576148031592344, 0.09877988933349485, 0.0], "time": 6.910792589187622}