{"neuron_counts": [19620, 6540, 6360, 2120, 1940, 20, 3], "neuron_counts_selected": [500, 500, 500, 500, 500, 20, 3], "layer_tarantula_score": [0.4289065902363772, 0.4565038074071335, 0.1052023581076166, 0.1422088822011737, 0.06734492477015414, 0.010828542938857757, NaN], "layer_ochiai_score": [0.1667932789888146, 0.2939564471326967, 0.030920707419264545, 0.058092978098072894, 0.0379260300332469, 0.012800903897667054, NaN], "layer_D_star_score": [0.6411606952178923, 5.5998161629053165, 0.7295905026815744, 3.4542149448569264, 2.671390344925579, 2.354248268783372, NaN], "layer_Op2_score": [11.851876703457233, 35.00571264418458, 2.3579112562278124, 6.72998706788294, 5.427404407783773, 2.888231153027413, NaN], "layer_Barinel_score": [0.5835952431703603, 0.616004559573118, 0.13747142243684818, 0.19024722754052995, 0.09104840808306706, 0.014435825686559321, NaN], "time": 6.8047308921813965}