{"neuron_counts": [19620, 6540, 6360, 2120, 1940, 20, 3], "neuron_counts_selected": [2000, 2000, 2000, 2000, 1940, 20, 3], "layer_tarantula_score": [0.4755328797985482, 0.48865371151998344, 0.4100126034737172, 0.45997351933225616, 0.30054740837505023, 0.08001110477763188, 0.055555571400263154], "layer_ochiai_score": [0.47779505149764023, 0.6833731758003526, 0.24898224730124763, 0.37910732633267563, 0.19934605525974694, 0.12998327256193257, 0.09026706603119179], "layer_D_star_score": [25.193453609936956, 129.6423706810878, 14.479688121242388, 47.22727663346848, 31.115712899089036, 51.243111814726596, 35.58819342565478], "layer_Op2_score": [58.220716544367384, 116.94667837731441, 24.872693833633075, 49.810246409034214, 26.034795884008012, 26.20523274100843, 18.22351433958281], "layer_Barinel_score": [0.6368531579199396, 0.649578020164244, 0.5504605075476023, 0.61807233082331, 0.4026847952487092, 0.10560991902834009, 0.07333333333333333], "time": 22.510247707366943}