{"neuron_counts": [19620, 6540, 6360, 2120, 1940, 20, 3], "neuron_counts_selected": [2000, 2000, 2000, 2000, 1940, 20, 3], "layer_tarantula_score": [0.501128540958334, 0.5000023362997077, 0.5046615659816703, 0.5050570132269221, 0.4392848045587753, 0.20020136592796237, 0.16666669712525958], "layer_ochiai_score": [0.4976782171817443, 0.7025610852589239, 0.3765841494862166, 0.5167651955101744, 0.3820069497933098, 0.3247579405884323, 0.27060560975226067], "layer_D_star_score": [45.30334117383331, 230.94212660095107, 76.03067770453443, 174.0222965726909, 148.5319080977341, 197.4667894305939, 164.46324799263334], "layer_Op2_score": [95.76727257864682, 190.87202304868975, 76.71504280021973, 129.3049604717435, 97.30173531496371, 101.65473548200768, 84.75312608049681], "layer_Barinel_score": [0.6588076776378892, 0.6587813321697068, 0.6394823173828522, 0.6537325499807864, 0.5511231404702857, 0.2637992247674974, 0.21968227415305042], "time": 28.54598832130432}