{"neuron_counts": [19620, 6540, 6360, 2120, 1940, 20, 3], "neuron_counts_selected": [500, 500, 500, 500, 500, 20, 3], "layer_tarantula_score": [0.4654755227559786, 0.47928895025983936, 0.24622256140322335, 0.3061935390618663, 0.10450689327647969, 0.04530805596129155, 0.055555565708419866], "layer_ochiai_score": [0.31556120202711485, 0.5028934888858718, 0.10804993771860365, 0.17613733809621576, 0.06398398643287363, 0.04326342371023379, 0.09020186991742023], "layer_D_star_score": [7.018187602636913, 49.36892927089076, 4.681253689386911, 14.6648396862077, 10.78072499300533, 17.125944943969543, 54.82108266421112], "layer_Op2_score": [39.897171588443875, 99.28682982506096, 11.734512728514934, 25.773592389322143, 11.671279282926722, 11.213998942013077, 28.251042026832273], "layer_Barinel_score": [0.625289043807958, 0.639527732505281, 0.32837713009337743, 0.4089996256040469, 0.13990818457707221, 0.0593082826258604, 0.07322742471768348], "time": 7.693362712860107}