{"neuron_counts": [32, 32, 3], "neuron_counts_selected": [32, 32, 3], "layer_tarantula_score": [1.0, 1.0, 0.3333333333333333], "layer_ochiai_score": [0.6958540204999365, 0.6958540204999365, 0.33333329408660506], "layer_D_star_score": [196.69229821805243, 196.69229821805243, 601131068.0008937], "layer_Op2_score": [205.83865402995133, 205.83865402995133, 141.55459118109454], "layer_Barinel_score": [1.0, 1.0, 0.3333333333333333], "time": 0.44658660888671875}