{"neuron_counts": [12368, 3088, 5824, 1440, 544, 128, 128, 16, 2], "neuron_counts_selected": [200, 200, 200, 200, 200, 128, 128, 16, 2], "layer_tarantula_score": [0.4781955657834366, 0.49083829242247107, 0.3187790829809481, 0.4267249567144374, 0.2613557715044016, 0.2884037028294109, 0.2884037028294109, 0.11443231077607185, 0.5000000032002022], "layer_ochiai_score": [0.41276345499702227, 0.6261421707405544, 0.14966563591334198, 0.29652092200974034, 0.1818680905843113, 0.26427363593686654, 0.26427363593686654, 0.08610539727940292, 0.7099292922540368], "layer_D_star_score": [15.46678708638921, 78.61587238345177, 2.564526557522308, 13.49545702772219, 12.013099572080103, 24.042854758432878, 24.042854758432878, 9.946071030312657, 128.03215481277837], "layer_Op2_score": [43.73498329475337, 98.19027503155998, 10.071160866671317, 29.570671588982734, 19.72640932429255, 34.57590988976036, 34.57590988976036, 11.70281257524994, 125.00800079359936], "layer_Barinel_score": [0.48217211892768685, 0.4948349294935962, 0.3215152039320882, 0.43026364459556204, 0.2635292695775362, 0.29078285877848875, 0.29078285877848875, 0.11540517205768946, 0.504], "time": 2.7654454708099365}