{"neuron_counts": [12368, 3088, 5824, 1440, 544, 128, 128, 16, 2], "neuron_counts_selected": [500, 500, 500, 500, 500, 128, 128, 16, 2], "layer_tarantula_score": [0.48134605846037515, 0.5000690084448146, 0.0465611249995751, 0.11801927998639264, 0.17664429631086853, 0.1913522575148299, 0.1913522575148299, 0.1162309511838955, 0.0], "layer_ochiai_score": [0.09747639996961038, 0.19178242000941442, 0.00861193292753877, 0.02734800380730926, 0.0518902392557939, 0.0929432840167792, 0.0929432840167792, 0.11914805008498908, 0.0], "layer_D_star_score": [0.16736114794195975, 1.7213918108992725, 0.021004063716805788, 0.31174966747552146, 0.27590749577151497, 2.574728023061493, 2.574728023061493, 16.048453623352806, 0.0], "layer_Op2_score": [4.062032143770394, 14.632780796738276, 0.38083103404628843, 1.906217599846547, 3.333240601526385, 10.409586526442958, 10.409586526442958, 23.668779719673587, 0.0], "layer_Barinel_score": [0.4813745485561006, 0.5001089243653096, 0.04656304960259564, 0.11802536026533494, 0.17665693157334084, 0.1913669498922681, 0.1913669498922681, 0.11624165527953267, 0.0], "time": 7.330811023712158}