{"neuron_counts": [12368, 3088, 5824, 1440, 544, 128, 128, 16, 2], "neuron_counts_selected": [100, 100, 100, 100, 100, 100, 100, 16, 2], "layer_tarantula_score": [0.4778949159654301, 0.49325391925278145, 0.39282347589555877, 0.4295391092186194, 0.19651771675499258, 0.2634560928261258, 0.3014278200740319, 0.11573455216477038, 0.5000000000238113], "layer_ochiai_score": [0.4088656622816188, 0.6278990559094186, 0.1698471417797092, 0.28119785681882026, 0.13170401414510732, 0.2620120859131654, 0.2982420087164977, 0.08599625451169388, 0.7071370657530258], "layer_D_star_score": [21.783932967365484, 114.33584510085075, 2.9753845633761355, 16.494493161354857, 9.671106341769844, 39.773546829779235, 38.488407333638705, 14.282048301657694, 181.0784555192045], "layer_Op2_score": [62.488502244472286, 142.4933551769792, 14.614672539031138, 38.91598275226953, 19.075292768818766, 53.20651463916031, 57.26745221936839, 16.94633535826361, 180.0528305531207], "layer_Barinel_score": [0.4779377485043634, 0.4932969866081107, 0.39285938937977194, 0.4295774589361266, 0.19653591061337314, 0.26347954569226234, 0.3014545904790842, 0.11574509905128805, 0.5000431059563242], "time": 4.660054922103882}