{"neuron_counts": [12368, 3088, 5824, 1440, 544, 128, 128, 16, 2], "neuron_counts_selected": [500, 500, 500, 500, 500, 128, 128, 16, 2], "layer_tarantula_score": [0.511748209938616, 0.5013026980854042, 0.17688329202302402, 0.2835736704753342, 0.266346556813437, 0.30593072502068064, 0.30593072502068064, 0.2123155943614788, 0.4542362474803906], "layer_ochiai_score": [0.1878839511841184, 0.3450474818676729, 0.03634856830222841, 0.0920714729408495, 0.12559457919265835, 0.19884924536642387, 0.19884924536642387, 0.16564077313854325, 0.2967596064321446], "layer_D_star_score": [1.1887994550153624, 12.341689418475623, 0.3592911138514404, 4.244966392906142, 4.060742055709255, 20.87725553834442, 20.87725553834442, 27.980018214328332, 7.182323673774374], "layer_Op2_score": [13.046401246215414, 44.05483301742048, 2.2265620984822925, 9.715372047298068, 14.695956038679938, 34.29746027465363, 34.29746027465363, 34.81388296318353, 35.589786358892226], "layer_Barinel_score": [0.5117882657623377, 0.5013451417516641, 0.1768911398727969, 0.28358990444074283, 0.2663651961122566, 0.3059524583148423, 0.3059524583148423, 0.21232886510152024, 0.45427896935319434], "time": 7.352144241333008}