{"neuron_counts": [12368, 3088, 5824, 1440, 544, 128, 128, 16, 2], "neuron_counts_selected": [100, 100, 100, 100, 100, 100, 100, 16, 2], "layer_tarantula_score": [0.501492626821742, 0.5023183374519224, 0.477397923242808, 0.5002076332568678, 0.3287165511274816, 0.36702488280475876, 0.3925904997849559, 0.24257905087393272, 0.5000000000238113], "layer_ochiai_score": [0.4321338127896195, 0.6462185309589945, 0.2598666103860471, 0.3939813720973124, 0.2755663808358486, 0.4209258468354147, 0.4430056737318428, 0.24106030811226858, 0.7071370657530258], "layer_D_star_score": [26.043153045914085, 128.10075167144248, 14.368006940790794, 43.55408324904739, 36.442800424277394, 82.3091384168779, 79.00644203037125, 49.964781840236896, 181.0784555192045], "layer_Op2_score": [67.18016999932095, 149.95192437500805, 33.01070086409299, 69.52530868146101, 51.6838811618487, 94.96529230965473, 96.44637701539779, 54.30797785461117, 180.0528305531207], "layer_Barinel_score": [0.5015354325035273, 0.5023613952078719, 0.47743587302731755, 0.5002459178299912, 0.3287437792036518, 0.36705662533591465, 0.39262436698786773, 0.242600347659341, 0.5000431059563242], "time": 2.2493844032287598}