{"neuron_counts": [12368, 3088, 5824, 1440, 544, 128, 128, 16, 2], "neuron_counts_selected": [100, 100, 100, 100, 100, 100, 100, 16, 2], "layer_tarantula_score": [0.47656821721951786, 0.4910925942736327, 0.337179620351803, 0.4392874337060907, 0.3200248320254215, 0.2840444122102059, 0.29136364391410463, 0.11443231077607185, 0.5000000032002022], "layer_ochiai_score": [0.4102693459254831, 0.6205424241316781, 0.1559907634950034, 0.29308185294493105, 0.21603543237689693, 0.26688161526520005, 0.2473163918535381, 0.08610539727940292, 0.7099292922540368], "layer_D_star_score": [15.247137970614597, 75.96559403645526, 2.400610718912398, 12.578346862067136, 13.61394869470585, 26.512333316707203, 21.026463341891482, 9.946071030312657, 128.03215481277837], "layer_Op2_score": [43.376447493402004, 96.54892942333646, 10.099486465450825, 28.23856818218546, 22.659351341238917, 35.962079429216445, 31.176692199606254, 11.70281257524994, 125.00800079359936], "layer_Barinel_score": [0.4805465308993612, 0.4950899113963706, 0.34002392573667867, 0.4429291355828356, 0.32265660931021284, 0.28639035996359113, 0.2937760281218207, 0.11540517205768946, 0.504], "time": 2.072209358215332}