{"neuron_counts": [12368, 3088, 5824, 1440, 544, 128, 128, 16, 2], "neuron_counts_selected": [100, 100, 100, 100, 100, 100, 100, 16, 2], "layer_tarantula_score": [0.4785202966044015, 0.4929185548320793, 0.41300719510258466, 0.3892005428930606, 0.24262701466115663, 0.34515711161138996, 0.2885067089950957, 0.11573455216477038, 0.5000000000238113], "layer_ochiai_score": [0.40952676321952736, 0.6257967103019352, 0.17291780376254734, 0.2731880080717877, 0.16537481230444154, 0.33482110893742, 0.2541498915771901, 0.08599625451169388, 0.7071370657530258], "layer_D_star_score": [21.715200684169485, 112.86699304954124, 2.8196931307334987, 16.14438323804738, 15.029813624354048, 45.34383623825263, 35.63463467864385, 14.282048301657694, 181.0784555192045], "layer_Op2_score": [62.368678310780965, 141.9042010875438, 14.72729139581794, 38.276504928170375, 25.610564112576746, 64.52361466752973, 48.68427051094729, 16.94633535826361, 180.0528305531207], "layer_Barinel_score": [0.4785631306345184, 0.4929616325294183, 0.4130453225232768, 0.3892358258253653, 0.24264918572336364, 0.34518738985170005, 0.28853211657667915, 0.11574509905128805, 0.5000431059563242], "time": 2.408201217651367}