{"neuron_counts": [12368, 3088, 5824, 1440, 544, 128, 128, 16, 2], "neuron_counts_selected": [500, 500, 500, 500, 500, 128, 128, 16, 2], "layer_tarantula_score": [0.48493365525070237, 0.48687927498208344, 0.0629421978645367, 0.12779619869459832, 0.16426169673890173, 0.1913522575148299, 0.1913522575148299, 0.1162309511838955, 0.0], "layer_ochiai_score": [0.09594617347158652, 0.19175244774548564, 0.01097893238677809, 0.024894805665618792, 0.04893629597787586, 0.0929432840167792, 0.0929432840167792, 0.11914805008498908, 0.0], "layer_D_star_score": [0.15801529648303983, 1.8883150639399073, 0.02668273300265048, 0.19325072633334361, 0.29073060246064447, 2.574728023061493, 2.574728023061493, 16.048453623352806, 0.0], "layer_Op2_score": [3.931945401333497, 15.06687960223254, 0.4769216750184195, 1.4588839148088073, 3.192077760782983, 10.409586526442958, 10.409586526442958, 23.668779719673587, 0.0], "layer_Barinel_score": [0.4849613748076206, 0.48691938035074356, 0.0629446568947613, 0.1278014799487296, 0.1642731546004548, 0.1913669498922681, 0.1913669498922681, 0.11624165527953267, 0.0], "time": 7.884556531906128}