{"neuron_counts": [12368, 3088, 5824, 1440, 544, 128, 128, 16, 2], "neuron_counts_selected": [1000, 1000, 1000, 1000, 544, 128, 128, 16, 2], "layer_tarantula_score": [0.4983251846462826, 0.4987025177239964, 0.4540393125437819, 0.47694305703063766, 0.38067486489228053, 0.38986899697908584, 0.38986899697908584, 0.24257905087393272, 0.5000000000238113], "layer_ochiai_score": [0.428625863137121, 0.639148033145842, 0.2636985547450865, 0.40967774149818253, 0.3199305678248416, 0.4164312849384282, 0.4164312849384282, 0.24106030811226858, 0.7071370657530258], "layer_D_star_score": [25.400636415590437, 123.17162961215614, 17.68913984343529, 53.184857611058085, 44.11163761458278, 74.93718785436681, 74.93718785436681, 49.964781840236896, 181.0784555192045], "layer_Op2_score": [66.51085686674497, 147.73422006921714, 36.640813242112415, 76.65160869567248, 60.49900185270287, 90.38893112470379, 90.38893112470379, 54.30797785461117, 180.0528305531207], "layer_Barinel_score": [0.4983679637464359, 0.4987455770625217, 0.4540752595850825, 0.47698165011763943, 0.38070605384391737, 0.3899017586176778, 0.3899017586176778, 0.242600347659341, 0.5000431059563242], "time": 12.503803491592407}