{"neuron_counts": [12368, 3088, 5824, 1440, 544, 128, 128, 16, 2], "neuron_counts_selected": [200, 200, 200, 200, 200, 128, 128, 16, 2], "layer_tarantula_score": [0.4782629728661817, 0.49259424644657146, 0.3213843979907852, 0.42293641885955663, 0.2577954164104203, 0.2884037028294109, 0.2884037028294109, 0.11443231077607185, 0.5000000032002022], "layer_ochiai_score": [0.4110726064221152, 0.6289303395005406, 0.1391467149109352, 0.2977341759302293, 0.1592083585490435, 0.26427363593686654, 0.26427363593686654, 0.08610539727940292, 0.7099292922540368], "layer_D_star_score": [15.295379285897102, 79.9011234704725, 1.914008379828233, 15.854938178202787, 7.443963076775409, 24.042854758432878, 24.042854758432878, 9.946071030312657, 128.03215481277837], "layer_Op2_score": [43.433591093267125, 98.70467563037947, 8.519532454474039, 30.86854899724079, 15.11660169945864, 34.57590988976036, 34.57590988976036, 11.70281257524994, 125.00800079359936], "layer_Barinel_score": [0.48223756340490836, 0.49659126864057707, 0.32407695928718716, 0.4264552542419301, 0.25998967401850664, 0.29078285877848875, 0.29078285877848875, 0.11540517205768946, 0.504], "time": 2.7821929454803467}