{"neuron_counts": [12368, 3088, 5824, 1440, 544, 128, 128, 16, 2], "neuron_counts_selected": [100, 100, 100, 100, 100, 100, 100, 16, 2], "layer_tarantula_score": [0.4764328940893018, 0.49113427261780784, 0.33668023036320893, 0.43844199242515214, 0.3206058003203601, 0.2842457437879448, 0.29128849725375217, 0.11573455216477038, 0.5000000000238113], "layer_ochiai_score": [0.4083475809225811, 0.6183453361808429, 0.15577898797063972, 0.2919394458054653, 0.21513091631413056, 0.26586410946949995, 0.24653680576910655, 0.08599625451169388, 0.7071370657530258], "layer_D_star_score": [21.72227578713137, 107.98375128141127, 3.454654133538193, 17.866384736037244, 19.208074275568304, 37.617594121867235, 29.974899992399937, 14.282048301657694, 181.0784555192045], "layer_Op2_score": [62.40234394741995, 139.17885061011935, 14.60519158074362, 40.67329439433006, 32.57070106523385, 51.79768792264126, 45.04344571240851, 16.94633535826361, 180.0528305531207], "layer_Barinel_score": [0.47647574707770834, 0.4911773431151078, 0.3367107873533211, 0.43848120101457083, 0.32063421483367927, 0.28427101238758634, 0.29131446765115065, 0.11574509905128805, 0.5000431059563242], "time": 2.409269094467163}