{"neuron_counts": [12368, 3088, 5824, 1440, 544, 128, 128, 16, 2], "neuron_counts_selected": [2000, 2000, 2000, 1440, 544, 128, 128, 16, 2], "layer_tarantula_score": [0.4968674915126696, 0.4999969759124859, 0.46497939990631837, 0.4765010371238819, 0.38067486489228053, 0.38986899697908584, 0.38986899697908584, 0.24257905087393272, 0.5000000000238113], "layer_ochiai_score": [0.4280053828410628, 0.6411808470604617, 0.259370110840516, 0.40469344841346905, 0.3199305678248416, 0.4164312849384282, 0.4164312849384282, 0.24106030811226858, 0.7071370657530258], "layer_D_star_score": [25.330710796881714, 124.37627763831549, 15.309678611646303, 50.11384684758543, 44.11163761458278, 74.93718785436681, 74.93718785436681, 49.964781840236896, 181.0784555192045], "layer_Op2_score": [66.5084978036711, 148.28635605427783, 34.31089757911475, 74.40687754023536, 60.49900185270287, 90.38893112470379, 90.38893112470379, 54.30797785461117, 180.0528305531207], "layer_Barinel_score": [0.49691027989858644, 0.5000400381975671, 0.46501529512605183, 0.47654004337238565, 0.38070605384391737, 0.3899017586176778, 0.3899017586176778, 0.242600347659341, 0.5000431059563242], "time": 21.80643630027771}