{"neuron_counts": [12368, 3088, 5824, 1440, 544, 128, 128, 16, 2], "neuron_counts_selected": [500, 500, 500, 500, 500, 128, 128, 16, 2], "layer_tarantula_score": [0.45452621377561797, 0.4853335957751268, 0.19446458843497658, 0.30505327338495875, 0.19658694510530117, 0.24373948181227856, 0.24373948181227856, 0.07064470641366523, 0.500874841479048], "layer_ochiai_score": [0.267507722770458, 0.4870617531081483, 0.04684620061320777, 0.11594709362927395, 0.09766402417520599, 0.1555975985606379, 0.1555975985606379, 0.06168936277339779, 0.7077545664128717], "layer_D_star_score": [4.561620991907308, 43.16354576466738, 0.2337212683404134, 2.747061407623461, 5.038671761644119, 15.188765548860006, 15.188765548860006, 9.24250661758486, 181.7165809913002], "layer_Op2_score": [27.91412438468122, 86.57609554596502, 2.2995058265425397, 10.053240291995797, 12.014865109754506, 24.23869087589503, 24.23869087589503, 12.09031473301147, 180.05628650417398], "layer_Barinel_score": [0.4545683351781955, 0.48537654498732286, 0.19448123093612818, 0.30508111905218277, 0.19660530477471186, 0.2437615858826841, 0.2437615858826841, 0.0706507431457628, 0.5009179468772026], "time": 10.591759443283081}