{"neuron_counts": [51200, 51200, 128, 128, 32, 32, 1], "neuron_counts_selected": [500, 500, 128, 128, 32, 32, 1], "layer_tarantula_score": [0, 0, 0, 0, 0, 0, 0.5000000602166595], "layer_ochiai_score": [0, 0, 0, 0, 0, 0, 0.728010302126204], "layer_D_star_score": [0, 0, 0, 0, 0, 0, 59.76583028546747], "layer_Op2_score": [0, 0, 0, 0, 0, 0, 52.02083537325964], "layer_Barinel_score": [0, 0, 0, 0, 0, 0, 0.53], "time": 2.404085159301758}