{"neuron_counts": [2, 128, 1], "neuron_counts_selected": [2, 128, 1], "layer_tarantula_score": [NaN, NaN, NaN], "layer_ochiai_score": [NaN, NaN, NaN], "layer_D_star_score": [NaN, NaN, NaN], "layer_Op2_score": [-0.5588509679231772, -0.26367962998311417, -0.31461681055126395], "layer_Barinel_score": [NaN, NaN, NaN], "time": 0.06655693054199219}