{"neuron_counts": [12, 8, 1], "neuron_counts_selected": [12, 8, 1], "layer_tarantula_score": [1.0, 0.875, 1.0], "layer_ochiai_score": [0.8907710028883765, 0.7413538987429852, 0.7934243055174858], "layer_D_star_score": [1414.08085881861, 711.3001918114628, 469.3790035091849], "layer_Op2_score": [348.3515033057542, 275.695635376695, 276.23259963421975], "layer_Barinel_score": [1.0, 0.875, 1.0], "time": 0.15104961395263672}