{"neuron_counts": [31, 1, 1], "neuron_counts_selected": [31, 1, 1], "layer_tarantula_score": [0.42887426581532, 0.7826086767485932, 0.4999999722222392], "layer_ochiai_score": [0.35051828757349573, 0.12247444631435027, 0.674199637730067], "layer_D_star_score": [15.28598569786851, 0.06081076972245289, 124.99993055559413], "layer_Op2_score": [47.12713529289988, 2.994475141173955, 149.00552541131194], "layer_Barinel_score": [0.3870404016319679, 0.75, 0.4545454545454546], "time": 0.175123929977417}