{"neuron_counts": [9088, 9088, 9088, 9088, 9088, 9088, 128, 128, 128, 32, 32, 2], "neuron_counts_selected": [1000, 1000, 1000, 1000, 1000, 1000, 128, 128, 128, 32, 32, 2], "layer_tarantula_score": [1.0, 1.0, 1.0, 1.0, 1.0, 1.0, 1.0, 1.0, 1.0, 1.0, 1.0, 1.0], "layer_ochiai_score": [0.38377420341622326, 0.3783560145981374, 0.6436973628908544, 0.5715293642054766, 0.576975243464748, 0.6327838639127589, 0.5464191304466873, 0.5464191304466873, 0.6106697171106755, 0.6035080189263263, 0.6035080189263263, 0.6519455519740252], "layer_D_star_score": [13.72583998024564, 13.103392961827408, 134.0734997109486, 84.34766976589398, 88.53141332311763, 144.92451062538723, 82.95820513657716, 82.95820513657716, 136.59389407334635, 124.41188758472825, 124.41188758472825, 290.24522179099387], "layer_Op2_score": [66.923416, 65.19705599999999, 183.583213, 146.991241, 149.84972399999998, 179.91470999999999, 136.74737548828125, 136.74737548828125, 168.8853759765625, 164.1318359375, 164.1318359375, 194.25], "layer_Barinel_score": [1.0, 1.0, 1.0, 1.0, 1.0, 1.0, 1.0, 1.0, 1.0, 1.0, 1.0, 1.0], "time": 31.292344331741333}