{"neuron_counts": [9088, 9088, 9088, 9088, 9088, 9088, 128, 128, 128, 32, 32, 2], "neuron_counts_selected": [500, 500, 500, 500, 500, 500, 128, 128, 128, 32, 32, 2], "layer_tarantula_score": [1.0, 1.0, 1.0, 1.0, 1.0, 1.0, 1.0, 1.0, 1.0, 1.0, 1.0, 1.0], "layer_ochiai_score": [0.42246092538397717, 0.41793973035259524, 0.6657919354729829, 0.6269271287739486, 0.6275110121701496, 0.6838979858821924, 0.6155996692744163, 0.6155996692744163, 0.6738037319481629, 0.6640103876714695, 0.6640103876714695, 0.720889486795598], "layer_D_star_score": [40.72543103674341, 40.48209602234428, 297.2342466277451, 259.68920491387223, 258.6180310532542, 425.2739229591179, 299.05826032779726, 299.05826032779726, 469.02428408541164, 419.2376814409658, 419.2376814409658, 904.8120089772851], "layer_Op2_score": [148.00635442922254, 145.47355434902371, 356.50561548284946, 321.5385549552924, 321.83783324140404, 380.52829381246016, 315.7017325336938, 315.7017325336938, 373.9306484296585, 362.4822671825715, 362.4822671825715, 431.97715310536944], "layer_Barinel_score": [1.0, 1.0, 1.0, 1.0, 1.0, 1.0, 1.0, 1.0, 1.0, 1.0, 1.0, 1.0], "time": 18.117338180541992}