{"neuron_counts": [9088, 9088, 9088, 9088, 9088, 9088, 128, 128, 128, 32, 32, 2], "neuron_counts_selected": [500, 500, 500, 500, 500, 500, 128, 128, 128, 32, 32, 2], "layer_tarantula_score": [0.016, 0.008, 1.0, 0.976, 0.952, 1.0, 0.96875, 0.96875, 1.0, 1.0, 1.0, 1.0], "layer_ochiai_score": [0.000839976502800153, 0.0004135956151167725, 0.5137057809008629, 0.2887617658255342, 0.28502063187606347, 0.5487187815315965, 0.3133113067998837, 0.3133113067998837, 0.573339933491377, 0.607047424115419, 0.607047424115419, 0.6912469873317673], "layer_D_star_score": [0.00011522480112794928, 5.312131232027013e-05, 81.70476031355093, 15.342223591387159, 15.318492482701282, 141.50946397467524, 34.6076586926728, 34.6076586926728, 205.13556305884205, 287.5957929805628, 287.5957929805628, 728.2150580615464], "layer_Op2_score": [0.03628439031830207, 0.017540083866898464, 213.2689061725459, 79.14486706742812, 78.68880892596056, 249.96674021588734, 102.01057272586868, 102.01057272586868, 275.0682313539819, 306.96434795789605, 306.96434795789605, 400.8516241242008], "layer_Barinel_score": [0.016, 0.008, 1.0, 0.976, 0.952, 1.0, 0.96875, 0.96875, 1.0, 1.0, 1.0, 1.0], "time": 17.32187032699585}