{"neuron_counts": [9088, 9088, 9088, 9088, 9088, 9088, 128, 128, 128, 32, 32, 2], "neuron_counts_selected": [500, 500, 500, 500, 500, 500, 128, 128, 128, 32, 32, 2], "layer_tarantula_score": [0.44622399999999995, 0.43824399999999997, 1.0, 0.996004, 0.976144, 1.0, 1.0, 1.0, 1.0, 1.0, 1.0, 1.0], "layer_ochiai_score": [0.029120889673534153, 0.02996420763718318, 0.5672219010929663, 0.3840562021047594, 0.38387431386600324, 0.5732211365721354, 0.3738827675217186, 0.3738827675217186, 0.563386623249431, 0.5747007239489055, 0.5747007239489055, 0.6263362607143794], "layer_D_star_score": [0.00850240197426948, 0.008986615392479476, 70.22412203030136, 17.241602744919554, 17.945407742375966, 88.82008424447191, 23.676396985777703, 23.676396985777703, 92.44993003172817, 100.0203742048766, 100.0203742048766, 259.7321651044572], "layer_Op2_score": [0.9512560000000001, 1.015796, 142.767152, 69.699552, 70.532532, 148.555904, 70.5655517578125, 70.5655517578125, 144.45831298828125, 149.263671875, 149.263671875, 181.0], "layer_Barinel_score": [0.44622399999999995, 0.43824399999999997, 1.0, 0.996004, 0.976144, 1.0, 1.0, 1.0, 1.0, 1.0, 1.0, 1.0], "time": 15.864780902862549}