{"neuron_counts": [9088, 9088, 9088, 9088, 9088, 9088, 128, 128, 128, 32, 32, 2], "neuron_counts_selected": [2000, 2000, 2000, 2000, 2000, 2000, 128, 128, 128, 32, 32, 2], "layer_tarantula_score": [1.0, 1.0, 1.0, 1.0, 1.0, 1.0, 1.0, 1.0, 1.0, 1.0, 1.0, 1.0], "layer_ochiai_score": [0.4266921268424021, 0.4232956432736054, 0.6622607937970854, 0.6240337996950359, 0.620274608788023, 0.6833128319522389, 0.6155996692744163, 0.6155996692744163, 0.6738037319481629, 0.6640103876714695, 0.6640103876714695, 0.720889486795598], "layer_D_star_score": [43.895749546663154, 42.12378008464328, 288.64714493430233, 249.54853962874574, 240.28726523819125, 418.36383346925084, 299.05826032779726, 299.05826032779726, 469.02428408541164, 419.2376814409658, 419.2376814409658, 904.8120089772851], "layer_Op2_score": [151.35831203338998, 148.87707088046744, 352.7633050336954, 317.96743312704507, 314.03709666943865, 379.9917424206849, 315.7017325336938, 315.7017325336938, 373.9306484296585, 362.4822671825715, 362.4822671825715, 431.97715310536944], "layer_Barinel_score": [1.0, 1.0, 1.0, 1.0, 1.0, 1.0, 1.0, 1.0, 1.0, 1.0, 1.0, 1.0], "time": 58.94849944114685}