{"neuron_counts": [9088, 9088, 9088, 9088, 9088, 9088, 128, 128, 128, 32, 32, 2], "neuron_counts_selected": [500, 500, 500, 500, 500, 500, 128, 128, 128, 32, 32, 2], "layer_tarantula_score": [0.664, 0.656, 1.0, 0.984, 0.99, 1.0, 1.0, 1.0, 1.0, 1.0, 1.0, 1.0], "layer_ochiai_score": [0.057420314285602535, 0.05730057368078663, 0.5909263609138491, 0.45357362247826527, 0.452133703163199, 0.6200054394277322, 0.46692903018033816, 0.46692903018033816, 0.6296802474223131, 0.6385363427771968, 0.6385363427771968, 0.7017074549661442], "layer_D_star_score": [0.11540774716044865, 0.11590535452158626, 159.18400243632865, 71.60479424032648, 71.08117824399498, 256.05864489133734, 116.14460258250932, 116.14460258250932, 331.9814694557636, 355.61093202759514, 355.61093202759514, 831.6398996591802], "layer_Op2_score": [5.0077001331735245, 5.028653465888884, 281.34684751551106, 177.7269278273473, 177.4449062883977, 315.4168820625447, 196.36929471844775, 196.36929471844775, 328.83164068770435, 337.02142316865275, 337.02142316865275, 413.09698844485945], "layer_Barinel_score": [0.664, 0.656, 1.0, 0.984, 0.99, 1.0, 1.0, 1.0, 1.0, 1.0, 1.0, 1.0], "time": 17.46311354637146}