{"neuron_counts": [9088, 9088, 9088, 9088, 9088, 9088, 128, 128, 128, 32, 32, 2], "neuron_counts_selected": [500, 500, 500, 500, 500, 500, 128, 128, 128, 32, 32, 2], "layer_tarantula_score": [0.0, 0.0, 1.0, 0.84, 0.856, 0.996, 0.796875, 0.796875, 1.0, 1.0, 1.0, 1.0], "layer_ochiai_score": [0.0, 0.0, 0.43349172231574307, 0.12696652952001242, 0.12758562003452703, 0.4794306920400669, 0.15124295535563748, 0.15124295535563748, 0.5003989021506174, 0.5775362236632254, 0.5775362236632254, 0.6784149537308704], "layer_D_star_score": [0.0, 0.0, 38.172082171102836, 1.6590524237456703, 1.389017958952918, 76.23196610450302, 6.59436758672764, 6.59436758672764, 106.29011375247978, 234.99042691960364, 234.99042691960364, 683.6378439144083], "layer_Op2_score": [0.0, 0.0, 152.50648129383018, 20.341132399036272, 19.632723794173625, 192.56673807640752, 33.805234636089, 33.805234636089, 211.92811050308512, 280.77950298240796, 280.77950298240796, 388.60625980354206], "layer_Barinel_score": [0.0, 0.0, 1.0, 0.84, 0.856, 0.996, 0.796875, 0.796875, 1.0, 1.0, 1.0, 1.0], "time": 17.66343069076538}