{"neuron_counts": [9088, 9088, 9088, 9088, 9088, 9088, 128, 128, 128, 32, 32, 2], "neuron_counts_selected": [100, 100, 100, 100, 100, 100, 100, 100, 100, 32, 32, 2], "layer_tarantula_score": [1.0, 1.0, 1.0, 1.0, 1.0, 1.0, 1.0, 1.0, 1.0, 1.0, 1.0, 1.0], "layer_ochiai_score": [0.38617042429308934, 0.38291154395571153, 0.644842032387996, 0.5655695540521762, 0.5918272684054954, 0.6423161032472902, 0.5317624156860324, 0.5413086470163095, 0.6199683857425561, 0.6035080189263263, 0.6035080189263263, 0.6519455519740252], "layer_D_star_score": [13.827026412454694, 13.409423106632131, 134.72034681731256, 79.7466290675627, 97.01492410133066, 146.18735102660415, 70.14813653622615, 73.02060263786144, 139.4886498462371, 124.41188758472825, 124.41188758472825, 290.24522179099387], "layer_Op2_score": [67.47549999999998, 66.4735, 184.15609999999998, 143.8733, 157.11079999999998, 183.9084, 129.3634, 133.44729999999998, 173.03329999999997, 164.1318359375, 164.1318359375, 194.25], "layer_Barinel_score": [1.0, 1.0, 1.0, 1.0, 1.0, 1.0, 1.0, 1.0, 1.0, 1.0, 1.0, 1.0], "time": 6.17919659614563}