{"neuron_counts": [4, 3], "neuron_counts_selected": [4, 3], "layer_tarantula_score": [0.0039414347745677656, 0.5443821333650609], "layer_ochiai_score": [0.002276111375145792, 0.6230153112602063], "layer_D_star_score": [0.001179243058031966, 17.16858297719061], "layer_Op2_score": [0.027500069999860002, 25.160001679996643], "layer_Barinel_score": [0.002155172413793101, 0.3903439153439154], "time": 0.06644082069396973}