{"neuron_counts": [4, 3], "neuron_counts_selected": [4, 3], "layer_tarantula_score": [0, 0.344814905867245], "layer_ochiai_score": [0, 0.34276323048441226], "layer_D_star_score": [0, 12.787200225867332], "layer_Op2_score": [-0.236249527500945, 11.182223191109175], "layer_Barinel_score": [0, 0.2627290851928533], "time": 0.0660712718963623}