{"neuron_counts": [4, 3], "neuron_counts_selected": [4, 3], "layer_tarantula_score": [0.0, 0.5205885321916743], "layer_ochiai_score": [0.0, 0.49623988149969184], "layer_D_star_score": [0.0, 22.088525902243262], "layer_Op2_score": [-0.16459558315570197, 18.508631818866558], "layer_Barinel_score": [0.0, 0.37595809643124567], "time": 0.05950450897216797}