{"neuron_counts": [120, 60, 30, 15, 1], "neuron_counts_selected": [120, 60, 30, 15, 1], "layer_tarantula_score": [0.18117283794344768, 0.10157798022390564, 0.057052922141686266, 0.08725131490789616, 0.4999999990823389], "layer_ochiai_score": [0.012622008083947008, 0.005760644728587472, 0.002881627520058024, 0.004188561619955314, 0.3564867912351443], "layer_D_star_score": [1.32069811746453, 0.3976014967950132, 0.0933728740559903, 0.10491182096636105, 3388.7603661406115], "layer_Op2_score": [83.64341883415801, 30.002660525562877, 13.24620061821083, 17.492776082146744, 23276.000006255003], "layer_Barinel_score": [0.048541610232428624, 0.027879873274532924, 0.01497330724511264, 0.023953130011096783, 0.12708283287108824], "time": 333.57182455062866}