{"neuron_counts": [120, 60, 30, 15, 1], "neuron_counts_selected": [120, 60, 30, 15, 1], "layer_tarantula_score": [0.46931093910851773, 0.3939484390377894, 0.28950278216763525, 0.27060313701594096, 0.4999999990823389], "layer_ochiai_score": [0.15726715070585673, 0.12239645758304132, 0.08315211243585768, 0.05143794870997385, 0.3564867912351443], "layer_D_star_score": [524.5058202787809, 370.23858258863174, 330.0431190926879, 148.73820532767184, 3388.7603661406115], "layer_Op2_score": [5145.912839588117, 3568.79569473293, 2862.023137661716, 1330.94061837734, 23276.000006255003], "layer_Barinel_score": [0.11550005205645471, 0.09901042426865801, 0.07185373243698716, 0.07208774662845391, 0.12708283287108824], "time": 296.94067215919495}