{"neuron_counts": [73728, 18432, 18432, 18432, 25, 10], "neuron_counts_selected": [200, 200, 200, 200, 25, 10], "layer_tarantula_score": [0.4736128113872235, 0.49158312247537683, 0.49080538153285896, 0.4902682422486564, 0.051199988890082676, 0.020337423160065277], "layer_ochiai_score": [0.40726887611911516, 0.6007549681413926, 0.5999826623589177, 0.5988826943678106, 0.06615481335973021, 0.0237488290769058], "layer_D_star_score": [9.878667812296431, 36.76072953797188, 36.63498112812156, 36.42097908403349, 4.794297792924313, 1.3851010491929903], "layer_Op2_score": [26.91802329741419, 56.5056107128414, 56.439121538100956, 56.32650636573963, 6.591280657712623, 2.069765176020462], "layer_Barinel_score": [0.3927005965602844, 0.4092626409593804, 0.40851121923573563, 0.4079976811798006, 0.042738926043786686, 0.017026807181559037], "time": 0.7320899963378906}