{"neuron_counts": [73728, 18432, 18432, 18432, 25, 10], "neuron_counts_selected": [200, 200, 200, 200, 25, 10], "layer_tarantula_score": [0.5029535952586481, 0.4999265628169553, 0.504054601089654, 0.49797082997810904, 0.5061073071430598, 0.4930898274532286], "layer_ochiai_score": [0.4405004082299534, 0.4369689379705682, 0.5321356390136547, 0.6118375678867451, 0.6267124950890097, 0.6005395301977098], "layer_D_star_score": [12.617363288410024, 12.50923998622617, 26.915575359044034, 39.18074534219868, 42.55704287460645, 37.00330880567593], "layer_Op2_score": [29.768707148002708, 29.46961296725715, 44.47222606020907, 58.006103855232524, 59.74797952336778, 56.50517389345599], "layer_Barinel_score": [0.42112368739759654, 0.4185909849687182, 0.4219279487716154, 0.415487454645842, 0.4234144159544701, 0.4108006007665056], "time": 1.7720003128051758}