{"neuron_counts": [73728, 18432, 18432, 18432, 25, 10], "neuron_counts_selected": [500, 500, 500, 500, 25, 10], "layer_tarantula_score": [0.4640017872572345, 0.48559389841224126, 0.4893331071892957, 0.48761474985544856, 0.051199988890082676, 0.020329307072305413], "layer_ochiai_score": [0.3707649627385689, 0.5767812245709028, 0.5827095395133772, 0.5797666649864206, 0.06615481335973021, 0.018667703631480435], "layer_D_star_score": [7.1863444194530794, 32.25487192949006, 33.26765718169711, 32.805606345182674, 4.794297792924313, 0.6894569350837092], "layer_Op2_score": [22.7499511005607, 52.79752294564054, 53.37442096882273, 53.09472792507059, 6.591280657712623, 1.3557762559016477], "layer_Barinel_score": [0.38361783628220775, 0.40354373882702665, 0.4071347439619751, 0.4054787297345247, 0.042738926043786686, 0.017017172174864748], "time": 1.64955735206604}