{"neuron_counts": [73728, 18432, 18432, 18432, 25, 10], "neuron_counts_selected": [500, 500, 500, 500, 25, 10], "layer_tarantula_score": [0.5022664784425503, 0.5005057158431913, 0.4994526703926928, 0.5005373137309944, 0.17999996094169687, 0.09487767171533694], "layer_ochiai_score": [0.4400784683562521, 0.6155845337078072, 0.6152853855850607, 0.6153315556979436, 0.23257551571780147, 0.10169211480697533], "layer_D_star_score": [12.694938453465301, 39.98828727565752, 39.94058090132682, 39.93478702006508, 16.85495317824952, 5.401236643380449], "layer_Op2_score": [29.737998135673436, 58.384981251651375, 58.46778586978959, 58.33473713078778, 23.17247106227095, 8.831840856564497], "layer_Barinel_score": [0.4206727312920394, 0.41795391719208996, 0.41692678803710037, 0.4179838523201197, 0.15025403687268757, 0.07857499195796508], "time": 2.6282992362976074}