{"neuron_counts": [73728, 18432, 18432, 18432, 25, 10], "neuron_counts_selected": [500, 500, 500, 500, 25, 10], "layer_tarantula_score": [0.47045464355682703, 0.4905167763273456, 0.4900895406825019, 0.49045823248253007, 0.05119998537742684, 0.02029797132976101], "layer_ochiai_score": [0.4099956631554103, 0.6080548310667852, 0.6076143217144048, 0.6089056459059261, 0.06714809240972058, 0.024639560560899835], "layer_D_star_score": [6.516929171505076, 25.126836166870955, 25.106720816746073, 25.251327224728282, 3.3217064531465748, 1.0321390534606913], "layer_Op2_score": [17.40326008302744, 36.76197780341068, 36.73552366582816, 36.84318173551426, 4.302565690748808, 1.4194828112365323], "layer_Barinel_score": [0.40188505630729626, 0.4207744963224118, 0.4203719050335864, 0.420725608540963, 0.04403200000000005, 0.01749459459459459], "time": 1.8893728256225586}