{"neuron_counts": [73728, 18432, 18432, 18432, 25, 10], "neuron_counts_selected": [500, 500, 500, 500, 25, 10], "layer_tarantula_score": [0.5035819883425291, 0.49896106700081416, 0.49946572207608403, 0.4996041103081539, 0.15999996528150834, 0.10270202158091261], "layer_ochiai_score": [0.40796796712357714, 0.5970707715996623, 0.5972587607291336, 0.5977800409627624, 0.20673379174915688, 0.10357242438802916], "layer_D_star_score": [9.593117798774454, 36.13974820868774, 36.251378207158545, 36.31881447839015, 14.982180602888464, 4.985786017726987], "layer_Op2_score": [25.485128497367533, 55.13375192182739, 55.10048776523504, 55.183734786837306, 20.597752055351958, 8.267689170973668], "layer_Barinel_score": [0.4222159777830902, 0.41648371461414513, 0.41700673872500543, 0.4171340050215233, 0.13355914388683338, 0.08612176560200588], "time": 1.6771466732025146}