{"neuron_counts": [73728, 18432, 18432, 18432, 25, 10], "neuron_counts_selected": [2000, 2000, 2000, 2000, 25, 10], "layer_tarantula_score": [0.4690985582682127, 0.49017945120536904, 0.49041587402924336, 0.49078898945712435, 0.051199988890082676, 0.020337423160065277], "layer_ochiai_score": [0.4023481713629887, 0.5992003353159222, 0.5993957927068473, 0.6000598055599069, 0.06615481335973021, 0.0237488290769058], "layer_D_star_score": [9.545381796122612, 36.526896898900596, 36.558222194305145, 36.697144386639316, 4.794297792924313, 1.3851010491929903], "layer_Op2_score": [26.561056631158106, 56.397007073925096, 56.39560894124406, 56.486504140850435, 6.591280657712623, 2.069765176020462], "layer_Barinel_score": [0.38832057250547664, 0.4079211647350321, 0.4081472260389146, 0.4085106800643873, 0.042738926043786686, 0.017026807181559037], "time": 6.402658224105835}