{"neuron_counts": [73728, 18432, 18432, 18432, 25, 10], "neuron_counts_selected": [100, 100, 100, 100, 25, 10], "layer_tarantula_score": [0.4741858033422724, 0.4917357937203991, 0.49041301111608104, 0.49045328926720466, 0.051199988890082676, 0.020337423160065277], "layer_ochiai_score": [0.4063374064029394, 0.6050778244792961, 0.5978381870090662, 0.5995118809946088, 0.06615481335973021, 0.0237488290769058], "layer_D_star_score": [9.71315356271349, 37.7021886735449, 36.27231927997299, 36.57605043401695, 4.794297792924313, 1.3851010491929903], "layer_Op2_score": [26.699138976396803, 57.2784023075872, 56.13618719334089, 56.483792360977134, 6.591280657712623, 2.069765176020462], "layer_Barinel_score": [0.39313013420695053, 0.4094211736128854, 0.4081527903242005, 0.4081764154291391, 0.042738926043786686, 0.017026807181559037], "time": 0.4236409664154053}