{"neuron_counts": [28800, 28800, 7200, 5408, 5408, 1152, 1024, 1024, 256, 256, 64, 64, 64, 1, 1], "neuron_counts_selected": [200, 200, 200, 200, 200, 200, 200, 200, 200, 200, 64, 64, 64, 1, 1], "layer_tarantula_score": [0.5000000222222208, 0.5000000222222208, 0.5000000222222208, 0.45250002011110985, 0.47000002088888754, 0.47000002088888754, 0.3950000173333323, 0.4425000194444432, 0.3975000172222212, 0.4150000182222211, 0.24218751006944386, 0.24218751006944386, 0.24218751006944386, 0.500000022222221, 0.500000022222221], "layer_ochiai_score": [0.9486832927800513, 0.9486832927800513, 0.9486832927800513, 0.8585583799659463, 0.8917622952132481, 0.891762295213248, 0.7400256729958165, 0.8301505858099213, 0.7353349611592929, 0.7779730047070186, 0.4300368190015127, 0.4300368190015127, 0.4300368190015127, 0.9486832927800509, 0.9486832927800509], "layer_D_star_score": [80999.99190000072, 80999.99190000072, 80999.99190000072, 73304.99266950066, 76139.99238600068, 76139.99238600068, 63179.99368255618, 70874.99291305625, 62774.99372361179, 66419.99335855621, 36703.12133142413, 36703.12133142413, 36703.12133142413, 80999.99190000072, 80999.99190000072], "layer_Op2_score": [8999.0009991008, 8999.0009991008, 8999.0009991008, 8144.095904186223, 8459.060939154751, 8459.060939154751, 7019.225779298623, 7874.130874213199, 6974.23577430312, 7379.185819262655, 4077.6879527175497, 4077.6879527175497, 4077.6879527175497, 8999.0009991008, 8999.0009991008], "layer_Barinel_score": [0.9000000000000002, 0.9000000000000002, 0.9000000000000002, 0.8145000000000002, 0.8460000000000002, 0.8460000000000002, 0.7070000000000002, 0.7925000000000001, 0.7075000000000001, 0.7430000000000001, 0.4234375, 0.4234375, 0.4234375, 0.9, 0.9], "time": 150.39374375343323}