{"neuron_counts": [28800, 28800, 7200, 5408, 5408, 1152, 1024, 1024, 256, 256, 64, 64, 64, 1, 1], "neuron_counts_selected": [2000, 2000, 2000, 2000, 2000, 1152, 1024, 1024, 256, 256, 64, 64, 64, 1, 1], "layer_tarantula_score": [0.5000000222222207, 0.5000000222222207, 0.5000000222222207, 0.47075002087777634, 0.46850002079999864, 0.46961807638888764, 0.4082031430555544, 0.4082031430555544, 0.4140625180555544, 0.4140625180555544, 0.24218751006944386, 0.24218751006944386, 0.24218751006944386, 0.500000022222221, 0.500000022222221], "layer_ochiai_score": [0.9486832927800513, 0.9486832927800513, 0.9486832927800513, 0.8912984944923334, 0.8879728325048657, 0.8893997370902171, 0.7708257631288606, 0.7708257631288606, 0.7708875263640675, 0.7708875263640675, 0.4300368190015127, 0.4300368190015127, 0.4300368190015127, 0.9486832927800509, 0.9486832927800509], "layer_D_star_score": [80999.99190000072, 80999.99190000072, 80999.99190000072, 76099.4923901618, 75815.99241845624, 75937.49240634714, 65812.49341896763, 65812.49341896763, 65812.49341961874, 65812.49341961874, 36703.12133142413, 36703.12133142413, 36703.12133142413, 80999.99190000072, 80999.99190000072], "layer_Op2_score": [8999.0009991008, 8999.0009991008, 8999.0009991008, 8454.5624386552, 8423.065435158345, 8436.564304712556, 7311.690264894399, 7311.690264894399, 7311.696124269399, 7311.696124269399, 4077.6879527175497, 4077.6879527175497, 4077.6879527175497, 8999.0009991008, 8999.0009991008], "layer_Barinel_score": [0.9000000000000002, 0.9000000000000002, 0.9000000000000002, 0.8465500000000001, 0.8429000000000002, 0.8446180555555558, 0.7332031250000002, 0.7332031250000002, 0.7390625000000002, 0.7390625000000002, 0.4234375, 0.4234375, 0.4234375, 0.9, 0.9], "time": 956.1664643287659}