{"neuron_counts": [49152, 262144, 65536, 65536, 131072, 32768, 32768, 32768, 32768, 65536, 65536, 16384, 32768, 32768, 8192, 16384, 16384, 4096, 8192, 2048, 2048, 2048, 1], "neuron_counts_selected": [500, 500, 500, 500, 500, 500, 500, 500, 500, 500, 500, 500, 500, 500, 500, 500, 500, 500, 500, 500, 500, 500, 1], "layer_tarantula_score": [0.4526938935868966, 0.4501121436325072, 0.4834325290057516, 0.47732968421438937, 0.3036663560335313, 0.39907388768972546, 0.40040323315761317, 0.014298624780227092, 0.01469718398976644, 0, 0, 0, 0, 0, 0, 0, 0, 0, 0, 0, 0, 0, 0.4999998389700525], "layer_ochiai_score": [0.4093405150400652, 0.3503666279347217, 0.5899589518852049, 0.5836867025013022, 0.21354820744905728, 0.3575224494170939, 0.3760531827223432, 0.011230383136140413, 0.010727320325070414, 0, 0, 0, 0, 0, 0, 0, 0, 0, 0, 0, 0, 0, 0.6782315238977732], "layer_D_star_score": [3.4821767007248092, 2.0154487872319535, 12.104366869178792, 11.795002225938415, 2.1250046068505877, 5.291707218256394, 6.022281112278752, 0.1389073111891138, 0.1304037599782504, 0, 0, 0, 0, 0, 0, 0, 0, 0, 0, 0, 0, 0, 19.5925200277036], "layer_Op2_score": [8.762507333645239, 6.455863619301359, 17.134580673097602, 16.993429290595394, 4.080833109853171, 8.271833743579482, 9.083945890564676, 0.23772904189627014, 0.21579804059270838, 0, 0, 0, 0, 0, 0, 0, 0, 0, 0, 0, 0, 0, 22.035717729579538], "layer_Barinel_score": [0.41402344903621674, 0.4117003887464275, 0.44369245295206056, 0.4376935109090361, 0.2783293954812602, 0.3658425701131358, 0.36688132462209944, 0.013155877108966044, 0.013572750425870068, 0, 0, 0, 0, 0, 0, 0, 0, 0, 0, 0, 0, 0, 0.45999999999999996], "time": 6.869669437408447}