{"neuron_counts": [49152, 262144, 65536, 65536, 131072, 32768, 32768, 32768, 32768, 65536, 65536, 16384, 32768, 32768, 8192, 16384, 16384, 4096, 8192, 2048, 2048, 2048, 1], "neuron_counts_selected": [500, 500, 500, 500, 500, 500, 500, 500, 500, 500, 500, 500, 500, 500, 500, 500, 500, 500, 500, 500, 500, 500, 1], "layer_tarantula_score": [0.49513962247679905, 0.5037746159615971, 0.5011952730375762, 0.5013668976223435, 0.42207771959677665, 0.48325585372377317, 0.4725271281968442, 0.08248675467043251, 0.056952919524329286, 0.0, 0.0, 0.0, 0.0, 0.0, 0.0, 0.0, 0.0, 0.0, 0.0, 0.0, 0.0, 0.0, 0.49999985119105195], "layer_ochiai_score": [0.4565951179824782, 0.4023128722306468, 0.6151313910114842, 0.6170397679230043, 0.3495678624667766, 0.5027540528252739, 0.4800299982302636, 0.07173063703973279, 0.05499212592465972, 0.0, 0.0, 0.0, 0.0, 0.0, 0.0, 0.0, 0.0, 0.0, 0.0, 0.0, 0.0, 0.0, 0.6793648051448877], "layer_D_star_score": [5.236683941160988, 3.2350326112429157, 14.735023863122795, 14.88517691745068, 5.915003819349472, 11.370053164565583, 10.89754298191098, 1.3170567693008508, 1.1798713560300338, 0.0, 0.0, 0.0, 0.0, 0.0, 0.0, 0.0, 0.0, 0.0, 0.0, 0.0, 0.0, 0.0, 20.571355102303205], "layer_Op2_score": [10.54724292674853, 8.087035630911618, 18.87724409226175, 18.983175140775376, 8.819311671339065, 14.630760742204338, 13.828898527936111, 1.9256554632570233, 1.564896783114541, 0.0, 0.0, 0.0, 0.0, 0.0, 0.0, 0.0, 0.0, 0.0, 0.0, 0.0, 0.0, 0.0, 23.03448608797901], "layer_Barinel_score": [0.45767592408343033, 0.46691554473281993, 0.4628904021555287, 0.46306140899812726, 0.39312575254175836, 0.44823272210038567, 0.4386663489157938, 0.07722829482560903, 0.05297935574675267, 0.0, 0.0, 0.0, 0.0, 0.0, 0.0, 0.0, 0.0, 0.0, 0.0, 0.0, 0.0, 0.0, 0.46153846153846156], "time": 7.157450437545776}