{"neuron_counts": [49152, 262144, 65536, 65536, 131072, 32768, 32768, 32768, 32768, 65536, 65536, 16384, 32768, 32768, 8192, 16384, 16384, 4096, 8192, 2048, 2048, 2048, 1], "neuron_counts_selected": [2000, 2000, 2000, 2000, 2000, 2000, 2000, 2000, 2000, 2000, 2000, 2000, 2000, 2000, 2000, 2000, 2000, 2000, 2000, 2000, 2000, 2000, 1], "layer_tarantula_score": [0.4531565716839125, 0.4397295242449494, 0.48078574952122904, 0.48076877356748465, 0.3068176243901498, 0.4038211459946331, 0.4001187638437527, 0.009656729343262168, 0.00939014892477592, NaN, NaN, NaN, NaN, NaN, NaN, NaN, NaN, NaN, NaN, NaN, NaN, NaN, 0.49999985119105195], "layer_ochiai_score": [0.41001855383609487, 0.3434797035150129, 0.5863021513274772, 0.5863414102034186, 0.22711028437699632, 0.3740405110659674, 0.3669610200048113, 0.007440032795321056, 0.007094306296975193, NaN, NaN, NaN, NaN, NaN, NaN, NaN, NaN, NaN, NaN, NaN, NaN, NaN, 0.6793648051448877], "layer_D_star_score": [3.675738952694931, 2.042167450688501, 12.480932547326402, 12.426754716645382, 2.4322971352336493, 6.277005516043783, 6.0939696796151495, 0.09709768042473652, 0.0907350756770763, NaN, NaN, NaN, NaN, NaN, NaN, NaN, NaN, NaN, NaN, NaN, NaN, NaN, 20.571355102303205], "layer_Op2_score": [9.157870881962477, 6.5901501231125055, 17.722677842593654, 17.705172776155944, 4.63133878981709, 9.396385434914894, 9.156222087350562, 0.16185188974692785, 0.15230774367242697, NaN, NaN, NaN, NaN, NaN, NaN, NaN, NaN, NaN, NaN, NaN, NaN, NaN, 23.03448608797901], "layer_Barinel_score": [0.41597080634495814, 0.40329243778322027, 0.44262995386816995, 0.44260294656643795, 0.28229170300957357, 0.37128378535657086, 0.3680879435811121, 0.00891993095768207, 0.008667362319385065, NaN, NaN, NaN, NaN, NaN, NaN, NaN, NaN, NaN, NaN, NaN, NaN, NaN, 0.46153846153846156], "time": 30.856032848358154}