{"neuron_counts": [49152, 262144, 65536, 65536, 131072, 32768, 32768, 32768, 32768, 65536, 65536, 16384, 32768, 32768, 8192, 16384, 16384, 4096, 8192, 2048, 2048, 2048, 1], "neuron_counts_selected": [500, 500, 500, 500, 500, 500, 500, 500, 500, 500, 500, 500, 500, 500, 500, 500, 500, 500, 500, 500, 500, 500, 1], "layer_tarantula_score": [0.4926119500088406, 0.372475939167598, 0.4717238526883504, 0.444013884457166, 0.04207708046738332, 0.07362276329770956, 0.06272031153597857, 0.0, 0.0, 0.0, 0.0, 0.0, 0.0, 0.0, 0.0, 0.0, 0.0, 0.0, 0.0, 0.0, 0.0, 0.0, 0.49999985119105195], "layer_ochiai_score": [0.3690897175100743, 0.11810419781302685, 0.2599974928713431, 0.24028833376827516, 0.01289939998602366, 0.030603418812491047, 0.02678815062107109, 0.0, 0.0, 0.0, 0.0, 0.0, 0.0, 0.0, 0.0, 0.0, 0.0, 0.0, 0.0, 0.0, 0.0, 0.0, 0.6793648051448877], "layer_D_star_score": [2.4727244731707505, 0.11065470260521233, 1.142134014456255, 0.9704583697014011, 0.008816199501551296, 0.10131469708100982, 0.07040259854057078, 0.0, 0.0, 0.0, 0.0, 0.0, 0.0, 0.0, 0.0, 0.0, 0.0, 0.0, 0.0, 0.0, 0.0, 0.0, 20.571355102303205], "layer_Op2_score": [6.9635872359060835, 0.99317254768087, 3.9210350309136865, 3.5605522463715644, 0.10206898596901391, 0.38593108989279346, 0.33482764542191235, 0.0, 0.0, 0.0, 0.0, 0.0, 0.0, 0.0, 0.0, 0.0, 0.0, 0.0, 0.0, 0.0, 0.0, 0.0, 23.03448608797901], "layer_Barinel_score": [0.4562841336353267, 0.3585611111111111, 0.44161257056362524, 0.41573327105105, 0.04032380952380953, 0.07067919727331491, 0.059907467532467534, 0.0, 0.0, 0.0, 0.0, 0.0, 0.0, 0.0, 0.0, 0.0, 0.0, 0.0, 0.0, 0.0, 0.0, 0.0, 0.46153846153846156], "time": 6.8996641635894775}