{"neuron_counts": [49152, 262144, 65536, 65536, 131072, 32768, 32768, 32768, 32768, 65536, 65536, 16384, 32768, 32768, 8192, 16384, 16384, 4096, 8192, 2048, 2048, 2048, 1], "neuron_counts_selected": [500, 500, 500, 500, 500, 500, 500, 500, 500, 500, 500, 500, 500, 500, 500, 500, 500, 500, 500, 500, 500, 500, 1], "layer_tarantula_score": [0.43973098467397065, 0.3733166503106318, 0.4334671838738235, 0.43288970828686296, 0.03321684287579904, 0.06701665299934144, 0.05760632241197909, 0, 0, 0, 0, 0, 0, 0, 0, 0, 0, 0, 0, 0, 0, 0, 0.4999998389700525], "layer_ochiai_score": [0.3619513832321032, 0.18355321752346793, 0.35788841810843197, 0.36692238515337455, 0.017075386910903875, 0.051533805452008356, 0.04120102927239488, 0, 0, 0, 0, 0, 0, 0, 0, 0, 0, 0, 0, 0, 0, 0, 0.6782315238977732], "layer_D_star_score": [2.356565327590804, 0.29908625947318235, 2.8085101647320863, 2.881791538373014, 0.05635985034286058, 0.5574779842655037, 0.35340468437033273, 0, 0, 0, 0, 0, 0, 0, 0, 0, 0, 0, 0, 0, 0, 0, 19.5925200277036], "layer_Op2_score": [7.046824220370641, 2.086681447323402, 7.119374520419572, 7.378801887093258, 0.2060277717008148, 1.0312061715208167, 0.7572564215556318, 0, 0, 0, 0, 0, 0, 0, 0, 0, 0, 0, 0, 0, 0, 0, 22.035717729579538], "layer_Barinel_score": [0.40170508978973113, 0.3419103027717379, 0.39667445776637617, 0.3958789005386729, 0.03051315163642689, 0.0615398676818848, 0.05279477230057904, 0, 0, 0, 0, 0, 0, 0, 0, 0, 0, 0, 0, 0, 0, 0, 0.45999999999999996], "time": 6.824656963348389}