{"neuron_counts": [49152, 262144, 65536, 65536, 131072, 32768, 32768, 32768, 32768, 65536, 65536, 16384, 32768, 32768, 8192, 16384, 16384, 4096, 8192, 2048, 2048, 2048, 1], "neuron_counts_selected": [500, 500, 500, 500, 500, 500, 500, 500, 500, 500, 500, 500, 500, 500, 500, 500, 500, 500, 500, 500, 500, 500, 1], "layer_tarantula_score": [0.42727271614328854, 0.1648766629307898, 0.34474963939143627, 0.3052758050375431, 0.0021936510788464728, 0.0066142783945164875, 0.005005566462806129, NaN, NaN, NaN, NaN, NaN, NaN, NaN, NaN, NaN, NaN, NaN, NaN, NaN, NaN, NaN, 0.49999985119105195], "layer_ochiai_score": [0.3133555444406339, 0.05275775720567801, 0.17837635838811935, 0.15719126468288647, 0.0007137471637693508, 0.002713516577020426, 0.0022367372092715, NaN, NaN, NaN, NaN, NaN, NaN, NaN, NaN, NaN, NaN, NaN, NaN, NaN, NaN, NaN, 0.6793648051448877], "layer_D_star_score": [1.5316380620574548, 0.027418520355187288, 0.4069733511906703, 0.3384412694515428, 0.00032568936573655106, 0.0037972836431770106, 0.0029607208528672217, NaN, NaN, NaN, NaN, NaN, NaN, NaN, NaN, NaN, NaN, NaN, NaN, NaN, NaN, NaN, 20.571355102303205], "layer_Op2_score": [5.629014005096535, 0.3759530916376154, 2.24645130561619, 1.957003138002973, 0.0007271892993478639, 0.021471192375198893, 0.017391608194454407, NaN, NaN, NaN, NaN, NaN, NaN, NaN, NaN, NaN, NaN, NaN, NaN, NaN, NaN, NaN, 23.03448608797901], "layer_Barinel_score": [0.3915593858050384, 0.15473835396825364, 0.31707187023566985, 0.28029882826858493, 0.0020437142857142668, 0.006187336150124011, 0.0046512960206461385, NaN, NaN, NaN, NaN, NaN, NaN, NaN, NaN, NaN, NaN, NaN, NaN, NaN, NaN, NaN, 0.46153846153846156], "time": 8.328920364379883}