{"neuron_counts": [49152, 262144, 65536, 65536, 131072, 32768, 32768, 32768, 32768, 65536, 65536, 16384, 32768, 32768, 8192, 16384, 16384, 4096, 8192, 2048, 2048, 2048, 1], "neuron_counts_selected": [100, 100, 100, 100, 100, 100, 100, 100, 100, 100, 100, 100, 100, 100, 100, 100, 100, 100, 100, 100, 100, 100, 1], "layer_tarantula_score": [0.45312541412907686, 0.4364358502273443, 0.48256584204514824, 0.4842921138639351, 0.3406519981689428, 0.41618376078604974, 0.38264290188435457, 0.0067038798133867775, 0.008202377631105857, NaN, NaN, NaN, NaN, NaN, NaN, NaN, NaN, NaN, NaN, NaN, NaN, NaN, 0.49999985119105195], "layer_ochiai_score": [0.4078224615889348, 0.34098745695466653, 0.5924176052868334, 0.5951617478240995, 0.24982113658166577, 0.37489928273846884, 0.3517624401363875, 0.006315946472041982, 0.00811407203417136, NaN, NaN, NaN, NaN, NaN, NaN, NaN, NaN, NaN, NaN, NaN, NaN, NaN, 0.6793648051448877], "layer_D_star_score": [3.4882845309046924, 2.1072757641525586, 12.795757595918078, 13.001427290787882, 2.3622642730339622, 5.8195380710196405, 5.781257121633468, 0.08205743258561106, 0.14062808478644256, NaN, NaN, NaN, NaN, NaN, NaN, NaN, NaN, NaN, NaN, NaN, NaN, NaN, 20.571355102303205], "layer_Op2_score": [9.073739486415564, 6.534945959151868, 18.070482081096273, 18.0908165182189, 4.922393897952077, 8.94222197302768, 8.792915140982272, 0.15019658001179528, 0.2173896931389929, NaN, NaN, NaN, NaN, NaN, NaN, NaN, NaN, NaN, NaN, NaN, NaN, NaN, 23.03448608797901], "layer_Barinel_score": [0.41566201637814765, 0.40043234945944994, 0.44433997339377906, 0.44606405705409014, 0.312340595102817, 0.38327619043848754, 0.35132900968618946, 0.006160281790956724, 0.007512500105325977, NaN, NaN, NaN, NaN, NaN, NaN, NaN, NaN, NaN, NaN, NaN, NaN, NaN, 0.46153846153846156], "time": 1.893691062927246}