{"neuron_counts": [64, 64, 64, 64, 2], "neuron_counts_selected": [64, 64, 64, 64, 2], "layer_tarantula_score": [0.23286781498750997, 0.23286781498750997, 0.2433530813189766, 0.2433530813189766, 0.5001144862283509], "layer_ochiai_score": [0.07855035437102793, 0.07855035437102793, 0.09420900866624035, 0.09420900866624035, 0.27593788049250517], "layer_D_star_score": [0.5835613882372689, 0.5835613882372689, 0.9095422016719419, 0.9095422016719419, 5.358460518916478], "layer_Op2_score": [7.091500789792547, 7.091500789792547, 9.643574941807305, 9.643574941807305, 33.87670039424395], "layer_Barinel_score": [0.06036339700072001, 0.06036339700072001, 0.0638513202925481, 0.0638513202925481, 0.15244707653758344], "time": 0.7825965881347656}