{"neuron_counts": [50, 33, 33, 33, 122], "neuron_counts_selected": [50, 33, 33, 33, 122], "layer_tarantula_score": [0.5609216470107277, 0.47683076406947333, 0.41829601493933044, 0.2045677664722336, 0.6801313434161138], "layer_ochiai_score": [0.6570420694248621, 0.9236589023492278, 0.7980322692496391, 0.32833550408721346, 0.6011682429378137], "layer_D_star_score": [134.4863082218278, 3901.82492958262, 4048.509877241275, 222.5720588483523, 173.18629476821175], "layer_Op2_score": [169.24237174699297, 334.3304708728864, 284.35796995794766, 100.52634267060752, 146.27989114372093], "layer_Barinel_score": [0.9903425037616945, 0.9903912552537757, 0.8701308297002984, 0.4200015196971767, 0.9922528975913396], "time": 0.8973946571350098}