{"neuron_counts": [160, 160, 160, 160, 80, 80, 80, 80, 80, 64, 64, 64, 1], "neuron_counts_selected": [160, 160, 160, 160, 80, 80, 80, 80, 80, 64, 64, 64, 1], "layer_tarantula_score": [0.4814592109240906, 0.5016424486624278, 0.5016424486624278, 0.5016424486624278, 0.5365231871144867, 0.5150236936555368, 0.5150236936555368, 0.5150236936555368, 0.5150236936555368, 0.551315354277759, 0.5847325598397574, 0.5847325598397574, 0.5000000488757025], "layer_ochiai_score": [0.19170602896779493, 0.3019553241602702, 0.3019553241602702, 0.3019553241602702, 0.2510285369184288, 0.2806377045378693, 0.2806377045378693, 0.2806377045378693, 0.2806377045378693, 0.2530671216378879, 0.3101147360507577, 0.3101147360507577, 0.7180692428343765], "layer_D_star_score": [0.3915933811946473, 1.763645209751828, 1.763645209751828, 1.763645209751828, 1.108455786550492, 1.534995270294971, 1.534995270294971, 1.534995270294971, 1.534995270294971, 1.8901810339989933, 1.8927202862619972, 1.8927202862619972, 35.12891893897116], "layer_Op2_score": [2.5820314819328685, 5.895703685300984, 5.895703685300984, 5.895703685300984, 4.07343781738182, 5.045312944334549, 5.045312944334549, 5.045312944334549, 5.045312944334549, 4.2031253906237795, 5.405273928831473, 5.405273928831473, 32.03125302733429], "layer_Barinel_score": [0.4909635503385504, 0.5145258136020793, 0.5145258136020793, 0.5145258136020793, 0.5468830705972734, 0.5268875738017573, 0.5268875738017573, 0.5268875738017573, 0.5268875738017573, 0.5553911856561313, 0.590570708907106, 0.590570708907106, 0.515625], "time": 0.9968216419219971}