{"neuron_counts": [13, 10, 10, 6, 3, 1], "neuron_counts_selected": [13, 10, 10, 6, 3, 1], "layer_tarantula_score": [1.0, 1.0, 1.0, 1.0, 1.0, 1.0], "layer_ochiai_score": [0.6504225244294981, 0.6532945014542718, 0.6532945014542718, 0.6995825553194205, 0.7071064276334221, 0.7071064276334221], "layer_D_star_score": [32.2297555431403, 34.214943134973026, 34.214943134973026, 46.96211675287209, 49.99990000019999, 49.99990000019999], "layer_Op2_score": [42.40828402366864, 42.92, 42.92, 48.94444444444445, 50.0, 50.0], "layer_Barinel_score": [1.0, 1.0, 1.0, 1.0, 1.0, 1.0], "time": 0.11812162399291992}