{"neuron_counts": [14, 128, 128, 1], "neuron_counts_selected": [14, 128, 128, 1], "layer_tarantula_score": [0.6173469387755102, 0.42047119140625, 0.95367431640625, 1.0], "layer_ochiai_score": [0.2586957299098699, 0.13747718384253135, 0.7268698817606538, 0.8214403367035122], "layer_D_star_score": [0.47693527696341115, 0.12007919647270804, 28.710679675440826, 24.22203755638767], "layer_Op2_score": [1.918008560713197, 0.8011732983105856, 9.752992629341058, 11.675001136024312], "layer_Barinel_score": [0.6173469387755102, 0.42047119140625, 0.95367431640625, 1.0], "time": 0.11918807029724121}