{"neuron_counts": [32768, 32768, 8192, 8192, 16384, 16384, 4096, 4096, 8192, 8192, 2048, 2048, 2048, 512, 512, 10], "neuron_counts_selected": [200, 200, 200, 200, 200, 200, 200, 200, 200, 200, 200, 200, 200, 200, 200, 10], "layer_tarantula_score": [0.20806436410756668, 0.27499085383392946, 0.2769508427373328, 0.25682142506025313, 0.4480564918806493, 0.37697008807394916, 0.37157789508060146, 0.37461806390280983, 0.3944241873947439, 0.2151392190841677, 0.2424777315605486, 0.2802574366078219, 0.25387221491797485, 0.2729256090001746, 0.2798813475748837, 0.5497476064752818], "layer_ochiai_score": [0.0709595247006586, 0.08887383501971492, 0.11743363112529956, 0.10584021336794301, 0.11740754683808172, 0.12434874103091233, 0.17480012828023006, 0.18117213157500622, 0.11962414145120089, 0.06147616967116054, 0.10494091639025509, 0.12358796527665511, 0.11163778062063151, 0.20907406071570103, 0.2192236602072033, 0.40876075084626606], "layer_D_star_score": [109.55484498754933, 117.89164963053612, 164.79654436584067, 162.81583737355544, 63.65889587647653, 83.6365514225105, 165.0827957150716, 204.78744127233443, 92.49808832845375, 20.530797992463448, 95.92110222137988, 140.59733765263184, 118.38679583039124, 522.4498653159585, 575.014440024606, 853.8396093563482], "layer_Op2_score": [313.7301977113513, 342.1272979007515, 523.4252050713552, 468.9774685378535, 349.0296236741799, 421.0197214727536, 718.4768854062012, 776.7218072935866, 421.3433929084362, 165.91240726081602, 409.28720385267036, 501.8071519632398, 442.9588583280849, 1206.6860880540305, 1278.5322457422924, 2116.357116170043], "layer_Barinel_score": [0.19935889421616204, 0.26338658618609495, 0.26548103373338167, 0.24622301399661642, 0.4281340447821785, 0.360714402165511, 0.35456831776654113, 0.357539590282397, 0.37741604623380937, 0.20480180703177697, 0.23134239808024162, 0.2672757166953324, 0.2420995051711613, 0.26043524442234334, 0.2670072174293921, 0.528072885928747], "time": 251.9481222629547}