{"neuron_counts": [32768, 32768, 8192, 8192, 16384, 16384, 4096, 4096, 8192, 8192, 2048, 2048, 2048, 512, 512, 10], "neuron_counts_selected": [500, 500, 500, 500, 500, 500, 500, 500, 500, 500, 500, 500, 500, 500, 500, 10], "layer_tarantula_score": [0.009727743270833186, 0.038700936137278596, 0.06103183393447976, 0.05047575879372807, 0.01241776495350514, 0.026124327259324502, 0.035363093152975436, 0.0399973543589547, 0.0008706690734956072, 1.6000000000000016e-05, 5.0611023949760815e-05, 0, 1.6000000000000016e-05, 0.06475137381686204, 0.06000005244956101, 0.0016900244161199018], "layer_ochiai_score": [0.0005622738718452382, 0.0025125760916574606, 0.0044803513350023865, 0.003499265062604276, 0.000561964327649871, 0.0008561959125551109, 0.0017046053891968643, 0.0019151686972437864, 2.53953083321295e-05, 2.4097316060735025e-07, 8.485270632911967e-07, 0, 2.536424073723505e-07, 0.009331460554081468, 0.008505591547375277, 0.0001165782010110404], "layer_D_star_score": [0.010449754095667417, 0.007576674750618643, 0.026095006236144094, 0.029411175965959085, 0.00029990368865553594, 0.00016717495193566958, 0.001282032673150793, 0.001531325092158134, 1.7035834174932662e-06, 5.605224125163626e-09, 1.8846215680808794e-08, 0, 8.015516134486225e-09, 0.40104579078974567, 0.3032890714806078, 4.9509653231976435e-05], "layer_Op2_score": [0.331259202374754, 1.362367028902411, 2.9240018949980953, 2.3936350909498043, 0.17907332586090205, 0.18522124533801337, 0.5981210770627464, 0.6647672098939056, 0.0044116730370089875, 2.4106424689292603e-05, 8.644476788761912e-05, -2.8317933118955367e-06, 2.735659170150751e-05, 12.792787484696046, 11.358597374002029, 0.05072664112879114], "layer_Barinel_score": [0.009241418105652117, 0.03671000857286551, 0.05788831116524846, 0.0479697159062047, 0.011806962571330416, 0.024932252307482285, 0.033416858011938604, 0.03784879242833359, 0.0008363515694563222, 1.6000000000000016e-05, 4.998216163700706e-05, 0, 1.6000000000000016e-05, 0.060804329871729054, 0.05634081590412848, 0.001567506130124696], "time": 603.0628542900085}