{"neuron_counts": [32768, 32768, 8192, 8192, 16384, 16384, 4096, 4096, 8192, 8192, 2048, 2048, 2048, 512, 512, 10], "neuron_counts_selected": [200, 200, 200, 200, 200, 200, 200, 200, 200, 200, 200, 200, 200, 200, 200, 10], "layer_tarantula_score": [0.016846203237964583, 0.04575116047795556, 0.07760529592840766, 0.07158191294458235, 0.029224726942466805, 0.07389506076194564, 0.0660797581363734, 0.08700186534997427, 0.004471903946539672, 4.405890844680567e-05, 0.0004064866027244624, 0.00017585781087113206, 0.00013346963585796797, 0.10284637047240935, 0.07357295976408153, 0.07877938313112748], "layer_ochiai_score": [0.0013898988297572884, 0.002839989106557177, 0.007622161402355325, 0.007532073712048168, 0.0012694656213479735, 0.0029986143909084147, 0.003938583067556354, 0.005908911928197515, 0.00013628406919056842, 9.358734612399406e-07, 9.676075953541815e-06, 4.549459881042278e-06, 2.8804687518306844e-06, 0.02264036284348183, 0.014914641504508082, 0.011699657135290285], "layer_D_star_score": [0.019067073946467797, 0.016519221813202242, 0.17712455511584102, 0.22277793484935368, 0.0026830290558493026, 0.0015592163709275684, 0.007387916082200314, 0.021562853188552892, 2.2906269533192827e-05, 2.8946167662150196e-08, 4.204927030632039e-07, 2.21936755495867e-07, 1.275517524448082e-07, 2.710191758031496, 1.4520214251780386, 0.09211980820682274], "layer_Op2_score": [1.2229615770402844, 1.6628876682251292, 7.383347511667428, 8.124561967863155, 0.4664787995752776, 0.8734986234019656, 1.8157793810247251, 3.405212556402708, 0.027395823423149824, 0.00013176979809898876, 0.0013728394981249955, 0.0006656856772997749, 0.0004179749909557647, 43.97816597063228, 28.55926642999395, 13.78709990083181], "layer_Barinel_score": [0.015968193156269538, 0.04349175433849121, 0.07358885572219276, 0.06804804971384217, 0.027832244646752675, 0.0702039540358431, 0.06246420023869086, 0.08231858053272642, 0.004289015590503551, 4.185655829703595e-05, 0.00039491349730087706, 0.00016785181576195186, 0.00012855861009690938, 0.0966895897176124, 0.06935657668157905, 0.07288290819075888], "time": 250.23814964294434}