{"neuron_counts": [32768, 32768, 8192, 8192, 16384, 16384, 4096, 4096, 8192, 8192, 2048, 2048, 2048, 512, 512, 10], "neuron_counts_selected": [200, 200, 200, 200, 200, 200, 200, 200, 200, 200, 200, 200, 200, 200, 200, 10], "layer_tarantula_score": [0.06411127653301607, 0.0954462351125447, 0.17105668038048116, 0.1139495674234577, 0.31899824924488884, 0.2291800817168664, 0.319668463941197, 0.28966043124989366, 0.30358984278607565, 0.15259147377092816, 0.15962414383563703, 0.10907737308793139, 0.15384807762408262, 0.15949429430729192, 0.1249963798917171, 0.5033351460765394], "layer_ochiai_score": [0.010354933070569672, 0.02090959512748954, 0.05259087259120243, 0.03566689199909613, 0.04992474978489507, 0.054488069947838176, 0.12109359170452963, 0.10707296516596125, 0.06003492859202554, 0.027573751901971665, 0.04833255394963622, 0.03528061220354968, 0.0432484612791796, 0.09934230429728713, 0.07798637745009264, 0.35305628648187076], "layer_D_star_score": [5.368567473834357, 4.122000546062193, 23.459244951792225, 18.355542480287344, 4.674500436124607, 11.247759907540344, 57.202560610367655, 55.39534675583364, 13.35262719654067, 3.838372904525662, 16.38878869849753, 15.11597924705327, 21.45421978532579, 129.3760648828146, 95.15517438062923, 516.7256474860535], "layer_Op2_score": [28.587254412618705, 44.680781441028984, 156.43667407124556, 110.1659747086949, 79.75461278744203, 123.47888740528325, 391.3340668768433, 357.3001038114747, 133.76565046839488, 50.65421052780014, 131.64139463340868, 104.03588832923002, 128.70496061684273, 465.01242149293995, 364.10772170570874, 1705.4435348315278], "layer_Barinel_score": [0.0610868120026147, 0.09089491510421807, 0.16306265263783548, 0.10858521943747275, 0.30294950573381474, 0.21765497173509998, 0.3038175235550296, 0.2752194301558792, 0.28815764156165774, 0.144833631213041, 0.15149635447702253, 0.10356563135379657, 0.14593574860385855, 0.15158878520028626, 0.11872568338258002, 0.48142064615954144], "time": 247.6334207057953}