{"neuron_counts": [32768, 32768, 8192, 8192, 16384, 16384, 4096, 4096, 8192, 8192, 2048, 2048, 2048, 512, 512, 10], "neuron_counts_selected": [500, 500, 500, 500, 500, 500, 500, 500, 500, 500, 500, 500, 500, 500, 500, 10], "layer_tarantula_score": [0.09170854537349647, 0.15492473802827345, 0.19927831368728885, 0.15314489340526286, 0.08659648669733057, 0.12133791331050275, 0.14512998973905186, 0.16668088629364144, 0.02937029005413266, 0.004, 0.0021920550281100066, 0.002, 0.004, 0.18021648841502638, 0.1866097036568254, 0.01690024416119902], "layer_ochiai_score": [0.005980597005222872, 0.012462776053661823, 0.019428870706597705, 0.018593878029224055, 0.004138216657245163, 0.005002947460551781, 0.00746445019310451, 0.00817552930398557, 0.0006842304106176646, 6.965473470480094e-05, 4.820920779646295e-05, 3.1607493988099616e-05, 5.716646898141428e-05, 0.03777482833684422, 0.03896609551510528, 0.0011657820101104042], "layer_D_star_score": [0.03260919232251152, 0.2735873874197867, 0.7238433398864237, 1.3266460948078551, 0.009147802881595916, 0.006300831795719607, 0.023499936396234433, 0.024648240936292354, 0.00012759129526191667, 2.9042915838881627e-06, 2.0260455223571755e-06, 8.25018498722609e-07, 1.103466483351259e-06, 9.24773931442257, 8.907037288692228, 0.0004950965323197644], "layer_Op2_score": [4.314960611331932, 11.833716157516788, 23.386992092488573, 26.69903526636051, 2.071455261405964, 1.9409162844020538, 3.984951987520864, 4.130570084482015, 0.14995383973049842, 0.00827687919139862, 0.007314989329349177, 0.003301568589566717, 0.005401016899725564, 85.11971696123749, 86.59376563657847, 0.569163706919983], "layer_Barinel_score": [0.08875283809077854, 0.14927818928931028, 0.19143635800156614, 0.14650475828543816, 0.08374133429695195, 0.116678674803657, 0.139387902504388, 0.15994205829886302, 0.028786623933083223, 0.004, 0.002102914579006798, 0.002, 0.004, 0.17117788867666703, 0.17775130846802933, 0.015675061301246962], "time": 611.1177906990051}