{"neuron_counts": [32768, 32768, 8192, 8192, 16384, 16384, 4096, 4096, 8192, 8192, 2048, 2048, 2048, 512, 512, 10], "neuron_counts_selected": [200, 200, 200, 200, 200, 200, 200, 200, 200, 200, 200, 200, 200, 200, 200, 10], "layer_tarantula_score": [0.07642401808796193, 0.1363986382735974, 0.13647025584091416, 0.11600749326629835, 0.37296892704848417, 0.25837718933314, 0.2684857329007403, 0.2724364784169205, 0.2835039458060444, 0.09272406933198361, 0.11366131486754931, 0.1537511594581974, 0.12596136304782551, 0.14311822635179708, 0.15125730775554147, 0.5006044908864258], "layer_ochiai_score": [0.015667278954125095, 0.028332945258897978, 0.039680224163726324, 0.03266179127871742, 0.06449393159602165, 0.061127005356847515, 0.09884029461964342, 0.10070321433012766, 0.05542551753762817, 0.018709289497111276, 0.03615850528640062, 0.048429690753199146, 0.04009246744296933, 0.09504021523839502, 0.1034098079216305, 0.3651123237132561], "layer_D_star_score": [5.628736149605658, 5.809512579463987, 17.481031108621508, 12.58035593240066, 6.232684781460131, 9.732395857113598, 32.81340909131164, 37.503990726495026, 9.7140623986727, 1.5342948151897928, 10.582466270329734, 14.831851758215151, 11.541707074000596, 105.81908764705825, 115.87347593285136, 434.6224433670801], "layer_Op2_score": [32.14321377927579, 45.005833804642926, 92.92037058295578, 71.05677783209413, 85.14999947353537, 102.51068979783209, 230.48842859782812, 240.1440993577254, 90.64278838441298, 25.300109301039853, 77.50249431646454, 100.74069304503732, 84.23826768022451, 343.2104953814821, 374.03241345154436, 1333.454208718253], "layer_Barinel_score": [0.07752803459731211, 0.13827198301746177, 0.1383533991774521, 0.11757160752503124, 0.3784396757666554, 0.2620918169615799, 0.27241774360356086, 0.2763788264320478, 0.2877116304420092, 0.09418027962056244, 0.11536454652871486, 0.15604637177024155, 0.12785238671719235, 0.1451871011378534, 0.15345913734732997, 0.507056340354905], "time": 241.87468123435974}