{"neuron_counts": [32768, 32768, 8192, 8192, 16384, 16384, 4096, 4096, 8192, 8192, 2048, 2048, 2048, 512, 512, 10], "neuron_counts_selected": [200, 200, 200, 200, 200, 200, 200, 200, 200, 200, 200, 200, 200, 200, 200, 10], "layer_tarantula_score": [0.0350071066375311, 0.08461891607140155, 0.08040618357261645, 0.07080194634048152, 0.10377241224884765, 0.08872844718521339, 0.13329717405525524, 0.14750161818600319, 0.0244803514389455, 0.0023173521229091286, 0.003432919644274488, 0.002487374672503436, 0.0020474008529951684, 0.11389620059804542, 0.1204440579109222, 0.2661275856686365], "layer_ochiai_score": [0.0033291646363210682, 0.007434978361275511, 0.012865622258782461, 0.009041958588973916, 0.005456695092471443, 0.006231697008271815, 0.012890905551090858, 0.014343543523573032, 0.0009947634368897085, 6.789323516831266e-05, 0.0001249465432999117, 7.294311472246609e-05, 8.289175063935817e-05, 0.040138752975506814, 0.043957310191043625, 0.05662141487395298], "layer_D_star_score": [0.18821732588677334, 0.22654856254691108, 0.9968289421207122, 0.986483422837796, 0.02226107470925781, 0.03302352812319629, 0.13818569594444144, 0.24886624503392005, 0.0007119578197712366, 9.116637428982895e-06, 2.08875913028235e-05, 9.963426492773819e-06, 2.2132613466724554e-05, 13.605881056932239, 16.877751018012745, 2.5848243828903543], "layer_Op2_score": [3.880409412709275, 7.0351573001557, 20.701576422452654, 13.43366075407902, 2.7194282640416647, 3.883194554161886, 11.27351728369217, 13.370652885998222, 0.3030580680375239, 0.012810948949107656, 0.02849167442204497, 0.01397786579631255, 0.021795115919465282, 118.61218693760381, 130.96472612633025, 98.98715669078072], "layer_Barinel_score": [0.03317237834352104, 0.08037893747331488, 0.07641415925658872, 0.06727127949471208, 0.09873530604755758, 0.08411388209645113, 0.12600339149955753, 0.13973744410852162, 0.023249413306062974, 0.0022280247175521556, 0.0032740375278162144, 0.0023770412564887815, 0.0019426942857470675, 0.10771511340635702, 0.11380959835101398, 0.2491951672451459], "time": 248.93654108047485}