{"neuron_counts": [32768, 32768, 8192, 8192, 16384, 16384, 4096, 4096, 8192, 8192, 2048, 2048, 2048, 512, 512, 10], "neuron_counts_selected": [100, 100, 100, 100, 100, 100, 100, 100, 100, 100, 100, 100, 100, 100, 100, 10], "layer_tarantula_score": [0.10119557578788986, 0.1104482135582326, 0.1491170173901886, 0.15009687607091918, 0.3835474947115737, 0.22878168386130843, 0.3126034322455567, 0.28123704238781594, 0.27933070412361777, 0.16675448819193073, 0.13748883136039422, 0.12801706143921487, 0.1168186061778134, 0.09856074640016813, 0.12286449675681835, 0.5006044908864258], "layer_ochiai_score": [0.023115724765188993, 0.0265606631899131, 0.042909151689430915, 0.04343155184062114, 0.06863385220746339, 0.0616329829146167, 0.13415812681447079, 0.09357148808781343, 0.07221696756541121, 0.0364045454543639, 0.04406060077916606, 0.04257698166506567, 0.03737229578340587, 0.06647127561300686, 0.07508377448269897, 0.3651123237132561], "layer_D_star_score": [9.836044011637618, 5.1359073415660665, 16.369406098178963, 14.020296885080104, 6.6953506802466265, 8.74091144716094, 48.11296358826741, 26.527214821905666, 14.238871698576872, 4.037872635333299, 13.5621431878894, 10.707705777205257, 12.507354616824793, 62.231697290021884, 79.84763105799549, 434.6224433670801], "layer_Op2_score": [51.94016751797032, 47.1819646405175, 90.6309777916398, 90.88028376937224, 92.45631876438068, 105.89606340475854, 325.9232986843404, 200.97531532004035, 133.99356593778998, 53.88744421504861, 96.40341493460144, 85.52540994973636, 82.49184688994443, 232.1572393526297, 264.0088041146426, 1333.454208718253], "layer_Barinel_score": [0.10267497428864764, 0.1119529609258042, 0.1511682232070359, 0.15214577865048254, 0.389348156541438, 0.23218724226817286, 0.31709703306304665, 0.28529125445981907, 0.2835023731821994, 0.1692603289001082, 0.13955453087665015, 0.12994472385606462, 0.11859080757950222, 0.09999145265059871, 0.12466136795682813, 0.507056340354905], "time": 124.1684958934784}