{"neuron_counts": [32768, 32768, 8192, 8192, 16384, 16384, 4096, 4096, 8192, 8192, 2048, 2048, 2048, 512, 512, 10], "neuron_counts_selected": [1000, 1000, 1000, 1000, 1000, 1000, 1000, 1000, 1000, 1000, 1000, 1000, 1000, 512, 512, 10], "layer_tarantula_score": [0.07153876931473331, 0.13107623020689216, 0.12906035628956844, 0.12713285242362088, 0.34970029906116407, 0.24774519688179186, 0.25922918692991714, 0.26699726396817247, 0.2987492254601577, 0.12505212413885006, 0.13981100824075374, 0.12738610379933624, 0.13576929174038962, 0.13897756276501635, 0.13897756276501635, 0.5006044908864258], "layer_ochiai_score": [0.013695691977696245, 0.028040916493638088, 0.036264776147076336, 0.03613635640394212, 0.06047140444014399, 0.06503833775706006, 0.09693656197084438, 0.09678269578924825, 0.07134206261940985, 0.02525298208764966, 0.04591979176658888, 0.04293546796643044, 0.04345020978844803, 0.09014864122004422, 0.09014864122004422, 0.3651123237132561], "layer_D_star_score": [4.010218609156963, 4.456826471018111, 11.38143185015425, 13.276868067803909, 5.647020978623623, 9.09460017071876, 34.882205714006886, 34.02662161488844, 15.84186784539532, 2.96791912784177, 13.953925467920557, 14.264543515873804, 14.043346038189124, 91.57404143457468, 91.57404143457468, 434.6224433670801], "layer_Op2_score": [26.417001738115292, 45.02772688893979, 74.75971746109464, 78.93758567428583, 78.62437515841809, 110.3549683508728, 232.60618025740007, 228.29816209669343, 132.4323642237076, 36.45787414403772, 99.3211796434207, 94.81393930418052, 93.76150645919512, 316.70135383634204, 316.70135383634204, 1333.454208718253], "layer_Barinel_score": [0.0725563343255496, 0.13289511408260554, 0.1308225664751547, 0.12889417972029507, 0.35492036212103223, 0.2514062555942149, 0.2630202579587252, 0.27089325530701264, 0.30321549919738217, 0.12691859442147269, 0.14192157448118534, 0.12928904396784602, 0.13779880717611784, 0.14101669167714856, 0.14101669167714856, 0.507056340354905], "time": 1105.1048829555511}