{"neuron_counts": [32768, 32768, 8192, 8192, 16384, 16384, 4096, 4096, 8192, 8192, 2048, 2048, 2048, 512, 512, 10], "neuron_counts_selected": [500, 500, 500, 500, 500, 500, 500, 500, 500, 500, 500, 500, 500, 500, 500, 10], "layer_tarantula_score": [0.026945186662192314, 0.08057561402269027, 0.09840061088676678, 0.07673417866600918, 0.08335376669251288, 0.0834102696327594, 0.11573887607571423, 0.12560862296688424, 0.024743043188514627, 0.004385497716314186, 0.004293111990020855, 0.007993107315869405, 0.0038860157907727624, 0.10977008409748404, 0.11357906307563641, 0.2661275856686365], "layer_ochiai_score": [0.0026098902222788187, 0.007671283415059701, 0.013797089652584669, 0.010431731845474508, 0.004343384098438041, 0.006475408180673532, 0.011393163866486216, 0.012372080723735432, 0.0010850515716737542, 0.00012709750910267135, 0.00018123086072037805, 0.0003163246912278755, 0.0001267789477735641, 0.03753910144332545, 0.040126509810496765, 0.05662141487395298], "layer_D_star_score": [0.09177592549364778, 0.14353073976863404, 0.7874344209184585, 0.7391961355526935, 0.02354997562845129, 0.03285474264025119, 0.1357086700321516, 0.12403098068971638, 0.0008847731656397404, 1.2909232979037634e-05, 7.473959619963732e-05, 8.186604959676321e-05, 2.0863929062496955e-05, 12.865381921727847, 14.75595156553002, 2.5848243828903543], "layer_Op2_score": [2.910660922711359, 6.97959581769406, 19.01156293416965, 15.212136912404873, 2.106141248086349, 4.279485999992962, 10.098848306456572, 10.711074663477476, 0.3615147853022845, 0.023792290713008143, 0.05236720707266643, 0.07808014153160897, 0.026263392560696316, 108.021252450747, 119.69268971592803, 98.98715669078072], "layer_Barinel_score": [0.025541137759763306, 0.07654838753665065, 0.09347685264986243, 0.07283607579476752, 0.07914040639189764, 0.07891799713544874, 0.10938552330562823, 0.11869982467069953, 0.023448716686947403, 0.004207648644664052, 0.004061458523504397, 0.0076098753569260455, 0.0037189765596797575, 0.1037598129671702, 0.10738733645400675, 0.2491951672451459], "time": 600.3996994495392}