{"neuron_counts": [32768, 32768, 8192, 8192, 16384, 16384, 4096, 4096, 8192, 8192, 2048, 2048, 2048, 512, 512, 10], "neuron_counts_selected": [100, 100, 100, 100, 100, 100, 100, 100, 100, 100, 100, 100, 100, 100, 100, 10], "layer_tarantula_score": [0.23500924357782904, 0.2530380100228317, 0.28387761033491954, 0.29223153060182433, 0.44417331619612116, 0.3474651960761052, 0.3958622879876272, 0.38133317366715425, 0.3768218641313713, 0.29873527882895584, 0.26645806921610166, 0.2515040137815488, 0.24453542232527764, 0.22448100330369974, 0.25357016388398695, 0.5497476064752818], "layer_ochiai_score": [0.08771722485847358, 0.0844429699604021, 0.12151292060486037, 0.11856602204729581, 0.12038984440554196, 0.12202224160771698, 0.20758231655492307, 0.16557477333714743, 0.1378107087564795, 0.09011699643717985, 0.11648515241955476, 0.11184351297409627, 0.10854134509986384, 0.16934971006016405, 0.1848847952225861, 0.40876075084626606], "layer_D_star_score": [131.4679961777483, 60.74432558392297, 203.68976836351354, 158.3378923252716, 61.85282219251588, 68.04041458543833, 230.36671204608064, 133.25742706141037, 91.0059340641525, 36.04509171056966, 111.67357131760555, 100.93117331974945, 107.73163588660645, 367.125043776917, 449.7971516289006, 853.8396093563482], "layer_Op2_score": [397.82439585650775, 295.71121043960306, 536.7851756035589, 498.26188007555015, 361.55845924341776, 394.61965283471994, 890.9081458695914, 641.8693239407911, 482.37473528658415, 261.38234403115706, 466.4652190026069, 423.33668722785217, 438.88279333173494, 942.0208163553908, 1047.6662918817199, 2116.357116170043], "layer_Barinel_score": [0.2249017735388816, 0.24287276832383486, 0.2716524783309715, 0.2803025655426503, 0.42353662977417067, 0.3320149016424604, 0.377462241672019, 0.36395272192416983, 0.35934604886914817, 0.28550153597250044, 0.2542868202866618, 0.23949924790906899, 0.23322919365516462, 0.21408481936609888, 0.2419591331264523, 0.528072885928747], "time": 133.90076994895935}