{"neuron_counts": [32768, 32768, 8192, 8192, 16384, 16384, 4096, 4096, 8192, 8192, 2048, 2048, 2048, 512, 512, 10], "neuron_counts_selected": [500, 500, 500, 500, 500, 500, 500, 500, 500, 500, 500, 500, 500, 500, 500, 10], "layer_tarantula_score": [0.04446615692925292, 0.08731046249540078, 0.11205441861113058, 0.09865546538619764, 0.16598939686745923, 0.1513634523109707, 0.19485479798940386, 0.18611612343117606, 0.1101086637760393, 0.02123836362721141, 0.04345505100277391, 0.04798261322996541, 0.0389498456552548, 0.11520466188108772, 0.12959198925991922, 0.4165268765973486], "layer_ochiai_score": [0.006961530385764942, 0.01197611641021092, 0.020226229546440266, 0.017051129807888782, 0.013007699031028788, 0.016543241406815155, 0.035831429425340906, 0.03201647655176473, 0.00811554927490896, 0.0010306655619287896, 0.00284141891108416, 0.003274811700417831, 0.0026766080974197698, 0.055584291880535645, 0.06282791901496114, 0.17328878149044985], "layer_D_star_score": [0.8083323470666899, 0.9630950688114606, 3.2019139914417183, 2.4236535359960127, 0.3914879146147849, 0.40860554824572737, 2.745737858711834, 2.1001804068538976, 0.07710292986039285, 0.0017286842763995975, 0.012333162305731601, 0.014037719387819513, 0.014843187912124719, 36.22391561702737, 44.06081621975198, 37.38863609313568], "layer_Op2_score": [12.318747960457191, 18.010957001328713, 39.049133530565456, 31.891940164461683, 11.459933918791231, 17.518803910240855, 60.67710205473447, 51.724966313519566, 5.830866888340715, 0.4148911139355767, 1.630724658473211, 1.9373259062706762, 1.6907462491929552, 208.98014798012403, 239.5379112813163, 483.87294200750966], "layer_Barinel_score": [0.04215455037254105, 0.08300632230609019, 0.1065582493319342, 0.09381306113248737, 0.15760312693129588, 0.1433566044702258, 0.18468628196821515, 0.17633116663956191, 0.10418305797684961, 0.02017897942640772, 0.04114774443865, 0.045340912629072694, 0.03684999587257442, 0.10916991652411201, 0.1228568322763352, 0.39524516633772244], "time": 601.9357309341431}