{"neuron_counts": [32768, 32768, 8192, 8192, 16384, 16384, 4096, 4096, 8192, 8192, 2048, 2048, 2048, 512, 512, 10], "neuron_counts_selected": [500, 500, 500, 500, 500, 500, 500, 500, 500, 500, 500, 500, 500, 500, 500, 10], "layer_tarantula_score": [0.015408544032976684, 0.03535863249496712, 0.05165639165941018, 0.0441463608194143, 0.00950775659969932, 0.015228078587250891, 0.04259246629746264, 0.0335398695929479, 0.0009585177102918721, 4.000000000000004e-06, 4.9815200003707765e-05, 9.920800001568817e-06, 1.9788800004227446e-05, 0.05720097406390043, 0.06616468861781778, 0.0015441590693118768], "layer_ochiai_score": [0.0009017087408042058, 0.0023163141208445747, 0.003918650768155455, 0.003336134332230903, 0.00042671682385699385, 0.0005786009416311125, 0.002144172701030654, 0.0016374497450669847, 2.5097816249820976e-05, 5.619884555440891e-08, 7.839597034942358e-07, 1.7541459991369115e-07, 3.9738584786337413e-07, 0.008303378705490342, 0.00968383230942619, 9.669674546650868e-05], "layer_D_star_score": [0.00431467221150621, 0.0065761564504712025, 0.032021433782433134, 0.027317040082872706, 0.0001650072447589129, 0.00013906857861662293, 0.001234581479898969, 0.0008777717363957137, 9.34553629639827e-07, 7.89733449361632e-10, 1.2634643967152445e-08, 3.1584661305980314e-09, 9.476178082834044e-09, 0.2321994658613618, 0.2671901325048493, 1.772002327781013e-05], "layer_Op2_score": [0.3355626626159566, 0.9691287651527405, 2.153846194135669, 1.8392431748837452, 0.09755788936271778, 0.10765204133940667, 0.5607876133788104, 0.42312927254684235, 0.0029222849040268146, 3.190273572644024e-06, 6.157001018096094e-05, 1.195542054802562e-05, 3.2707598931994255e-05, 8.109140421546606, 9.466807483766503, 0.025013171326987407], "layer_Barinel_score": [0.015635618917999094, 0.03587697878761258, 0.052447183641469525, 0.04479670787570128, 0.009654509369643828, 0.015444965111708602, 0.04328931623279868, 0.0340878547506305, 0.0009696662337662877, 4.000000000000004e-06, 4.9999999999999826e-05, 9.999999999999897e-06, 2.000000000000002e-05, 0.05824450983783163, 0.0673592910707706, 0.0015789473684210526], "time": 605.8640847206116}