{"neuron_counts": [32768, 32768, 8192, 8192, 16384, 16384, 4096, 4096, 8192, 8192, 2048, 2048, 2048, 512, 512, 10], "neuron_counts_selected": [100, 100, 100, 100, 100, 100, 100, 100, 100, 100, 100, 100, 100, 100, 100, 10], "layer_tarantula_score": [0.06573740681136556, 0.10129042195687696, 0.08543383804334727, 0.15285195570796556, 0.37514307724063034, 0.2305374280805589, 0.30735288559811524, 0.22421169397497323, 0.2743390789497742, 0.12753326894699643, 0.1424462057131198, 0.14158176551957286, 0.13992442270372996, 0.15648560592304622, 0.13409672786617827, 0.5006044908864258], "layer_ochiai_score": [0.007960047485876203, 0.017486857690801164, 0.023973908893209054, 0.04429995720700534, 0.05911145030779588, 0.0614882771683977, 0.11683283847105158, 0.08024426311099916, 0.055118887572387705, 0.02343707642083123, 0.05402764672941593, 0.04448432743591255, 0.046316859850794596, 0.10049424459881845, 0.08920108119963308, 0.3651123237132561], "layer_D_star_score": [3.1247581953096817, 2.026560364915487, 10.894980028471483, 16.773518337594883, 6.783951748848489, 12.273134644228625, 47.12170647894875, 20.74310928753208, 8.436575857681172, 1.7361039499979063, 18.79687814637604, 13.86951462245306, 11.79518929473716, 102.48768410895794, 81.30701873530691, 434.6224433670801], "layer_Op2_score": [14.032758601889437, 22.950356089251095, 55.03100727479424, 96.39680992946471, 68.8788968797548, 114.4185973662959, 291.3651087753453, 173.00130806563928, 88.47740186464436, 28.678576312196974, 122.06599904818434, 91.73214415442887, 93.33339148980757, 359.50970174433877, 307.3039808930037, 1333.454208718253], "layer_Barinel_score": [0.06660852494821706, 0.10270303285578823, 0.08658447537043527, 0.15496551298992023, 0.38071604008551085, 0.23394974368315408, 0.31178859027482014, 0.22748371221521946, 0.27841337167916164, 0.12950247554486585, 0.14454082902316578, 0.14372189390007986, 0.14204404352049127, 0.15882059767035145, 0.13604593006648497, 0.507056340354905], "time": 125.31472730636597}