{"neuron_counts": [60, 50, 1], "neuron_counts_selected": [60, 50, 1], "layer_tarantula_score": [0.04765277777777777, 0.028633333333333347, 0.5], "layer_ochiai_score": [0.03774462586057631, 0.02118489926674138, 0.7070997102248], "layer_D_star_score": [0.06170678983306391, 0.04439865737497404, 4.99990000199996], "layer_Op2_score": [-0.06272803786603562, -0.19792882785286894, 4.166680555324078], "layer_Barinel_score": [0.04765277777777777, 0.02863333333333337, 0.5], "time": 0.08946943283081055}