{"neuron_counts": [1229312, 307328, 141376, 64800, 15488, 15488, 15488, 5000, 1000, 131], "neuron_counts_selected": [200, 200, 200, 200, 200, 200, 200, 200, 200, 131], "layer_tarantula_score": [0.46885116531044646, 0.4914398366349925, 0.41741246934265663, 0.4277871645732025, 0.4647415370179686, 0.4819133649605503, 0.46355636755944024, 0.27246233777923223, 0.12433784454333026, 0.0002720892730873421], "layer_ochiai_score": [0.43913093899085676, 0.7068265060980763, 0.2955138050863079, 0.28138675367328086, 0.49695573076716415, 0.5143116152388413, 0.49838193377786033, 0.18654569303948645, 0.11931900597436544, 0.00023038615171810787], "layer_D_star_score": [17.824789441099423, 152.64770353989525, 26.204958173684005, 9.464775437615776, 73.8491305622705, 66.97213757017708, 75.10867861949922, 23.501057900731052, 29.532906873373047, 0.07649202909537468], "layer_Op2_score": [49.65407802820232, 124.90897647923359, 34.129753769554384, 26.069053421231285, 73.6066643506008, 73.2443490449423, 74.11978787442604, 23.03774427924202, 19.39982396003066, 0.039624045219616336], "layer_Barinel_score": [0.6346319123200391, 0.6562072849971758, 0.5661559403351477, 0.5804675894056004, 0.625918457753082, 0.6464586057291856, 0.6216061874321573, 0.3654591894921931, 0.16553646605552802, 0.0003561564011421284], "time": 5.843836784362793}