{"neuron_counts": [1229312, 307328, 141376, 64800, 15488, 15488, 15488, 5000, 1000, 131], "neuron_counts_selected": [500, 500, 500, 500, 500, 500, 500, 500, 500, 131], "layer_tarantula_score": [0.0013767016672402688, 0.007826870821482607, 0.004143638600037705, 1.1069308638857825e-05, 0.00040211702579705553, 0.00019436600676800804, 0.000149093691092916, 0.0007584498279968672, 0.012127663438583722, 0], "layer_ochiai_score": [0.00017830457711220525, 0.0011606040559069884, 0.0005889886223440593, 2.4176726818602764e-06, 0.00010024759837853988, 3.796737451046252e-05, 3.7753957334819304e-05, 0.00016174282986645906, 0.00915299577961165, 0], "layer_D_star_score": [0.0001387465407900615, 0.0004994933765503879, 0.0007720486078831622, 7.750742452836362e-06, 0.0003722463150289904, 6.740431700574578e-05, 0.00026309715430355285, 0.0011595816437893595, 1.7234413032816083, 0], "layer_Op2_score": [0.0032392472950030387, 0.023169130361021337, 0.013599294669067523, -2.2116538678412058e-06, 0.003917364836041632, 0.0010848941777726305, 0.001734964768277469, 0.00567515313981706, 1.2943927619050166, 0], "layer_Barinel_score": [0.001586247542550954, 0.00938900256603336, 0.004723436845763713, 1.2869565217391044e-05, 0.00048731295911296445, 0.00023953076923080495, 0.0001837368421052676, 0.0009533744102382012, 0.016181431655619357, 0], "time": 22.112541437149048}