{"neuron_counts": [1229312, 307328, 141376, 64800, 15488, 15488, 15488, 5000, 1000, 131], "neuron_counts_selected": [500, 500, 500, 500, 500, 500, 500, 500, 500, 131], "layer_tarantula_score": [0.4397278466935698, 0.47087984257494503, 0.2511490157777535, 0.20723129101185045, 0.34568464962377743, 0.36777814435458345, 0.3144821818229141, 0.14368646197809715, 0.07014561236086159, 0.0001368047863753465], "layer_ochiai_score": [0.2060489362246178, 0.41107847652552526, 0.12779309550396165, 0.05526010123153307, 0.1470966488681366, 0.15668450044591237, 0.13028647804546667, 0.07585035024218484, 0.061345085359369805, 9.056839129522385e-05], "layer_D_star_score": [0.9337273835632345, 13.844270095808852, 3.5879657305652426, 0.14436135157090732, 1.9817592940491007, 2.1501440024439242, 1.8347834699942416, 5.450954569809421, 14.865126543581194, 0.019251450970252323], "layer_Op2_score": [11.46872042454068, 43.26246728512085, 10.499435370640743, 2.047391922701266, 9.267309524807605, 10.008504210964466, 8.203367354730162, 7.429477980741218, 9.61793253800406, 0.011536418145351895], "layer_Barinel_score": [0.6025217408783007, 0.6364034799783013, 0.34227940558975006, 0.27626492735699026, 0.46789226134570994, 0.4944578081176015, 0.4254106888099917, 0.19244799548750868, 0.09323900268403089, 0.00016949284229745797], "time": 32.56831479072571}