{"neuron_counts": [1229312, 307328, 141376, 64800, 15488, 15488, 15488, 5000, 1000, 131], "neuron_counts_selected": [500, 500, 500, 500, 500, 500, 500, 500, 500, 131], "layer_tarantula_score": [0.10783013683272447, 0.32989675610410096, 0.1607577475867958, 0.01782571513063514, 0.05561181829625004, 0.04438167738355974, 0.08235652766161036, 0.09236681810663262, 0.12472575294114815, 0.00368262933083809], "layer_ochiai_score": [0.011540476697395777, 0.04973613930714749, 0.02930617100782055, 0.004096176177617461, 0.011453676118076322, 0.008409002453120724, 0.01562630786811985, 0.0381711717963361, 0.11392556701123771, 0.005640596649401682], "layer_D_star_score": [0.010367590128013707, 0.28212947357894363, 0.41147092231922255, 0.08423553061653298, 0.5274538053834096, 0.08559015456369315, 0.31041338844845356, 3.2040321925215274, 55.858571174209764, 2.538705478554122], "layer_Op2_score": [0.4254565184881741, 2.8802128704352032, 2.048913225588477, 0.4129663874425753, 1.2753355934622197, 0.64545588651062, 1.3957091934972579, 5.962533634073553, 33.87980590030928, 1.8554908361575762], "layer_Barinel_score": [0.1128204906413222, 0.3605905299175893, 0.18274045848527162, 0.020141566199045443, 0.06109214059606865, 0.050057593268017904, 0.08959034420018941, 0.11116095434079974, 0.15305001639927437, 0.004898833097761578], "time": 16.854103088378906}