{"neuron_counts": [1229312, 307328, 141376, 64800, 15488, 15488, 15488, 5000, 1000, 131], "neuron_counts_selected": [1000, 1000, 1000, 1000, 1000, 1000, 1000, 1000, 1000, 131], "layer_tarantula_score": [0.47285540752250904, 0.48980269144343513, 0.40600522840927317, 0.4328749247925882, 0.46799783324405114, 0.46534313926290044, 0.4690000586443384, 0.2705799008791643, 0.11360786257931448, 0.0002720892730873421], "layer_ochiai_score": [0.44152935608781946, 0.7050155085861148, 0.2936645492973218, 0.2914035002848892, 0.4968154921142299, 0.5011066623860009, 0.4922912245457664, 0.17272940464290473, 0.10224399190377301, 0.00023038615171810787], "layer_D_star_score": [17.948456424180044, 150.66828581105983, 23.948245211365013, 10.122527655124625, 71.34598626007033, 75.25775020562588, 71.68567439134004, 18.050122118220294, 24.61927330528719, 0.07649202909537468], "layer_Op2_score": [49.83408402245527, 124.54120996470473, 33.63730819335624, 27.467509852351903, 72.81382052680057, 74.50069687815537, 72.15347385134606, 19.740190150290385, 15.97856171130503, 0.039624045219616336], "layer_Barinel_score": [0.6383730497741208, 0.6547096774746568, 0.5493705086354718, 0.5840861608142023, 0.6296659522193496, 0.6259379500871037, 0.6299782567783326, 0.3642906272806955, 0.15167883211746974, 0.0003561564011421284], "time": 26.968796253204346}