{"neuron_counts": [1229312, 307328, 141376, 64800, 15488, 15488, 15488, 5000, 1000, 131], "neuron_counts_selected": [1000, 1000, 1000, 1000, 1000, 1000, 1000, 1000, 1000, 131], "layer_tarantula_score": [0.4715354133803311, 0.4901579352531477, 0.3995252722370944, 0.43516427341923586, 0.47048107361387703, 0.46831983519735065, 0.46841998697192533, 0.2859032807825828, 0.11360786257931448, 0.0002720892730873421], "layer_ochiai_score": [0.43893691849755323, 0.7055308524470435, 0.2830806919745572, 0.30032550778091616, 0.503690485862604, 0.4937186600090447, 0.5008013608600376, 0.19694409381305827, 0.10224399190377301, 0.00023038615171810787], "layer_D_star_score": [17.591857393119902, 151.29998422411984, 21.941210601411075, 10.463217135279926, 73.52206656035149, 73.17014866948313, 74.2090349404388, 22.94395998242873, 24.61927330528719, 0.07649202909537468], "layer_Op2_score": [49.381562516400585, 124.6707284818912, 31.66882653350758, 28.50755713174694, 74.37625172673447, 72.70051543985593, 74.08345281808724, 23.675317872103694, 15.97856171130503, 0.039624045219616336], "layer_Barinel_score": [0.6370627675422199, 0.6550338930236929, 0.5415681578712155, 0.5880590506472051, 0.6325637406707196, 0.6295079936380259, 0.6294095359987316, 0.385568014892072, 0.15167883211746974, 0.0003561564011421284], "time": 26.841570138931274}