{"neuron_counts": [1229312, 307328, 141376, 64800, 15488, 15488, 15488, 5000, 1000, 131], "neuron_counts_selected": [2000, 2000, 2000, 2000, 2000, 2000, 2000, 2000, 1000, 131], "layer_tarantula_score": [0.5015478648466611, 0.5000042840778425, 0.4932700913319343, 0.4988466516604583, 0.5019570209119599, 0.5010908495946202, 0.5062012412681033, 0.4268758048015212, 0.2644487490596579, 0.01298349174696463], "layer_ochiai_score": [0.46121703257355146, 0.7176352939795043, 0.4248513658120177, 0.3900634465082476, 0.6056449987270799, 0.6046985104245379, 0.6055605864892268, 0.3476332825736022, 0.2813279037810564, 0.013247180696529052], "layer_D_star_score": [37.007945924385595, 286.8505333443595, 110.73052116786812, 50.65261221188289, 226.5984929753554, 229.16925075669215, 227.2130670386431, 121.69231918729726, 150.16390380135104, 8.414410808001394], "layer_Op2_score": [92.72527933708137, 224.015691430401, 106.27719571343661, 80.68454645363904, 176.36876728877448, 176.107969976307, 176.50412896243213, 91.28603976293664, 87.72239487673886, 4.3971638452745765], "layer_Barinel_score": [0.6576711202832262, 0.6575747031775491, 0.6297455837247729, 0.6405399172464429, 0.6548544669789945, 0.6541223495836188, 0.6583379802312147, 0.5347252135474154, 0.3331709646498656, 0.016288223443354274], "time": 68.23698472976685}