{"neuron_counts": [100, 100, 100, 1], "neuron_counts_selected": [100, 100, 100, 1], "layer_tarantula_score": [1.0, 0.93, 0.79, 0.0], "layer_ochiai_score": [0.9908083157120677, 0.9299845003874893, 0.7899868336624908, 0.0], "layer_D_star_score": [85500.19997982154, 83699.99999982334, 71099.99999984994, 0.0], "layer_Op2_score": [2.95, 2.79, 2.37, 0.0], "layer_Barinel_score": [1.0, 0.93, 0.79, 0.0], "time": 0.10534930229187012}