{"neuron_counts": [100, 100, 100, 1], "neuron_counts_selected": [100, 100, 100, 1], "layer_tarantula_score": [0.06, 0.22, 0.17, 0.0], "layer_ochiai_score": [0.03464043881554171, 0.2181613298174133, 0.169997166737498, 0.0], "layer_D_star_score": [0.029998500074996243, 18900.039995960513, 15299.999999967711, 0.0], "layer_Op2_score": [0.06, 0.65, 0.51, 0.0], "layer_Barinel_score": [0.06, 0.22, 0.17, 0.0], "time": 0.1041250228881836}