{"neuron_counts": [4, 3], "neuron_counts_selected": [4, 3], "layer_tarantula_score": [0.4697613553314392, 0.0], "layer_ochiai_score": [0.48282165593491955, 0.0], "layer_D_star_score": [17.112371576779704, 0.0], "layer_Op2_score": [23.737287639629006, 0.0], "layer_Barinel_score": [0.3108232993852148, 0.0], "time": 0.0755147933959961}