{"neuron_counts": [4, 3], "neuron_counts_selected": [4, 3], "layer_tarantula_score": [0.4697613553314392, 0.41756564918350153], "layer_ochiai_score": [0.48282165593491955, 0.429174805275484], "layer_D_star_score": [17.112371576779704, 15.210996957137516], "layer_Op2_score": [23.737287639629006, 20.967067945031335], "layer_Barinel_score": [0.3108232993852148, 0.2762873772313021], "time": 0.08036351203918457}