{"neuron_counts": [28, 200, 200, 300, 300, 300, 300, 150, 150, 1], "neuron_counts_selected": [28, 200, 200, 300, 300, 300, 300, 150, 150, 1], "layer_tarantula_score": [0.5526560623447666, 0.4306957918570419, 0.4306957918570419, 0.3375047383132026, 0.3375047383132026, 0.3617602229758604, 0.3617602229758604, 0.019553369134947558, 0.019553369134947558, 0.4711400419116219], "layer_ochiai_score": [0.3238407164758366, 0.23085878486339564, 0.23085878486339564, 0.17103272481092602, 0.17103272481092602, 0.20084441639330525, 0.20084441639330525, 0.00841489697396154, 0.00841489697396154, 0.23359858815908696], "layer_D_star_score": [3.5257329854598196, 2.091822848036023, 2.091822848036023, 1.5039335499067612, 1.5039335499067612, 1.926946076229849, 1.926946076229849, 0.04867135020789764, 0.04867135020789764, 1.645591764302037], "layer_Op2_score": [24.001825577934273, 16.912710359097755, 16.912710359097755, 11.617789148373886, 11.617789148373886, 14.784699535138605, 14.784699535138605, 0.5659020976620176, 0.5659020976620176, 16.861424912803084], "layer_Barinel_score": [0.12410389719921833, 0.08668876337717134, 0.08668876337717134, 0.06937294709612774, 0.06937294709612774, 0.07483466392431103, 0.07483466392431103, 0.0032738266596274773, 0.0032738266596274773, 0.09102808479051117], "time": 2.6639750003814697}