{"neuron_counts": [28, 200, 200, 300, 300, 300, 300, 150, 150, 1], "neuron_counts_selected": [28, 200, 200, 200, 200, 200, 200, 150, 150, 1], "layer_tarantula_score": [0.5309533302359567, 0.5175745217586758, 0.5175745217586758, 0.5433969496871537, 0.5401700345888127, 0.4907774924863368, 0.4921079464369501, 0.20010239710342884, 0.20010239710342884, 0.4999992412626193], "layer_ochiai_score": [0.3363705071516458, 0.32489718520575905, 0.32489718520575905, 0.32779882276627303, 0.3289979631865776, 0.30226029813434097, 0.29887627463101724, 0.10412058336729371, 0.10412058336729371, 0.31788752820875166], "layer_D_star_score": [3.747873449673416, 3.477603088165953, 3.477603088165953, 3.767643729672759, 3.696142709633857, 3.3069230088280324, 3.2500792658571553, 0.8943159901498374, 0.8943159901498374, 3.2875551301882453], "layer_Op2_score": [28.360291367939965, 27.70899493527048, 27.70899493527048, 25.099697441565876, 25.967075428064632, 24.87242933241756, 24.25214296252674, 8.16698299503865, 8.16698299503865, 28.249320537601843], "layer_Barinel_score": [0.1134392251866319, 0.10843614975301367, 0.10843614975301367, 0.12440453705417884, 0.12111847530548543, 0.10632670808812136, 0.10665329192100699, 0.037714386712497626, 0.037714386712497626, 0.10105282612249966], "time": 2.030829906463623}