{"neuron_counts": [28, 200, 200, 300, 300, 300, 300, 150, 150, 1], "neuron_counts_selected": [28, 200, 200, 300, 300, 300, 300, 150, 150, 1], "layer_tarantula_score": [0.40796378356592344, 0.19023072682653455, 0.19023072682653455, 0.2225283630674032, 0.2225283630674032, 0.27584245068139024, 0.27584245068139024, 0.010478370642902501, 0.010478370642902501, 0.34709041124686585], "layer_ochiai_score": [0.17901545749395847, 0.07713234271721542, 0.07713234271721542, 0.09571970730711393, 0.09571970730711393, 0.14510028208561873, 0.14510028208561873, 0.004052559192159843, 0.004052559192159843, 0.13742892076572505], "layer_D_star_score": [1.2194003337578943, 0.5197729937245225, 0.5197729937245225, 0.6826177488048177, 0.6826177488048177, 1.327843872685502, 1.327843872685502, 0.0176541140369813, 0.0176541140369813, 0.5232689488343509], "layer_Op2_score": [10.982666246377592, 4.4377409078742005, 4.4377409078742005, 5.784697339653677, 5.784697339653677, 9.996316702234722, 9.996316702234722, 0.26225850232797404, 0.26225850232797404, 9.1676934913167], "layer_Barinel_score": [0.08216119727088075, 0.036150935725650944, 0.036150935725650944, 0.04341035884486369, 0.04341035884486369, 0.05695953683782647, 0.05695953683782647, 0.001630409128184652, 0.001630409128184652, 0.056389463337611634], "time": 2.7000465393066406}