{"neuron_counts": [28, 200, 200, 300, 300, 300, 300, 150, 150, 1], "neuron_counts_selected": [28, 100, 100, 100, 100, 100, 100, 100, 100, 1], "layer_tarantula_score": [0.5309533302359567, 0.514075818316189, 0.520751759601972, 0.532832858235938, 0.5242351789627056, 0.5229271925019867, 0.4633391950853404, 0.1927670946810668, 0.15924669356204396, 0.4999992412626193], "layer_ochiai_score": [0.3363705071516458, 0.3232399190955485, 0.3269995161330843, 0.3221693576003426, 0.31465896998178516, 0.32027744212254455, 0.28526286492309627, 0.095789513659351, 0.07994975378423173, 0.31788752820875166], "layer_D_star_score": [3.747873449673416, 3.421288696177375, 3.5360776368256075, 3.7647942574714524, 3.4469344620424636, 3.592545128136613, 3.1536582312192514, 0.7834998228502766, 0.6572654930734662, 3.2875551301882453], "layer_Op2_score": [28.360291367939965, 27.814432563553172, 27.73303387165489, 24.441055326394544, 24.91190418984872, 25.58911871007028, 23.23778653423762, 7.2658961130020305, 6.237084623748483, 28.249320537601843], "layer_Barinel_score": [0.1134392251866319, 0.10662482282305394, 0.10988760696174385, 0.12332010769679702, 0.11492125181425276, 0.11660398593964082, 0.1013253731199454, 0.03567798512043306, 0.02883592662723451, 0.10105282612249966], "time": 1.1718685626983643}