{"neuron_counts": [177608, 350464, 691488, 170528, 207360, 282296, 313600, 78400, 110976, 139392, 32768, 32768, 16, 120], "neuron_counts_selected": [500, 500, 500, 500, 500, 500, 500, 500, 500, 500, 500, 500, 16, 120], "layer_tarantula_score": [0.4632526316876101, 0.4656956889568464, 0.45695393853813143, 0.4766947710685785, 0.34093700778557506, 0.23261592887012045, 0.15389274203674996, 0.17176026795205626, 0.13175084529208153, 0.14766539579336962, 0.15664847836830587, 0.1900556972920202, 0.0019531346835121, 0.0005555583099767526], "layer_ochiai_score": [0.6571698503384251, 0.6173342185177345, 0.46018893073151546, 0.7102194213349302, 0.2278893729443043, 0.16773343908813232, 0.16031067379787145, 0.22859887668841547, 0.16242094771399626, 0.1946438940051894, 0.2245525540252006, 0.2669776837976428, 0.0038899397444450675, 0.0011064717495309843], "layer_D_star_score": [399.2840080633087, 335.045564496613, 230.61989042842424, 7460.092385194119, 3570.182969282185, 4826.183957134877, 5472.408787563501, 20413.954219583262, 12750.626100297677, 21614.01947052139, 26810.754104517488, 29783.776813502554, 553.1585309146923, 157.3428710157357], "layer_Op2_score": [518.0895418352197, 461.65927518535295, 290.6150136673303, 649.127290222453, 168.16075100193638, 131.93861434626965, 152.9699341399802, 238.61986238932414, 166.49125099248172, 218.20571352264054, 248.31414427087012, 287.0956238033832, 4.644886395919111, 1.3212121303947695], "layer_Barinel_score": [0.9900127215078033, 0.9900429367066579, 0.9889548615899915, 0.9906140781409081, 0.6622470421221484, 0.45452925281731454, 0.3038006051934976, 0.3538412664959734, 0.26752175553165297, 0.2931107157904867, 0.3150865581787363, 0.38509187846660264, 0.003873697916666653, 0.0011018518518517708], "time": 65.42567229270935}