{"neuron_counts": [177608, 350464, 691488, 170528, 207360, 282296, 313600, 78400, 110976, 139392, 32768, 32768, 16, 120], "neuron_counts_selected": [200, 200, 200, 200, 200, 200, 200, 200, 200, 200, 200, 200, 16, 120], "layer_tarantula_score": [0.46328462017312805, 0.48849747691081497, 0.40551652801117355, 0.4384480365290994, 0.135038805912996, 0.02919238155385379, 0.021725992011269634, 0.020557946515035886, 0.019463725143737617, 0.025272514322650572, 0.02796085976529012, 0.022197880007393152, 0.0019531346835121, 0.0005555583099767526], "layer_ochiai_score": [0.46537997807877535, 0.3082602851427075, 0.09927306933581594, 0.1728261289997513, 0.04792948478845827, 0.015664606956513095, 0.015394204743699942, 0.005576062926911046, 0.032707843335452166, 0.04692103119791967, 0.04878002058392582, 0.036311510910622936, 0.0038899397444450675, 0.0011064717495309843], "layer_D_star_score": [76.32112102173531, 17.552955174138436, 3.066916630077273, 36.31939615950369, 53.48666460135726, 124.86648532709164, 773.7407961265108, 215.52940240453765, 3768.568383669419, 3904.691898280099, 5935.52606069824, 3618.960329236082, 553.1585309146923, 157.3428710157357], "layer_Op2_score": [261.18759718707105, 120.0159462166253, 27.39360930968811, 79.6188028156562, 31.858513864192197, 11.218804626548787, 13.926784187643536, 3.7877363919417615, 35.13690025454275, 54.410282182661696, 57.28835948764083, 42.340309381959976, 4.644886395919111, 1.3212121303947695], "layer_Barinel_score": [0.9896309346566232, 0.9886864058639392, 0.7043275033412951, 0.7999468404299792, 0.2269105918010057, 0.05471692526363752, 0.04068706526771458, 0.0346273202426171, 0.04157965652269786, 0.050201275290339305, 0.05697207240567417, 0.04373396663492969, 0.003873697916666653, 0.0011018518518517708], "time": 32.07233262062073}