{"neuron_counts": [177608, 350464, 691488, 170528, 207360, 282296, 313600, 78400, 110976, 139392, 32768, 32768, 16, 120], "neuron_counts_selected": [1000, 1000, 1000, 1000, 1000, 1000, 1000, 1000, 1000, 1000, 1000, 1000, 16, 120], "layer_tarantula_score": [0.5121720409470193, 0.5112313728150414, 0.5639829117250653, 0.510797589626893, 0.5142159728764648, 0.4311553832717002, 0.3515287301010084, 0.34527920237482884, 0.3054164572584854, 0.3239467091279038, 0.31882572284449373, 0.31948795497056987, 0.0312501549361936, 0.01666674929930325], "layer_ochiai_score": [0.6660382685898064, 0.6742980059671063, 0.5676524246378128, 0.8220718201411235, 0.4335740886139557, 0.37856092501375643, 0.44559133447964033, 0.4813385853028433, 0.42945047437023315, 0.4788610299270501, 0.4541689476360285, 0.4816075702941602, 0.06223903591112141, 0.03319415248593142], "layer_D_star_score": [430.90825111696125, 625.9188341840818, 793.5942443752897, 24619.936676681446, 21145.976282423737, 23740.443191750644, 34333.14660265319, 53375.29799882033, 45153.61955301587, 58305.316836247264, 59034.67939196672, 62655.721706508135, 8850.536494635076, 4720.286130472041], "layer_Op2_score": [532.1998219288917, 554.458185752857, 440.9732757520387, 851.6711877437481, 409.93654833137884, 367.3180934809684, 482.9377306297216, 537.6251855710403, 478.75982149253196, 551.8196402032711, 519.5220945082318, 555.72954933137, 74.31818233470605, 39.636363911843226], "layer_Barinel_score": [0.9915577729980917, 0.9914755423190867, 0.9917968703769784, 0.991619144226873, 0.8004101174778396, 0.6811273235323736, 0.5992618518087682, 0.6038857187598379, 0.5310241144737418, 0.5715608978982698, 0.5509498533253852, 0.5719936353383746, 0.06197916666666667, 0.03305555555555555], "time": 125.42441487312317}