{"neuron_counts": [177608, 350464, 691488, 170528, 207360, 282296, 313600, 78400, 110976, 139392, 32768, 32768, 16, 120], "neuron_counts_selected": [500, 500, 500, 500, 500, 500, 500, 500, 500, 500, 500, 500, 16, 120], "layer_tarantula_score": [0.613302894529484, 0.8166317599627229, 0.4575662005652963, 0.4978308042805654, 0.1615536158423273, 0.041135312690167736, 0.04768403533238734, 0.03655856425728546, 0.07644856050303964, 0.024682215831241385, 0.02784787882828819, 0.033857166214574644, 0.0312501549361936, 0.01666674929930325], "layer_ochiai_score": [0.327461034365275, 0.14568332361322442, 0.038003285906833495, 0.06865544317027773, 0.041805393447103316, 0.024342314782267418, 0.025055818732623265, 0.022347230202263, 0.03728093843910173, 0.043290114896450224, 0.04454406103599679, 0.043266956382022485, 0.06223903591112141, 0.03319415248593142], "layer_D_star_score": [18.90534762216021, 1.9205093143923375, 0.12868112902265164, 0.804257496592322, 2.2526499559640834, 52.64728658150595, 413.4814460264147, 1338.7161709123639, 1704.018857502379, 4821.046146696506, 4347.388928047692, 5283.039571606568, 8850.536494635076, 4720.286130472041], "layer_Op2_score": [132.78745551404077, 32.56909113553513, 4.767454568594831, 14.861636457850382, 14.358000090908265, 19.89181831074263, 22.310545613221702, 17.142181943800512, 26.31618199834547, 48.608909428096105, 49.89127307933565, 50.427091262806705, 74.31818233470605, 39.636363911843226], "layer_Barinel_score": [0.9914019930377813, 0.9688787838325704, 0.4777419548854397, 0.5584548514560745, 0.2004918977768711, 0.05768858174547816, 0.06528790668124027, 0.055547757351034815, 0.10865530341446099, 0.04759821119117358, 0.05159113956912135, 0.055626700263287136, 0.06197916666666667, 0.03305555555555555], "time": 67.96293902397156}