{"neuron_counts": [800, 288, 128, 512, 512, 128, 128, 128, 128, 128, 128, 64, 32, 1], "neuron_counts_selected": [200, 200, 128, 200, 200, 128, 128, 128, 128, 128, 128, 64, 32, 1], "layer_tarantula_score": [0.3908375069262274, 0.2744915950991715, 0.34747637693131084, 0.2219595812385851, 0.040726863818604506, 0.25591084282900495, 0.049925377650788076, 0.03518894113512828, 0.03518894113512828, 0.03518894113512828, 0.16071884355999963, 0.08405166121935737, 0.07682944814375638, 0.5], "layer_ochiai_score": [0.26269846692177795, 0.13414087176255765, 0.23674575324880576, 0.10130757481722981, 0.02493405474359562, 0.24734704239838537, 0.04467224953391374, 0.03566720416751241, 0.03566720416751241, 0.03566720416751241, 0.20310659287872468, 0.09780952031901266, 0.07784182886196239, 0.7071065669118627], "layer_D_star_score": [7.362917769663766, 1.6111093774386969, 7.491646245517912, 3.005613977119345, 3.0307846818654833, 44.91677509131203, 9.18354115212471, 6.348477486637087, 6.348477486637087, 6.348477486637087, 39.499233317490486, 13.522350072408775, 9.207175409560472, 164.9999000000606], "layer_Op2_score": [29.562832526004513, 10.800633205446873, 26.148990990803977, 9.033167079778853, 3.085882105763812, 40.17873984196771, 7.032882554433523, 5.808452971945389, 5.808452971945389, 5.808452971945389, 43.13973357391744, 18.591002824420617, 12.686058819933516, 164.00602469516585], "layer_Barinel_score": [0.3908375069262274, 0.2744915950991715, 0.34747637693131095, 0.2219595812385851, 0.040726863818604506, 0.25591084282900484, 0.049925377650788104, 0.03518894113512828, 0.03518894113512828, 0.03518894113512828, 0.16071884355999969, 0.08405166121935737, 0.07682944814375633, 0.5], "time": 5.197728872299194}