{"neuron_counts": [800, 288, 128, 512, 512, 128, 128, 128, 128, 128, 128, 64, 32, 1], "neuron_counts_selected": [500, 288, 128, 500, 500, 128, 128, 128, 128, 128, 128, 64, 32, 1], "layer_tarantula_score": [0.41396666723253106, 0.30647999516029517, 0.347293570985903, 0.21297478924343125, 0.03970942599865589, 0.25568550341174434, 0.04992011152073253, 0.03519438180609893, 0.03519438180609893, 0.03519438180609893, 0.16081202098676434, 0.08418735284747818, 0.07695237559278846, 0.4999999981854483], "layer_ochiai_score": [0.28079617209755625, 0.15330176037632526, 0.23590971197268998, 0.10669444680901766, 0.024112075350028232, 0.24655694904917527, 0.04453822046958303, 0.035563012299972455, 0.035563012299972455, 0.035563012299972455, 0.2024936379755594, 0.09749872350492678, 0.0775992128682516, 0.7049735105680157], "layer_D_star_score": [7.722161594327484, 1.9379664946104593, 7.454970426422094, 4.418530663446539, 3.2687536995455297, 44.325484466561086, 9.05730291966618, 6.264745143019015, 6.264745143019015, 6.264745143019015, 39.03397571712285, 13.363848973040643, 9.090494210114345, 163.02385447673385], "layer_Op2_score": [31.595994078079727, 12.719256586823501, 26.1487075637663, 10.315504332714113, 3.1258169545351864, 40.178954210699686, 7.03302551628878, 5.808664637750478, 5.808664637750478, 5.808664637750478, 43.1400907784145, 18.591595017471587, 12.68677933392506, 164.00595297264704], "layer_Barinel_score": [0.4112383689484931, 0.30442138761556947, 0.3449513794407505, 0.21176223191682125, 0.03948552731104285, 0.2542407256367824, 0.049638234159402855, 0.03497586733090546, 0.03497586733090546, 0.03497586733090546, 0.15974079197408733, 0.08352055803090992, 0.07635006629049407, 0.4969879518072289], "time": 10.511663675308228}