{"neuron_counts": [800, 288, 128, 512, 512, 128, 128, 128, 128, 128, 128, 64, 32, 1], "neuron_counts_selected": [100, 100, 100, 100, 100, 100, 100, 100, 100, 100, 100, 64, 32, 1], "layer_tarantula_score": [0.48997875303329325, 0.41239725837022456, 0.49155541573274214, 0.44843830062234374, 0.213362005178558, 0.4461142237638764, 0.18945168625786363, 0.19314649819287133, 0.17869268682002043, 0.13661400084285358, 0.3306377903547459, 0.20520834260512472, 0.2062787924344313, 0.4999999981854483], "layer_ochiai_score": [0.35038824748263664, 0.2338633182179277, 0.34481463761067255, 0.2733998887884943, 0.1467411884720865, 0.4342518427917272, 0.17018529007910252, 0.18606671654149035, 0.1793170861742744, 0.1384617134056227, 0.40135220503924485, 0.2516130012730083, 0.2147726309254897, 0.7049735105680157], "layer_D_star_score": [16.937799710640878, 7.045555092574172, 20.495528203634468, 37.17214180507445, 31.014449217476244, 110.9954330391069, 42.79907957017431, 41.964186366769965, 48.78462404377339, 30.964113694240947, 85.85155477361567, 49.753142881330675, 47.990867099823134, 163.02385447673385], "layer_Op2_score": [42.39386919412549, 23.710357237882594, 44.634583503224114, 35.47398820000702, 22.216904858985203, 74.67440497952084, 27.989940607178212, 30.505773937039322, 29.86482153284432, 23.562738218608203, 88.87648844851877, 52.128441487906855, 37.181175803615595, 164.00595297264704], "layer_Barinel_score": [0.487307150152674, 0.41041865601523364, 0.4889915317992293, 0.44691380253648405, 0.21266013712973678, 0.4445233441530078, 0.1886471046413498, 0.19236584260909084, 0.17798408228004767, 0.13592819301025696, 0.32883634645527393, 0.203877457486913, 0.20514956704852175, 0.4969879518072289], "time": 4.335480213165283}