{"neuron_counts": [6, 1, 3], "neuron_counts_selected": [6, 1, 3], "layer_tarantula_score": [0.31943446179631757, NaN, NaN], "layer_ochiai_score": [0.29174900111873797, NaN, NaN], "layer_D_star_score": [12.7067570670822, NaN, NaN], "layer_Op2_score": [20.434991519246815, NaN, NaN], "layer_Barinel_score": [0.43155932556099647, NaN, NaN], "time": 5.121427297592163}