{"neuron_counts": [6, 1, 3], "neuron_counts_selected": [6, 1, 3], "layer_tarantula_score": [0.2304655185310182, NaN, NaN], "layer_ochiai_score": [0.11906238258770871, NaN, NaN], "layer_D_star_score": [0.5844176517907759, NaN, NaN], "layer_Op2_score": [4.334837070059696, NaN, NaN], "layer_Barinel_score": [0.31741652380655966, NaN, NaN], "time": 1.1402602195739746}