{"neuron_counts": [29, 60, 40, 25, 2], "neuron_counts_selected": [29, 60, 40, 25, 2], "layer_tarantula_score": [0.4807248414619759, 0.46474847082600607, 0.4752138766679185, 0.48026380909961336, 0.49681618662925625], "layer_ochiai_score": [0.4163889260363256, 0.4052493573386898, 0.4214699883428212, 0.4304830612391654, 0.4662502236331882], "layer_D_star_score": [9.878314889401516, 9.16697450787874, 10.507196235725326, 10.880386494883226, 13.758314579031559], "layer_Op2_score": [25.858984951352447, 25.352262077730288, 26.90988203807791, 27.60742827568571, 31.481371381233163], "layer_Barinel_score": [0.3917956944986985, 0.3765970410466087, 0.386506827152372, 0.3910319694251321, 0.40652252902108443], "time": 0.21291399002075195}