{"neuron_counts": [128, 128, 128, 50, 50, 50, 1, 1], "neuron_counts_selected": [128, 128, 128, 50, 50, 50, 1, 1], "layer_tarantula_score": [0.09375, 0.09375, 0.09375, 0.4, 0.4, 0.4, 0.0, 0.5], "layer_ochiai_score": [0.09698599496305446, 0.09698599496305446, 0.09698599496305446, 0.39999980000015, 0.39999980000015, 0.39999980000015, 0.0, 0.7071064276334221], "layer_D_star_score": [8593751.562213155, 8593751.562213155, 8593751.562213155, 39999999.99867214, 39999999.99867214, 39999999.99867214, 0.0, 99.9999000001], "layer_Op2_score": [9.90872549259852, 9.90872549259852, 9.90872549259852, 39.52475294578917, 39.52475294578917, 39.52475294578917, -0.9900980296059112, 99.00990197039408], "layer_Barinel_score": [0.09375, 0.09375, 0.09375, 0.4, 0.4, 0.4, 0.0, 0.5], "time": 0.7815394401550293}