{"neuron_counts": [128, 128, 128, 50, 50, 50, 1, 1], "neuron_counts_selected": [100, 100, 100, 50, 50, 50, 1, 1], "layer_tarantula_score": [0.14, 0.075, 0.09, 0.4, 0.4, 0.4, 0.0, 0.5], "layer_ochiai_score": [0.1399999300000525, 0.08949742993435456, 0.09414208855269844, 0.39999980000015, 0.39999980000015, 0.39999980000015, 0.0, 0.7071064276334221], "layer_D_star_score": [13999999.999535248, 4000006.9998602136, 8000001.999732427, 39999999.99867214, 39999999.99867214, 39999999.99867214, 0.0, 99.9999000001], "layer_Op2_score": [13.742574512302463, 10.683168630526108, 9.782178433486699, 39.52475294578917, 39.52475294578917, 39.52475294578917, -0.9900980296059112, 99.00990197039408], "layer_Barinel_score": [0.14, 0.075, 0.09, 0.4, 0.4, 0.4, 0.0, 0.5], "time": 0.6828920841217041}