{"neuron_counts": [128, 128, 128, 50, 50, 50, 1, 1], "neuron_counts_selected": [100, 100, 100, 50, 50, 50, 1, 1], "layer_tarantula_score": [0.009049999999999999, 0.012200000000000006, 0.0042499999999999994, 0.16000000000000003, 0.16000000000000003, 0.16000000000000003, NaN, 0.5], "layer_ochiai_score": [0.009443498162506501, 0.01311126328159072, 0.004519236555924679, 0.1599999200000598, 0.1599999200000598, 0.1599999200000598, NaN, 0.7071064276334221], "layer_D_star_score": [810000.1899729099, 1000000.4399663914, 360000.12998790917, 15999999.999468857, 15999999.999468857, 15999999.999468857, NaN, 99.9999000001], "layer_Op2_score": [0.4794064560332206, 1.0479211802760557, 0.2480200415643078, 15.277624477599522, 15.277624477599522, 15.277624477599522, -0.9900980296059112, 99.00990197039408], "layer_Barinel_score": [0.009049999999999999, 0.012200000000000006, 0.0042499999999999994, 0.16000000000000003, 0.16000000000000003, 0.16000000000000003, NaN, 0.5], "time": 0.6692390441894531}