{"neuron_counts": [100, 100, 150, 150, 200, 200, 200, 200, 200, 200, 4], "neuron_counts_selected": [100, 100, 150, 150, 200, 200, 200, 200, 200, 200, 4], "layer_tarantula_score": [0.471277217699358, 0.471277217699358, 0.4225774443514632, 0.4225774443514632, 0.09003437698860094, 0.09003437698860094, 0.00010000000000000009, 0.00010000000000000009, NaN, NaN, 0.5000002137814834], "layer_ochiai_score": [0.5107193595647921, 0.5107193595647921, 0.20988612950498592, 0.20988612950498592, 0.015359440640368522, 0.015359440640368522, 7.4382889661394475e-06, 7.4382889661394475e-06, NaN, NaN, 0.8815112865929596], "layer_D_star_score": [45.386207100797925, 45.386207100797925, 4.330151397041277, 4.330151397041277, 0.0244266469200399, 0.0244266469200399, 8.978553784865268e-07, 8.978553784865268e-07, NaN, NaN, 1013.1319257326908], "layer_Op2_score": [99.1349918331135, 99.1349918331135, 22.17477741859465, 22.17477741859465, 0.6431939216270809, 0.6431939216270809, 0.00016091094315052068, 0.00016091094315052068, NaN, NaN, 289.6776329617472], "layer_Barinel_score": [0.7548286251543148, 0.7548286251543148, 0.6782925676338344, 0.6782925676338344, 0.12049556770371041, 0.12049556770371041, 0.00010000000000000009, 0.00010000000000000009, NaN, NaN, 0.7770624157294836], "time": 4.923349142074585}