{"neuron_counts": [100, 100, 150, 150, 200, 200, 200, 200, 200, 200, 4], "neuron_counts_selected": [100, 100, 150, 150, 200, 200, 200, 200, 200, 200, 4], "layer_tarantula_score": [0.5026898938543689, 0.5026898938543689, 0.5316332691381377, 0.5316332691381377, 0.2892754664128232, 0.2892754664128232, 0.01, 0.01, 0.0, 0.0, 0.5000002137814834], "layer_ochiai_score": [0.5303338817882064, 0.5303338817882064, 0.30339049204227836, 0.30339049204227836, 0.056227994738632735, 0.056227994738632735, 0.0007540393630616883, 0.0007540393630616883, 0.0, 0.0, 0.8815112865929596], "layer_D_star_score": [52.812660709206604, 52.812660709206604, 18.43334307171126, 18.43334307171126, 0.30401698225238305, 0.30401698225238305, 9.49226940970931e-05, 9.49226940970931e-05, 0.0, 0.0, 1013.1319257326908], "layer_Op2_score": [105.13769341174294, 105.13769341174294, 44.13548646078752, 44.13548646078752, 3.708891136069594, 3.708891136069594, 0.01653866708278656, 0.01653866708278656, 0.0, 0.0, 289.6776329617472], "layer_Barinel_score": [0.7765615413355174, 0.7765615413355174, 0.760715639077634, 0.760715639077634, 0.3403196667178844, 0.3403196667178844, 0.01, 0.01, 0.0, 0.0, 0.7770624157294836], "time": 4.262042045593262}