{"neuron_counts": [100, 100, 150, 150, 200, 200, 200, 200, 200, 200, 4], "neuron_counts_selected": [100, 100, 150, 150, 200, 200, 200, 200, 200, 200, 4], "layer_tarantula_score": [0.5009738490229841, 0.5009738490229841, 0.50166792660655, 0.50166792660655, 0.5032343611373353, 0.5032343611373353, 0.3708755222409569, 0.3708755222409569, 0.08982169020752612, 0.08982169020752612, 0.5000002137814834], "layer_ochiai_score": [0.5912930065227813, 0.5912930065227813, 0.49686120360253594, 0.49686120360253594, 0.3509248781957147, 0.3509248781957147, 0.14790708479991832, 0.14790708479991832, 0.01420030633109536, 0.01420030633109536, 0.8815112865929596], "layer_D_star_score": [88.57664108115019, 88.57664108115019, 90.64105474039988, 90.64105474039988, 54.61699163810828, 54.61699163810828, 11.748078544185418, 11.748078544185418, 0.03090119224991212, 0.03090119224991212, 1013.1319257326908], "layer_Op2_score": [130.6367742493012, 130.6367742493012, 104.00034017378069, 104.00034017378069, 64.64590049707897, 64.64590049707897, 20.302962306895296, 20.302962306895296, 0.7223157368901011, 0.7223157368901011, 289.6776329617472], "layer_Barinel_score": [0.7761707370234298, 0.7761707370234298, 0.7726309371077236, 0.7726309371077236, 0.7312511530458312, 0.7312511530458312, 0.4955488165929544, 0.4955488165929544, 0.1034967644866619, 0.1034967644866619, 0.7770624157294836], "time": 4.687147378921509}