{"neuron_counts": [21632, 5408, 7744, 1600, 576, 64, 64, 32, 32, 32, 1], "neuron_counts_selected": [500, 500, 500, 500, 500, 64, 64, 32, 32, 32, 1], "layer_tarantula_score": [0.0, 0.0, 0.37867394341308536, 0.435390949722614, 0.5305014820000338, 0.5448665529858447, 0.5448665529858447, 0.625, 0.53125, 0.46875, 0.4999999965034874], "layer_ochiai_score": [0.0, 0.0, 0.1311270333807345, 0.2118276540491117, 0.24654061809050323, 0.5053082995095033, 0.5053082995095033, 0.6044837125726088, 0.5255195662553366, 0.4684631813842529, 0.6805679667147357], "layer_D_star_score": [0.0, 0.0, 147.30735239516008, 322.07304273553154, 4207.244819951532, 34297.27620968168, 34297.27620968168, 17786.38344303755, 47384.868145595756, 405038.6642423674, 846.4036194895673], "layer_Op2_score": [0.0, 0.0, 77.89116696545106, 151.0003971992621, 176.72445695391414, 469.24704801074927, 469.24704801074927, 573.8602537633784, 509.6274440161516, 458.75186735759075, 980.0008788224184], "layer_Barinel_score": [0.0, 0.0, 0.373585019196369, 0.42778121720665674, 0.527361300652059, 0.5445605766336545, 0.5445605766336545, 0.625, 0.53125, 0.46875, 0.4631728045325779], "time": 46.52183175086975}