{"neuron_counts": [21632, 5408, 7744, 1600, 576, 64, 64, 32, 32, 32, 1], "neuron_counts_selected": [200, 200, 200, 200, 200, 64, 64, 32, 32, 32, 1], "layer_tarantula_score": [0.24502024763581043, 0.34392010588345795, 0.30637358307391305, 0.3044312556916054, 0.37858030461564923, 0.21980683294541017, 0.21980683294541017, 0.38390834725554385, 0.2562981585167506, 0.22010388964326252, 0.49999999651622795], "layer_ochiai_score": [0.09070731811280071, 0.18800172260047224, 0.13915151963214042, 0.21083643444847458, 0.20401835657630096, 0.24768170479150592, 0.24768170479150592, 0.39123375859450366, 0.2675617790383697, 0.2202347184253322, 0.6807032589270839], "layer_D_star_score": [21.059434505590186, 117.98479511297863, 61.91111803269738, 203.47355091883537, 465.4981338140348, 751.8804034119745, 751.8804034119745, 8634.192771227401, 10218.300738203847, 118478.38301314428, 846.16732632887], "layer_Op2_score": [49.08487137347724, 144.2274011307922, 88.23009629364229, 180.7137811414015, 139.25840196911278, 299.5632271164805, 299.5632271164805, 394.81509705830655, 279.67047125858267, 215.3625420195893, 979.0008803696409], "layer_Barinel_score": [0.2371682097586956, 0.3291041022403669, 0.29430280224278776, 0.2889637814260121, 0.3659618518082842, 0.20818111353026214, 0.20818111353026214, 0.37945820624666426, 0.25269912388036203, 0.2199203848960512, 0.46335697399527187], "time": 19.815551042556763}