{"neuron_counts": [21632, 5408, 7744, 1600, 576, 64, 64, 32, 32, 32, 1], "neuron_counts_selected": [500, 500, 500, 500, 500, 64, 64, 32, 32, 32, 1], "layer_tarantula_score": [0.016774913788622066, 0.018130534283643036, 0.23230311138185658, 0.29827636642636646, 0.33616359891890735, 0.27636554576864375, 0.27636554576864375, 0.3905295788389003, 0.28217154489360013, 0.2197265625, 0.49999999651622795], "layer_ochiai_score": [0.002367112540436031, 0.0028271415529277236, 0.07012238911539306, 0.12739182699973342, 0.13558533989112914, 0.27460056900531704, 0.27460056900531704, 0.3905183685585165, 0.28219468473037135, 0.219726551289462, 0.6807032589270839], "layer_D_star_score": [0.07585609767174663, 0.2120955532910952, 13.956629434406274, 74.99962283492718, 522.435084009503, 5504.8360147317435, 5504.8360147317435, 2110399589.7578306, 2110313925.7778158, 2110253906.7797172, 846.16732632887], "layer_Op2_score": [0.5593374579569343, 0.8212755319211661, 31.96451963648785, 81.39549685269395, 83.58575649138766, 268.348619324054, 268.348619324054, 382.0914582264514, 275.8649301219939, 214.55244474154597, 979.0008803696409], "layer_Barinel_score": [0.016474667827799803, 0.017673075169086335, 0.2254908643133173, 0.2880785489110102, 0.3285832772908736, 0.27314977350647446, 0.27314977350647446, 0.39051450210244654, 0.2821628520005098, 0.2197265625, 0.46335697399527187], "time": 46.28508281707764}