{"neuron_counts": [21632, 5408, 7744, 1600, 576, 64, 64, 32, 32, 32, 1], "neuron_counts_selected": [200, 200, 200, 200, 200, 64, 64, 32, 32, 32, 1], "layer_tarantula_score": [0.1049776509088476, 0.14803983039807309, 0.2684662205984652, 0.3097246233438971, 0.43030720006817524, 0.25328394525955666, 0.25328394525955666, 0.3903346333315403, 0.28187486431913855, 0.21965705321739432, 0.4999999965034874], "layer_ochiai_score": [0.020032414582106115, 0.03791002575335918, 0.07982947579064155, 0.15857965353693318, 0.19334333534637116, 0.26773840577892893, 0.26773840577892893, 0.3907787436574734, 0.28204771302624815, 0.21968626529956592, 0.6805679667147357], "layer_D_star_score": [1.3561504189278095, 4.3401887866869915, 15.411825871295507, 63.95178433546129, 356.3470197279383, 2580.236514677608, 2580.236514677608, 460643152.8943422, 150566717.4080158, 1353396273.2368348, 846.4036194895673], "layer_Op2_score": [6.313898178431585, 14.645679395252294, 36.29982584214193, 103.40761315495918, 126.76557810031832, 280.5607243540629, 280.5607243540629, 383.4973672822983, 276.21700374962165, 214.77210058751393, 980.0008788224184], "layer_Barinel_score": [0.1020922082833005, 0.14442982439472352, 0.2591150367833276, 0.2963072604021619, 0.4195418776419474, 0.24707612272199644, 0.24707612272199644, 0.39001785093595187, 0.28179791794409476, 0.21964601101069228, 0.4631728045325779], "time": 22.141448259353638}