{"neuron_counts": [21632, 5408, 7744, 1600, 576, 64, 64, 32, 32, 32, 1], "neuron_counts_selected": [500, 500, 500, 500, 500, 64, 64, 32, 32, 32, 1], "layer_tarantula_score": [0.08851395618437423, 0.13405168016606406, 0.28448312176348794, 0.33947110377928713, 0.37915356630104063, 0.25328394525955666, 0.25328394525955666, 0.3903346333315403, 0.28187486431913855, 0.21965705321739432, 0.4999999965034874], "layer_ochiai_score": [0.01843795154160027, 0.02924805742495714, 0.09885837965990836, 0.1695304431186497, 0.1605996675604711, 0.26773840577892893, 0.26773840577892893, 0.3907787436574734, 0.28204771302624815, 0.21968626529956592, 0.6805679667147357], "layer_D_star_score": [1.3069349533838825, 4.357520172995984, 27.319904313901976, 120.51674390834043, 633.7200542345902, 2580.236514677608, 2580.236514677608, 460643152.8943422, 150566717.4080158, 1353396273.2368348, 846.4036194895673], "layer_Op2_score": [5.972456788337341, 11.540556089535709, 51.60719841572955, 117.74792558519383, 103.31783594523505, 280.5607243540629, 280.5607243540629, 383.4973672822983, 276.21700374962165, 214.77210058751393, 980.0008788224184], "layer_Barinel_score": [0.0861530144632576, 0.13047569524679048, 0.27484389941237314, 0.3257179915653794, 0.3691736030935134, 0.24707612272199644, 0.24707612272199644, 0.39001785093595187, 0.28179791794409476, 0.21964601101069228, 0.4631728045325779], "time": 47.26570677757263}