{"neuron_counts": [21632, 5408, 7744, 1600, 576, 64, 64, 32, 32, 32, 1], "neuron_counts_selected": [500, 500, 500, 500, 500, 64, 64, 32, 32, 32, 1], "layer_tarantula_score": [0.0015682526552203277, 0.0013294297961295176, 0.1780245960177398, 0.2358678651678009, 0.32956677664785883, 0.2907378514607141, 0.2907378514607141, 0.390625, 0.2822265625, 0.2197265625, 0.49999999651622795], "layer_ochiai_score": [0.00022460894562299172, 0.0002091229781955818, 0.045426756157417564, 0.09203471125527457, 0.11355503856734878, 0.27451457336794766, 0.27451457336794766, 0.3896959765651058, 0.28206306535865794, 0.219726551289462, 0.6807032589270839], "layer_D_star_score": [0.0021394160845057126, 0.0023955506987283605, 7.365056510329498, 43.29720526564097, 383.3298433599512, 7556.16863763673, 7556.16863763673, 105532.49757655109, 234689721.72955877, 2110253906.7797172, 846.16732632887], "layer_Op2_score": [0.03826508807455474, 0.04411861269731242, 18.588611451846212, 54.6304123145284, 68.00116434288412, 256.061070651156, 256.061070651156, 380.3882455418922, 275.5456225528585, 214.55292528590286, 979.0008803696409], "layer_Barinel_score": [0.001547821836248435, 0.0012865755385035942, 0.17314599263037223, 0.22831756493642297, 0.3237540098087076, 0.2894484558761581, 0.2894484558761581, 0.390625, 0.2822265625, 0.2197265625, 0.46335697399527187], "time": 44.66373372077942}