{"neuron_counts": [21632, 5408, 7744, 1600, 576, 64, 64, 32, 32, 32, 1], "neuron_counts_selected": [500, 500, 500, 500, 500, 64, 64, 32, 32, 32, 1], "layer_tarantula_score": [0.293479297840019, 0.36091451002207575, 0.5219214886795842, 0.5637951768987605, 0.6079035408605761, 0.49428479021967564, 0.49428479021967564, 0.6244317910550651, 0.5307650623005413, 0.46866761862802286, 0.4999999965034874], "layer_ochiai_score": [0.09094126949247126, 0.12501473973640276, 0.24682974554565015, 0.3517456387873685, 0.3509154250546925, 0.5071226236156965, 0.5071226236156965, 0.6248931781226125, 0.5309911317534403, 0.46870222973662534, 0.6805679667147357], "layer_D_star_score": [20.404391367172938, 61.918603403718315, 275.96688223361525, 1044.199604339712, 12341.743310369224, 15384.989402944382, 15384.989402944382, 2105362659.1589594, 1203282030.697251, 3608943963.228414, 846.4036194895673], "layer_Op2_score": [43.74256239239346, 72.22434270998747, 168.96352373642148, 294.98883833068203, 286.92116170938823, 522.7868107859788, 522.7868107859788, 613.3741212984077, 520.7498627389181, 459.3128844930462, 980.0008788224184], "layer_Barinel_score": [0.2893648049901081, 0.35576486669223273, 0.5126905049196007, 0.5513601704740849, 0.5996511654894209, 0.48732394947514146, 0.48732394947514146, 0.6241547132565548, 0.5306693048265059, 0.46865453156822806, 0.4631728045325779], "time": 47.86039996147156}