{"neuron_counts": [21632, 5408, 7744, 1600, 576, 64, 64, 32, 32, 32, 1], "neuron_counts_selected": [500, 500, 500, 500, 500, 64, 64, 32, 32, 32, 1], "layer_tarantula_score": [0.0014503555802757456, 0.001888193340140053, 0.1865312735124264, 0.2371668940404209, 0.3790917631727649, 0.2907507813989136, 0.2907507813989136, 0.390625, 0.2822265625, 0.2197265625, 0.4999999965034874], "layer_ochiai_score": [0.0001905874747176495, 0.0002921354208523718, 0.04767296272326261, 0.09838798749144853, 0.11944633176007328, 0.2744351343185828, 0.2744351343185828, 0.38969692487806384, 0.2820632320815177, 0.2197265513008896, 0.6805679667147357], "layer_D_star_score": [0.0030842983306954342, 0.008245349989798636, 9.328298167171392, 39.009240098958706, 341.5591408497432, 7455.916807562326, 7455.916807562326, 105748.7582167692, 235168925.2274261, 2114562744.671424, 846.4036194895673], "layer_Op2_score": [0.03700518110323236, 0.07098774354238081, 19.59840020576863, 58.517598924502394, 63.61411750237316, 256.1549154131783, 256.1549154131783, 380.77886442604574, 275.82784616766025, 214.77264979660438, 980.0008788224184], "layer_Barinel_score": [0.0014332606579530616, 0.0018429229828933681, 0.1810570037586036, 0.2285260496051488, 0.3738129423488289, 0.2894562057556638, 0.2894562057556638, 0.390625, 0.2822265625, 0.2197265625, 0.4631728045325779], "time": 46.35480308532715}