{"neuron_counts": [21632, 5408, 7744, 1600, 576, 64, 64, 32, 32, 32, 1], "neuron_counts_selected": [2000, 2000, 2000, 1600, 576, 64, 64, 32, 32, 32, 1], "layer_tarantula_score": [0.23778651227805686, 0.2986795532935393, 0.29668824552852974, 0.3509002068976564, 0.4092664759096803, 0.21980683294541017, 0.21980683294541017, 0.38390834725554385, 0.2562981585167506, 0.22010388964326252, 0.49999999651622795], "layer_ochiai_score": [0.08550690815695501, 0.1251554410973349, 0.11750457683207131, 0.23875133333414697, 0.2055530752410345, 0.24768170479150592, 0.24768170479150592, 0.39123375859450366, 0.2675617790383697, 0.2202347184253322, 0.6807032589270839], "layer_D_star_score": [25.051522301141702, 63.61544387978448, 36.681382766811, 183.4585553168558, 589.211890897459, 751.8804034119745, 751.8804034119745, 8634.192771227401, 10218.300738203847, 118478.38301314428, 846.16732632887], "layer_Op2_score": [47.002307840146194, 81.56011446391744, 66.05609932986388, 194.96632827054674, 143.2620584270311, 299.5632271164805, 299.5632271164805, 394.81509705830655, 279.67047125858267, 215.3625420195893, 979.0008803696409], "layer_Barinel_score": [0.22950548439980584, 0.287192049278371, 0.28553034701296115, 0.3334078236743149, 0.39485481581165877, 0.20818111353026214, 0.20818111353026214, 0.37945820624666426, 0.25269912388036203, 0.2199203848960512, 0.46335697399527187], "time": 137.3176007270813}