{"neuron_counts": [21632, 5408, 7744, 1600, 576, 64, 64, 32, 32, 32, 1], "neuron_counts_selected": [2000, 2000, 2000, 1600, 576, 64, 64, 32, 32, 32, 1], "layer_tarantula_score": [0.474947748680362, 0.5288340540736387, 0.5296825977242404, 0.5619935843916514, 0.6249619656142317, 0.43311107563477685, 0.43311107563477685, 0.6109579826491089, 0.5011189971246779, 0.4685822284996311, 0.4999999965034874], "layer_ochiai_score": [0.2312160069051369, 0.29554739779397904, 0.2730700598966109, 0.4216626659998843, 0.3901857965007333, 0.46842497929615345, 0.46842497929615345, 0.6199909566033277, 0.5137532947803365, 0.46885306782565517, 0.6805679667147357], "layer_D_star_score": [170.96038336738278, 417.67646758986734, 335.68427962856555, 1234.6322094558554, 11946.867427806603, 4204.91905895801, 4204.91905895801, 20407.18545020713, 33090.97530715116, 325771.52326830756, 846.4036194895673], "layer_Op2_score": [166.2908137171517, 239.86800528418232, 196.32556284336002, 388.8981799470514, 331.4111257840252, 539.7735474001715, 539.7735474001715, 621.6013565816031, 523.3890323389471, 459.87472544213745, 980.0008788224184], "layer_Barinel_score": [0.4656736451044069, 0.5172465340848443, 0.5189311535290326, 0.5461045999106752, 0.6133942422152275, 0.41852643518349536, 0.41852643518349536, 0.6064106042089418, 0.4971564613541609, 0.4683862525253596, 0.4631728045325779], "time": 144.391667842865}