{"neuron_counts": [21632, 5408, 7744, 1600, 576, 64, 64, 32, 32, 32, 1], "neuron_counts_selected": [100, 100, 100, 100, 100, 64, 64, 32, 32, 32, 1], "layer_tarantula_score": [0.45841636326375834, 0.4511098911933546, 0.5559130581580898, 0.548897205412044, 0.6421883816548208, 0.43311107563477685, 0.43311107563477685, 0.6109579826491089, 0.5011189971246779, 0.4685822284996311, 0.4999999965034874], "layer_ochiai_score": [0.2327910929823549, 0.2716544180583501, 0.28556763450412787, 0.41614653528161716, 0.4373568209428831, 0.46842497929615345, 0.46842497929615345, 0.6199909566033277, 0.5137532947803365, 0.46885306782565517, 0.6805679667147357], "layer_D_star_score": [129.4438069086868, 483.8249116032234, 489.63328152702377, 1640.6645078104918, 10319.517888375965, 4204.91905895801, 4204.91905895801, 20407.18545020713, 33090.97530715116, 325771.52326830756, 846.4036194895673], "layer_Op2_score": [155.10868190696993, 227.46289104719762, 210.78912127687866, 374.39585240018874, 389.0752372860072, 539.7735474001715, 539.7735474001715, 621.6013565816031, 523.3890323389471, 459.87472544213745, 980.0008788224184], "layer_Barinel_score": [0.4492992289321402, 0.44334764935950405, 0.5454669337703741, 0.5346421306937057, 0.6283007175540178, 0.41852643518349536, 0.41852643518349536, 0.6064106042089418, 0.4971564613541609, 0.4683862525253596, 0.4631728045325779], "time": 12.93067455291748}