{"neuron_counts": [21632, 5408, 7744, 1600, 576, 64, 64, 32, 32, 32, 1], "neuron_counts_selected": [200, 200, 200, 200, 200, 64, 64, 32, 32, 32, 1], "layer_tarantula_score": [0.1114458874061816, 0.1228358296703058, 0.24426436234231283, 0.2910798856465642, 0.3720062407541822, 0.25328394525955666, 0.25328394525955666, 0.3903346333315403, 0.28187486431913855, 0.21965705321739432, 0.4999999965034874], "layer_ochiai_score": [0.02234377667733933, 0.035698639804167834, 0.08388790416361638, 0.1644676528353165, 0.17785827891195824, 0.26773840577892893, 0.26773840577892893, 0.3907787436574734, 0.28204771302624815, 0.21968626529956592, 0.6805679667147357], "layer_D_star_score": [2.7002512554667644, 8.323858822203873, 26.004574063195623, 105.52066979791667, 995.6929672165719, 2580.236514677608, 2580.236514677608, 460643152.8943422, 150566717.4080158, 1353396273.2368348, 846.4036194895673], "layer_Op2_score": [7.611742730400448, 17.43859543272232, 43.491434804168755, 124.13959955595787, 116.8458733809472, 280.5607243540629, 280.5607243540629, 383.4973672822983, 276.21700374962165, 214.77210058751393, 980.0008788224184], "layer_Barinel_score": [0.10871059536741927, 0.11943170495125019, 0.2367027646985313, 0.2763861245018745, 0.3613290321732368, 0.24707612272199644, 0.24707612272199644, 0.39001785093595187, 0.28179791794409476, 0.21964601101069228, 0.4631728045325779], "time": 21.603090286254883}