{"neuron_counts": [1605632, 1605632, 1605632, 401408, 401408, 802816, 802816, 200704, 200704, 200704, 200704, 50176, 50176, 100352, 100352, 25088, 25088, 25088, 1024, 2048, 4096, 2], "neuron_counts_selected": [200, 200, 200, 200, 200, 200, 200, 200, 200, 200, 200, 200, 200, 200, 200, 200, 200, 200, 200, 200, 200, 2], "layer_tarantula_score": [0.4872624792109076, 0.25684483182606127, 0.1594763421487015, 0.2744904476267243, 0.2506487096006616, 0.051524167154754066, 0.01155363791257871, 0.02257783274947917, 0.015, 0.0, 0.0, 0.0, 0.0, 0.0, 0.0, 0.0, 0.0, 0.0, 0.0, 0.0, 0.0, 0.5000000496558357], "layer_ochiai_score": [0.43267127795124816, 0.1407897221771544, 0.06927489498598663, 0.14650322816796543, 0.1424115807673785, 0.03894593649315669, 0.007033451081363562, 0.009412372382534834, 0.004015956580024603, 0.0, 0.0, 0.0, 0.0, 0.0, 0.0, 0.0, 0.0, 0.0, 0.0, 0.0, 0.0, 0.7147411114422308], "layer_D_star_score": [4.210006306973633, 0.8710808161920078, 0.3653690847455598, 1.3795900060382118, 1.7423857188272778, 0.24800570431977553, 0.020031630714894853, 0.044206804852324415, 0.001969919574490061, 0.0, 0.0, 0.0, 0.0, 0.0, 0.0, 0.0, 0.0, 0.0, 0.0, 0.0, 0.0, 23.342063790908846], "layer_Op2_score": [8.142624478955629, 2.017424540627153, 0.8764153610612303, 2.309074148869499, 2.4336991131727883, 0.6268863043691371, 0.09304690065674247, 0.12617860402085268, 0.02358036025460382, 0.0, 0.0, 0.0, 0.0, 0.0, 0.0, 0.0, 0.0, 0.0, 0.0, 0.0, 0.0, 21.394647160649146], "layer_Barinel_score": [0.4974652660912619, 0.26007285099460675, 0.16051376257176073, 0.2775779004309203, 0.2535489693333264, 0.05258339336698958, 0.011802389398849044, 0.0227780881853959, 0.015, 0.0, 0.0, 0.0, 0.0, 0.0, 0.0, 0.0, 0.0, 0.0, 0.0, 0.0, 0.0, 0.510857142089727], "time": 2.4445581436157227}