{"neuron_counts": [1605632, 1605632, 1605632, 401408, 401408, 802816, 802816, 200704, 200704, 200704, 200704, 50176, 50176, 100352, 100352, 25088, 25088, 25088, 1024, 2048, 4096, 2], "neuron_counts_selected": [200, 200, 200, 200, 200, 200, 200, 200, 200, 200, 200, 200, 200, 200, 200, 200, 200, 200, 200, 200, 200, 2], "layer_tarantula_score": [0.4244210287690251, 0.08375423818355682, 0.027782387955182064, 0.09289937714817821, 0.07884863750407788, 0.004721305916305956, 0.0002392857142857209, 0.0005835622710622722, 0.00022500000000000018, 0, 0, 0, 0, 0, 0, 0, 0, 0, 0, 0, 0, 0.5], "layer_ochiai_score": [0.3673123317604826, 0.045394846123172704, 0.011838799347022417, 0.047477686243450515, 0.040354732508531554, 0.0034464551255445255, 0.00014075218272636942, 0.000277440388106035, 5.8094556544896326e-05, 0, 0, 0, 0, 0, 0, 0, 0, 0, 0, 0, 0, 0.7071044241757286], "layer_D_star_score": [1.6030214010208732, 0.07111105200288466, 0.012458953300465106, 0.09521228861803915, 0.11260688473895936, 0.008912362292146574, 0.0001938827100444339, 0.000307135981360834, 1.6071313776333752e-05, 0, 0, 0, 0, 0, 0, 0, 0, 0, 0, 0, 0, 14.999900000666662], "layer_Op2_score": [4.344530505434341, 0.3033674573908916, 0.05153449212817411, 0.3088533940412867, 0.285765818807383, 0.031234411659927762, 0.0011343758789008236, 0.0016953133105418292, -0.0010187422266111112, 0, 0, 0, 0, 0, 0, 0, 0, 0, 0, 0, 0, 14.06250585933838], "layer_Barinel_score": [0.4244210287690251, 0.08375423818355679, 0.027782387955182064, 0.09289937714817821, 0.07884863750407792, 0.004721305916305956, 0.0002392857142857209, 0.0005835622710622722, 0.00022500000000000018, 0, 0, 0, 0, 0, 0, 0, 0, 0, 0, 0, 0, 0.5], "time": 2.6033151149749756}