{"neuron_counts": [1605632, 1605632, 1605632, 401408, 401408, 802816, 802816, 200704, 200704, 200704, 200704, 50176, 50176, 100352, 100352, 25088, 25088, 25088, 1024, 2048, 4096, 2], "neuron_counts_selected": [2000, 2000, 2000, 2000, 2000, 2000, 2000, 2000, 2000, 2000, 2000, 2000, 2000, 2000, 2000, 2000, 2000, 2000, 1024, 2000, 2000, 2], "layer_tarantula_score": [0.5012147931496426, 0.27585247257382606, 0.1614057899701947, 0.2727426536762108, 0.28329923455691053, 0.04604880906361406, 0.008014668852298184, 0.01672254191696753, 0.009498596998116607, 0.0, 0.0, 0.0, 0.0, 0.0, 0.0, 0.0, 0.0, 0.0, 0.0, 0.0, 0.0, 0.5000000496558357], "layer_ochiai_score": [0.4482232952355695, 0.14522762115980692, 0.07380366995693817, 0.15564272038296953, 0.15334090635392125, 0.03219644435248517, 0.004315314362806507, 0.012409042967927306, 0.00560184702414966, 0.0, 0.0, 0.0, 0.0, 0.0, 0.0, 0.0, 0.0, 0.0, 0.0, 0.0, 0.0, 0.7147411114422308], "layer_D_star_score": [4.502154149244334, 0.9566936194421096, 0.3842143847926378, 1.6645894456438872, 1.4139154033489436, 0.2590671472611062, 0.0172238563571742, 0.16450640665687652, 0.0697769761483584, 0.0, 0.0, 0.0, 0.0, 0.0, 0.0, 0.0, 0.0, 0.0, 0.0, 0.0, 0.0, 23.342063790908846], "layer_Op2_score": [8.52961777736556, 2.055037021863181, 0.9308521923879802, 2.58347039605872, 2.3936259367003667, 0.5415409568406446, 0.055749120472983194, 0.2513616618008928, 0.09869890257955177, 0.0, 0.0, 0.0, 0.0, 0.0, 0.0, 0.0, 0.0, 0.0, 0.0, 0.0, 0.0, 21.394647160649146], "layer_Barinel_score": [0.5114367277401486, 0.27915456391757837, 0.16283415696477715, 0.2760432164924955, 0.28653203474362576, 0.04681477419267206, 0.00812654115810485, 0.01694885936544492, 0.009585894267690276, 0.0, 0.0, 0.0, 0.0, 0.0, 0.0, 0.0, 0.0, 0.0, 0.0, 0.0, 0.0, 0.510857142089727], "time": 12.208999633789062}