{"neuron_counts": [1605632, 1605632, 1605632, 401408, 401408, 802816, 802816, 200704, 200704, 200704, 200704, 50176, 50176, 100352, 100352, 25088, 25088, 25088, 1024, 2048, 4096, 2], "neuron_counts_selected": [2000, 2000, 2000, 2000, 2000, 2000, 2000, 2000, 2000, 2000, 2000, 2000, 2000, 2000, 2000, 2000, 2000, 2000, 1024, 2000, 2000, 2], "layer_tarantula_score": [0.4297621747559006, 0.0987645300464724, 0.035479117955523574, 0.09699321986464284, 0.08366710186597118, 0.00314983613704067, 0.00014793260820696144, 0.00015757286370157085, 0.00039310978381313874, NaN, NaN, NaN, NaN, NaN, NaN, NaN, NaN, NaN, NaN, NaN, NaN, 0.5000000496558357], "layer_ochiai_score": [0.3772103705413006, 0.052564264891279314, 0.01601595255431026, 0.052681563535872854, 0.04397850080162891, 0.0021773460442173188, 9.30746971515166e-05, 0.00011979439703012754, 0.00024437474871847714, NaN, NaN, NaN, NaN, NaN, NaN, NaN, NaN, NaN, NaN, NaN, NaN, 0.7147411114422308], "layer_D_star_score": [2.5423958071016224, 0.1334035317921337, 0.025059590961291324, 0.19218839556738804, 0.1429955572473439, 0.00917429248302259, 0.00023980094559849653, 0.001100140838710652, 0.0016434372894564922, NaN, NaN, NaN, NaN, NaN, NaN, NaN, NaN, NaN, NaN, NaN, NaN, 23.342063790908846], "layer_Op2_score": [6.745276688907488, 0.537146056364577, 0.1286468498628205, 0.576275550909323, 0.45912104179586116, 0.029086256367321473, 0.00046735876008254055, 6.034929976813476e-05, 0.002578940545232848, NaN, NaN, NaN, NaN, NaN, NaN, NaN, NaN, NaN, NaN, NaN, NaN, 21.394647160649146], "layer_Barinel_score": [0.4399854676359334, 0.10072701213834749, 0.03604699160463042, 0.09883763233446806, 0.08528304116502047, 0.0032196129217685354, 0.00015147644029634083, 0.000160723597868868, 0.00040020652326126625, NaN, NaN, NaN, NaN, NaN, NaN, NaN, NaN, NaN, NaN, NaN, NaN, 0.510857142089727], "time": 13.151750802993774}