{"neuron_counts": [1605632, 1605632, 1605632, 401408, 401408, 802816, 802816, 200704, 200704, 200704, 200704, 50176, 50176, 100352, 100352, 25088, 25088, 25088, 1024, 2048, 4096, 2], "neuron_counts_selected": [100, 100, 100, 100, 100, 100, 100, 100, 100, 100, 100, 100, 100, 100, 100, 100, 100, 100, 100, 100, 100, 2], "layer_tarantula_score": [0.41893497068291186, 0.08883162643928666, 0.035247843137255, 0.07204147619892194, 0.13708186378980505, 0.004033461538461625, 0.00010000000000000009, 0.00017337461300310825, 0, 0, 0, 0, 0, 0, 0, 0, 0, 0, 0, 0, 0, 0.5], "layer_ochiai_score": [0.36700949060432975, 0.04426866658732927, 0.017121972837930082, 0.038346738358140196, 0.07449476820489831, 0.0027968421858850503, 2.581980290884931e-05, 0.00019226103307993484, 0, 0, 0, 0, 0, 0, 0, 0, 0, 0, 0, 0, 0, 0.7071044241757286], "layer_D_star_score": [1.630631445949368, 0.06329452897602576, 0.020198906946515615, 0.06885729934732492, 0.20697862617193552, 0.008897006749099127, 7.142806122813573e-06, 0.0014666582407891606, 0, 0, 0, 0, 0, 0, 0, 0, 0, 0, 0, 0, 0, 14.999900000666662], "layer_Op2_score": [4.363508692445673, 0.279162725232968, 0.09949384128849142, 0.24523782663858418, 0.5619565390216319, 0.025331271054556005, 0.00010000000000000009, 0.002937501640614809, 0, 0, 0, 0, 0, 0, 0, 0, 0, 0, 0, 0, 0, 14.06250585933838], "layer_Barinel_score": [0.41893497068291186, 0.08883162643928666, 0.035247843137255, 0.07204147619892194, 0.13708186378980505, 0.004033461538461625, 0.00010000000000000009, 0.00017337461300310624, 0, 0, 0, 0, 0, 0, 0, 0, 0, 0, 0, 0, 0, 0.5], "time": 3.525575637817383}