{"neuron_counts": [1605632, 1605632, 1605632, 401408, 401408, 802816, 802816, 200704, 200704, 200704, 200704, 50176, 50176, 100352, 100352, 25088, 25088, 25088, 1024, 2048, 4096, 2], "neuron_counts_selected": [100, 100, 100, 100, 100, 100, 100, 100, 100, 100, 100, 100, 100, 100, 100, 100, 100, 100, 100, 100, 100, 2], "layer_tarantula_score": [0.42751114812475105, 0.08398111358448317, 0.06633537704555516, 0.0868251070309, 0.12012693496046428, 0.006820289974043905, 0, 0, 0.000857777777777757, 0, 0, 0, 0, 0, 0, 0, 0, 0, 0, 0, 0, 0.5], "layer_ochiai_score": [0.3734050174058218, 0.048424815909929544, 0.027986471688306692, 0.04636457299468842, 0.062108975760997116, 0.005033956740214887, 0, 0, 0.0005106667810482797, 0, 0, 0, 0, 0, 0, 0, 0, 0, 0, 0, 0, 0.7071044241757286], "layer_D_star_score": [1.6895465336083804, 0.08437148887187697, 0.03880991358766868, 0.07951853860957638, 0.13792960897055562, 0.01361124872085666, 0, 0, 0.0015620772841177014, 0, 0, 0, 0, 0, 0, 0, 0, 0, 0, 0, 0, 14.999900000666662], "layer_Op2_score": [4.440777357641515, 0.35025027531077935, 0.14916265210842472, 0.3143127511703061, 0.4210128361697743, 0.04879377878888273, -0.0049624689845688425, 0, 0.004250001562489834, 0, 0, 0, 0, 0, 0, 0, 0, 0, 0, 0, 0, 14.06250585933838], "layer_Barinel_score": [0.42751114812475105, 0.08398111358448318, 0.06633537704555516, 0.08682510703090006, 0.12012693496046425, 0.006820289974043898, 0, 0, 0.000857777777777757, 0, 0, 0, 0, 0, 0, 0, 0, 0, 0, 0, 0, 0.5], "time": 2.791471481323242}