{"neuron_counts": [1605632, 1605632, 1605632, 401408, 401408, 802816, 802816, 200704, 200704, 200704, 200704, 50176, 50176, 100352, 100352, 25088, 25088, 25088, 1024, 2048, 4096, 2], "neuron_counts_selected": [500, 500, 500, 500, 500, 500, 500, 500, 500, 500, 500, 500, 500, 500, 500, 500, 500, 500, 500, 500, 500, 2], "layer_tarantula_score": [0.5024402110433883, 0.13574091408056563, 0.007042174055382794, 0.011245752197954819, 0.014905004982850752, 0.0, 0.0, 0.0, 0.0, 0.0, 0.0, 0.0, 0.0, 0.0, 0.0, 0.0, 0.0, 0.0, 0.0, 0.0, 0.0, 0.5000000496558357], "layer_ochiai_score": [0.32611162856222725, 0.05873595958653636, 0.0018354092801926695, 0.0035266117279430524, 0.004981566638108593, 0.0, 0.0, 0.0, 0.0, 0.0, 0.0, 0.0, 0.0, 0.0, 0.0, 0.0, 0.0, 0.0, 0.0, 0.0, 0.0, 0.7147411114422308], "layer_D_star_score": [1.5879260776078552, 0.24034793861099618, 0.0006961838118431665, 0.002404059232712754, 0.0044771591395020936, 0.0, 0.0, 0.0, 0.0, 0.0, 0.0, 0.0, 0.0, 0.0, 0.0, 0.0, 0.0, 0.0, 0.0, 0.0, 0.0, 23.342063790908846], "layer_Op2_score": [4.641569687185319, 0.7011447756046391, 0.010701786224583726, 0.024477683136443426, 0.03741607766844266, 0.0, 0.0, 0.0, 0.0, 0.0, 0.0, 0.0, 0.0, 0.0, 0.0, 0.0, 0.0, 0.0, 0.0, 0.0, 0.0, 21.394647160649146], "layer_Barinel_score": [0.5117127701724232, 0.13684243550454714, 0.007063829786559477, 0.011308439602749505, 0.014985327951087953, 0.0, 0.0, 0.0, 0.0, 0.0, 0.0, 0.0, 0.0, 0.0, 0.0, 0.0, 0.0, 0.0, 0.0, 0.0, 0.0, 0.510857142089727], "time": 4.109076499938965}