{"neuron_counts": [230400, 57600, 25088, 6272, 6272, 1024, 1024, 10], "neuron_counts_selected": [200, 200, 200, 200, 200, 200, 200, 10], "layer_tarantula_score": [0, 0, 9.68528076475151e-05, 0.0005704758989940555, 0.00017705924538664132, 0.09518168834636807, 0.0741682511434791, 0.045555521722871396], "layer_ochiai_score": [0, 0, 2.492998901890109e-06, 1.7834368120518473e-05, 7.629809018633064e-06, 0.012637986806275595, 0.010564312227010795, 0.00459279194310635], "layer_D_star_score": [0, 0, 2.5473929723329623e-07, 5.961296833778026e-06, 3.0987503007168766e-06, 0.336206778580595, 0.47795772669504805, 0.006993180484707723], "layer_Op2_score": [0, 0, 0.00046582219555775024, 0.004635633164225872, 0.002357284567635795, 16.031912237407187, 14.994890863357941, 4.500107258771935], "layer_Barinel_score": [0, 0, 6.214229607384134e-05, 0.0003660008163320152, 0.00011514043259347202, 0.054808360607886394, 0.043252138163430286, 0.022423374029927324], "time": 127.0872962474823}