{"neuron_counts": [230400, 57600, 25088, 6272, 6272, 1024, 1024, 10], "neuron_counts_selected": [200, 200, 200, 200, 200, 200, 200, 10], "layer_tarantula_score": [0.2511430769890219, 0.2721433661312735, 0.12640581190855735, 0.16009692598754882, 0.13649233223189258, 0.14785645322109078, 0.1524940957222058, 0.5393236499700725], "layer_ochiai_score": [0.03303590722906999, 0.03430358276246747, 0.04127696353535042, 0.07162441142049931, 0.06181896778128745, 0.10363812447715762, 0.11094756746291244, 0.28211779689711924], "layer_D_star_score": [23.512829124005588, 20.13211466340422, 10.716660872453252, 41.2254910740368, 33.74840436925215, 166.10471034802978, 189.6388257586872, 240.79452953213269], "layer_Op2_score": [97.25424023324672, 85.41182279757791, 110.6484796099316, 260.9027149229857, 223.5629113097571, 579.5070032797094, 638.1651665506084, 1099.5388310792605], "layer_Barinel_score": [0.15733689435003212, 0.16981885010697795, 0.07981396188185082, 0.10163282441530049, 0.08666300900944979, 0.0937215906146352, 0.09696603728642093, 0.3601135277670454], "time": 122.58374309539795}