{"neuron_counts": [230400, 57600, 25088, 6272, 6272, 1024, 1024, 10], "neuron_counts_selected": [200, 200, 200, 200, 200, 200, 200, 10], "layer_tarantula_score": [0.0017358392718666205, 0.0016913625127960746, 0.0856787948270813, 0.12278036451304916, 0.0918357492920966, 0.1375716550383392, 0.1429790926186482, 0.44703245342847514], "layer_ochiai_score": [0.00022222825172418388, 0.00020710758884400304, 0.006697883946140745, 0.015758512003719128, 0.010639867520860297, 0.07361068954988506, 0.07822224938567753, 0.16342924034961254], "layer_D_star_score": [0.04642678082333717, 0.035003204667165944, 0.07053914858254394, 0.5993658434705414, 0.33988793156457753, 63.506035919664754, 70.51801247423475, 42.78459251591476], "layer_Op2_score": [0.47267893599316896, 0.392446951568973, 5.038114370626658, 19.379659862659004, 12.663838839185258, 326.1006703058156, 353.5212862333664, 469.40613757478656], "layer_Barinel_score": [0.0011278300526832918, 0.001084164609925272, 0.05369265463695279, 0.07753368402064958, 0.05744160185143373, 0.08548544147822758, 0.08922075163885754, 0.2814100888672197], "time": 121.79353213310242}