{"neuron_counts": [230400, 57600, 25088, 6272, 6272, 1024, 1024, 10], "neuron_counts_selected": [200, 200, 200, 200, 200, 200, 200, 10], "layer_tarantula_score": [1.222175465519796e-05, 0, 0.02337187478279614, 0.0415044618662088, 0.03098600409686138, 0.15366529853265257, 0.11656056943517265, 0.31558429828093665], "layer_ochiai_score": [3.211072667151096e-06, 0, 0.0010014538097821133, 0.0023946763049932113, 0.0016357281969297762, 0.05464322314792477, 0.043162299431862575, 0.08649223170874165], "layer_D_star_score": [0.0003250723767134194, 0, 0.0010811952619664883, 0.008253492636241385, 0.006037780602947472, 20.48778793320401, 17.03957906938726, 7.1821875839187665], "layer_Op2_score": [0.0065501923926865446, 0, 0.3527411530597139, 1.2058002039869318, 0.8080850306606192, 172.83686262794666, 142.4412842541216, 195.6598766456329], "layer_Barinel_score": [7.818464460520337e-06, 0, 0.014859929510329854, 0.02644003680989255, 0.019384740786870476, 0.09372067599800685, 0.07087648511394684, 0.18276935619660983], "time": 121.39144372940063}