{"neuron_counts": [230400, 57600, 25088, 6272, 6272, 1024, 1024, 10], "neuron_counts_selected": [500, 500, 500, 500, 500, 500, 500, 10], "layer_tarantula_score": [1.955480744833888e-06, 6.564397563036906e-05, 0.02806916439724808, 0.03780726919868521, 0.02699411890584346, 0.11615089355905235, 0.10950140701416188, 0.31558429828093665], "layer_ochiai_score": [5.137716267433255e-07, 1.1757941731623556e-05, 0.0011683269424093386, 0.0023124717816309964, 0.0012991329977258801, 0.04339594372583699, 0.04009703970168442, 0.08649223170874165], "layer_D_star_score": [5.201158027420138e-05, 0.00049588837008903, 0.0013668084542094523, 0.00971744468912087, 0.002208906970759927, 18.115283293713162, 15.387542920051938, 7.1821875839187665], "layer_Op2_score": [0.0010480307828308246, 0.017006851917746684, 0.39514578201817174, 1.234203526336631, 0.5222803790690554, 145.07996164488642, 129.05475940756727, 195.6598766456329], "layer_Barinel_score": [1.2509543136826708e-06, 4.106429860054625e-05, 0.018261874757871072, 0.02412399049803927, 0.01712153203225507, 0.07027039075516663, 0.06658528577714097, 0.18276935619660983], "time": 284.3838083744049}