{"neuron_counts": [230400, 57600, 25088, 6272, 6272, 1024, 1024, 10], "neuron_counts_selected": [500, 500, 500, 500, 500, 500, 500, 10], "layer_tarantula_score": [0.03492063563894862, 0.03342094216393878, 0.22046169327686027, 0.2549383462529194, 0.21010087953832476, 0.2550217503277982, 0.24872451826289532, 0.5030029941156863], "layer_ochiai_score": [0.00786256946914173, 0.009822936091280259, 0.023570122682832772, 0.04061820789100788, 0.03182202588780609, 0.1609239805480445, 0.15414257043477453, 0.1940179845973927], "layer_D_star_score": [3.957632246057743, 9.736807077839298, 0.7172046729490387, 3.6183006514046747, 2.1191103154313304, 237.58854494543652, 217.8345293820985, 64.91708488994482], "layer_Op2_score": [25.754893689151583, 42.895866760197904, 27.346146037766353, 69.56659115696011, 49.05512568797726, 848.1236878568908, 795.6299824141033, 566.4611168425779], "layer_Barinel_score": [0.025116145232940344, 0.022311126914015898, 0.1458248092173227, 0.1671432333470757, 0.13777153076442067, 0.16216206649979104, 0.15870240699582852, 0.3313725154124031], "time": 287.3220765590668}