{"neuron_counts": [230400, 57600, 25088, 6272, 6272, 1024, 1024, 10], "neuron_counts_selected": [500, 500, 500, 500, 500, 500, 500, 10], "layer_tarantula_score": [0.026961158980371897, 0.03869251314223364, 0.22505816291723738, 0.2413104751925058, 0.2246503217141662, 0.2742310337554299, 0.2624251875573181, 0.5030029941156863], "layer_ochiai_score": [0.005671006525288707, 0.01083283932979788, 0.024503522185436048, 0.038319597408103916, 0.03713048813373695, 0.1715668295780024, 0.16465171934179473, 0.1940179845973927], "layer_D_star_score": [2.77970684218411, 12.793094127718687, 0.7414892156556839, 2.7787970755031983, 3.2444664711215, 235.06063583213313, 238.6466855342819, 64.91708488994482], "layer_Op2_score": [18.209999719037523, 49.81527671326019, 28.403569927958056, 61.65712126355734, 63.296149799513465, 882.4608040681316, 860.8853348768349, 566.4611168425779], "layer_Barinel_score": [0.01849509655185901, 0.027863633603483193, 0.14987435610533795, 0.1604918680516472, 0.1459925264691061, 0.1747847683201781, 0.1672895096608182, 0.3313725154124031], "time": 289.02577805519104}