{"neuron_counts": [230400, 57600, 25088, 6272, 6272, 1024, 1024, 10], "neuron_counts_selected": [200, 200, 200, 200, 200, 200, 200, 10], "layer_tarantula_score": [0, 0, 0.0039348657727664065, 0.011591246159017575, 0.004211413675574475, 0.10947514928876559, 0.1142439321793378, 0.18827465260658563], "layer_ochiai_score": [0, 0, 0.0001311929805863678, 0.0004319817167031907, 0.00019339301657222518, 0.02630233758918385, 0.027253435477983715, 0.03453307143150712], "layer_D_star_score": [0, 0, 3.366893031886814e-05, 0.0003935783496603425, 0.00013090549574833253, 3.747778170040974, 3.5688380479149084, 0.6571123946087567], "layer_Op2_score": [0, 0, 0.029827713308853136, 0.13537394139086456, 0.06182147320141725, 60.2700494902905, 60.62601994940534, 56.49051584760071], "layer_Barinel_score": [0, 0, 0.002572593387236323, 0.007431633638746243, 0.0027131922171230996, 0.06457969879092455, 0.06774515106365989, 0.10052651702368316], "time": 121.64684987068176}