{"neuron_counts": [230400, 57600, 25088, 6272, 6272, 1024, 1024, 10], "neuron_counts_selected": [200, 200, 200, 200, 200, 200, 200, 10], "layer_tarantula_score": [0, 0, 0.00010769363202647101, 0.0007413462804765305, 0.000637672973480654, 0.11626839748857766, 0.08756362693474128, 0.045555521722871396], "layer_ochiai_score": [0, 0, 2.6818645324820704e-06, 1.9247141092062554e-05, 2.1679664579991896e-05, 0.0158215536760902, 0.012429323363967588, 0.00459279194310635], "layer_D_star_score": [0, 0, 1.6216364719688586e-07, 2.8203561488498878e-06, 3.900101885783255e-06, 0.5718166081031131, 0.5482322716471039, 0.006993180484707723], "layer_Op2_score": [0, 0, 0.0005561483555679441, 0.0039013298218843434, 0.005685222663406807, 21.402076072509455, 18.00957365268492, 4.500107258771935], "layer_Barinel_score": [0, 0, 6.220011096071172e-05, 0.00048034913904063266, 0.0003844183163325965, 0.06840541024920974, 0.05101902304814265, 0.022423374029927324], "time": 127.05348372459412}