{"neuron_counts": [230400, 57600, 25088, 6272, 6272, 1024, 1024, 10], "neuron_counts_selected": [500, 500, 500, 500, 500, 500, 500, 10], "layer_tarantula_score": [0, 0, 0.0005222919004904804, 0.0001899957515424265, 0.0013374818435237213, 0.09832470247117514, 0.09010603906727907, 0.045555521722871396], "layer_ochiai_score": [0, 0, 1.1447762466602492e-05, 5.822047133920534e-06, 3.989284165596758e-05, 0.014650435374221343, 0.01318338958285531, 0.00459279194310635], "layer_D_star_score": [0, 0, 6.426947330888442e-07, 1.114200198718089e-06, 6.110549496949158e-06, 0.6554055604993062, 0.6331868381515743, 0.006993180484707723], "layer_Op2_score": [0, 0, 0.0016793368594422934, 0.0014719958263118614, 0.007812134749854702, 21.328150178662337, 19.159625372039226, 4.500107258771935], "layer_Barinel_score": [0, 0, 0.00036627990054668834, 0.0001146202220459563, 0.0009217605247198465, 0.057085777000144895, 0.05232879189057723, 0.022423374029927324], "time": 286.03241181373596}