{"neuron_counts": [6229504, 6229504, 6229504, 6229504, 10903552, 10903552, 10903552, 351232, 351232, 442368, 442368, 442368, 442368, 512000, 512000, 512000, 13824, 13824, 13824, 256, 256, 256, 256, 512, 512, 512, 512, 1, 1, 1], "neuron_counts_selected": [500, 500, 500, 500, 500, 500, 500, 500, 500, 500, 500, 500, 500, 500, 500, 500, 500, 500, 500, 256, 256, 256, 256, 500, 500, 500, 500, 1, 1, 1], "layer_tarantula_score": [0.11704977730603076, 0.4548967160423911, 0.45326958944261375, 0.44397832383794883, 0.430944397427746, 0.4422612035061499, 0.4447956767501769, 0.4974272774850337, 0.4976043265006418, 0.22095964693341977, 0.19954143687992273, 0.18201579364767928, 0.20905702216233613, 0.20480271320679955, 0.1967492383849338, 0.16407664767918864, 0.24007253955942984, 0.21446210101359925, 0.23663161557172452, 0.13662776441119803, 0.11983399319811101, 0.11983399319811101, 0.11983399319811101, 0.135697811959371, 0.1410991748351559, 0.12361416155305921, 0.12441271735243585, 0, 0, 0.5000000090711003], "layer_ochiai_score": [0.020917340522454312, 0.3222680163855404, 0.3235943269318373, 0.3144978298047251, 0.26018465865467044, 0.2965268998659311, 0.2947713912187782, 0.7007300937486854, 0.7018414144864711, 0.2641867878757793, 0.1124715443346358, 0.10063694899679827, 0.11839609272592382, 0.15232196477868842, 0.16528414557697738, 0.12463580425285797, 0.2583168965775482, 0.22757418165699572, 0.2472498275137193, 0.15940398592609287, 0.1529790703795604, 0.1529790703795604, 0.1529790703795604, 0.17581032020648624, 0.19567341806602292, 0.16820812636306381, 0.1721192269135399, 0, 0, 0.7104653069522461], "layer_D_star_score": [0.004332405837250523, 2.736580378076665, 2.8174603246093968, 2.632821984983185, 1.9485164608446826, 2.1039640977685656, 2.048153322370866, 51.21342957529642, 51.52895420262543, 16.981463791065142, 1.6209527615360024, 1.248037163147311, 1.4854510823311322, 4.155816446595036, 6.421244945181694, 4.258743936989293, 14.047177088878794, 12.545240823288712, 13.44572968380368, 10.209755973076376, 10.475476717537255, 10.475476717537255, 10.475476717537255, 12.53137721317723, 14.475202190951803, 12.287818122085204, 12.632972611358348, 0, 0, 54.019126886294444], "layer_Op2_score": [0.18321813730917452, 11.560639492114166, 11.724982598878118, 11.315012638564836, 8.168439179412868, 10.024638160886488, 9.844613316427703, 50.778833894819066, 50.93979767371004, 17.650108476489656, 3.915931319835258, 3.346168809477707, 4.014991395623775, 6.918814891020962, 8.690915859479503, 6.113391469887784, 15.974516944564265, 14.09735084044747, 15.160273753808006, 10.597479280481812, 10.581754377088606, 10.581754377088606, 10.581754377088606, 12.402334177799682, 14.157070920968028, 12.060082768915525, 12.413087538355569, 0, 0, 52.018869775717405], "layer_Barinel_score": [0.11761866666666694, 0.4595355062742254, 0.45790397750131173, 0.44857750056231144, 0.43536638768512426, 0.44685923356696855, 0.44939599365452804, 0.5021888183235229, 0.5023659092979524, 0.22310550300493054, 0.2015413258189694, 0.18381491980345252, 0.2111615650014831, 0.20684002946768065, 0.19869546376043998, 0.16572480551193533, 0.2424091326697376, 0.2165543824232198, 0.23896360161756575, 0.13794704702995375, 0.12099369050415479, 0.12099369050415479, 0.12099369050415479, 0.13699440363306462, 0.1424467209442233, 0.1247948042322459, 0.12560276232818934, 0, 0, 0.5047619047619047], "time": 257.78326630592346}