{"neuron_counts": [6229504, 6229504, 6229504, 6229504, 10903552, 10903552, 10903552, 351232, 351232, 442368, 442368, 442368, 442368, 512000, 512000, 512000, 13824, 13824, 13824, 256, 256, 256, 256, 512, 512, 512, 512, 1, 1, 1], "neuron_counts_selected": [100, 100, 100, 100, 100, 100, 100, 100, 100, 100, 100, 100, 100, 100, 100, 100, 100, 100, 100, 100, 100, 100, 100, 100, 100, 100, 100, 1, 1, 1], "layer_tarantula_score": [0.5018885148671919, 0.49227982271599735, 0.5007824281564589, 0.4957630776681793, 0.4965948985602522, 0.49754682530948585, 0.5019427210546149, 0.500003647240885, 0.5003480439068143, 0.3484270543666227, 0.4203294493864126, 0.45857202284019194, 0.39965586675558995, 0.42336704351464133, 0.32001885975665145, 0.3364432766017896, 0.37957706272074604, 0.3692189821839692, 0.39480639619954677, 0.24877009455737945, 0.2502469602872526, 0.2492546073653101, 0.3028973154494349, 0.33639933215943485, 0.24590909962825924, 0.29520662135427556, 0.2267758247481587, 0.0, 0.0, 0.5000000178062342], "layer_ochiai_score": [0.40746884642133585, 0.46350708698969073, 0.47061078029786374, 0.4699981206254716, 0.44211514414376457, 0.4622968363119436, 0.45889265154663733, 0.7136157895718175, 0.7137232075790101, 0.47559872440012735, 0.3614589195115085, 0.40465677702792396, 0.3519823303886838, 0.408843693821908, 0.3637281530362602, 0.34195345548524075, 0.4934676675795003, 0.4223203658801766, 0.49149190306039225, 0.30113378545530006, 0.34316025272710043, 0.32752525482098366, 0.38432593999921527, 0.45333182760821467, 0.34442370797789573, 0.39030958611314787, 0.30292160748279384, 0.0, 0.0, 0.7137457662709261], "layer_D_star_score": [6.262083731934508, 10.516802815689855, 10.981331210185395, 11.097568880674935, 11.467311845681875, 10.570149375321323, 10.23159956494933, 56.03726779697637, 56.07267858930988, 34.972594844906354, 14.914155420493762, 18.371040683181455, 14.396058945547502, 22.45729274060883, 23.32647110180982, 20.05683664328673, 35.152450621214115, 27.786186791830314, 33.43291265734153, 21.586067305179437, 25.706954813996454, 23.9708607894963, 27.072652773773765, 34.51605989508652, 26.91856942371258, 29.93800423449381, 23.17680607172502, 0.0, 0.0, 56.07681523689377], "layer_Op2_score": [17.31075531932959, 22.773774407972823, 23.094151746883497, 23.252642334637112, 21.68264227803344, 22.480944186897762, 21.99622717692986, 52.999247133495984, 52.980945243499534, 34.30169931754846, 19.816415780347583, 23.20641589355492, 19.636038441436902, 25.36622729013719, 24.26169895905857, 21.84113284691916, 35.06717104307351, 28.65660477999099, 34.029812509787725, 21.14811394695482, 24.889623510144318, 23.341887600212075, 26.99358584229087, 33.11943511427337, 25.47868013456579, 28.562265146669542, 22.130944168029874, 0.0, 0.0, 53.018869775717405], "layer_Barinel_score": [0.511104172256077, 0.501595721018669, 0.5101108227311688, 0.5050836878626206, 0.5058774642143034, 0.5068578516203234, 0.511224156739691, 0.5094375561545373, 0.509781766944663, 0.3550208610599585, 0.42762189662397404, 0.46602285644679164, 0.40679795152705034, 0.4303184747867178, 0.3257715078027779, 0.34238873645764356, 0.3867059573187946, 0.37577033379738717, 0.4022187286800487, 0.2532503224645008, 0.25496164540249416, 0.2538484143201314, 0.30834367245130734, 0.34252511097797145, 0.2505283018867924, 0.300390243902439, 0.23101421260328034, 0.0, 0.0, 0.5094339622641509], "time": 108.50258016586304}