{"neuron_counts": [6229504, 6229504, 6229504, 6229504, 10903552, 10903552, 10903552, 351232, 351232, 442368, 442368, 442368, 442368, 512000, 512000, 512000, 13824, 13824, 13824, 256, 256, 256, 256, 512, 512, 512, 512, 1, 1, 1], "neuron_counts_selected": [500, 500, 500, 500, 500, 500, 500, 500, 500, 500, 500, 500, 500, 500, 500, 500, 500, 500, 500, 256, 256, 256, 256, 500, 500, 500, 500, 1, 1, 1], "layer_tarantula_score": [4.000000000000004e-06, 0.40726021727600725, 0.42031258461717247, 0.42421945511893644, 0.327546549550363, 0.41086794414565125, 0.40171079169658075, 0.49226734560524976, 0.4908101732703544, 0.2049887208842677, 0.10287468280933078, 0.11254271392772712, 0.11874504087393287, 0.15133337839996244, 0.1292819353336732, 0.11454187094102901, 0.18876781185926586, 0.19779335331904802, 0.19016601175730088, 0.124302454141003, 0.10412804174520632, 0.10412804174520632, 0.10412804174520632, 0.11545080364907244, 0.11783388533851703, 0.12466054196371054, 0.1219029117167403, 0, 0, 0.5000000090711003], "layer_ochiai_score": [5.494417374537698e-07, 0.19699540809888547, 0.2042937715206082, 0.20411438210644886, 0.13161641420106845, 0.17929869293948303, 0.17778502361218088, 0.654504932077866, 0.6498858956517171, 0.24965357886564407, 0.04515509133358137, 0.04463082520575713, 0.05167537122203149, 0.09415796741939501, 0.09380042465255385, 0.08995043496017971, 0.19211601331921802, 0.20004479295268757, 0.18554581801275394, 0.14596854338418283, 0.13255852454853595, 0.13255852454853595, 0.13255852454853595, 0.1570984298495053, 0.15890775432667673, 0.16961574850013678, 0.1656282879636683, 0, 0, 0.7104653069522461], "layer_D_star_score": [7.692292899435029e-08, 0.5209682743015679, 0.5768387667698773, 0.5530345132710092, 0.323458371015048, 0.3853734002069163, 0.3728028008281949, 39.41832168083426, 38.49260569489023, 16.52766564980297, 0.2719902886840408, 0.21121476960640037, 0.2993691916669262, 1.8653760802641162, 2.854418125761321, 2.8087558377853497, 10.261071394981842, 10.789073626250063, 9.781569488065832, 9.47648926922945, 8.915127208656974, 8.915127208656974, 8.915127208656974, 11.393015502281207, 11.36353284093969, 12.154707641479265, 11.917201354794436, 0, 0, 54.019126886294444], "layer_Op2_score": [4.000000000000004e-06, 4.8050995578272495, 5.0273341966751, 4.956142039264077, 2.714199671449679, 3.941375129088436, 3.9522059301171115, 44.468830277701365, 43.99636332723901, 16.925434864326686, 1.134370611104505, 1.0118155132235631, 1.2638485024367825, 3.687020814836212, 4.337364306467334, 4.2967846834779575, 11.730538310327713, 12.232538101196052, 11.136082744613674, 9.80262647472085, 9.150647185967973, 9.150647185967973, 9.150647185967973, 11.257675044930112, 11.314075725909943, 12.097735830385234, 11.828757178231754, 0, 0, 52.018869775717405], "layer_Barinel_score": [4.000000000000004e-06, 0.4115987021093801, 0.42467520666700437, 0.4286186901870748, 0.3309103911870979, 0.41506840545048945, 0.4059675577804892, 0.4970247438371843, 0.4955668628419244, 0.2069804063353768, 0.10388500934155488, 0.11363601149402831, 0.11988877616739241, 0.1528371350426945, 0.13055740508194533, 0.11568112015421553, 0.19061608328971538, 0.19974377166983698, 0.1920631203149527, 0.12551312553044602, 0.10513526713395113, 0.10513526713395113, 0.10513526713395113, 0.11655592703010677, 0.11896646625009669, 0.1258589856533093, 0.12307324610184747, 0, 0, 0.5047619047619047], "time": 77.75335049629211}