{"neuron_counts": [6229504, 6229504, 6229504, 6229504, 10903552, 10903552, 10903552, 351232, 351232, 442368, 442368, 442368, 442368, 512000, 512000, 512000, 13824, 13824, 13824, 256, 256, 256, 256, 512, 512, 512, 512, 1, 1, 1], "neuron_counts_selected": [2000, 2000, 2000, 2000, 2000, 2000, 2000, 2000, 2000, 2000, 2000, 2000, 2000, 2000, 2000, 2000, 2000, 2000, 2000, 256, 256, 256, 256, 512, 512, 512, 512, 1, 1, 1], "layer_tarantula_score": [0.46030885597580307, 0.46936387057446843, 0.4696497201682925, 0.4709450458784221, 0.4612092847396678, 0.4693553289042564, 0.46853703392290924, 0.49968782189234434, 0.49973963575410946, 0.23385910363800325, 0.30096114090154696, 0.2938857001286955, 0.30304070497107266, 0.2862013814114676, 0.20214063275920824, 0.2160436887254599, 0.2750322115902906, 0.27234277126699535, 0.27008478687371157, 0.14439274582153644, 0.13381297185014593, 0.13381297185014593, 0.13381297185014593, 0.14325026757271891, 0.1435121949614151, 0.1435121949614151, 0.1435121949614151, 0, 0, 0.5000000090711003], "layer_ochiai_score": [0.36769851132313064, 0.43881245693279064, 0.4385821991951983, 0.4413238911396909, 0.38159880663406776, 0.42439762483232296, 0.4233093287908382, 0.7097004196162914, 0.7098090989839334, 0.2868102285669057, 0.21267672327518072, 0.2070753788915749, 0.21387401940035303, 0.22215869688441386, 0.1780260138018753, 0.19373534710167323, 0.3058086252010013, 0.2995981133638509, 0.29491470438035355, 0.17054013974041007, 0.17362726109365303, 0.17362726109365303, 0.17362726109365303, 0.19128115488397152, 0.19113010895811527, 0.19113010895811527, 0.19113010895811527, 0, 0, 0.7104653069522461], "layer_D_star_score": [4.484187589739636, 8.648060052672763, 8.633860391869867, 8.810828763274708, 6.513985735682506, 7.657981301855934, 7.6047996109535045, 53.79280684894745, 53.82485408463142, 18.42457806368121, 5.171826998868251, 4.805402916449856, 4.999003454374877, 6.960665604507401, 7.2770752402352255, 8.360674728068608, 17.77524551862076, 17.73470378506659, 17.121021400866887, 10.936588994039308, 11.88525699088191, 11.88525699088191, 11.88525699088191, 13.82064431305492, 13.925629452178091, 13.925629452178091, 13.925629452178091, 0, 0, 54.019126886294444], "layer_Op2_score": [14.92741033422579, 20.90135239044738, 20.866083684642106, 21.078284736541065, 16.30032942188552, 19.45555469622652, 19.398403607655464, 51.936514076882865, 51.94820206754986, 19.273969517830174, 9.230606438404356, 8.907323315234796, 9.16040189345306, 10.64918067805724, 9.579284525206134, 10.666884977840137, 19.541737992839643, 19.25459071376422, 18.76949163820493, 11.366285620667242, 12.031990335096882, 12.031990335096882, 12.031990335096882, 13.61439627301705, 13.648670681970517, 13.648670681970517, 13.648670681970517, 0, 0, 52.018869775717405], "layer_Barinel_score": [0.4649809382645812, 0.4740706549011207, 0.47435628927621215, 0.47565395495348417, 0.46587837781734576, 0.47405702515931786, 0.4732383509863872, 0.504449706997702, 0.5045015225194431, 0.2361197621099956, 0.3039676484973051, 0.2968595858048362, 0.3060783713301694, 0.2890575990268652, 0.20414897444862798, 0.2181795715531979, 0.27772777636452506, 0.27500161905417014, 0.2727172626344712, 0.1457894105429626, 0.13509718230303627, 0.13509718230303627, 0.13509718230303627, 0.1446218962082135, 0.14488420901612176, 0.14488420901612176, 0.14488420901612176, 0, 0, 0.5047619047619047], "time": 197.16016793251038}