{"neuron_counts": [6229504, 6229504, 6229504, 6229504, 10903552, 10903552, 10903552, 351232, 351232, 442368, 442368, 442368, 442368, 512000, 512000, 512000, 13824, 13824, 13824, 256, 256, 256, 256, 512, 512, 512, 512, 1, 1, 1], "neuron_counts_selected": [500, 500, 500, 500, 500, 500, 500, 500, 500, 500, 500, 500, 500, 500, 500, 500, 500, 500, 500, 256, 256, 256, 256, 500, 500, 500, 500, 1, 1, 1], "layer_tarantula_score": [0.49639030398692796, 0.4898647016100791, 0.500842409879684, 0.49891898488135555, 0.49964396964497787, 0.5017420031361758, 0.4992858026994433, 0.4999895382339591, 0.5000492840149677, 0.3522127297900349, 0.4561484101423224, 0.44257394562252855, 0.4428967322487003, 0.40497133265452007, 0.36532457823875175, 0.3412363796267906, 0.39114772594528213, 0.38826311118584367, 0.37659172269920654, 0.2747477022096593, 0.262664813297071, 0.262664813297071, 0.262664813297071, 0.26468122040563047, 0.26428874955928877, 0.2814015219635407, 0.27437947624759773, 0.0, 0.0, 0.5000000178062342], "layer_ochiai_score": [0.40061241406246695, 0.4643687101615285, 0.4743312007385241, 0.4693859059784925, 0.44885582107235156, 0.4608122344753408, 0.4603355244769383, 0.7134067146345954, 0.7134084599543273, 0.4551202309611455, 0.3846723206343769, 0.37309787909437314, 0.3883324317990344, 0.3833767085633245, 0.3687368549438553, 0.3557967370604632, 0.47444327814362136, 0.4783186597677518, 0.4639821545186684, 0.348700357772899, 0.3525131932998893, 0.3525131932998893, 0.3525131932998893, 0.3625812538463415, 0.3633172749684069, 0.37384638795151626, 0.37237000119268454, 0.0, 0.0, 0.7137457662709261], "layer_D_star_score": [5.927524248123139, 10.646521242824711, 11.417096693196209, 10.96864358458784, 12.339217408693285, 10.335865558136758, 10.314904440032809, 55.973911392739595, 55.975266397179745, 33.40157796230944, 16.14776358087468, 15.211053990943554, 16.825135754173537, 19.924625613675598, 21.10686033499456, 20.84435567327253, 33.04273302436502, 33.316860512798755, 32.31552203820155, 25.21872185372808, 26.290424153806118, 26.290424153806118, 26.290424153806118, 28.026844122255184, 28.061451377564527, 28.62838104647375, 28.617969084086713, 0.0, 0.0, 56.07681523689377], "layer_Op2_score": [16.91290626244102, 22.95124611840355, 23.455170627979946, 23.05739703509993, 22.334529082020598, 22.18294416425629, 22.2350573829106, 52.96973769860811, 52.96407732060882, 32.57113321672978, 21.242604504519804, 20.556113931860505, 21.959547940475588, 23.186038543323498, 23.32728383531352, 22.756604568670625, 33.02641624449765, 33.447510608470544, 32.51275585895121, 24.730248504248102, 25.478184851007356, 25.478184851007356, 25.478184851007356, 26.674453761408, 26.714302818296566, 27.343850011603752, 27.29052925560518, 0.0, 0.0, 53.018869775717405], "layer_Barinel_score": [0.5056109349847308, 0.49918747556819115, 0.5101422870896344, 0.5082361554265002, 0.5088436651800676, 0.5110458070771453, 0.50858164852672, 0.5094234037349351, 0.5094831027176042, 0.3586676070967142, 0.4636940066136736, 0.45009341167436423, 0.45039523587247116, 0.4117619760662874, 0.37163563846885034, 0.3472143379525266, 0.3982066220057922, 0.3953191615677286, 0.3833612415876905, 0.279799412649494, 0.26751643906925077, 0.26751643906925077, 0.26751643906925077, 0.2695264622093644, 0.26918560928290036, 0.2864514551647652, 0.27948514076419934, 0.0, 0.0, 0.5094339622641509], "time": 97.75381660461426}