{"neuron_counts": [6229504, 6229504, 6229504, 6229504, 10903552, 10903552, 10903552, 351232, 351232, 442368, 442368, 442368, 442368, 512000, 512000, 512000, 13824, 13824, 13824, 256, 256, 256, 256, 512, 512, 512, 512, 1, 1, 1], "neuron_counts_selected": [100, 100, 100, 100, 100, 100, 100, 100, 100, 100, 100, 100, 100, 100, 100, 100, 100, 100, 100, 100, 100, 100, 100, 100, 100, 100, 100, 1, 1, 1], "layer_tarantula_score": [0.459689454408791, 0.46157875296297335, 0.47170386607668197, 0.46305759506040034, 0.4638351412435768, 0.4657801064304564, 0.4659138167819864, 0.49981337939006887, 0.4998509525879684, 0.2411110056939512, 0.3046495044714937, 0.34849894636807766, 0.28582747339358655, 0.3036508604370005, 0.18826553578512187, 0.201599026034679, 0.28215692752494453, 0.25071629609987556, 0.3039763230543706, 0.11535122334911392, 0.12429032772060326, 0.11981925877002686, 0.17222580388439876, 0.21747987862392615, 0.12005954416267099, 0.16195574070753063, 0.10124723092356551, 0, 0, 0.5000000090711003], "layer_ochiai_score": [0.37001862091591403, 0.4309044757622893, 0.4378585220925491, 0.43314953393463607, 0.375282764630158, 0.4240796675673104, 0.4181921898624045, 0.7100682238022471, 0.7098962963927486, 0.3162364460656137, 0.21564468965341566, 0.2620591515489771, 0.20617594947912382, 0.25116614424565337, 0.18967290602560116, 0.17278305078807102, 0.342127627684934, 0.25482996588971524, 0.3422841846284811, 0.12758772394204185, 0.16452004924338637, 0.15046963295825774, 0.20763927774366048, 0.2866109036910089, 0.16547880382537253, 0.21277113603684777, 0.12811990514003085, 0, 0, 0.7104653069522461], "layer_D_star_score": [4.618705037841358, 8.157372987893403, 8.491187452062468, 8.358033818247456, 5.887475042079787, 7.692793410038385, 7.344239310587988, 53.90073649803572, 53.848424028736694, 21.062122061772445, 4.904264433003867, 7.3112638748895336, 4.9361086747293434, 9.42670437346282, 9.507960003765941, 7.260129772863665, 21.366940360848602, 13.49902110518597, 19.47541113485943, 7.984219059508338, 11.356932603941084, 9.904514961524079, 12.677905604351327, 20.458295949307924, 12.447685677527547, 15.412572203500305, 9.226621334877983, 0, 0, 54.019126886294444], "layer_Op2_score": [15.11810249905189, 20.42208384097389, 20.700251746317463, 20.634942340674836, 15.71876474082125, 19.614721527129195, 19.036336593704544, 51.97927732287299, 51.94168675455329, 21.836115881290787, 9.184311656770456, 12.105272132882765, 9.18122677315703, 12.971328756738194, 11.244770221188261, 9.33071543940483, 22.926740448036906, 15.529983577012127, 21.77942907711496, 8.317249355189897, 11.48460040867846, 10.131858844417277, 13.60053444087842, 20.2958592080015, 12.013881559280074, 15.111236384837015, 9.06597768041948, 0, 0, 52.018869775717405], "layer_Barinel_score": [0.4643438819408724, 0.466276775853299, 0.4764181245526144, 0.4677586704418228, 0.46853757226224124, 0.47048380345461865, 0.47060036541447714, 0.5045752747252747, 0.5046128410557651, 0.2434380343221533, 0.30773732605631704, 0.3519622636303212, 0.2888093034703282, 0.30662882572323347, 0.19011913919458528, 0.20368354522374446, 0.284896484179601, 0.2531667113960849, 0.3069328505851043, 0.11648178594485332, 0.12548045631745358, 0.12096218590568115, 0.1738806289865848, 0.21955352765981326, 0.1212028571428571, 0.16350002322880366, 0.10221144191883985, 0, 0, 0.5047619047619047], "time": 168.74722719192505}