{"neuron_counts": [6229504, 6229504, 6229504, 6229504, 10903552, 10903552, 10903552, 351232, 351232, 442368, 442368, 442368, 442368, 512000, 512000, 512000, 13824, 13824, 13824, 256, 256, 256, 256, 512, 512, 512, 512, 1, 1, 1], "neuron_counts_selected": [200, 200, 200, 200, 200, 200, 200, 200, 200, 200, 200, 200, 200, 200, 200, 200, 200, 200, 200, 200, 200, 200, 200, 200, 200, 200, 200, 1, 1, 1], "layer_tarantula_score": [0.455513198584389, 0.46725495573691445, 0.4580318724867898, 0.4594003914452098, 0.46045968647871305, 0.465082410940985, 0.4619995105483891, 0.4996734066783112, 0.4996734981438083, 0.2390766547473107, 0.30030460889452226, 0.31251105017327896, 0.32005960008277673, 0.30288593879846737, 0.2337608189470635, 0.21767714856628387, 0.2868468757120952, 0.2693369782097371, 0.2540835972600665, 0.14310895213216215, 0.14490510383436056, 0.12151454509980199, 0.14198681988600984, 0.1662538638468887, 0.13227409378809585, 0.12498771021192275, 0.13653289491290613, 0, 0, 0.5000000090711003], "layer_ochiai_score": [0.36425499917696325, 0.435450912098194, 0.42840286793149485, 0.43346340822427987, 0.3946565678916376, 0.4171450556666055, 0.4170455193157529, 0.7095769837202272, 0.7094523740472927, 0.28693383737181755, 0.21822532200263073, 0.20262694297094483, 0.2211598415847947, 0.26048289597405955, 0.20299252321621078, 0.21304371811733686, 0.2744077684773769, 0.29150833853321667, 0.2812624654273395, 0.18199077352312434, 0.17596648933752568, 0.16190283519346887, 0.186947951772784, 0.21741550605798282, 0.18022706239263525, 0.17120551285745578, 0.18471173008301897, 0, 0, 0.7104653069522461], "layer_D_star_score": [4.415743675295415, 8.422858075286152, 8.132827356731939, 8.405161089544789, 7.277400679347261, 7.284136073200785, 7.296928777073127, 53.75565989878635, 53.71737430524104, 18.485524538755687, 5.448687594809213, 4.470692748013589, 4.586876807069797, 8.452046478567807, 8.17866418934567, 10.248980867696787, 14.534520452510668, 16.741243859919777, 16.587883372675105, 12.274402123642021, 11.7581554082913, 11.303915274280113, 12.973403272134986, 15.645210662447193, 13.108776933868688, 12.788447776747397, 13.348544247336983, 0, 0, 54.019126886294444], "layer_Op2_score": [14.774977492400957, 20.6657064772991, 20.39963998959436, 20.80512396306799, 17.319895449819906, 18.9783323453635, 19.090456892298317, 51.92113817087137, 51.90283534002765, 19.28937050906507, 9.615368732842018, 8.27706021120714, 9.26693808723946, 13.049516519638647, 10.791188120069586, 12.363148072456461, 16.52425059028189, 18.40057094156427, 18.114580368621954, 12.520681580789486, 11.98302684075126, 11.387859369321957, 13.044077822494682, 15.414252909569989, 12.878711305308848, 12.385579684377959, 13.173533487436803, 0, 0, 52.018869775717405], "layer_Barinel_score": [0.46015933001046067, 0.4719625051153401, 0.46271979169657457, 0.46409265518113413, 0.4651107711289246, 0.469775743193871, 0.46668523428260267, 0.5044352928915263, 0.504435384348661, 0.24141417952140654, 0.30321713174568377, 0.3156534237877173, 0.3233473240243795, 0.30591062706962635, 0.23605883144979758, 0.21979428886316588, 0.28963142851090756, 0.2719831756288332, 0.2565581513263241, 0.144491438732273, 0.14628934365018745, 0.12268048250622672, 0.1433488661857932, 0.16785210178989524, 0.13353645096441105, 0.12617816526610626, 0.1378422448418827, 0, 0, 0.5047619047619047], "time": 73.36549735069275}