{"neuron_counts": [6229504, 6229504, 6229504, 6229504, 10903552, 10903552, 10903552, 351232, 351232, 442368, 442368, 442368, 442368, 512000, 512000, 512000, 13824, 13824, 13824, 256, 256, 256, 256, 512, 512, 512, 512, 1, 1, 1], "neuron_counts_selected": [1000, 1000, 1000, 1000, 1000, 1000, 1000, 1000, 1000, 1000, 1000, 1000, 1000, 1000, 1000, 1000, 1000, 1000, 1000, 256, 256, 256, 256, 512, 512, 512, 512, 1, 1, 1], "layer_tarantula_score": [0.4590665037203124, 0.46856936934568433, 0.469317709168444, 0.4703299833174213, 0.46097168677861056, 0.46822727315730983, 0.46207869440097504, 0.4995652852852108, 0.4995759691532421, 0.2108241792900457, 0.315564717381397, 0.2995315064400185, 0.2966530859624806, 0.2793616260964622, 0.21116012212228683, 0.19850454691386413, 0.27915522651230457, 0.26795673143988824, 0.281994238618121, 0.14439140612858353, 0.13392289201411298, 0.13392289201411298, 0.13392289201411298, 0.14322258125529114, 0.1434566607668964, 0.1434566607668964, 0.1434566607668964, NaN, NaN, 0.5000000178062342], "layer_ochiai_score": [0.36786881626702245, 0.4398099790665035, 0.4410612016616127, 0.44197749998549174, 0.3894397375585851, 0.4248454026757224, 0.4170223139067066, 0.7127488734122223, 0.7127152884270233, 0.2557624749230963, 0.2278646151441737, 0.2102585278971814, 0.20685240858699266, 0.2250111567921234, 0.18929098512520615, 0.18388059393484804, 0.3113561647412483, 0.30437518624618043, 0.3068836053199468, 0.17131821378310638, 0.17446662389350656, 0.17446662389350656, 0.17446662389350656, 0.19221039377816254, 0.1919368642668915, 0.1919368642668915, 0.1919368642668915, NaN, NaN, 0.7137457662709261], "layer_D_star_score": [4.522288187794405, 8.791518215220504, 8.927282955322296, 8.964165814638598, 7.121346460747694, 7.8358732862109575, 7.413720507969617, 55.76814781810423, 55.76094422648797, 16.6598301213795, 5.688758567297917, 5.123873799957528, 5.048375141131516, 7.50308800595043, 8.406501479557944, 8.3795631663345, 19.115570688456483, 18.782816363040205, 18.15954977423605, 11.354429610882155, 12.335797516141733, 12.335797516141733, 12.335797516141733, 14.356589614079168, 14.45430885865189, 14.45430885865189, 14.45430885865189, NaN, NaN, 56.07681523689377], "layer_Op2_score": [15.098596128252591, 21.216010137965775, 21.31986044148596, 21.375881649734623, 17.18039870362698, 19.75670595744725, 19.25296201123394, 52.91348326576741, 52.90729568053455, 17.228477526148072, 10.115663811739973, 9.19666844377462, 8.969206455101043, 11.21444815053931, 10.573812056122534, 10.44484762020827, 20.37529364480254, 20.021889514576394, 19.657419631900716, 11.586630020159308, 12.26700908324888, 12.26700908324888, 12.26700908324888, 13.882283388495566, 13.908531674402154, 13.908531674402154, 13.908531674402154, NaN, NaN, 53.018869775717405], "layer_Barinel_score": [0.46831882987909335, 0.4779033677324871, 0.4786474681456374, 0.4796595010425564, 0.4702277382193787, 0.47753687807397005, 0.47137105677882296, 0.5089992925309516, 0.5090099412705282, 0.21486264108844144, 0.3218205184442185, 0.3054966109634733, 0.30259225869797185, 0.28481982448921667, 0.21534895934080986, 0.20245019130585437, 0.2845799125469025, 0.2731430349238257, 0.2874460771417992, 0.14715910134346386, 0.13646770434583563, 0.13646770434583563, 0.13646770434583563, 0.1459399091780221, 0.14617470283878856, 0.14617470283878856, 0.14617470283878856, NaN, NaN, 0.5094339622641509], "time": 102.78261160850525}