{"neuron_counts": [6229504, 6229504, 6229504, 6229504, 10903552, 10903552, 10903552, 351232, 351232, 442368, 442368, 442368, 442368, 512000, 512000, 512000, 13824, 13824, 13824, 256, 256, 256, 256, 512, 512, 512, 512, 1, 1, 1], "neuron_counts_selected": [200, 200, 200, 200, 200, 200, 200, 200, 200, 200, 200, 200, 200, 200, 200, 200, 200, 200, 200, 200, 200, 200, 200, 200, 200, 200, 200, 1, 1, 1], "layer_tarantula_score": [0.4992966917996152, 0.498272752912319, 0.4921124735077011, 0.4902281922077217, 0.5015980185015494, 0.4988708190378061, 0.49717224126999854, 0.4999606184676978, 0.4999628644310705, 0.3510277912481544, 0.42841174873776366, 0.435519338410668, 0.4242142189818975, 0.4107650791943368, 0.3663953281709713, 0.34723386734332534, 0.4082384494482271, 0.3815190204502037, 0.3714666421487787, 0.2739903058617783, 0.2832422953161895, 0.2500662744161918, 0.2686060449761104, 0.29091555429558064, 0.26044965773768086, 0.2509361874206332, 0.2643291932449413, 0.0, 0.0, 0.5000000178062342], "layer_ochiai_score": [0.40275794538838466, 0.47030445046166763, 0.4648628534387555, 0.4661885219035527, 0.46441798901616804, 0.4553563326865692, 0.45551785494742814, 0.7133527925355925, 0.7132885198971379, 0.452303399226891, 0.3661472146866119, 0.3470517135678546, 0.3592545424190678, 0.4107574468545249, 0.3702080059877346, 0.38434805108275355, 0.4378950862281894, 0.4539566606578965, 0.4464564297803845, 0.3605505638917485, 0.3545597806076576, 0.3405130182426497, 0.36591293139311704, 0.39464222054394804, 0.3593555421160778, 0.35035090051262335, 0.36376516623543964, 0.0, 0.0, 0.7137457662709261], "layer_D_star_score": [6.042635116871932, 11.039450045430163, 10.694308700259144, 10.746736031634304, 13.456587673748476, 9.90936507401879, 9.898322836160283, 55.95778876952531, 55.93701258990394, 32.76753678427743, 15.834143242165304, 14.386653807356117, 13.752704458010703, 20.66460941914453, 21.207808385395932, 23.995248951445447, 28.869608079298832, 31.11805766054428, 30.97752082763321, 26.71510993572717, 26.14147756767341, 25.637154482043044, 27.48769366370184, 30.190786659020443, 27.617317805615077, 27.296363194294734, 27.867035287397915, 0.0, 0.0, 56.07681523689377], "layer_Op2_score": [17.00311380544565, 23.1733970407603, 22.90188761907996, 23.10905744517463, 23.756321591846053, 21.775472461372715, 21.840378131362016, 52.964718830719185, 52.95490750960847, 32.20490679262869, 20.56415165254405, 18.89264217426005, 19.439906358667248, 24.826510308471114, 23.389340435206726, 25.333585776253248, 29.591321789958887, 31.344529397114343, 31.12198222267505, 25.97273675898725, 25.415283905124706, 24.7904725651461, 26.539246208969416, 28.855095348876702, 26.373019786755123, 25.867453731219374, 26.67151036507478, 0.0, 0.0, 53.018869775717405], "layer_Barinel_score": [0.5084939961470542, 0.5075972552968946, 0.5014160932679649, 0.49955284742609657, 0.5108014509243364, 0.5081629593437929, 0.5064667747104251, 0.5093944998662212, 0.5093967361255096, 0.3575791423232093, 0.4352239875496052, 0.44260464682060857, 0.43176332277049667, 0.41800193419108056, 0.3726441389157166, 0.35335796215229015, 0.4149850501286585, 0.38835621813681853, 0.37802140892795855, 0.2789733655825586, 0.2880880484710355, 0.2546836979048718, 0.27364025313402474, 0.2963335288471664, 0.26525771916580543, 0.25564966111009346, 0.2692269244962136, 0.0, 0.0, 0.5094339622641509], "time": 66.93116021156311}