{"neuron_counts": [6229504, 6229504, 6229504, 6229504, 10903552, 10903552, 10903552, 351232, 351232, 442368, 442368, 442368, 442368, 512000, 512000, 512000, 13824, 13824, 13824, 256, 256, 256, 256, 512, 512, 512, 512, 1, 1, 1], "neuron_counts_selected": [500, 500, 500, 500, 500, 500, 500, 500, 500, 500, 500, 500, 500, 500, 500, 500, 500, 500, 500, 256, 256, 256, 256, 500, 500, 500, 500, 1, 1, 1], "layer_tarantula_score": [0.3917045869559794, 0.46302030171213626, 0.4636540696883132, 0.4548368564375129, 0.4499106448769023, 0.4518208048376112, 0.4562907759233682, 0.49901780207905566, 0.4990299606897663, 0.2226127660220548, 0.2592037591644625, 0.25120244028965905, 0.2580080772836484, 0.24273189342421744, 0.2300448227600029, 0.18331580204671766, 0.2650197567985046, 0.2317604942949952, 0.25443907937079285, 0.13990729958784465, 0.1301527171687773, 0.1301527171687773, 0.1301527171687773, 0.14290645881541514, 0.14996710138942784, 0.13306711059275428, 0.13165040325997665, NaN, NaN, 0.5000000178062342], "layer_ochiai_score": [0.15654105032291002, 0.38267106307182963, 0.38390962007937324, 0.3751982588813454, 0.3241233164358859, 0.35907333810313397, 0.3593438250981193, 0.7107843644559545, 0.7111340018229833, 0.27550626188616373, 0.16628752197576044, 0.15310045110399134, 0.17055506635973106, 0.18749188562043978, 0.19753348027012646, 0.1506983523789466, 0.292800024847268, 0.25703809102232517, 0.2803910895551351, 0.1655616504256544, 0.16375836831493945, 0.16375836831493945, 0.16375836831493945, 0.19011142745461834, 0.20416017544034376, 0.17732867824021997, 0.1800506342335749, NaN, NaN, 0.7137457662709261], "layer_D_star_score": [0.2412850998137438, 5.2100341328921775, 5.275207590140316, 4.97088765437186, 3.894160450624017, 4.264535223179624, 4.199532920159445, 55.16529277029507, 55.2790282912655, 18.35910711065103, 3.3513733157890333, 2.6433492334873905, 3.172159642930475, 6.0560312614170915, 8.292579624644159, 5.793053280936573, 17.26867251002579, 15.232334252795434, 16.158866735797854, 10.958345956947202, 11.53792777981568, 11.53792777981568, 11.53792777981568, 13.949036868549795, 15.515436889991054, 13.276973591016622, 13.684247403887102, NaN, NaN, 56.07681523689377], "layer_Op2_score": [3.168740913568088, 16.2035948961002, 16.32451188507946, 15.878999664589314, 12.238379998415091, 14.570497267024031, 14.418413851105946, 52.656870749836315, 52.7188413187975, 18.78322744926897, 6.667656087146997, 5.8154964358935075, 6.819252397742636, 9.18707262430071, 10.730912151871394, 7.793534692123206, 18.80791997770571, 16.50175204548669, 17.845547954739697, 11.181034693007867, 11.436626043478771, 11.436626043478771, 11.436626043478771, 13.629354593210165, 14.839845648570453, 12.78494323742031, 13.108830720485454, NaN, NaN, 53.018869775717405], "layer_Barinel_score": [0.39990100047697397, 0.47229781154204215, 0.4729359639771471, 0.46408065135661847, 0.45901298291340314, 0.461048783660187, 0.4655307050986564, 0.508451825391165, 0.5084639466562985, 0.22687830818983323, 0.26431651723292254, 0.2561541433161011, 0.26312705750549287, 0.24749928398865909, 0.23455103587179482, 0.1869520447722206, 0.27012360760383913, 0.23622645422850785, 0.2593900313906691, 0.14258772125658828, 0.13264387463023197, 0.13264387463023197, 0.13264387463023197, 0.1456313413735993, 0.15279941983974027, 0.13559423819275368, 0.1341402463120455, NaN, NaN, 0.5094339622641509], "time": 254.64594173431396}