{"neuron_counts": [26300, 8500, 1000, 500, 250, 1], "neuron_counts_selected": [500, 500, 500, 500, 250, 1], "layer_tarantula_score": [1.0, 0.617796, 0.470596, 0.729316, 0.571536, 1.0], "layer_ochiai_score": [0.5892526996270642, 0.36888937013861134, 0.2895442754961779, 0.6965148228228523, 0.5592057148453397, 0.9999980000060001], "layer_D_star_score": [5.405489853329352, 184919.3196995164, 348114.06105963263, 1232186.5949567761, 1664199.1377648418, 6250000.000014566], "layer_Op2_score": [8.802544000000001, 6.433244000000001, 5.215828, 16.643528, 13.686127999999998, 25.0], "layer_Barinel_score": [1.0, 0.617796, 0.470596, 0.729316, 0.571536, 1.0], "time": 2.386331796646118}