{"neuron_counts": [26300, 8500, 1000, 500, 250, 1], "neuron_counts_selected": [500, 500, 500, 500, 250, 1], "layer_tarantula_score": [1.0, 0.79, 0.704, 0.858, 0.756, 1.0], "layer_ochiai_score": [0.69479427780215, 0.5919877113186142, 0.5328097791489091, 0.8347815594592582, 0.7483905483663734, 0.9999987285052461], "layer_D_star_score": [21.405676288017414, 2690726.874953532, 3773151.120589898, 6865948.846646435, 7979356.7198915975, 15463550.133303186], "layer_Op2_score": [19.18722409390706, 19.302297268626507, 17.798972839342365, 32.01127613585659, 29.141382849238422, 39.323720744124685], "layer_Barinel_score": [1.0, 0.79, 0.704, 0.858, 0.756, 1.0], "time": 1.9456894397735596}