{"neuron_counts": [26300, 8500, 1000, 500, 250, 1], "neuron_counts_selected": [500, 500, 500, 500, 250, 1], "layer_tarantula_score": [1.0, 0.6241000000000001, 0.49561599999999995, 0.7361639999999999, 0.571536, 1.0], "layer_ochiai_score": [0.637715875591782, 0.3792987379569582, 0.30424066330998956, 0.6983851418345949, 0.5592057148453397, 0.9999980000060001], "layer_D_star_score": [8.033881885478007, 189246.0987877907, 366040.6916504651, 1232186.5964986917, 1664199.1377648418, 6250000.000014566], "layer_Op2_score": [10.27292, 6.699264, 5.514152, 16.657216, 13.686127999999998, 25.0], "layer_Barinel_score": [1.0, 0.6241000000000001, 0.49561599999999995, 0.7361639999999999, 0.571536, 1.0], "time": 2.9063987731933594}