{"neuron_counts": [26300, 8500, 1000, 500, 250, 1], "neuron_counts_selected": [100, 100, 100, 100, 100, 1], "layer_tarantula_score": [1.0, 0.5184, 0.5184, 0.7395999999999999, 0.6724, 1.0], "layer_ochiai_score": [0.6591562364058872, 0.3163722772973663, 0.3053300610388602, 0.6996766722129263, 0.661305761709666, 0.9999980000060001], "layer_D_star_score": [9.103905608908537, 75642.90727434341, 225638.68194096623, 1440079.4108652654, 2250118.132334871, 6250000.000014566], "layer_Op2_score": [10.9224, 5.567799999999999, 5.2366, 16.6717, 16.2669, 25.0], "layer_Barinel_score": [1.0, 0.5184, 0.5184, 0.7395999999999999, 0.6724, 1.0], "time": 1.513758659362793}