{"neuron_counts": [26300, 8500, 1000, 500, 250, 1], "neuron_counts_selected": [100, 100, 100, 100, 100, 1], "layer_tarantula_score": [1.0, 0.5184, 0.5184, 0.6724, 0.6561000000000001, 1.0], "layer_ochiai_score": [0.6529818824886433, 0.32483320396043613, 0.31729171130959694, 0.6411740511889711, 0.6435229925192733, 0.9999980000060001], "layer_D_star_score": [9.354049524954682, 50645.093322291934, 390645.10480230924, 1050706.3576905245, 2175716.7402910125, 6250000.000014566], "layer_Op2_score": [10.7886, 5.744199999999998, 5.835399999999999, 15.297099999999999, 15.7876, 25.0], "layer_Barinel_score": [1.0, 0.5184, 0.5184, 0.6724, 0.6561000000000001, 1.0], "time": 1.0967156887054443}