{"neuron_counts": [26300, 8500, 1000, 500, 250, 1], "neuron_counts_selected": [2000, 2000, 1000, 500, 250, 1], "layer_tarantula_score": [1.0, 0.8005, 0.729, 0.858, 0.756, 1.0], "layer_ochiai_score": [0.6899961367975045, 0.6011200726463988, 0.5629318878202809, 0.8347815594592582, 0.7483905483663734, 0.9999987285052461], "layer_D_star_score": [20.570158395243766, 2752590.8357790536, 4082424.8767439355, 6865948.846646435, 7979356.7198915975, 15463550.133303186], "layer_Op2_score": [18.928432340575032, 19.665897147911128, 18.997148235666835, 32.01127613585659, 29.141382849238422, 39.323720744124685], "layer_Barinel_score": [1.0, 0.8005, 0.729, 0.858, 0.756, 1.0], "time": 3.4174344539642334}