{"neuron_counts": [26300, 8500, 1000, 500, 250, 1], "neuron_counts_selected": [1000, 1000, 1000, 500, 250, 1], "layer_tarantula_score": [1.0, 0.6006250000000001, 0.5314409999999999, 0.7361639999999999, 0.571536, 1.0], "layer_ochiai_score": [0.6496227228161054, 0.37267182289875944, 0.3390828101691905, 0.6992317819192183, 0.5592057148453397, 0.9999980000060001], "layer_D_star_score": [8.850794614910438, 223283.7931576499, 435618.016713038, 1232186.6006341132, 1664199.1377648418, 6250000.000014566], "layer_Op2_score": [10.650523, 6.8029139999999995, 6.2952509999999995, 16.670911999999998, 13.686127999999998, 25.0], "layer_Barinel_score": [1.0, 0.6006250000000001, 0.5314409999999999, 0.7361639999999999, 0.571536, 1.0], "time": 2.373732328414917}