{"neuron_counts": [26300, 8500, 1000, 500, 250, 1], "neuron_counts_selected": [1000, 1000, 1000, 500, 250, 1], "layer_tarantula_score": [1.0, 0.805, 0.729, 0.858, 0.756, 1.0], "layer_ochiai_score": [0.6893326069692961, 0.6077663663121017, 0.5629318878202809, 0.8347815594592582, 0.7483905483663734, 0.9999987285052461], "layer_D_star_score": [20.386374040394994, 2829916.560669172, 4082424.8767439355, 6865948.846646435, 7979356.7198915975, 15463550.133303186], "layer_Op2_score": [18.894784644102714, 19.94862972414776, 18.997148235666835, 32.01127613585659, 29.141382849238422, 39.323720744124685], "layer_Barinel_score": [1.0, 0.805, 0.729, 0.858, 0.756, 1.0], "time": 2.754530191421509}