{"neuron_counts": [12544, 10816, 2704, 5408, 3872, 800, 1600, 576, 64, 64, 50, 50, 10, 10, 10], "neuron_counts_selected": [500, 500, 500, 500, 500, 500, 500, 500, 64, 64, 50, 50, 10, 10, 10], "layer_tarantula_score": [0.0, 0.04718698115112417, 0.0743762952475641, 0.18504750465492487, 0.27769113966431236, 0.3655763920158093, 0.33640119210886626, 0.2797701728317945, 0.31380852867332765, 0.31380852867332765, 0.30069519678132905, 0.30069519678132905, 0.30098465782844525, 0.30098465782844525, 0.17176885363111905], "layer_ochiai_score": [0.0, 0.0016432535316787428, 0.003589433613415862, 0.00811555224718996, 0.01581686208955491, 0.029646711180058887, 0.02625243291585938, 0.019170384857607282, 0.03762167625357621, 0.03762167625357621, 0.03599338742034586, 0.03599338742034586, 0.027378099384785037, 0.027378099384785037, 0.012560634796371609], "layer_D_star_score": [0.0, 0.0056643698853617065, 0.028334173755828206, 0.06612972895149162, 0.18900168615666785, 0.5732690983582777, 0.47731756573062356, 0.28302359086044976, 0.8996470648652806, 0.8996470648652806, 0.6875628848370675, 0.6875628848370675, 0.582348817516831, 0.582348817516831, 0.15399017715829438], "layer_Op2_score": [0.0, 0.49873112000470426, 1.797110684393381, 4.362112637984086, 11.43175578428174, 29.45472852633325, 27.137376758286592, 16.976705917212808, 46.30951567268312, 46.30951567268312, 53.206958883587696, 53.206958883587696, 23.458679416690607, 23.458679416690607, 10.702855708396445], "layer_Barinel_score": [0.0, 0.003461188885153361, 0.008718934790328163, 0.01361749700641296, 0.01972806399095663, 0.0204390143844292, 0.025896004481544416, 0.01420881200072607, 0.011960147359370775, 0.011960147359370775, 0.009249266533226998, 0.009249266533226998, 0.011778379894813762, 0.011778379894813762, 0.005408283390841073], "time": 303.24581837654114}