{"neuron_counts": [12544, 10816, 2704, 5408, 3872, 800, 1600, 576, 64, 64, 50, 50, 10, 10, 10], "neuron_counts_selected": [500, 500, 500, 500, 500, 500, 500, 500, 64, 64, 50, 50, 10, 10, 10], "layer_tarantula_score": [0.05565405912594945, 0.18730236559710386, 0.261312802607129, 0.31953511798175, 0.34182981586203803, 0.4496509563558998, 0.37534852680972747, 0.28878007128073085, 0.34740548670176663, 0.34740548670176663, 0.379337546555591, 0.379337546555591, 0.39049358343130247, 0.39049358343130247, 0.32167248471681414], "layer_ochiai_score": [0.0021777481703784967, 0.009177483839278263, 0.017350068449553804, 0.021390032546291345, 0.0230113356892398, 0.04000305983993898, 0.033847937053020645, 0.024078571431891804, 0.04688455356249127, 0.04688455356249127, 0.05092711399779814, 0.05092711399779814, 0.037720159399722376, 0.037720159399722376, 0.03047386137794141], "layer_D_star_score": [0.01470006892593312, 0.08092222135681766, 0.24201382067607632, 0.3161527430173852, 0.3561242514556503, 0.8452157725094797, 0.697608696469183, 0.4450990501633387, 1.352665620361337, 1.352665620361337, 1.2786956236352556, 1.2786956236352556, 0.9187897920045597, 0.9187897920045597, 0.7191844333549495], "layer_Op2_score": [0.983088702306627, 4.802668337210135, 13.290117335313006, 18.093572422260635, 19.813490683825236, 42.95623529572527, 40.293292400790364, 24.080204358971415, 61.40589032963983, 61.40589032963983, 76.22083211012985, 76.22083211012985, 32.382364471018505, 32.382364471018505, 26.209714686794893], "layer_Barinel_score": [0.0033663356743368535, 0.014737782919330925, 0.03189588879629339, 0.018238293803870348, 0.025277528266574863, 0.023489048459178707, 0.016600479440487825, 0.013607230227527878, 0.014092898218606825, 0.014092898218606825, 0.0129844938121483, 0.0129844938121483, 0.01621782368206669, 0.01621782368206669, 0.01306709097777512], "time": 293.9177780151367}