{"neuron_counts": [12544, 10816, 2704, 5408, 3872, 800, 1600, 576, 64, 64, 50, 50, 10, 10, 10], "neuron_counts_selected": [500, 500, 500, 500, 500, 500, 500, 500, 64, 64, 50, 50, 10, 10, 10], "layer_tarantula_score": [0.01724063696313229, 0.10872728134865861, 0.1501331212603025, 0.25292483487287665, 0.30967243648882153, 0.41679836139974646, 0.3559781471967562, 0.2767517433343446, 0.3342175112142841, 0.3342175112142841, 0.33729147453333097, 0.33729147453333097, 0.34655044257594236, 0.34655044257594236, 0.25146966981752567], "layer_ochiai_score": [0.0004693276607740653, 0.00442598777978517, 0.008210337754457248, 0.014347089459459953, 0.019160119574952894, 0.033643937953323926, 0.028394201559169562, 0.021669211443139234, 0.04251441064949518, 0.04251441064949518, 0.04264272204094503, 0.04264272204094503, 0.032235943114909904, 0.032235943114909904, 0.02165766698187107], "layer_D_star_score": [0.0009290338250906768, 0.02547557272204613, 0.08989079709087175, 0.16742144638039116, 0.27049262561923615, 0.6417435108700015, 0.5258267263649677, 0.3645962894757464, 1.1268384571963317, 1.1268384571963317, 0.928803222296704, 0.928803222296704, 0.7224792149441226, 0.7224792149441226, 0.41432263113887596], "layer_Op2_score": [0.10978694522896146, 1.734621965345277, 5.346129341558943, 9.854408926240893, 15.430072276877567, 33.1721067061822, 30.884377178400356, 20.537359387934167, 53.939819033167495, 53.939819033167495, 63.47244783978912, 63.47244783978912, 27.61528705941206, 27.61528705941206, 18.55573912027128], "layer_Barinel_score": [0.0010798715762919766, 0.010830915356872943, 0.011471281371716584, 0.015438887283138438, 0.02035639138016401, 0.02747593124808963, 0.019786079824653007, 0.015402893690179475, 0.013160313925015188, 0.013160313925015188, 0.010899315498727755, 0.010899315498727755, 0.013880497197726471, 0.013880497197726471, 0.009308399296305569], "time": 293.4737913608551}