{"neuron_counts": [12544, 10816, 2704, 5408, 3872, 800, 1600, 576, 64, 64, 50, 50, 10, 10, 10], "neuron_counts_selected": [100, 100, 100, 100, 100, 100, 100, 100, 64, 64, 50, 50, 10, 10, 10], "layer_tarantula_score": [0.12154404709316298, 0.2333746304072227, 0.29976307700342947, 0.37491670915416053, 0.35381838816008115, 0.3961363615151424, 0.3530789049178641, 0.17470764531051797, 0.24883406400279498, 0.24883406400279498, 0.40169976645346883, 0.40169976645346883, 0.4175603298988249, 0.4175603298988249, 0.5446040930451966], "layer_ochiai_score": [0.007796708591299285, 0.013245727025749544, 0.02460356058131918, 0.03301743837964986, 0.021579901425534995, 0.0356334312373978, 0.03260549182668866, 0.012255761334963963, 0.03123596639282828, 0.03123596639282828, 0.05197918342896059, 0.05197918342896059, 0.03466594919964276, 0.03466594919964276, 0.05735881736567923], "layer_D_star_score": [0.09555780711207805, 0.1321486696411588, 0.4015481179509964, 0.5105317623862867, 0.25000632184128907, 0.6308505079529994, 0.5543897237502476, 0.13733401582092555, 0.752717280237233, 0.752717280237233, 1.172793684297486, 1.172793684297486, 0.5180206118705462, 0.5180206118705462, 1.2973311332441901], "layer_Op2_score": [5.428928447045654, 8.163977180114758, 21.38475343621311, 29.106237901901785, 13.881895224334151, 35.18471083046708, 33.20400277603539, 8.365376611694485, 38.69580787458737, 38.69580787458737, 73.87713291171319, 73.87713291171319, 29.51775245649696, 29.51775245649696, 49.73580642072677], "layer_Barinel_score": [0.004854223158428966, 0.008607342898986728, 0.011383139502678805, 0.013884463293136775, 0.013973013662244092, 0.014473126235533016, 0.012531119374939313, 0.006458513845310802, 0.008994118869731322, 0.008994118869731322, 0.01347942577719947, 0.01347942577719947, 0.014996347716572479, 0.014996347716572479, 0.024399980568352287], "time": 73.01148819923401}