{"neuron_counts": [12544, 10816, 2704, 5408, 3872, 800, 1600, 576, 64, 64, 50, 50, 10, 10, 10], "neuron_counts_selected": [500, 500, 500, 500, 500, 500, 500, 500, 64, 64, 50, 50, 10, 10, 10], "layer_tarantula_score": [0.20295337464827728, 0.2820793188611004, 0.3821814164206503, 0.391035532476914, 0.37359162438342713, 0.4751575757704717, 0.39434621456414526, 0.3020115116747729, 0.36305970651747077, 0.36305970651747077, 0.42323503873210533, 0.42323503873210533, 0.4440333681992966, 0.4440333681992966, 0.42987896174086127], "layer_ochiai_score": [0.010912631728127701, 0.01689291364948842, 0.030048778573738517, 0.031951931904532827, 0.02767453593659494, 0.04710534470637924, 0.04002893243611864, 0.026868878669368615, 0.051690963818655414, 0.051690963818655414, 0.06048146194642478, 0.06048146194642478, 0.044806208479024986, 0.044806208479024986, 0.043348079618525166], "layer_D_star_score": [0.11642917312357615, 0.20519769415045078, 0.5499090752812129, 0.5898827760934446, 0.47878962141214304, 1.107380881830953, 0.9060494230084035, 0.5308075626214436, 1.5995946937655154, 1.5995946937655154, 1.7050381182490038, 1.7050381182490038, 1.1810119112623978, 1.1810119112623978, 1.1886839080358191], "layer_Op2_score": [6.939142011299811, 11.694815857987411, 29.101400498144223, 32.37284567306461, 25.821826160630152, 55.82725890361612, 51.65229340068013, 27.91883596065246, 69.8262419418519, 69.8262419418519, 91.0779298716678, 91.0779298716678, 38.539298763184625, 38.539298763184625, 37.41614528982908], "layer_Barinel_score": [0.01462919416993609, 0.019131782413111392, 0.031222456408287705, 0.01986647586113509, 0.02284882063543401, 0.022161403259435972, 0.016895279218031634, 0.01403381110802936, 0.015101815246081576, 0.015101815246081576, 0.01533775178881639, 0.01533775178881639, 0.019237581202540554, 0.019237581202540554, 0.018544718015774186], "time": 292.21945238113403}