{"neuron_counts": [12544, 10816, 2704, 5408, 3872, 800, 1600, 576, 64, 64, 50, 50, 10, 10, 10], "neuron_counts_selected": [500, 500, 500, 500, 500, 500, 500, 500, 64, 64, 50, 50, 10, 10, 10], "layer_tarantula_score": [0, 0.0032434942698144464, 0.007767218221266245, 0.05065246437845286, 0.1196794599110405, 0.21698849174858204, 0.18726413797035268, 0.12858715843481444, 0.18232805818499692, 0.18232805818499692, 0.21007748118075897, 0.21007748118075897, 0.1721994912772016, 0.1721994912772016, 0.06988986698648557], "layer_ochiai_score": [0, 0.00010786757251118332, 0.00034518966603523015, 0.0019242232194936362, 0.005944221031627063, 0.014717163268870558, 0.012361236541882765, 0.007828019647535956, 0.02021179230598846, 0.02021179230598846, 0.022770929589765183, 0.022770929589765183, 0.012633852183612005, 0.012633852183612005, 0.004348153402530329], "layer_D_star_score": [0, 0.00011388953876185793, 0.0007816426036731417, 0.0036885102275760638, 0.021631402467089254, 0.11341333692863384, 0.07659750665618505, 0.03716621011318414, 0.22564252742826715, 0.22564252742826715, 0.1691646513263529, 0.1691646513263529, 0.07550231629928507, 0.07550231629928507, 0.013725155664551228], "layer_Op2_score": [0, 0.01393724104446724, 0.05865589678988718, 0.31032970512404606, 1.4168741925808863, 5.548430837023847, 4.528276393884521, 2.6266884515692395, 12.743926984066004, 12.743926984066004, 17.693469181324293, 17.693469181324293, 6.001862585481644, 6.001862585481644, 1.996698751723338], "layer_Barinel_score": [0, 0.00017059702342430414, 0.00044498938058335836, 0.002623426400313111, 0.005792292949573435, 0.01018877784434444, 0.008305465816549996, 0.0055237446258591906, 0.007328909255795082, 0.007328909255795082, 0.006845423609370778, 0.006845423609370778, 0.006155859840934243, 0.006155859840934243, 0.0021277389955939928], "time": 388.2253122329712}