{"neuron_counts": [12544, 10816, 2704, 5408, 3872, 800, 1600, 576, 64, 64, 50, 50, 10, 10, 10], "neuron_counts_selected": [2000, 2000, 2000, 2000, 2000, 800, 1600, 576, 64, 64, 50, 50, 10, 10, 10], "layer_tarantula_score": [0.14154834714830883, 0.24298349689247542, 0.3208967549174267, 0.36817761704717106, 0.2732275501649474, 0.3977775223337882, 0.3328909916912991, 0.18020090128579383, 0.24586144053617076, 0.24586144053617076, 0.3976610688706766, 0.3976610688706766, 0.4403437306589101, 0.4403437306589101, 0.570399947259135], "layer_ochiai_score": [0.009908551310623136, 0.01576154725250129, 0.024996777984081772, 0.034828080532157725, 0.019400042312218514, 0.04011841859001994, 0.03218589012450065, 0.014227889794414085, 0.03448989037549909, 0.03448989037549909, 0.057153182783380364, 0.057153182783380364, 0.04249330377413119, 0.04249330377413119, 0.07135485584281326], "layer_D_star_score": [0.08071726375300992, 0.10610003297280891, 0.23378686669252985, 0.38426075082507466, 0.14382915320819206, 0.5154818652035636, 0.35748544964230644, 0.11062823085033693, 0.5777908929378252, 0.5777908929378252, 0.891403789099166, 0.891403789099166, 0.4620393864022319, 0.4620393864022319, 1.2357703426097253], "layer_Op2_score": [3.852450678869543, 5.49332991353886, 10.921405226763751, 18.030070952439218, 7.241337764868301, 22.8039279352716, 18.723634447813406, 6.110965717665344, 24.193729061917747, 24.193729061917747, 46.0422297385723, 46.0422297385723, 20.569140898022315, 20.569140898022315, 35.366783740561296], "layer_Barinel_score": [0.006954386278532325, 0.01142523358702959, 0.015179085336578158, 0.016893759954967072, 0.012688290679559665, 0.018305505798538055, 0.014028997810763482, 0.007844089755229182, 0.011076333803833178, 0.011076333803833178, 0.01660122742150235, 0.01660122742150235, 0.020550640844072994, 0.020550640844072994, 0.03374790872994082], "time": 1159.1098613739014}