{"neuron_counts": [12544, 10816, 2704, 5408, 3872, 800, 1600, 576, 64, 64, 50, 50, 10, 10, 10], "neuron_counts_selected": [200, 200, 200, 200, 200, 200, 200, 200, 64, 64, 50, 50, 10, 10, 10], "layer_tarantula_score": [0.29792813357734294, 0.40955485896357813, 0.43900570136834516, 0.45739632911474587, 0.4431299458645064, 0.4752198802395804, 0.43409538573871925, 0.31866064917011444, 0.37967122013042154, 0.37967122013042154, 0.4652232751105073, 0.4652232751105073, 0.4992226637702354, 0.4992226637702354, 0.6091840807830932], "layer_ochiai_score": [0.025110172279739044, 0.029926759947207223, 0.04020545894732962, 0.04922727757228506, 0.03502466101054914, 0.05438859599246979, 0.04827847652071957, 0.02824831215536832, 0.05585128470583764, 0.05585128470583764, 0.07102326082014476, 0.07102326082014476, 0.05331888905386438, 0.05331888905386438, 0.0789432214641732], "layer_D_star_score": [0.5285971128234555, 0.5043133150961191, 0.8645132905308722, 1.1959672513283588, 0.6493907339555827, 1.4238251232793573, 1.235960401648439, 0.5658460818082527, 1.798573063849637, 1.798573063849637, 2.2531352638498716, 2.2531352638498716, 1.470058670562973, 1.470058670562973, 2.7376226332106803], "layer_Op2_score": [27.99271521466936, 27.06861043311389, 44.9087958229502, 64.03443977272347, 34.601919315222354, 72.06662988082542, 68.76504086056877, 28.996881052948673, 77.60613381080137, 77.60613381080137, 107.69685380149653, 107.69685380149653, 45.9426708934272, 45.9426708934272, 68.91308347104045], "layer_Barinel_score": [0.019408662976704703, 0.029705004978978655, 0.025035166796383422, 0.018991078872490897, 0.028261328295096227, 0.01995534419250025, 0.022059572983075797, 0.014624312695921276, 0.015933389781071283, 0.015933389781071283, 0.01788369442354511, 0.01788369442354511, 0.022861988173107826, 0.022861988173107826, 0.03344685168362288], "time": 127.7848470211029}