{"neuron_counts": [12544, 10816, 2704, 5408, 3872, 800, 1600, 576, 64, 64, 50, 50, 10, 10, 10], "neuron_counts_selected": [200, 200, 200, 200, 200, 200, 200, 200, 64, 64, 50, 50, 10, 10, 10], "layer_tarantula_score": [0.1283484259567581, 0.24634026388995403, 0.3301959901907036, 0.3712464931438727, 0.3024764612798195, 0.4122107578822082, 0.3249000628559561, 0.19041323056820292, 0.24883406400279498, 0.24883406400279498, 0.40169976645346883, 0.40169976645346883, 0.4175603298988249, 0.4175603298988249, 0.5446040930451966], "layer_ochiai_score": [0.007918875921400146, 0.014401291858448885, 0.02342448221386369, 0.03618332800971871, 0.019519033058719805, 0.036802601362601495, 0.02747111378079126, 0.013318365099269218, 0.03123596639282828, 0.03123596639282828, 0.05197918342896059, 0.05197918342896059, 0.03466594919964276, 0.03466594919964276, 0.05735881736567923], "layer_D_star_score": [0.09073408752661921, 0.1404998928400749, 0.32730823936156606, 0.6511524091308689, 0.22187597240083556, 0.6273058887463102, 0.4494188390912801, 0.14718470841767076, 0.752717280237233, 0.752717280237233, 1.172793684297486, 1.172793684297486, 0.5180206118705462, 0.5180206118705462, 1.2973311332441901], "layer_Op2_score": [5.115681351450419, 8.86676199553463, 18.795754093833327, 36.90303256968291, 13.22539330782896, 34.983894001606934, 27.844956473030383, 9.630979076587762, 38.69580787458737, 38.69580787458737, 73.87713291171319, 73.87713291171319, 29.51775245649696, 29.51775245649696, 49.73580642072677], "layer_Barinel_score": [0.005272285471018904, 0.009164930411825953, 0.01270772566075767, 0.01361368668208188, 0.011269846647560455, 0.015204984734062362, 0.011055150711777038, 0.0067692202583821606, 0.008994118869731322, 0.008994118869731322, 0.01347942577719947, 0.01347942577719947, 0.014996347716572479, 0.014996347716572479, 0.024399980568352287], "time": 127.1970705986023}