{"neuron_counts": [50176, 12544, 12544, 3136, 3136, 10, 10], "neuron_counts_selected": [100, 100, 100, 100, 100, 10, 10], "layer_tarantula_score": [0.3049677835860636, 0.2918421552223725, 0.25130298334524803, 0.3244485569778228, 0.34879084319635084, 0.4338012555506885, 0.47249201168566185], "layer_ochiai_score": [0.043617618240358, 0.08444157829449804, 0.061805296822115954, 0.1392009775134362, 0.1476608015306967, 0.34606719161412114, 0.4628448296603984], "layer_D_star_score": [9.26344897790613, 88.97186940144815, 24.87251018282373, 229.01342390447408, 228.0593670851084, 719.5246554746365, 2268.585717868212], "layer_Op2_score": [94.09509104256198, 334.44236373759946, 174.52032322389294, 616.0372233242558, 647.0015681062547, 1867.4440171178214, 3172.7189367609512], "layer_Barinel_score": [0.5142313720647734, 0.551969773832427, 0.47859889543022177, 0.6986244645279389, 0.6986274755405852, 0.8482665384736379, 0.8808789595394133], "time": 55.4030225276947}