{"neuron_counts": [50176, 12544, 12544, 3136, 3136, 10, 10], "neuron_counts_selected": [500, 500, 500, 500, 500, 10, 10], "layer_tarantula_score": [0.002, 0.007216493412568634, 0.004, 0.0015969002582493978, 0.014104919797835987, 0.0, 0.0], "layer_ochiai_score": [3.722335104511839e-05, 0.0002456822973815093, 7.424881696487449e-05, 0.0002554410954512377, 0.0008576193082892316, 0.0, 0.0], "layer_D_star_score": [2.753484897276196e-06, 0.00015671207249397733, 6.421620642370698e-06, 0.0015315731510768616, 0.006740111648467174, 0.0, 0.0], "layer_Op2_score": [0.007946232914924621, 0.09749917115169852, 0.016276012539863587, 0.23665838510037504, 0.7170104689711706, 0.0, 0.0], "layer_Barinel_score": [0.002, 0.009145420172312926, 0.004, 0.003404133476099651, 0.01808570008505411, 0.0, 0.0], "time": 267.44953894615173}