{"neuron_counts": [50176, 12544, 12544, 3136, 3136, 10, 10], "neuron_counts_selected": [200, 200, 200, 200, 200, 10, 10], "layer_tarantula_score": [0.5130261097343172, 0.4733775172007704, 0.41062747929164733, 0.4771973699201115, 0.5044237207601279, 0.5171893613607379, 0.5296753996727739], "layer_ochiai_score": [0.12071460272564309, 0.1949325978693841, 0.16739484029824417, 0.24292350364502974, 0.2738506718724502, 0.4479511006777204, 0.5691914154745279], "layer_D_star_score": [103.53644857714589, 447.54208045019664, 228.59266169152224, 675.9428670822986, 1266.198772177209, 2172.192982132028, 5821.113940570399], "layer_Op2_score": [450.8619072909627, 1018.6042815513248, 739.7352546060524, 1333.4635056540722, 1621.5082157021993, 3003.3551270994694, 4613.03169444973], "layer_Barinel_score": [0.7159179260618389, 0.7363287322880311, 0.6797022844071532, 0.7815397645968167, 0.8164420491416291, 0.8851786242158697, 0.9007500019019237], "time": 116.68519997596741}