{"neuron_counts": [50176, 12544, 12544, 3136, 3136, 10, 10], "neuron_counts_selected": [500, 500, 500, 500, 500, 10, 10], "layer_tarantula_score": [0.45263998502417474, 0.48155265156480254, 0.476302624654073, 0.48474784935829157, 0.49231371384342115, 0.5171893613607379, 0.5296753996727739], "layer_ochiai_score": [0.13693767130565432, 0.18046389414943353, 0.1777917307661046, 0.266648986109859, 0.267023650032955, 0.4479511006777204, 0.5691914154745279], "layer_D_star_score": [143.83382823320028, 339.207732939021, 361.14547184800796, 1078.6360501751064, 1223.0903947900017, 2172.192982132028, 5821.113940570399], "layer_Op2_score": [572.054031144322, 879.6608319029347, 851.3523802951121, 1607.256180386812, 1613.502494024137, 3003.3551270994694, 4613.03169444973], "layer_Barinel_score": [0.6649864385000417, 0.731545584440555, 0.725005789331767, 0.7929320009758513, 0.8008592501196424, 0.8851786242158697, 0.9007500019019237], "time": 283.1043756008148}