{"neuron_counts": [50176, 12544, 12544, 3136, 3136, 10, 10], "neuron_counts_selected": [500, 500, 500, 500, 500, 10, 10], "layer_tarantula_score": [0.10899413659564346, 0.12039276244932406, 0.11293110305805612, 0.15884406690060887, 0.13900873201301422, 0.27815961256526106, 0.0], "layer_ochiai_score": [0.011239898689448967, 0.019372665179932066, 0.014845780328247639, 0.024269188478184354, 0.026947898441318965, 0.04684470278300046, 0.0], "layer_D_star_score": [1.1761915736040687, 4.178230727638867, 2.279584028147462, 7.292596246654014, 13.411210381382494, 6.179119164024377, 0.0], "layer_Op2_score": [21.349290093238558, 48.760461281425904, 32.49930799083573, 64.57551398413017, 85.51783685751238, 106.87043696714724, 0.0], "layer_Barinel_score": [0.13749463520410854, 0.17048288541383397, 0.14800773435425452, 0.20957154672358547, 0.18965006034810333, 0.40194197480388, 0.0], "time": 255.09450340270996}