{"neuron_counts": [50176, 12544, 12544, 3136, 3136, 10, 10], "neuron_counts_selected": [500, 500, 500, 500, 500, 10, 10], "layer_tarantula_score": [0.45861600884156484, 0.5079816426906711, 0.4533685247275728, 0.48192679246402315, 0.48556278464285685, 0.5171893613607379, 0.5296753996727739], "layer_ochiai_score": [0.13228003835583582, 0.19923367541250103, 0.1606610293706959, 0.25373582751814366, 0.26673568996306607, 0.4479511006777204, 0.5691914154745279], "layer_D_star_score": [132.41759902351714, 472.5338968172509, 298.03724087446614, 1125.790351231575, 1159.2214019174833, 2172.192982132028, 5821.113940570399], "layer_Op2_score": [543.4554323676329, 1035.629130853809, 762.5829921561892, 1508.0597471287103, 1625.5716200720285, 3003.3551270994694, 4613.03169444973], "layer_Barinel_score": [0.6711567803394567, 0.7510146092987586, 0.696319721271175, 0.7817494968887153, 0.79907115111321, 0.8851786242158697, 0.9007500019019237], "time": 367.82092905044556}