{"neuron_counts": [10, 90, 10, 10, 10, 10, 10, 10, 10, 10, 10, 1], "neuron_counts_selected": [10, 90, 10, 10, 10, 10, 10, 10, 10, 10, 10, 1], "layer_tarantula_score": [0.5, 0.044444444444444446, 0.3, 0.2, 0.0, 0.0, 0.0, 0.0, 0.0, 0.0, 0.0, 0.0], "layer_ochiai_score": [0.49883872303144977, 0.024904287049426647, 0.2990371473493276, 0.19707373431454583, 0.0, 0.0, 0.0, 0.0, 0.0, 0.0, 0.0, 0.0], "layer_D_star_score": [167228.17341269267, 3493.4582633379678, 90348.9340734578, 36867.17295648538, 0.0, 0.0, 0.0, 0.0, 0.0, 0.0, 0.0, 0.0], "layer_Op2_score": [707.255943011213, 31.794526372310834, 423.6004597891745, 276.0097500312607, 0.0, 0.0, 0.0, 0.0, 0.0, 0.0, 0.0, 0.0], "layer_Barinel_score": [0.5, 0.044444444444444446, 0.3, 0.2, 0.0, 0.0, 0.0, 0.0, 0.0, 0.0, 0.0, 0.0], "time": 2.2984461784362793}