{"neuron_counts": [512, 128, 64, 64, 8, 2], "neuron_counts_selected": [500, 128, 64, 64, 8, 2], "layer_tarantula_score": [0.49997982400727703, 0.49999984642105305, 0.4844969214954002, 0.4844969214954002, 0.13551938737188246, 0.49999984642105294], "layer_ochiai_score": [0.5393218954518755, 0.5393596090542038, 0.522636300863314, 0.522636300863314, 0.07158622259532448, 0.5393596090542038], "layer_D_star_score": [39.37691002187077, 39.38459855359035, 38.163445229296904, 38.163445229296904, 2.4248058129587515, 39.38459855359036], "layer_Op2_score": [94.9962752322301, 95.00425574286989, 92.05856714927992, 92.05856714927992, 8.36236707319486, 95.0042557428699], "layer_Barinel_score": [0.2908926083178886, 0.29090909090909095, 0.2818892045454546, 0.2818892045454546, 0.07096760123431874, 0.2909090909090909], "time": 2.6599347591400146}