{"neuron_counts": [512, 128, 64, 64, 8, 2], "neuron_counts_selected": [500, 128, 64, 64, 8, 2], "layer_tarantula_score": [0.5022880491209628, 0.5000998190443069, 0.47669391145680573, 0.47669391145680573, 0.026543768086819436, 0.5024282808540494], "layer_ochiai_score": [0.50843995584826, 0.5231413798173379, 0.49860929173968005, 0.49860929173968005, 0.0046226593482163805, 0.5249354967426239], "layer_D_star_score": [40.037346721382946, 43.238625519150965, 41.209777716660774, 41.209777716660774, 0.002790266947237833, 43.6504395841073], "layer_Op2_score": [106.77801810458425, 113.74600040470429, 108.39807654890146, 108.39807654890146, 0.20592676751751662, 113.765240946972], "layer_Barinel_score": [0.27550917584367135, 0.2737014209008379, 0.2609008747232263, 0.2609008747232263, 0.011524197967926586, 0.27556092740489796], "time": 2.589900255203247}