{"neuron_counts": [512, 128, 64, 64, 8, 2], "neuron_counts_selected": [500, 128, 64, 64, 8, 2], "layer_tarantula_score": [0.49702956633339507, 0.4999687757032047, 0.454212177267694, 0.454212177267694, 0.003329916423118012, 0.5008062980355542], "layer_ochiai_score": [0.5158336480203521, 0.5392921805861127, 0.48988796057244266, 0.48988796057244266, 0.0005042944438841362, 0.5399767285358583], "layer_D_star_score": [34.78200898720633, 39.37086753262275, 35.760024138803075, 35.760024138803075, 0.0001502402401536151, 39.512470571460454], "layer_Op2_score": [87.25184052665, 94.98873021717202, 86.27707713847366, 86.27707713847366, 0.015026595999320852, 95.00744723087352], "layer_Barinel_score": [0.2885039830618393, 0.2908835347023869, 0.2642662410683504, 0.2642662410683504, 0.0015624999999999997, 0.29157631359466224], "time": 2.730207920074463}