{"neuron_counts": [3072, 500, 300, 10], "neuron_counts_selected": [500, 500, 300, 10], "layer_tarantula_score": [0.5093322519646832, 0.0, 0.0, 0.0], "layer_ochiai_score": [0.9583933764222594, 0.0, 0.0, 0.0], "layer_D_star_score": [113663.90935928457, 0.0, 0.0, 0.0], "layer_Op2_score": [9182.5078028596, 0.0, 0.0, 0.0], "layer_Barinel_score": [0.9903312886431791, 0.0, 0.0, 0.0], "time": 124.58082509040833}