{"neuron_counts": [3072, 500, 300, 10], "neuron_counts_selected": [500, 500, 300, 10], "layer_tarantula_score": [0.5020308340559881, 0.0, 0.0, 0.0], "layer_ochiai_score": [0.6630109403607126, 0.0, 0.0, 0.0], "layer_D_star_score": [3813.8654660949014, 0.0, 0.0, 0.0], "layer_Op2_score": [4427.553287614567, 0.0, 0.0, 0.0], "layer_Barinel_score": [0.9892868287330894, 0.0, 0.0, 0.0], "time": 122.19616723060608}