{"neuron_counts": [3072, 500, 300, 10], "neuron_counts_selected": [200, 200, 200, 10], "layer_tarantula_score": [0.4983855119131542, 0, 0, 0], "layer_ochiai_score": [0.9523534284516905, 0, 0, 0], "layer_D_star_score": [94470.81703715018, 0, 0, 0], "layer_Op2_score": [9065.592576349503, 0, 0, 0], "layer_Barinel_score": [0.9899240227524484, 0, 0, 0], "time": 54.5962598323822}