{"neuron_counts": [12000, 6000, 6000, 6000, 50, 1], "neuron_counts_selected": [100, 100, 100, 100, 50, 1], "layer_tarantula_score": [0.4881120803916407, 0.49644026045456685, 0.4996310346249208, 0.4898001487254662, 0.14222590383014475, 0.4999998557695497], "layer_ochiai_score": [0.3380820008897363, 0.43913921058147815, 0.4412353965516669, 0.43152216799018717, 0.15727347179626164, 0.6593796491717406], "layer_D_star_score": [3.045224383300056, 7.727148098150536, 7.939946368688701, 7.4376392025272136, 6.116355402146946, 30.769171597746926], "layer_Op2_score": [10.572830711640167, 17.526981967958548, 17.519246114629972, 17.134340463508558, 7.94339659736491, 39.018869775717405], "layer_Barinel_score": [0.42548539001815383, 0.4321454513204025, 0.43605989384873106, 0.4261554135229749, 0.1246203943522839, 0.4347826086956522], "time": 0.38498640060424805}