{"neuron_counts": [12000, 6000, 6000, 6000, 50, 1], "neuron_counts_selected": [500, 500, 500, 500, 50, 1], "layer_tarantula_score": [0.1303745170909682, 0.21505946149370386, 0.2333243661344059, 0.21937537296509466, 0.03329459650013155, 0.4999998228748973], "layer_ochiai_score": [0.028121405499635842, 0.05544558735300266, 0.059939673555064986, 0.05646036266433743, 0.03380348027124981, 0.6497854346736582], "layer_D_star_score": [0.00805237426643011, 0.02593485641814244, 0.028764871681943707, 0.02585826016762662, 0.7890775856547698, 27.7691773669666], "layer_Op2_score": [0.23217000378489894, 0.5659728195984544, 0.6231946356931402, 0.5834651206846779, 1.5570642538410318, 37.018869775717405], "layer_Barinel_score": [0.1160451142857145, 0.1852662952380955, 0.2003057271284273, 0.18801465803085793, 0.02768961255829118, 0.4222222222222223], "time": 1.97151517868042}