{"neuron_counts": [12000, 6000, 6000, 6000, 50, 1], "neuron_counts_selected": [200, 200, 200, 200, 50, 1], "layer_tarantula_score": [0.4312179890034578, 0.4528624833264363, 0.4619241502063327, 0.46540408419494933, 0.03533221052823763, 0.4999998228748973], "layer_ochiai_score": [0.2874609575319981, 0.3863184948540538, 0.39533315147890474, 0.3985365890639017, 0.03741402778611072, 0.6497854346736582], "layer_D_star_score": [1.8758018676667336, 5.052664373855153, 5.353745319924242, 5.432138867359123, 1.0194475217246448, 27.7691773669666], "layer_Op2_score": [8.3519877925702, 14.393497070147037, 14.781903193578884, 14.862689032756546, 1.8025359552151763, 37.018869775717405], "layer_Barinel_score": [0.35837406426144075, 0.37801827852247877, 0.3863208666448841, 0.38970171205367227, 0.029505856554901087, 0.4222222222222223], "time": 0.8103711605072021}