{"neuron_counts": [12000, 6000, 6000, 6000, 50, 1], "neuron_counts_selected": [500, 500, 500, 500, 50, 1], "layer_tarantula_score": [0.3962410936583163, 0.4081422286663456, 0.4045504822426451, 0.4136601166028014, 0.03397208532514323, 0.4999998228748973], "layer_ochiai_score": [0.14650335030936554, 0.20281749912861632, 0.20002696322568414, 0.20771134119955184, 0.03549629743295327, 0.6497854346736582], "layer_D_star_score": [0.19941242738689136, 0.6046322950169765, 0.5924524731443506, 0.6492113422416375, 0.9067208461421141, 27.7691773669666], "layer_Op2_score": [2.3348646093875285, 4.34118632456165, 4.26974111354507, 4.506588438836907, 1.6774793489068895, 37.018869775717405], "layer_Barinel_score": [0.3312055276754034, 0.3392263443548009, 0.3361160068076953, 0.34413679265537567, 0.028279264514407227, 0.4222222222222223], "time": 2.1265597343444824}