{"neuron_counts": [12000, 6000, 6000, 6000, 50, 1], "neuron_counts_selected": [500, 500, 500, 500, 50, 1], "layer_tarantula_score": [0.14132462501531287, 0.24284260903010704, 0.209238072307209, 0.24849326527216706, 0.03329459650013155, 0.4999998228748973], "layer_ochiai_score": [0.031874241106665195, 0.06306589085615957, 0.054007032619535884, 0.06464155407946785, 0.03380348027124981, 0.6497854346736582], "layer_D_star_score": [0.010185699884117957, 0.0295637490149938, 0.024862005355072995, 0.03122108648110923, 0.7890775856547698, 27.7691773669666], "layer_Op2_score": [0.27385052964051027, 0.6505238366569116, 0.5425505533687671, 0.6733204418859579, 1.5570642538410318, 37.018869775717405], "layer_Barinel_score": [0.1253590900432904, 0.20807495515595537, 0.18059230140970148, 0.21377479054279042, 0.02768961255829118, 0.4222222222222223], "time": 2.080521821975708}