{"neuron_counts": [12000, 6000, 6000, 6000, 50, 1], "neuron_counts_selected": [500, 500, 500, 500, 50, 1], "layer_tarantula_score": [0.48853260016349775, 0.49772781882424144, 0.4922507890326584, 0.4993042063581602, 0.14222590383014475, 0.4999998557695497], "layer_ochiai_score": [0.33955112146425004, 0.44272259350580584, 0.43393925362521885, 0.44270437198063817, 0.15727347179626164, 0.6593796491717406], "layer_D_star_score": [3.1070156277851164, 7.943216859115793, 7.4101604668107885, 7.902461320930821, 6.116355402146946, 30.769171597746926], "layer_Op2_score": [10.669509959415173, 17.73732159750642, 17.250604613953563, 17.690189516623555, 7.94339659736491, 39.018869775717405], "layer_Barinel_score": [0.42569790117288253, 0.4336281216074292, 0.42824408112422296, 0.43518381199609846, 0.1246203943522839, 0.4347826086956522], "time": 1.451371669769287}