{"neuron_counts": [12000, 6000, 6000, 6000, 50, 1], "neuron_counts_selected": [100, 100, 100, 100, 50, 1], "layer_tarantula_score": [0.43491487737754486, 0.4654741349962769, 0.4562347748371094, 0.44939401979877136, 0.03560663300528442, 0.4999998557695497], "layer_ochiai_score": [0.29329031910249126, 0.39975250888183067, 0.3957317738738546, 0.3865485258209034, 0.0382473492044164, 0.6593796491717406], "layer_D_star_score": [2.021760373130975, 5.614375086198968, 5.594075629719322, 5.26122600292276, 1.1264719693103886, 30.769171597746926], "layer_Op2_score": [8.810702407542628, 15.341247977079286, 15.30991404657727, 14.868725367310626, 1.9072302950371771, 39.018869775717405], "layer_Barinel_score": [0.3735252552133897, 0.401713757256389, 0.3933181053731545, 0.38661818503005324, 0.030699388143122088, 0.4347826086956522], "time": 0.3942849636077881}