{"neuron_counts": [12000, 6000, 6000, 6000, 50, 1], "neuron_counts_selected": [100, 100, 100, 100, 50, 1], "layer_tarantula_score": [0.4285512932032395, 0.46130429517146326, 0.4647499672469189, 0.4569323451577434, 0.03560663300528442, 0.4999998557695497], "layer_ochiai_score": [0.2844031389142262, 0.40232036272004124, 0.40624228217163394, 0.39995897399302427, 0.0382473492044164, 0.6593796491717406], "layer_D_star_score": [1.8848058788627646, 5.694597111632943, 5.894587870219819, 5.637913683101286, 1.1264719693103886, 30.769171597746926], "layer_Op2_score": [8.455491083413051, 15.55272158014796, 15.76844422633165, 15.529859334416347, 1.9072302950371771, 39.018869775717405], "layer_Barinel_score": [0.3673741837795791, 0.3977888966138423, 0.4012276998371972, 0.3937408302635182, 0.030699388143122088, 0.4347826086956522], "time": 0.3850250244140625}