{"neuron_counts": [12000, 6000, 6000, 6000, 50, 1], "neuron_counts_selected": [100, 100, 100, 100, 50, 1], "layer_tarantula_score": [0.48270185943181404, 0.49402126998095947, 0.5018098718999336, 0.4912005334197116, 0.14222590383014475, 0.4999998557695497], "layer_ochiai_score": [0.333950939085725, 0.43769220594516456, 0.44480980686523436, 0.4362614624732277, 0.15727347179626164, 0.6593796491717406], "layer_D_star_score": [3.0837920032226727, 7.462920983066052, 7.84976511713526, 7.485619291997372, 6.116355402146946, 30.769171597746926], "layer_Op2_score": [10.473208069418739, 17.507925381272866, 17.755283857954986, 17.47415180348716, 7.94339659736491, 39.018869775717405], "layer_Barinel_score": [0.42015905566745226, 0.42977152957399817, 0.43766527063691646, 0.42715742091200914, 0.1246203943522839, 0.4347826086956522], "time": 0.38853955268859863}