{"neuron_counts": [12000, 6000, 6000, 6000, 50, 1], "neuron_counts_selected": [500, 500, 500, 500, 50, 1], "layer_tarantula_score": [0.4118538584423437, 0.43560333958933456, 0.44598142944039404, 0.44493502167154114, 0.035365740725112484, 0.4999998557695497], "layer_ochiai_score": [0.21064588344257473, 0.2963031069867534, 0.3055806632530437, 0.3033948725771245, 0.03773659385087699, 0.6593796491717406], "layer_D_star_score": [0.6698255254888026, 2.0946050342990223, 2.28165597067283, 2.219524885615486, 1.0915459110637915, 30.769171597746926], "layer_Op2_score": [4.788554647844061, 8.961253958011401, 9.31527116398648, 9.195245424427501, 1.86190953828389, 39.018869775717405], "layer_Barinel_score": [0.3530128659235013, 0.37394960067771776, 0.38396392283071734, 0.3829559831075063, 0.030484306407936326, 0.4347826086956522], "time": 1.5751750469207764}