{"neuron_counts": [12000, 6000, 6000, 6000, 50, 1], "neuron_counts_selected": [500, 500, 500, 500, 50, 1], "layer_tarantula_score": [0.36553207079875977, 0.4000234250899482, 0.4135188262811596, 0.4062270616620454, 0.034549720869834655, 0.4999998557695497], "layer_ochiai_score": [0.13578132583346963, 0.19935500021146219, 0.2093013039965093, 0.20466245032946548, 0.036446131979108946, 0.6593796491717406], "layer_D_star_score": [0.17950978261131426, 0.5989607756363019, 0.6868640743324337, 0.6302638652992594, 1.0099744085086995, 30.769171597746926], "layer_Op2_score": [2.2278111812241845, 4.394504060535734, 4.701535836588989, 4.561501875362498, 1.7822793489068887, 39.018869775717405], "layer_Barinel_score": [0.31383843722487703, 0.3427344606226936, 0.35530145103997135, 0.3485292011080659, 0.02971966503164892, 0.4347826086956522], "time": 1.489184856414795}