{"neuron_counts": [12000, 6000, 6000, 6000, 50, 1], "neuron_counts_selected": [200, 200, 200, 200, 50, 1], "layer_tarantula_score": [0.43631722120473976, 0.4605250799611192, 0.45271656936076693, 0.4619587504164927, 0.03560663300528442, 0.4999998557695497], "layer_ochiai_score": [0.2938839295575233, 0.4028773565328686, 0.39350869212073003, 0.4019409825653658, 0.0382473492044164, 0.6593796491717406], "layer_D_star_score": [2.0202170652076155, 5.757592965736012, 5.519766242453765, 5.8368368222944, 1.1264719693103886, 30.769171597746926], "layer_Op2_score": [8.838779297350381, 15.64568432762391, 15.285406508525455, 15.643129613623373, 1.9072302950371771, 39.018869775717405], "layer_Barinel_score": [0.37462681864484204, 0.3971707684539796, 0.3896364493448797, 0.398531320401368, 0.030699388143122088, 0.4347826086956522], "time": 0.6687929630279541}