{"neuron_counts": [12000, 6000, 6000, 6000, 50, 1], "neuron_counts_selected": [500, 500, 500, 500, 50, 1], "layer_tarantula_score": [0.27167843690627547, 0.3538593576397122, 0.35745929086732264, 0.3616652378469441, 0.03413356019921871, 0.4999998557695497], "layer_ochiai_score": [0.07499349945821843, 0.12858669974142325, 0.12255027686298152, 0.1292823222995311, 0.03543152475946233, 0.6593796491717406], "layer_D_star_score": [0.04268282258982781, 0.17115566874849278, 0.13366506086303134, 0.1644013589520157, 0.9239123866849339, 30.769171597746926], "layer_Op2_score": [0.8672665699121319, 2.0279366688893026, 1.8281418675889298, 2.0096329731528804, 1.701200104150747, 39.018869775717405], "layer_Barinel_score": [0.23754279307359305, 0.30637407754196866, 0.3083969861662418, 0.31280631853569846, 0.029339337911090342, 0.4347826086956522], "time": 1.5525190830230713}