{"neuron_counts": [512, 200, 200, 200, 128, 1], "neuron_counts_selected": [200, 200, 200, 200, 128, 1], "layer_tarantula_score": [0.4870372467268765, 0.4804003888038014, 0.42904285150858823, 0.3310326802654339, 0.22206894169824382, 0.4999998810285166], "layer_ochiai_score": [0.34831000284660635, 0.28749388557854827, 0.2449053071697091, 0.1910558820608642, 0.12954761043372606, 0.5788714840126626], "layer_D_star_score": [10.87392057033886, 11.627046044992523, 10.900667284808183, 9.062738010968772, 6.439322446994027, 52.530224374733024], "layer_Op2_score": [38.61442945670336, 32.834416410922344, 28.62225397394671, 23.285554727909275, 15.962556626455457, 103.23798505613166], "layer_Barinel_score": [0.32486466598109304, 0.3310350552784061, 0.2979223780285652, 0.23356545637753987, 0.15401833589771763, 0.3350925164862756], "time": 2.1888504028320312}