{"neuron_counts": [512, 200, 200, 200, 128, 1], "neuron_counts_selected": [100, 100, 100, 100, 100, 1], "layer_tarantula_score": [0.46271353394352366, 0.41533693907551045, 0.28708673776164756, 0.16990058864636384, 0.06225023735905233, 0.4999998810285166], "layer_ochiai_score": [0.3247785351997861, 0.20765235010887018, 0.13767849293383022, 0.06700040517069347, 0.023079373831535847, 0.5788714840126626], "layer_D_star_score": [8.901520363920968, 4.9225665712083275, 3.5659497754397527, 1.1820107135047284, 0.39559401334278316, 52.530224374733024], "layer_Op2_score": [35.69587667863877, 18.375495122135952, 12.702509736842547, 5.017722643358592, 1.7303842766916486, 103.23798505613166], "layer_Barinel_score": [0.3033521197267977, 0.2752612567459887, 0.18648055867937763, 0.11076641306654522, 0.04107088330990506, 0.3350925164862756], "time": 1.5301513671875}