{"neuron_counts": [512, 200, 200, 200, 128, 1], "neuron_counts_selected": [500, 200, 200, 200, 128, 1], "layer_tarantula_score": [0.3661346324916981, 0.10571984906270196, 0.016960470102148687, 0.0007824497513866495, 0.0005357973471139964, 0.0], "layer_ochiai_score": [0.06514080800822272, 0.025522154637456582, 0.0038862121511247373, 0.0001673285927663262, 0.0001689445575030519, 0.0], "layer_D_star_score": [0.057557732087545534, 0.09738259761817318, 0.021672773896984066, 7.933972513532733e-05, 0.00010387190082688083, 0.0], "layer_Op2_score": [1.8287988522316732, 1.1920940521185914, 0.20150842903319288, 0.004793649983940091, 0.008281840569514403, -0.12566274496376617], "layer_Barinel_score": [0.26372125383415973, 0.07775778033008404, 0.012550022716337834, 0.000427515754659627, 0.000279534628725606, 0.0], "time": 3.0114829540252686}