{"neuron_counts": [512, 200, 200, 200, 128, 1], "neuron_counts_selected": [500, 200, 200, 200, 128, 1], "layer_tarantula_score": [0.4287985028400569, 0.24765039019872634, 0.09147379818563892, 0.017925021882401398, 0.002414795286265384, 0.597122160688834], "layer_ochiai_score": [0.20862352273642898, 0.08438513464395818, 0.02867831592315208, 0.005436313415250841, 0.000995798249901036, 0.5248903467331867], "layer_D_star_score": [1.7537062028149182, 0.6748177399442906, 0.2240267178405807, 0.04035555932206005, 0.02018067410667177, 28.588207266463463], "layer_Op2_score": [12.838946609327778, 4.256049438682974, 1.3735113921788082, 0.26673698196887297, 0.0628322266924938, 53.56886253361525], "layer_Barinel_score": [0.2774360646384006, 0.16045376552999913, 0.05852883059690005, 0.01099409244992085, 0.0015274303709395627, 0.4285714285714286], "time": 2.8499374389648438}