{"neuron_counts": [1, 9, 1], "neuron_counts_selected": [1, 9, 1], "layer_tarantula_score": [1.0, 0.5555555555555556, 0.0], "layer_ochiai_score": [0.8788167239623443, 0.3718563994805588, 0.0], "layer_D_star_score": [23.01392796048611, 2.2072674209010095, 0.0], "layer_Op2_score": [6.784552845528456, 2.221318879855465, 0.0], "layer_Barinel_score": [1.0, 0.5555555555555556, 0.0], "time": 0.07728028297424316}