{"neuron_counts": [1, 9, 1], "neuron_counts_selected": [1, 9, 1], "layer_tarantula_score": [1.0, 0.308641975308642, 0], "layer_ochiai_score": [0.9999900001499975, 0.23907065536758598, 0], "layer_D_star_score": [250000.00000058266, 1.3888194479164935, 0], "layer_Op2_score": [5.0, 0.925925925925926, 0], "layer_Barinel_score": [1.0, 0.308641975308642, 0], "time": 0.06212282180786133}