{"neuron_counts": [262016, 130944, 65408, 32640, 32640, 16256, 8064, 3968, 3968, 1920, 896, 384, 384, 128, 128, 39], "neuron_counts_selected": [200, 200, 200, 200, 200, 200, 200, 200, 200, 200, 200, 200, 200, 128, 128, 39], "layer_tarantula_score": [0.20282599943456311, 0.1799140502750273, 0.00722557962913611, 0.02223166333449883, 0.014586451123969349, 0.025886491797898706, 0.16405927193224465, 0.1387874216071411, 0.13764202902009756, 0.13228711474068972, 0.11776666012543044, 0.08371513231947836, 0.09590140261044156, 0.11583010780737908, 0.11583010780737908, 0], "layer_ochiai_score": [0.2883536776896925, 0.25036758933897457, 0.0009399310988515774, 0.0037827583275336437, 0.0029724013879469796, 0.005100167758719652, 0.02253072927187005, 0.02554785610031082, 0.02331980799754798, 0.02574111526349985, 0.02454085906048082, 0.026682105278972353, 0.031958575033281665, 0.07505609824756249, 0.07505609824756249, 0], "layer_D_star_score": [3305.683975252437, 2946.733156321725, 0.022039408776261295, 1.8011064324090074, 0.42236479290316226, 2.7538308517249708, 0.521845014169079, 0.8755334748967689, 2.18827946132536, 1.8985734169329476, 11.868051728464295, 9.322542208575449, 6.842370476208554, 37.29972937330161, 37.29972937330161, 0], "layer_Op2_score": [544.5407309988678, 472.25367273009454, 0.27647992952789224, 1.845164957582182, 1.2677960602994895, 2.3438865126256423, 6.080245536606486, 8.171379863539675, 7.870443675283819, 9.72511524267602, 14.300444102606809, 15.812712557431643, 18.60528616874193, 66.07230153900495, 66.07230153900495, 0], "layer_Barinel_score": [0.3599286815682697, 0.32135499378579735, 0.01128633465674235, 0.03515837726681912, 0.02678522158422468, 0.04481856693685653, 0.2686840597245839, 0.2564802098197087, 0.25049636175264484, 0.2453406935700307, 0.2052392688993971, 0.16704692499042614, 0.19532052153967716, 0.2510789271451735, 0.2510789271451735, 0], "time": 51.150407791137695}