{"neuron_counts": [262016, 130944, 65408, 32640, 32640, 16256, 8064, 3968, 3968, 1920, 896, 384, 384, 128, 128, 39], "neuron_counts_selected": [500, 500, 500, 500, 500, 500, 500, 500, 500, 500, 500, 384, 384, 128, 128, 39], "layer_tarantula_score": [0.18957545830184225, 0.21276080681994888, 0.010787084635562732, 0.013649184997063368, 0.01506238468468462, 0.02620974629690229, 0.3061525056498096, 0.2940060517297138, 0.32961301476227284, 0.34164108928633813, 0.24464466948447067, 0.24459012269170383, 0.24459012269170383, 0.2829010904036475, 0.2829010904036475, 0.014107569484103282], "layer_ochiai_score": [0.2620419571411534, 0.2908133286437167, 0.0020461196867214383, 0.0032133094225213626, 0.004391826779705867, 0.00918354999020581, 0.09956108032992551, 0.11283694491541228, 0.12047846249967491, 0.13643369844062653, 0.1377789254855121, 0.18020751573430194, 0.18020751573430194, 0.26585851797543025, 0.26585851797543025, 0.0028280930221297705], "layer_D_star_score": [3035.4324113289563, 3448.9420656445095, 0.38536394751499403, 1.6254637357107118, 6.433846420235943, 13.197476466344376, 63.749219042943615, 70.11392879345513, 90.29593483318158, 133.08710797311846, 257.9715057807973, 486.65612433538223, 486.65612433538223, 1032.6358815241545, 1032.6358815241545, 0.013981404435412282], "layer_Op2_score": [496.8638486970716, 561.8777843208137, 0.881446377351818, 1.955208468032562, 3.3698814511481046, 7.829727275368396, 66.36230982920986, 79.57373517961355, 88.19201767737195, 111.17884304148981, 151.20463006010684, 225.283228099833, 225.283228099833, 385.0815366368959, 385.0815366368959, 0.6490612975308341], "layer_Barinel_score": [0.3411231403187292, 0.3782390908964663, 0.01932745854429497, 0.02472369350354905, 0.027084655613606685, 0.048550419003382306, 0.5625532797185071, 0.5613673416866649, 0.6157465312641001, 0.6284258795690387, 0.45625820388553956, 0.46941642276489065, 0.46941642276489065, 0.54635110013198, 0.54635110013198, 0.03562678676165709], "time": 117.86493253707886}