{"neuron_counts": [262016, 130944, 65408, 32640, 32640, 16256, 8064, 3968, 3968, 1920, 896, 384, 384, 128, 128, 39], "neuron_counts_selected": [1000, 1000, 1000, 1000, 1000, 1000, 1000, 1000, 1000, 1000, 896, 384, 384, 128, 128, 39], "layer_tarantula_score": [0.1946753882999198, 0.1896426341510998, 0.01491980701470257, 0.01543439651861181, 0.015620763562658325, 0.0174305597628656, 0.3010116192294693, 0.3228667543649033, 0.32746383045980765, 0.3307830059433725, 0.23212119560167072, 0.24459012269170383, 0.24459012269170383, 0.2829010904036475, 0.2829010904036475, 0.014107569484103282], "layer_ochiai_score": [0.2708260295125396, 0.27006580319568657, 0.0039723251416740515, 0.004462903572220357, 0.004669426677430793, 0.0050216937356562545, 0.10429187495028835, 0.11888784782746972, 0.1235520535758858, 0.13906296063959328, 0.12913931456309635, 0.18020751573430194, 0.18020751573430194, 0.26585851797543025, 0.26585851797543025, 0.0028280930221297705], "layer_D_star_score": [3191.3241667153625, 3291.83246087469, 2.4903842549178004, 2.870793396381544, 3.2163915983734657, 6.087291093165266, 78.17172765351307, 80.49153161883547, 107.34723405554692, 122.57100934000832, 239.0052936706093, 486.65612433538223, 486.65612433538223, 1032.6358815241545, 1032.6358815241545, 0.013981404435412282], "layer_Op2_score": [517.3900137121835, 524.0554161496115, 2.8509500320601036, 3.2505828180160705, 3.1195575725046454, 3.668596194039881, 74.9809340198604, 85.24852297201011, 96.34834858852886, 112.38965336463686, 140.50322948907277, 225.283228099833, 225.283228099833, 385.0815366368959, 385.0815366368959, 0.6490612975308341], "layer_Barinel_score": [0.34963545249112815, 0.3396332355537136, 0.02609945092250109, 0.028251283796698258, 0.029456589562804458, 0.03216088534640835, 0.5630557988230125, 0.607517573666287, 0.6148045189063137, 0.6226715468109024, 0.4373568851238717, 0.46941642276489065, 0.46941642276489065, 0.54635110013198, 0.54635110013198, 0.03562678676165709], "time": 204.95929098129272}