{"neuron_counts": [262016, 130944, 65408, 32640, 32640, 16256, 8064, 3968, 3968, 1920, 896, 384, 384, 128, 128, 39], "neuron_counts_selected": [2000, 2000, 2000, 2000, 2000, 2000, 2000, 2000, 2000, 1920, 896, 384, 384, 128, 128, 39], "layer_tarantula_score": [0.19407397927503273, 0.2028905588874526, 0.012217820926078371, 0.013900764848782766, 0.012661827661454385, 0.01857504688406109, 0.30391878539972433, 0.31497191672061003, 0.31695131317996533, 0.32919528348140065, 0.23212119560167072, 0.24459012269170383, 0.24459012269170383, 0.2829010904036475, 0.2829010904036475, 0.014107569484103282], "layer_ochiai_score": [0.2764514073158114, 0.2995817775371599, 0.002663724942461844, 0.0036349735104064945, 0.003181969091581189, 0.005344552273726083, 0.10351552387586609, 0.117419791898644, 0.1176308997077677, 0.13782128173151897, 0.12913931456309635, 0.18020751573430194, 0.18020751573430194, 0.26585851797543025, 0.26585851797543025, 0.0028280930221297705], "layer_D_star_score": [3307.0809548016555, 3677.8494035267195, 1.5386426547591725, 2.23304894270479, 2.5064848823637744, 5.147554657546748, 58.175043160719525, 100.85002886906321, 88.09852531882608, 128.0190083689037, 239.0052936706093, 486.65612433538223, 486.65612433538223, 1032.6358815241545, 1032.6358815241545, 0.013981404435412282], "layer_Op2_score": [532.5084970771034, 584.4430558926375, 1.6996150457217392, 2.4214031864406325, 2.135483490742795, 3.942489966623338, 70.27972422680755, 88.67342351484105, 86.25080291421554, 113.08496898985682, 140.50322948907277, 225.283228099833, 225.283228099833, 385.0815366368959, 385.0815366368959, 0.6490612975308341], "layer_Barinel_score": [0.3464151895849224, 0.3617376609184899, 0.021242093787114356, 0.024641450243484714, 0.022740639487755985, 0.033170886588258446, 0.5626406697788096, 0.5887206024192104, 0.5899267928628993, 0.6142597521231973, 0.4373568851238717, 0.46941642276489065, 0.46941642276489065, 0.54635110013198, 0.54635110013198, 0.03562678676165709], "time": 371.66445207595825}