{"neuron_counts": [262016, 130944, 65408, 32640, 32640, 16256, 8064, 3968, 3968, 1920, 896, 384, 384, 128, 128, 39], "neuron_counts_selected": [200, 200, 200, 200, 200, 200, 200, 200, 200, 200, 200, 200, 200, 128, 128, 39], "layer_tarantula_score": [0.19814642085581957, 0.17911747259618757, 0.005025610741658464, 0.02228324265207177, 0.01259977267352803, 0.02448765000708801, 0.09836405199529487, 0.08829598888455313, 0.09496180527272911, 0.0867644809814408, 0.09392958182405746, 0.06316989131916262, 0.06597578557170218, 0.09140275961085137, 0.09140275961085137, 0], "layer_ochiai_score": [0.2746971833708915, 0.23812026964389288, 0.0006507608766340198, 0.003136147322300992, 0.0021919914410439916, 0.004132625796249584, 0.012243253754964328, 0.015776248437256953, 0.012737543955699992, 0.016423834892035197, 0.013521197615490588, 0.01427345466669109, 0.01726476779334246, 0.046559157464588594, 0.046559157464588594, 0], "layer_D_star_score": [3116.182288801597, 2886.9876591395673, 0.010902338670139887, 1.2639958835478424, 0.22065312580612692, 1.930118558187872, 0.09040745232519114, 0.11871410708557074, 0.4395823640366252, 0.5215824115758557, 0.8864682214792866, 1.0079607921163092, 2.099572668231623, 10.619863878912595, 10.619863878912595, 0], "layer_Op2_score": [512.8852311726838, 450.82349702844084, 0.1640801122816169, 1.2898120329433467, 0.7646113104925514, 1.705354978129017, 2.4473963269646632, 3.555866211181654, 3.3556227263835767, 5.104484690290654, 4.928049370962003, 5.770118648853377, 8.458282836469241, 33.74830988608798, 33.74830988608798, 0], "layer_Barinel_score": [0.3508344660348395, 0.31799614928485, 0.008263996428628696, 0.03352900992394843, 0.02291630259513434, 0.04098910341944937, 0.16497456513511882, 0.17042967246016405, 0.16608125728253048, 0.16670761869607284, 0.15411640819920122, 0.12468022658797014, 0.13340211289453624, 0.2020063455207118, 0.2020063455207118, 0], "time": 50.917357444763184}