{"neuron_counts": [262016, 130944, 65408, 32640, 32640, 16256, 8064, 3968, 3968, 1920, 896, 384, 384, 128, 128, 39], "neuron_counts_selected": [200, 200, 200, 200, 200, 200, 200, 200, 200, 200, 200, 200, 200, 128, 128, 39], "layer_tarantula_score": [0.17366126384433825, 0.21588276986498703, 0.016649001588651954, 0.011979256061485888, 0.019341475598657478, 0.02152712958289803, 0.2870915727056412, 0.34512951835432054, 0.30368107484776613, 0.3584254777049264, 0.25339994761821755, 0.21464622155761867, 0.23284332473447056, 0.2842745247551479, 0.2842745247551479, 0.013898757385670531], "layer_ochiai_score": [0.24267050195736123, 0.27550298645089416, 0.002349844602334207, 0.0026034153391277597, 0.005824860216927572, 0.004750392175198268, 0.10111225887709398, 0.11883154565502858, 0.11126682659790756, 0.14971620798309002, 0.14683842249881235, 0.1502084569451668, 0.16646949689164575, 0.2644654194799308, 0.2644654194799308, 0.0025812772894959805], "layer_D_star_score": [2622.1819981490453, 2976.8224859245206, 1.0882271903524836, 0.9465165035175828, 1.579933375657202, 2.652488939462386, 56.26404263075014, 112.89682640115474, 77.360547296162, 102.44907957357603, 246.18631259064924, 375.7202864085518, 392.6283984646446, 967.834242366481, 967.834242366481, 0.009050004254187356], "layer_Op2_score": [421.2013192251442, 477.7438189338996, 0.960066194608802, 1.5259365388414612, 3.146573178897435, 2.017364069336453, 65.25456378122927, 87.49387461544543, 74.34183392480415, 111.79473808360814, 156.35746460983185, 166.0674493325205, 186.2254911376355, 351.6674130939465, 351.6674130939465, 0.49881151099391213], "layer_Barinel_score": [0.3149133750976234, 0.39287987748024134, 0.02816517777878607, 0.01964687520198659, 0.03545364978480792, 0.04203625085119118, 0.5332438569503958, 0.6190605592577844, 0.5742278777053625, 0.6714791935471064, 0.46550389319770613, 0.4186051724152816, 0.45152928584907126, 0.5506660929683511, 0.5506660929683511, 0.03597877878859173], "time": 47.90926909446716}