{"neuron_counts": [6229504, 6229504, 6229504, 6229504, 10903552, 10903552, 10903552, 351232, 351232, 442368, 442368, 442368, 442368, 512000, 512000, 512000, 13824, 13824, 13824, 256, 256, 256, 256, 512, 512, 512, 512, 1, 1, 1], "neuron_counts_selected": [1000, 1000, 1000, 1000, 1000, 1000, 1000, 1000, 1000, 1000, 1000, 1000, 1000, 1000, 1000, 1000, 1000, 1000, 1000, 256, 256, 256, 256, 512, 512, 512, 512, 1, 1, 1], "layer_tarantula_score": [0.45826688395397824, 0.47166999995603837, 0.4696924347670283, 0.46719536512781884, 0.47341707961514967, 0.4654800961547049, 0.4686394984961007, 0.4994954873412615, 0.49950393227763445, 0.25481455822327065, 0.3457236435961457, 0.3399436962908542, 0.35219968135080776, 0.3438259004779104, 0.26369104501612034, 0.2727979923569532, 0.34855096223680043, 0.35331100803888177, 0.370001975308882, 0.20786442755441248, 0.1982573430153055, 0.1982573430153055, 0.1982573430153055, 0.16221882765000806, 0.16325738718321603, 0.16325738718321603, 0.16325738718321603, NaN, NaN, 0.5000000178062342], "layer_ochiai_score": [0.36558922023797236, 0.44254820913374465, 0.4418268364887274, 0.4383909734837265, 0.47510919427570647, 0.4230295276416004, 0.4270851519100952, 0.7124419254221133, 0.7124410442958514, 0.31040138906574893, 0.23488649161817995, 0.2281061965212193, 0.24098798718254677, 0.2683654922662505, 0.21078673186674776, 0.2142618953310799, 0.37021460024223124, 0.37833002544917627, 0.39651028169921737, 0.2075095796693332, 0.21099883801811053, 0.21099883801811053, 0.21099883801811053, 0.20205434985351675, 0.20374772075404138, 0.20374772075404138, 0.20374772075404138, NaN, NaN, 0.7137457662709261], "layer_D_star_score": [4.4410185000390845, 8.974403885023142, 8.971603714619166, 8.734501842558384, 14.115162937645897, 7.682033234447598, 7.940359916992543, 55.67531669377494, 55.67886930349324, 21.098111875186312, 5.0380061124177065, 4.588937851521951, 5.012619912769872, 8.12834672812114, 7.12287874820774, 7.286673984627277, 20.071298320887507, 20.544209391708147, 21.642367167435662, 11.330252775465407, 13.236331914244824, 13.236331914244824, 13.236331914244824, 13.842847453891045, 14.075453808286245, 14.075453808286245, 14.075453808286245, NaN, NaN, 56.07681523689377], "layer_Op2_score": [14.952415276708912, 21.354041793175867, 21.382956423855802, 21.14912244267275, 24.866881245858032, 19.678911473606657, 19.954939513080173, 52.87142941546147, 52.8695263017598, 21.291423480504797, 9.729282274056107, 9.276662904503953, 9.972807657923285, 12.903738435802945, 10.500484413504859, 10.644964487863257, 22.944058055130096, 23.53813304036594, 24.685574963047237, 12.69114413219461, 13.680517133306227, 13.680517133306227, 13.680517133306227, 14.044321880292255, 14.163307614919493, 14.163307614919493, 14.163307614919493, NaN, NaN, 53.018869775717405], "layer_Barinel_score": [0.4675083130876633, 0.4810031935357188, 0.4790254559652807, 0.47652497346082073, 0.482754412682121, 0.4747935094465062, 0.4779580282830685, 0.508929485679014, 0.5089378801290885, 0.2597142108804442, 0.35261108372165045, 0.34675349280477663, 0.35921076998961926, 0.35059247061347326, 0.26891189502777685, 0.2781803263849002, 0.35537930122252737, 0.3602080453158189, 0.377248000601827, 0.21189281354999814, 0.20203226918796371, 0.20203226918796371, 0.20203226918796371, 0.1653357485095897, 0.16638144031163324, 0.16638144031163324, 0.16638144031163324, NaN, NaN, 0.5094339622641509], "time": 2823.3497443199158}