{"neuron_counts": [6229504, 6229504, 6229504, 6229504, 10903552, 10903552, 10903552, 351232, 351232, 442368, 442368, 442368, 442368, 512000, 512000, 512000, 13824, 13824, 13824, 256, 256, 256, 256, 512, 512, 512, 512, 1, 1, 1], "neuron_counts_selected": [500, 500, 500, 500, 500, 500, 500, 500, 500, 500, 500, 500, 500, 500, 500, 500, 500, 500, 500, 256, 256, 256, 256, 500, 500, 500, 500, 1, 1, 1], "layer_tarantula_score": [0.0916003843219092, 0.44468821441632567, 0.4529225723559069, 0.44914526820080675, 0.4513936096436085, 0.4501050091061947, 0.444326806303734, 0.4967731743904301, 0.4966105841367586, 0.2598889947796281, 0.2368549097431905, 0.2278408212953353, 0.23442029009255802, 0.2991207778024844, 0.21599252075126998, 0.2235189159558326, 0.3203644082074804, 0.3025649876767264, 0.2913160190806468, 0.19367346762503881, 0.15725360998370433, 0.15725360998370433, 0.15725360998370433, 0.12603660466493835, 0.14000238187969372, 0.14183094533251328, 0.13955460551657958, NaN, NaN, 0.5000000178062342], "layer_ochiai_score": [0.016043270524607935, 0.3165756699386282, 0.3226080549078649, 0.3187706702181065, 0.34391014572081746, 0.30293454852671553, 0.29961394848045647, 0.7005945997919624, 0.700090389035985, 0.3097334053787359, 0.1291021605074501, 0.12726698711069162, 0.12461498632942214, 0.21630445833794215, 0.16228855897733938, 0.16181924354023675, 0.3192874693347045, 0.29096802128929383, 0.28491381248847136, 0.1883278335935327, 0.17530166301954841, 0.17530166301954841, 0.17530166301954841, 0.1445077120403926, 0.16951022603123822, 0.16901348082587644, 0.1800294225993846, NaN, NaN, 0.7137457662709261], "layer_D_star_score": [0.0032810675235380483, 2.6735173651147406, 2.773340440893629, 2.7468252479673505, 5.253688536043503, 2.22348173881079, 2.180453470935295, 52.20566578288486, 52.04064385448412, 21.083566892720004, 1.7851213159929393, 1.76693468922079, 1.5553794751036205, 5.420613301514501, 4.753678049526717, 4.440841117239785, 16.265525423713147, 14.55671307111732, 14.067664743300867, 10.205304603938073, 10.949663052560002, 10.949663052560002, 10.949663052560002, 8.85037166599404, 11.08049544227352, 11.140253681684877, 11.995935773336194, NaN, NaN, 56.07681523689377], "layer_Op2_score": [0.13932938137097842, 11.517023428038813, 11.76333399039625, 11.60514561200451, 14.023065197092075, 10.36405966104215, 10.290595973720803, 51.26730459396114, 51.23522897384722, 21.124421410601116, 4.4197049156963795, 4.424441373310623, 4.070645732125028, 9.636796943454844, 7.658809103816772, 7.344159890113412, 19.116157353114435, 17.21009615593178, 16.78016361395545, 11.48051608506395, 11.542871844665262, 11.542871844665262, 11.542871844665262, 9.527877546653658, 11.522010522448086, 11.541678296350378, 12.520223690038343, NaN, NaN, 53.018869775717405], "layer_Barinel_score": [0.09241579047619077, 0.45381610442262543, 0.46210151490535095, 0.45828432431325383, 0.46052075353986854, 0.4592529206143256, 0.4534624482131559, 0.5062063984339407, 0.5060438075385603, 0.2648453664583043, 0.24149962365230507, 0.23239094891616296, 0.23906383191277697, 0.30499832433703883, 0.22030747130941764, 0.22800158654508437, 0.32661290848225216, 0.30844737812218853, 0.29703045390476224, 0.19746095822042364, 0.16025863844182678, 0.16025863844182678, 0.16025863844182678, 0.12848701978168894, 0.14270104680701615, 0.14455117036604323, 0.14222247035270524, NaN, NaN, 0.5094339622641509], "time": 1625.6742358207703}