{"neuron_counts": [6229504, 6229504, 6229504, 6229504, 10903552, 10903552, 10903552, 351232, 351232, 442368, 442368, 442368, 442368, 512000, 512000, 512000, 13824, 13824, 13824, 256, 256, 256, 256, 512, 512, 512, 512, 1, 1, 1], "neuron_counts_selected": [200, 200, 200, 200, 200, 200, 200, 200, 200, 200, 200, 200, 200, 200, 200, 200, 200, 200, 200, 200, 200, 200, 200, 200, 200, 200, 200, 1, 1, 1], "layer_tarantula_score": [0.4532985760586169, 0.46330160726741204, 0.471869693002496, 0.47168130399050373, 0.47714424589813825, 0.46636675673207173, 0.465233370043653, 0.4993629887421899, 0.4996388428654169, 0.2383717948697076, 0.37774342509504627, 0.3521791957373138, 0.3561572980298624, 0.33747506521476284, 0.27600521132382305, 0.3033497284441457, 0.3817196241109117, 0.34892123982476103, 0.34127989542542403, 0.2149968136971293, 0.1922383610167539, 0.17706164182861725, 0.20588301025856262, 0.16418166496697265, 0.15007895814731248, 0.18689217595025337, 0.12909783510269912, 0, 0, 0.5000000090711003], "layer_ochiai_score": [0.3582113825889642, 0.4333207273272435, 0.4448234581127695, 0.43976280543735363, 0.4941937246510006, 0.42528804143225757, 0.4283388269727433, 0.7084123477727329, 0.7094540747047519, 0.28390593870904124, 0.23821532062175632, 0.23883698185887411, 0.23595494557346328, 0.2450329497018794, 0.21929708644407367, 0.21181649043444575, 0.39391075237710665, 0.374888487521966, 0.37880186908688274, 0.20985362113980965, 0.2127383807097451, 0.17842464117378765, 0.21716073187203724, 0.2127692849186341, 0.20204546827789993, 0.24476370901683447, 0.17069932309668276, 0, 0, 0.7104653069522461], "layer_D_star_score": [4.220933141071731, 8.378399178554968, 8.94476776230009, 8.657990273105518, 15.309880577378326, 7.806891345535895, 8.07362742282447, 53.41803859077758, 53.71928776465299, 18.402852286672903, 4.2622213989718745, 4.983934891592627, 5.3388055157611305, 6.005143552128845, 6.910919447638373, 5.917473288266485, 20.86477774367784, 19.88324153415906, 20.883927767335948, 10.89264434725765, 13.257027235653943, 9.931272810047407, 13.378652994713605, 14.70501453850074, 14.197836997961865, 16.900510335556497, 12.252408942024623, 0, 0, 54.019126886294444], "layer_Op2_score": [14.420057203241125, 20.645205550178208, 21.341740449876507, 20.901253170371376, 26.36815568112135, 19.679216337233324, 20.04482861546488, 51.77790090353602, 51.90209383048334, 19.14486672506278, 9.09558523191466, 9.826462154977069, 9.861028656691216, 10.693369257227815, 10.607490470631173, 9.47991638350683, 24.027457466967046, 23.026176298252267, 23.82141218101475, 12.510215064405555, 13.888571248214614, 10.91281830972961, 13.966008519465051, 14.909646288827759, 14.224313240069362, 17.168926560798955, 12.128423075664017, 0, 0, 52.018869775717405], "layer_Barinel_score": [0.45795172415655794, 0.4679941440612487, 0.47659057543795913, 0.47639508480952153, 0.4818787466238378, 0.4710580861960073, 0.4699348018991365, 0.5041248544567697, 0.504400726990647, 0.2406821332398127, 0.3814920115009386, 0.355730813243805, 0.3596839858200316, 0.3409014703428742, 0.2786965795795144, 0.30633514567714676, 0.38547480710483223, 0.35237671207359933, 0.3446481214439868, 0.21708952531709608, 0.19408878433042692, 0.1787475768232886, 0.2078913068713479, 0.16575492283811072, 0.15151874501445614, 0.18869158180445392, 0.13033560417694756, 0, 0, 0.5047619047619047], "time": 175.01754355430603}