{"neuron_counts": [6229504, 6229504, 6229504, 6229504, 10903552, 10903552, 10903552, 351232, 351232, 442368, 442368, 442368, 442368, 512000, 512000, 512000, 13824, 13824, 13824, 256, 256, 256, 256, 512, 512, 512, 512, 1, 1, 1], "neuron_counts_selected": [500, 500, 500, 500, 500, 500, 500, 500, 500, 500, 500, 500, 500, 500, 500, 500, 500, 500, 500, 256, 256, 256, 256, 500, 500, 500, 500, 1, 1, 1], "layer_tarantula_score": [0.38099089069536746, 0.46342174825444665, 0.46486765428093135, 0.4676896619893304, 0.46886172759113814, 0.4620580114430243, 0.46374734968440223, 0.49848458852264665, 0.4990720440592184, 0.2661503004351153, 0.2838127267155355, 0.28995056937315944, 0.28433478668188666, 0.3201971746879555, 0.2393026037660515, 0.24849977247518737, 0.33877506878197633, 0.337093355921908, 0.36450136848738, 0.19570570921955385, 0.1844720459053321, 0.1844720459053321, 0.1844720459053321, 0.14686652969293879, 0.1583001399506962, 0.13903695697883836, 0.15905238013641307, 0, 0, 0.5000000090711003], "layer_ochiai_score": [0.14914976553301135, 0.38172132716488, 0.38307842239526196, 0.3869172212118945, 0.4230738229296676, 0.3633550052840511, 0.3650999244383671, 0.7060437932729223, 0.7069334168009688, 0.31421005226618987, 0.17024756595179916, 0.16721944530937824, 0.17404157100233902, 0.23023820226764877, 0.17702725020375254, 0.18821881639886864, 0.33376752706507995, 0.3321641669122535, 0.3763601926742687, 0.1954132498972012, 0.1933086447236361, 0.1933086447236361, 0.1933086447236361, 0.1770007085374343, 0.1960340877519464, 0.18144794974304954, 0.20078752546622802, 0, 0, 0.7104653069522461], "layer_D_star_score": [0.22193773623487595, 5.091000503478779, 5.188760715924582, 5.350959334244342, 9.522585726726717, 4.306402376037937, 4.337806136414869, 52.73176276596804, 52.97798519232341, 20.450943664435155, 2.8448634455002675, 2.4572491219194377, 2.6780159811669297, 5.865527982690143, 5.07386685187697, 5.8946406645619, 15.760209280963531, 15.679981983947224, 18.833048194537913, 10.404680316928198, 11.595581977347221, 11.595581977347221, 11.595581977347221, 10.97713065405507, 12.619633048781116, 12.519278018804549, 13.534601746643114, 0, 0, 54.019126886294444], "layer_Op2_score": [2.948097818170154, 15.981597317325818, 16.04426757895174, 16.277244260844792, 19.79843256466309, 14.459458304018298, 14.531964945235947, 51.48697051961788, 51.54037345832931, 21.063358032275424, 6.25386309930736, 5.871363689796809, 6.329454274939103, 10.201273202201508, 8.197422795232457, 8.930288398210557, 19.447769988554754, 19.30089066136102, 22.47054156118195, 11.862685436005435, 12.348846586378283, 12.348846586378283, 12.348846586378283, 11.819466993684909, 13.245385532880105, 12.693525963769876, 13.861723367533283, 0, 0, 52.018869775717405], "layer_Barinel_score": [0.3850213155677656, 0.4681107671669128, 0.4695497568202976, 0.47237177341476383, 0.47352742383856716, 0.4667258461876273, 0.4684167290677519, 0.5032463533963438, 0.5038338912663267, 0.26873406573685615, 0.28663797455203327, 0.29281233755301156, 0.2872038886645206, 0.32342275996386854, 0.24171321596972847, 0.25097716373063483, 0.3421462464809443, 0.3404368894226493, 0.3681081900384116, 0.1976407235580594, 0.1862389734028434, 0.1862389734028434, 0.1862389734028434, 0.14829137616053237, 0.1598398605949383, 0.1403733975344315, 0.16059278104369273, 0, 0, 0.5047619047619047], "time": 259.32863879203796}