{"neuron_counts": [6229504, 6229504, 6229504, 6229504, 10903552, 10903552, 10903552, 351232, 351232, 442368, 442368, 442368, 442368, 512000, 512000, 512000, 13824, 13824, 13824, 256, 256, 256, 256, 512, 512, 512, 512, 1, 1, 1], "neuron_counts_selected": [500, 500, 500, 500, 500, 500, 500, 500, 500, 500, 500, 500, 500, 500, 500, 500, 500, 500, 500, 256, 256, 256, 256, 500, 500, 500, 500, 1, 1, 1], "layer_tarantula_score": [NaN, 0.42269574698586443, 0.4224262012257629, 0.41599633427340105, 0.40726892207405785, 0.40845852764034646, 0.4040838179357138, 0.4887985800471053, 0.48778364190351026, 0.2380925317888302, 0.1382093765985075, 0.12826969319372902, 0.12746615052269175, 0.2320984847094395, 0.16537473486222212, 0.1814459818779336, 0.2630933038926162, 0.24221149690626473, 0.24188119659630417, 0.1802258649286103, 0.13095938629781834, 0.13095938629781834, 0.13095938629781834, 0.09788094168871103, 0.11716827901887977, 0.1179814204813058, 0.12932354357959183, NaN, NaN, 0.5000000178062342], "layer_ochiai_score": [NaN, 0.20656270641821803, 0.20738696071841684, 0.20138248636565026, 0.22123232204482504, 0.18088581427547343, 0.18049814205445122, 0.6408352527780549, 0.6375266108847234, 0.28825539206216405, 0.06084541555630855, 0.05768018096604435, 0.05466869314024811, 0.15062951825703438, 0.11053635517979829, 0.10985222071266144, 0.2409509187531353, 0.217916007511634, 0.21349972273147239, 0.16981413711107468, 0.1455828610853739, 0.1455828610853739, 0.1455828610853739, 0.10334402758288269, 0.13465906779964654, 0.13803367511519354, 0.14492422628170132, NaN, NaN, 0.7137457662709261], "layer_D_star_score": [NaN, 0.574207894534479, 0.5846147694026154, 0.5559469914683759, 1.4044580017241877, 0.38440238885230804, 0.3865226680213834, 37.27858324450936, 36.5002163406864, 19.67606097247458, 0.4474617025633366, 0.40961591718115115, 0.42320147798643865, 2.806911719747797, 2.51427734239511, 2.2826307279379505, 10.853787788941796, 9.688388483799825, 9.295885582227598, 9.165960704403421, 8.541045730320548, 8.541045730320548, 8.541045730320548, 5.783564272637758, 8.037524944524895, 8.432867702961202, 8.293488573217212, NaN, NaN, 56.07681523689377], "layer_Op2_score": [NaN, 5.132080082603618, 5.186098576961179, 4.987095931871825, 6.511343872105902, 4.072947511744319, 4.078424801523016, 43.31592425902592, 43.008067655759135, 19.78700401119996, 1.5896587771117379, 1.522379835804086, 1.4195223205843062, 5.991399536959374, 4.611041146420471, 4.341530573481929, 13.59137286166632, 12.165349636819528, 11.772063890883226, 10.330584908562095, 9.428462239486361, 9.428462239486361, 9.428462239486361, 6.511181516736755, 8.811581444744439, 9.158386364954033, 9.295965842456877, NaN, NaN, 53.018869775717405], "layer_Barinel_score": [NaN, 0.4314543410511551, 0.4312109041509477, 0.4246767641245938, 0.4155617186065915, 0.4170453987334864, 0.41258894340082947, 0.4982198952553606, 0.4972054994796352, 0.242652742718704, 0.14081542790355953, 0.13073022684279792, 0.12983067560835046, 0.23668546679798164, 0.16864176213485801, 0.18504390375388055, 0.2682657697896061, 0.2469400406721041, 0.24664642005033538, 0.18373850264129443, 0.1335088474598628, 0.1335088474598628, 0.1335088474598628, 0.09979335947308708, 0.1194554754227404, 0.12027508678921592, 0.13185422701477628, NaN, NaN, 0.5094339622641509], "time": 1968.1785442829132}