{"neuron_counts": [6229504, 6229504, 6229504, 6229504, 10903552, 10903552, 10903552, 351232, 351232, 442368, 442368, 442368, 442368, 512000, 512000, 512000, 13824, 13824, 13824, 256, 256, 256, 256, 512, 512, 512, 512, 1, 1, 1], "neuron_counts_selected": [500, 500, 500, 500, 500, 500, 500, 500, 500, 500, 500, 500, 500, 500, 500, 500, 500, 500, 500, 256, 256, 256, 256, 500, 500, 500, 500, 1, 1, 1], "layer_tarantula_score": [0.0005760000000000006, 0.44583287040036695, 0.435498846490961, 0.4372146178052746, 0.4326374298747114, 0.42744093812137385, 0.42871586394374805, 0.4936100804094278, 0.49340926242649635, 0.23363620113456035, 0.1905882587415194, 0.1676015647150394, 0.17498020557317434, 0.24446550248145058, 0.17781603405912663, 0.1940220735619085, 0.2968816562858279, 0.27406052309277296, 0.2945081839350804, 0.1825512658137912, 0.1397314502633953, 0.1397314502633953, 0.1397314502633953, 0.12533250273681817, 0.15083238826667822, 0.13716535479407807, 0.12330902965173647, NaN, NaN, 0.5000000178062342], "layer_ochiai_score": [7.860906828788944e-05, 0.2678768079096803, 0.2598497480330723, 0.2599232496094576, 0.29165363305364034, 0.23379954994664343, 0.23550364807069332, 0.6809045973230379, 0.6794094900393209, 0.29439914456606925, 0.08828108586406498, 0.08382358450464024, 0.08068927206887776, 0.1581034249990827, 0.11616745471335459, 0.13076415440200578, 0.2584969879469835, 0.25752056098964493, 0.2763054413919, 0.17832151511329986, 0.15950923950866522, 0.15950923950866522, 0.15950923950866522, 0.14265996370956563, 0.1845006963297418, 0.1680325306830646, 0.15241015152916876, NaN, NaN, 0.7137457662709261], "layer_D_star_score": [1.1100124183085965e-05, 1.402656633886057, 1.3242373011895887, 1.2960405548088356, 3.051575505686375, 0.9323221822985817, 0.9550555233906464, 46.7468341452273, 46.37641102196022, 20.596634848230224, 0.7767296285172943, 0.8117624565472923, 0.6930626668957997, 3.083238154636523, 2.7299193452565516, 3.5154574249980666, 11.187957241124698, 12.052222603028904, 12.590068333555296, 9.723654872734416, 9.778029603746004, 9.778029603746004, 9.778029603746004, 8.4510884142225, 12.075268503254783, 10.836640125467675, 9.616450550977104, NaN, NaN, 56.07681523689377], "layer_Op2_score": [-0.0005350922356750114, 8.218901625030895, 7.921484189992094, 7.890232490021718, 10.42124107749985, 6.504719075956461, 6.603175384189844, 48.58559869723264, 48.441586621564866, 20.577228268180612, 2.463605752351416, 2.4944295252122144, 2.2314284621802676, 6.306485742532576, 4.88823376199667, 5.750875144009166, 14.201749789400393, 14.714520746806143, 15.748110064184788, 10.904324324646021, 10.508236375203296, 10.508236375203296, 10.508236375203296, 9.297288710723196, 12.612452073667795, 11.458340033992409, 10.319896067614957, NaN, NaN, 53.018869775717405], "layer_Barinel_score": [0.0005760000000000006, 0.4548752486292095, 0.44444594334718995, 0.4462419410750732, 0.4414821219319272, 0.43630015628503144, 0.4376061786315057, 0.5030409389872039, 0.502840154772381, 0.23812053121840213, 0.19425432236692355, 0.17078688077113027, 0.17831145058427583, 0.24938531848633616, 0.18131848677107196, 0.19780983219330142, 0.302733154818077, 0.2794583398102632, 0.3002828769512195, 0.18610994012262624, 0.142417231844267, 0.142417231844267, 0.142417231844267, 0.1277933188311468, 0.15375202464714446, 0.1398258786165482, 0.1256953672326155, NaN, NaN, 0.5094339622641509], "time": 779.940003156662}