{"neuron_counts": [6229504, 6229504, 6229504, 6229504, 10903552, 10903552, 10903552, 351232, 351232, 442368, 442368, 442368, 442368, 512000, 512000, 512000, 13824, 13824, 13824, 256, 256, 256, 256, 512, 512, 512, 512, 1, 1, 1], "neuron_counts_selected": [100, 100, 100, 100, 100, 100, 100, 100, 100, 100, 100, 100, 100, 100, 100, 100, 100, 100, 100, 100, 100, 100, 100, 100, 100, 100, 100, 1, 1, 1], "layer_tarantula_score": [0.4507884330420092, 0.47404889417262003, 0.4601506728113915, 0.46693688096209396, 0.4722429906615862, 0.4633293599920549, 0.4684954240712957, 0.49973321409023974, 0.49944709104333074, 0.22165103448963155, 0.29806598357412784, 0.3773793384608132, 0.3828248167312718, 0.39386492539496853, 0.282218606454411, 0.28767168188069486, 0.3845421203391388, 0.37153335806679116, 0.36794907658003756, 0.20804983276508254, 0.15083307009210412, 0.13834365892357045, 0.16855510560290218, 0.161331925132728, 0.11967628821940249, 0.17201078527858316, 0.17259468930638763, 0, 0, 0.5000000090711003], "layer_ochiai_score": [0.3565464745588951, 0.4425359430444567, 0.42945184163815464, 0.43769444358267434, 0.4707674500272879, 0.4229911918972565, 0.42254933017971097, 0.7092389702453888, 0.709037105330442, 0.2759541771020734, 0.21720824378992754, 0.25981635251783275, 0.2837577601159248, 0.28640824104430435, 0.22295077836565708, 0.22627571423859252, 0.4315638932966056, 0.397873571847863, 0.3869292646595807, 0.21476228413017245, 0.17422215784477707, 0.14483010760923457, 0.17142582871775552, 0.2041175499236038, 0.15907635611029086, 0.22200769929679012, 0.2268403076077914, 0, 0, 0.7104653069522461], "layer_D_star_score": [4.16258937030627, 8.937773037473175, 8.105570506784346, 8.687878298819722, 12.991585915955305, 7.809340038884015, 7.410559255954712, 53.65275975422879, 53.59560537101078, 18.637348261691898, 5.263093590156587, 5.706158314471704, 6.6537765361398495, 7.4657632805325855, 6.417049545334846, 7.030377902316464, 24.379572352933693, 21.86454476029487, 20.326470973829807, 12.326266371699589, 10.200066306632246, 8.652424287726319, 10.021909619490883, 14.144872898208918, 11.177807717323736, 14.727326397065365, 15.781187413772086, 0, 0, 54.019126886294444], "layer_Op2_score": [14.36440815394688, 21.090351753487266, 20.37168196022272, 20.945466875345524, 24.10964051633864, 19.575478129663914, 19.197585636630876, 51.86573392314355, 51.86460939696341, 18.99752520712225, 9.416262606296966, 10.856568311191866, 12.388368375531359, 12.764524983349089, 10.380772090241338, 10.820096615100724, 27.36923306616403, 24.74445373404956, 23.73220650696885, 13.425383498144349, 11.177841905958674, 9.213026758062714, 10.682123016749024, 14.26070805772066, 11.192553227824105, 15.243377904192641, 15.907994911141675, 0, 0, 52.018869775717405], "layer_Barinel_score": [0.45543274646472437, 0.47876459413372013, 0.4648464008270831, 0.4716260813479239, 0.47696627656510465, 0.46800559363845406, 0.4731985305623855, 0.504495106778335, 0.5042089676019773, 0.22378159318686372, 0.3010133266061125, 0.38109124650697324, 0.38668668027595826, 0.39777916498732435, 0.28504976821866246, 0.2905290245161184, 0.38835003378479055, 0.37522563379204504, 0.37153624594253354, 0.2100541888689628, 0.15227326877803332, 0.13970005258527113, 0.17019463508036164, 0.16287799053433566, 0.1208194170319171, 0.1736667928104825, 0.17425168076525302, 0, 0, 0.5047619047619047], "time": 106.32461762428284}