{"neuron_counts": [6229504, 6229504, 6229504, 6229504, 10903552, 10903552, 10903552, 351232, 351232, 442368, 442368, 442368, 442368, 512000, 512000, 512000, 13824, 13824, 13824, 256, 256, 256, 256, 512, 512, 512, 512, 1, 1, 1], "neuron_counts_selected": [500, 500, 500, 500, 500, 500, 500, 500, 500, 500, 500, 500, 500, 500, 500, 500, 500, 500, 500, 256, 256, 256, 256, 500, 500, 500, 500, 1, 1, 1], "layer_tarantula_score": [0.11526128553726017, 0.4533743548223908, 0.4493249851005133, 0.4552093749184863, 0.4566566111963344, 0.447227924385291, 0.44314994392756507, 0.49681401939598285, 0.496459939630268, 0.24132247468895282, 0.24624824826028952, 0.21819055217040248, 0.23034360176475657, 0.27634972528922963, 0.20160238305249079, 0.219740454706075, 0.31942643321021624, 0.30309047007336176, 0.323385577230083, 0.1938862310765014, 0.157305763783341, 0.157305763783341, 0.157305763783341, 0.14581679994197608, 0.16315804397112088, 0.15023412847945042, 0.13674849300492914, 0, 0, 0.5000000090711003], "layer_ochiai_score": [0.020020451738965495, 0.32097622273938176, 0.31790915342722803, 0.32090138291165, 0.3593471471984518, 0.2961705067228682, 0.29541550522134313, 0.697507037438963, 0.6971343830852105, 0.3021936706537876, 0.12842692781863968, 0.12079223365047993, 0.12003814536068953, 0.18792642513659105, 0.14132006729114824, 0.1562894453132912, 0.2999749714393744, 0.2959770373398128, 0.31559416461819617, 0.18764473810323926, 0.17441688834053132, 0.17441688834053132, 0.17441688834053132, 0.16706797300055873, 0.20154780359150692, 0.18341170575687957, 0.16840017624118814, 0, 0, 0.7104653069522461], "layer_D_star_score": [0.003927938088075515, 2.728883023327875, 2.6746196846908665, 2.6978263279585355, 5.621193410406913, 2.0758339243884225, 2.0679797250785428, 50.31116453110599, 50.225166542338016, 20.424391133780777, 1.4485702205693123, 1.5622924143086123, 1.3415596272078882, 4.042834786421295, 3.6638439998971966, 4.468687093712897, 13.375000503222122, 14.020561434143373, 15.033300106580747, 9.833592932625635, 10.532873341447676, 10.532873341447676, 10.532873341447676, 10.132406105688602, 13.148018537660993, 11.908359549843059, 10.81576356905415, 0, 0, 54.019126886294444], "layer_Op2_score": [0.17214530736357145, 11.541584026550895, 11.418576632564841, 11.475628546497084, 14.812489918336013, 9.89998818281475, 9.932131062537616, 50.320162330584274, 50.33022037374269, 20.778578627896962, 4.010205810064509, 4.043396075079109, 3.7462838380304984, 7.834226783224937, 6.214794943783137, 7.078356479078353, 16.849217966275532, 17.17704024421085, 18.408676063026306, 11.262289778240199, 11.311381907402623, 11.311381907402623, 11.311381907402623, 10.972276548806503, 13.707515964920828, 12.475840303259785, 11.402891807064487, 0, 0, 52.018869775717405], "layer_Barinel_score": [0.11576686666666673, 0.45800239692978234, 0.45393987104051176, 0.45984499621517194, 0.4613146491624741, 0.45182646846312785, 0.44774259996141086, 0.5015754026178332, 0.5012212477791644, 0.24366472621258303, 0.24869060260008186, 0.2203544143272616, 0.23262513491012746, 0.2791551563894976, 0.20359921465853764, 0.22190281766647996, 0.32260533235826533, 0.306087902535868, 0.3266107140467991, 0.19579783371461762, 0.15882256118297777, 0.15882256118297777, 0.15882256118297777, 0.14723831802645646, 0.16473298431051153, 0.15169030701272715, 0.13807083830997083, 0, 0, 0.5047619047619047], "time": 245.97157526016235}