{"neuron_counts": [600, 600, 400, 400, 100, 100, 1], "neuron_counts_selected": [100, 100, 100, 100, 100, 100, 1], "layer_tarantula_score": [0.4406496032439424, 0.4367043588068453, 0.39471091227431027, 0.38112688811790874, 0.5055572604431288, 0.5055572604431288, 0.5220183008999572], "layer_ochiai_score": [0.20942403410320928, 0.20706915720307717, 0.18624869180596532, 0.18706066225832085, 0.333614633473022, 0.333614633473022, 0.3839672540691413], "layer_D_star_score": [3.3826285281331026, 3.3157345738138884, 3.3281313553242042, 3.5152059729203353, 11.39516080242979, 11.39516080242979, 15.61590682443188], "layer_Op2_score": [25.156146043193523, 24.84852839787261, 22.5737470326272, 23.166557182408027, 50.3532767809419, 50.3532767809419, 66.62091610245888], "layer_Barinel_score": [0.1567626231003282, 0.1548777427151896, 0.13938719469513658, 0.1361539058019773, 0.19538680843907455, 0.19538680843907455, 0.20267228270460624], "time": 2.270346164703369}