{"neuron_counts": [600, 600, 400, 400, 100, 100, 1], "neuron_counts_selected": [600, 600, 400, 400, 100, 100, 1], "layer_tarantula_score": [0.43772351169637147, 0.43772351169637147, 0.38684858953547724, 0.38684858953547724, 0.5055572604431288, 0.5055572604431288, 0.5220183008999572], "layer_ochiai_score": [0.2089467698472738, 0.2089467698472738, 0.17576554514611353, 0.17576554514611353, 0.333614633473022, 0.333614633473022, 0.3839672540691413], "layer_D_star_score": [3.388693413934495, 3.388693413934495, 2.938484680673869, 2.938484680673869, 11.39516080242979, 11.39516080242979, 15.61590682443188], "layer_Op2_score": [25.296414494931085, 25.296414494931085, 20.429261885168184, 20.429261885168184, 50.3532767809419, 50.3532767809419, 66.62091610245888], "layer_Barinel_score": [0.1552565751385359, 0.1552565751385359, 0.13710580902505023, 0.13710580902505023, 0.19538680843907455, 0.19538680843907455, 0.20267228270460624], "time": 7.280466079711914}