{"neuron_counts": [600, 600, 400, 400, 100, 100, 1], "neuron_counts_selected": [200, 200, 200, 200, 100, 100, 1], "layer_tarantula_score": [0.42839089815874865, 0.43518254120576594, 0.3853466966082692, 0.4012477190271332, 0.5055572604431288, 0.5055572604431288, 0.5220183008999572], "layer_ochiai_score": [0.20258343596263395, 0.20714151356058674, 0.18130900269638503, 0.18690092309878217, 0.333614633473022, 0.333614633473022, 0.3839672540691413], "layer_D_star_score": [3.166982839393281, 3.2862887221333335, 3.1792130576535045, 3.1784610160904516, 11.39516080242979, 11.39516080242979, 15.61590682443188], "layer_Op2_score": [24.62312055936268, 25.043541069747327, 22.023731739824118, 22.388450032885824, 50.3532767809419, 50.3532767809419, 66.62091610245888], "layer_Barinel_score": [0.15019751456863772, 0.15375450437210492, 0.1354403193057614, 0.1415583730053481, 0.19538680843907455, 0.19538680843907455, 0.20267228270460624], "time": 4.062732219696045}