{"neuron_counts": [600, 600, 400, 400, 100, 100, 1], "neuron_counts_selected": [500, 500, 400, 400, 100, 100, 1], "layer_tarantula_score": [0.37815152706742955, 0.3771560788835137, 0.27660324422308796, 0.27660324422308796, 0.47582448329761484, 0.47582448329761484, 0.49506519118513936], "layer_ochiai_score": [0.1164327772227646, 0.11550995466736175, 0.09335069671803052, 0.09335069671803052, 0.2874707432787145, 0.2874707432787145, 0.3040528666288217], "layer_D_star_score": [0.4883536856161895, 0.4813182181733714, 0.5382784687447674, 0.5382784687447674, 5.452050637775613, 5.452050637775613, 5.789153139064374], "layer_Op2_score": [6.393406000420152, 6.33373128399579, 5.911899431261876, 5.911899431261876, 28.580263237774908, 28.580263237774908, 30.500000186567096], "layer_Barinel_score": [0.1289387122857308, 0.12840834434650275, 0.0912087781413831, 0.0912087781413831, 0.1794431619107268, 0.1794431619107268, 0.18787878787878787], "time": 5.904120445251465}