{"neuron_counts": [600, 600, 400, 400, 100, 100, 1], "neuron_counts_selected": [500, 500, 400, 400, 100, 100, 1], "layer_tarantula_score": [0.38016685814668305, 0.3809980712021733, 0.2809164918460798, 0.2809164918460798, 0.47549884882264065, 0.47549884882264065, 0.4882249221338413], "layer_ochiai_score": [0.11811646982597451, 0.11789258621645109, 0.09295945931593412, 0.09295945931593412, 0.2865592013661181, 0.2865592013661181, 0.33906613471413355], "layer_D_star_score": [0.745876878542681, 0.7407597674902907, 0.7914972724085451, 0.7914972724085451, 7.90776145992839, 7.90776145992839, 11.51155773162331], "layer_Op2_score": [9.701280329473992, 9.645477317459532, 8.687270028634865, 8.687270028634865, 41.248060330992814, 41.248060330992814, 57.86527213248084], "layer_Barinel_score": [0.1286225782964757, 0.12912877687610783, 0.09206995509335847, 0.09206995509335847, 0.17722755795230682, 0.17722755795230682, 0.18169365718012453], "time": 6.9885923862457275}