{"neuron_counts": [600, 600, 400, 400, 100, 100, 1], "neuron_counts_selected": [500, 500, 400, 400, 100, 100, 1], "layer_tarantula_score": [0.27754687272144235, 0.27689062395935243, 0.16627198448368896, 0.16627198448368896, 0.43970524743027534, 0.43970524743027534, 0.46814698032939855], "layer_ochiai_score": [0.04914072284852059, 0.051912233212107126, 0.04336799994130596, 0.04336799994130596, 0.2428065401752473, 0.2428065401752473, 0.27148342437009304], "layer_D_star_score": [0.05326319253519966, 0.06398455397655341, 0.11997941558831984, 0.11997941558831984, 3.6483333486994516, 3.6483333486994516, 4.391563619539988], "layer_Op2_score": [1.5490756924717568, 1.6782957231717452, 2.16703641476953, 2.16703641476953, 22.980565464005423, 22.980565464005423, 26.514925554132255], "layer_Barinel_score": [0.09391582269099348, 0.09611086414742027, 0.05149802237269935, 0.05149802237269935, 0.15895778335058441, 0.15895778335058441, 0.1719745222929936], "time": 6.126222610473633}