{"neuron_counts": [600, 600, 400, 400, 100, 100, 1], "neuron_counts_selected": [500, 500, 400, 400, 100, 100, 1], "layer_tarantula_score": [0.011497731936441664, 0.0070313186069793756, 0.0314618713039813, 0.0314618713039813, 0.3567295483721145, 0.3567295483721145, 0.4381418247360868], "layer_ochiai_score": [0.0013858018951443212, 0.0007876069101263857, 0.005610557885596502, 0.005610557885596502, 0.16274839411823783, 0.16274839411823783, 0.23819155459295202], "layer_D_star_score": [0.000295752136915507, 0.0001621590853944574, 0.0037725555332316684, 0.0037725555332316684, 1.448463958860287, 1.448463958860287, 3.20605866299475], "layer_Op2_score": [0.010456614754994431, 0.0035553906211227408, 0.1805983326592041, 0.1805983326592041, 13.86724640987074, 13.86724640987074, 22.53358226358871], "layer_Barinel_score": [0.006888296581196584, 0.003997733333333299, 0.008971437868934756, 0.008971437868934756, 0.11769046704911139, 0.11769046704911139, 0.15540540540540537], "time": 5.931761741638184}