{"neuron_counts": [10, 10, 2], "neuron_counts_selected": [10, 10, 2], "layer_tarantula_score": [0.1, 0.0, 0.0], "layer_ochiai_score": [0.09999661564763286, 0.0, 0.0], "layer_D_star_score": [2182.4523262088032, 0.0, 0.0], "layer_Op2_score": [0.12898640965760336, 0.0, 0.0], "layer_Barinel_score": [0.1, 0.0, 0.0], "time": 0.4726688861846924}