{"neuron_counts": [512, 256, 256, 1], "neuron_counts_selected": [100, 100, 100, 1], "layer_tarantula_score": [1.0, 1.0, 1.0, 1.0], "layer_ochiai_score": [0.2633892544157005, 0.6105986537942069, 0.6882435708707008, 0.7006855399166241], "layer_D_star_score": [45.891190933561006, 2024.4228445671042, 2560.0209291617357, 2830.008805928203], "layer_Op2_score": [441.06302270726104, 2249.016135648183, 2831.6996295256918, 2934.223522747071], "layer_Barinel_score": [1.0, 1.0, 1.0, 1.0], "time": 11.551555633544922}