{"neuron_counts": [512, 256, 256, 1], "neuron_counts_selected": [500, 256, 256, 1], "layer_tarantula_score": [0.9840639999999999, 0.98443603515625, 1.0, 1.0], "layer_ochiai_score": [0.25871943634912803, 0.5984544332070425, 0.6908801055389158, 0.7002164061526717], "layer_D_star_score": [435664.28870180296, 823.1035717010473, 1451.4543510701656, 1556.4351036602195], "layer_Op2_score": [247.082308, 1218.1858978271484, 1576.0876922607422, 1618.0], "layer_Barinel_score": [0.9840639999999999, 0.98443603515625, 1.0, 1.0], "time": 30.72625494003296}