{"neuron_counts": [512, 256, 256, 1], "neuron_counts_selected": [512, 256, 256, 1], "layer_tarantula_score": [0.9883155822753906, 0.98443603515625, 1.0, 1.0], "layer_ochiai_score": [0.2622994409098896, 0.5984544332070425, 0.6908801055389158, 0.7002164061526717], "layer_D_star_score": [415455.4551369929, 823.1035717010473, 1451.4543510701656, 1556.4351036602195], "layer_Op2_score": [251.37401580810547, 1218.1858978271484, 1576.0876922607422, 1618.0], "layer_Barinel_score": [0.9883155822753906, 0.98443603515625, 1.0, 1.0], "time": 30.72005319595337}