{"neuron_counts": [3072, 8, 16, 32, 64, 128, 10], "neuron_counts_selected": [500, 8, 16, 32, 64, 128, 10], "layer_tarantula_score": [0.5070544540979463, 0.3753399744086493, 0.4926852381620084, 0.4634169329644738, 0.5061567064270176, 0.22802102475295816, 0.14421886268493694], "layer_ochiai_score": [0.7439686390390645, 0.5517151702025561, 0.604904167808801, 0.44269310902269765, 0.640538112120488, 0.18111377181174504, 0.050671100476856044], "layer_D_star_score": [11090.508274189904, 9760.03006746694, 6001.644042721251, 1595.6101402801044, 5694.787034242983, 1066.1164781578987, 3.1182287010058993], "layer_Op2_score": [7212.226053529154, 5449.143037740684, 5148.146859601855, 2871.8701623842726, 5400.4874195840575, 1204.3644936360133, 105.27014144319025], "layer_Barinel_score": [0.6861876006141424, 0.5101208611858108, 0.6725199172468588, 0.6464784498649869, 0.6851536619216256, 0.3211604422880887, 0.23062620245732163], "time": 78.08796286582947}