{"neuron_counts": [3072, 8, 16, 32, 64, 128, 10], "neuron_counts_selected": [500, 8, 16, 32, 64, 128, 10], "layer_tarantula_score": [0.5024814318394438, 0.27481169241312425, 0.47210302819641753, 0.44262972576215304, 0.4941217175558735, 0.10632589159620603, 0.06717100416855677], "layer_ochiai_score": [0.7151360014967478, 0.3798624477806089, 0.514906088388095, 0.3691739964011231, 0.5889855221915091, 0.05866773718758086, 0.020726459919933993], "layer_D_star_score": [9017.123342912833, 5515.122792746512, 3788.8456647636394, 734.465372539996, 3877.0663205696, 127.33483999442586, 0.9301997654009924], "layer_Op2_score": [6649.746974958648, 3513.212167280149, 3966.8402399090182, 2069.252603388567, 4634.723797855125, 279.89634059048154, 38.179448741597774], "layer_Barinel_score": [0.6822516644956672, 0.37670315939604593, 0.6537967889089933, 0.6272402231240041, 0.6746808032149308, 0.15449334837318213, 0.10920889912096585], "time": 82.70365595817566}