{"neuron_counts": [3072, 8, 16, 32, 64, 128, 10], "neuron_counts_selected": [500, 8, 16, 32, 64, 128, 10], "layer_tarantula_score": [0.4334211380511491, 0.26959636517692265, 0.25241408651357744, 0.25970920727928776, 0.44934638791027703, 0.08569271435183351, 0.002228165454009359], "layer_ochiai_score": [0.19536796215233548, 0.34030949377783554, 0.13347716823667338, 0.10772329845412001, 0.4182957975356685, 0.04268074201890811, 0.00044780929255318005], "layer_D_star_score": [44.98782323798952, 4353.366370532922, 46.13744008588118, 17.96033108727804, 1070.026537261975, 84.95802296552506, 0.0024841560045358105], "layer_Op2_score": [562.0423765868707, 3003.6518355211724, 443.0765805334338, 278.7004409647586, 2553.0342066222793, 196.9781542045383, 0.4705502484287293], "layer_Barinel_score": [0.6181459074202522, 0.37171170620424, 0.3741217959552143, 0.3969909460170557, 0.6334380640028201, 0.12432390438746645, 0.003787156968865059], "time": 76.89691233634949}