{"neuron_counts": [3072, 8, 16, 32, 64, 128, 10], "neuron_counts_selected": [100, 8, 16, 32, 64, 100, 10], "layer_tarantula_score": [0.49954805843837, 0.2827438370040375, 0.4999925534835861, 0.5002319569794029, 0.5038035731986926, 0.23661033011829624, 0.5135017863793377], "layer_ochiai_score": [0.8303157902174764, 0.45865024059128917, 0.8336778400969234, 0.8302700854350571, 0.8082972271962829, 0.17157254073769368, 0.4735186778220746], "layer_D_star_score": [15428.509389676032, 7752.278370691086, 15840.566145471987, 15442.10312323408, 13139.59049886352, 541.2929670005437, 909.9463368657086], "layer_Op2_score": [6895.797606721081, 3703.6249641562513, 6948.926387071701, 6876.90713758341, 6465.83359498009, 768.008377086135, 2211.7638360752844], "layer_Barinel_score": [0.6947166399251141, 0.3922517630357892, 0.6950936826749237, 0.69529621499102, 0.6983061268833998, 0.35100156539330335, 0.7059424018388533], "time": 32.03707695007324}