{"neuron_counts": [32, 32, 1], "neuron_counts_selected": [32, 32, 1], "layer_tarantula_score": [1.0, 0.87890625, 1.0], "layer_ochiai_score": [0.7076198931868259, 0.6337488816024608, 0.7094001001265194], "layer_D_star_score": [89.36288677370132, 115.42802085900313, 85.97079138362363], "layer_Op2_score": [84.67839701968964, 80.90660570492098, 84.86089719923963], "layer_Barinel_score": [1.0, 0.87890625, 1.0], "time": 0.1244809627532959}