{"neuron_counts": [1254528, 313632, 301088, 73728, 73728, 128, 3], "neuron_counts_selected": [100, 100, 100, 100, 100, 100, 3], "layer_tarantula_score": [0.4778604758515813, 0.4866828856648048, 0.0011336736883521992, 0.0025868626905276586, 0.000786543833195779, 0.28858868666980586, 0.5000001337434016], "layer_ochiai_score": [0.4872013822773581, 0.7440201726225466, 0.0004592602351604696, 0.0018724899009942603, 0.0006180952926250336, 0.4713935442006246, 0.8185338532041829], "layer_D_star_score": [31.34342161472044, 230.35082644241177, 0.0015636714072745663, 0.047715990362066606, 0.018014527136895574, 222.03795320914398, 391.0039207740289], "layer_Op2_score": [69.39692659624558, 160.4302961641497, 0.025079594543406813, 0.19699045341442373, 0.0691456037554585, 109.99875045180126, 191.5963844688158], "layer_Barinel_score": [0.6491962301287612, 0.6580234726737659, 0.0015546319669966296, 0.003400771510218305, 0.0010534008176358491, 0.3868034395827945, 0.669998016736689], "time": 2.8203353881835938}