{"neuron_counts": [1254528, 313632, 301088, 73728, 73728, 128, 3], "neuron_counts_selected": [200, 200, 200, 200, 200, 128, 3], "layer_tarantula_score": [0.47406236707758725, 0.49153549343271974, 0.0018375731437576006, 0.0007171530425885944, 0.0027047884233147306, 0.2869057520334357, 0.5000001922204973], "layer_ochiai_score": [0.4885573998107901, 0.7464407491525797, 0.0008105714623884831, 0.0006078707135393805, 0.0021434793743346967, 0.4657457730526768, 0.818534971763805], "layer_D_star_score": [22.209924999219012, 162.71990927712076, 0.0020309297236892837, 0.012649313231628696, 0.04069987050547531, 151.82770889423986, 272.06019384819115], "layer_Op2_score": [48.67059721515341, 111.26523482838085, 0.03302761253341398, 0.04862985137335214, 0.16182015097738628, 75.21408847486573, 133.01492684339277], "layer_Barinel_score": [0.6456566948389639, 0.6623583149384467, 0.0026095891608389882, 0.0009930061388138916, 0.003661850837401067, 0.3845598600000458, 0.6699999999999999], "time": 3.938791513442993}