{"neuron_counts": [1254528, 313632, 301088, 73728, 73728, 128, 3], "neuron_counts_selected": [500, 500, 500, 500, 500, 128, 3], "layer_tarantula_score": [0.4579511955901329, 0.48458122680325405, 0.0019329165572381688, 0.0018182579036704633, 0.0015439574131291152, 0.2813344123790527, 0.4989822682970353], "layer_ochiai_score": [0.34331625447937447, 0.6144556187051412, 0.0003252968408915207, 0.0006700508621218504, 0.0005730065586496637, 0.4374174239062283, 0.8108340592735799], "layer_D_star_score": [5.242375825806365, 62.253947143067144, 8.53592685873181e-05, 0.0010890851641702068, 0.0009789551372893907, 120.70170553852962, 257.119390392611], "layer_Op2_score": [24.525201792576425, 75.74939601684177, 0.005524537652928472, 0.022891940620983934, 0.019957791352549333, 67.81451582477379, 130.69486048859963], "layer_Barinel_score": [0.6294528889690543, 0.6558749507245322, 0.0023716476190474476, 0.0025141929747721004, 0.0021892870296370405, 0.37878990909706567, 0.6690986106794663], "time": 18.043401956558228}