{"neuron_counts": [1254528, 313632, 301088, 73728, 73728, 128, 3], "neuron_counts_selected": [100, 100, 100, 100, 100, 100, 3], "layer_tarantula_score": [0.5000085182561732, 0.49981209515068187, 0.02575124698907663, 0.04372408215455951, 0.03585828653581047, 0.3749145627514421, 0.5000001337434016], "layer_ochiai_score": [0.5127459569287722, 0.7579744253241006, 0.009844281766407979, 0.03549673815931351, 0.02815365609832663, 0.6105037220731409, 0.8185338532041829], "layer_D_star_score": [38.60188242035863, 254.82124567654236, 0.04646532287293817, 1.1818553598524049, 0.7373774529844502, 288.5873478967973, 391.0039207740289], "layer_Op2_score": [75.54298435889339, 164.47251492049733, 0.5860410335649083, 4.140322073706352, 3.1071794075063837, 142.3994386353652, 191.5963844688158], "layer_Barinel_score": [0.6686278682000208, 0.6696928663122077, 0.033047795964535824, 0.05908614192109411, 0.049424648000638366, 0.5024217454176472, 0.669998016736689], "time": 3.9342193603515625}