{"neuron_counts": [1254528, 313632, 301088, 73728, 73728, 128, 3], "neuron_counts_selected": [2000, 2000, 2000, 2000, 2000, 128, 3], "layer_tarantula_score": [0.4747278016539848, 0.4921542577859684, 0.0015080734550778944, 0.0020837891988184595, 0.00208543259735132, 0.2869057520334357, 0.5000001922204973], "layer_ochiai_score": [0.4888794852149667, 0.7476853138584624, 0.0006236569620537028, 0.0016610353595865374, 0.0016502016170167264, 0.4657457730526768, 0.818534971763805], "layer_D_star_score": [22.155335204785846, 164.12507543475647, 0.0014479114206156281, 0.03144712844853988, 0.030551866889418803, 151.82770889423986, 272.06019384819115], "layer_Op2_score": [48.63566829031411, 111.61226877203504, 0.024078731674279246, 0.12617664706245862, 0.12412421786832811, 75.21408847486573, 133.01492684339277], "layer_Barinel_score": [0.6464039935075448, 0.6629371235025565, 0.0021140174822977128, 0.002865722903000909, 0.002856454032719646, 0.3845598600000458, 0.6699999999999999], "time": 24.917123556137085}