{"neuron_counts": [1254528, 313632, 301088, 73728, 73728, 128, 3], "neuron_counts_selected": [2000, 2000, 2000, 2000, 2000, 128, 3], "layer_tarantula_score": [0.5036342622575449, 0.5003085884516204, 0.03519030830010027, 0.027529238502399144, 0.030817936139880552, 0.37884915702412597, 0.5000001337434016], "layer_ochiai_score": [0.5125190748047781, 0.7604425227829247, 0.01417276923606336, 0.022122011621818954, 0.02435672424452764, 0.6173238779960074, 0.8185338532041829], "layer_D_star_score": [38.09659044455051, 259.00734940995994, 0.07092264756486907, 0.7638994292587097, 0.8313755819767775, 291.79492893931035, 391.0039207740289], "layer_Op2_score": [75.09877229841776, 165.42085097016496, 0.8689590276752328, 2.5683686990579813, 2.8208666379540523, 144.03124039749304, 191.5963844688158], "layer_Barinel_score": [0.6718693371236191, 0.6701345873450423, 0.045582121657305935, 0.036930424388470856, 0.04105459258244205, 0.5076811454592796, 0.669998016736689], "time": 26.268802165985107}