{"neuron_counts": [1254528, 313632, 301088, 73728, 73728, 128, 3], "neuron_counts_selected": [500, 500, 500, 500, 500, 128, 3], "layer_tarantula_score": [0.4426561113161428, 0.47155637741139134, 4.9790054542785486e-05, 0.00023183016753855056, 0.0007313622324927737, 0.26864930857962027, 0.48814417901964396], "layer_ochiai_score": [0.21234381794272414, 0.4225545838642215, 5.048791213146731e-06, 2.7822336112819423e-05, 7.850997499184463e-05, 0.29219693234530486, 0.6552481983000298], "layer_D_star_score": [1.191389733031891, 17.949029617558185, 5.906089541827063e-07, 4.522578335987408e-06, 1.1950147513435441e-05, 63.70856600353692, 132.21683997246953], "layer_Op2_score": [13.919866623571616, 52.547829614024536, 3.055161864582754e-05, 0.0003417152968884546, 0.0008821877739430324, 51.03731473622264, 124.34746484232203], "layer_Barinel_score": [0.6099760118125978, 0.6429869784017489, 5.457331325097732e-05, 0.00027318966509740637, 0.0008055241886824469, 0.3650783183309299, 0.6593677451842527], "time": 12.81544017791748}