{"neuron_counts": [1254528, 313632, 301088, 73728, 73728, 128, 3], "neuron_counts_selected": [200, 200, 200, 200, 200, 128, 3], "layer_tarantula_score": [0.4753639420422287, 0.49033711503491934, 0.0013969663156520767, 0.0025913464233464326, 0.0005717171792682342, 0.2869057520334357, 0.5000001922204973], "layer_ochiai_score": [0.48822301706925125, 0.7447296654507379, 0.0005137646075153608, 0.002033697382453589, 0.0004328270971764109, 0.4657457730526768, 0.818534971763805], "layer_D_star_score": [22.057304109972957, 161.24945624734755, 0.0011850527201378832, 0.037837168348041475, 0.007179485712225556, 151.82770889423986, 272.06019384819115], "layer_Op2_score": [48.53157258519017, 110.99532998234329, 0.01866716437736657, 0.15379291236133694, 0.03137500037313459, 75.21408847486573, 133.01492684339277], "layer_Barinel_score": [0.6470335642164295, 0.6613054061178146, 0.001893076923076874, 0.0035541309744670166, 0.0007817383919488698, 0.3845598600000458, 0.6699999999999999], "time": 3.9162755012512207}