{"neuron_counts": [1254528, 313632, 301088, 73728, 73728, 128, 3], "neuron_counts_selected": [200, 200, 200, 200, 200, 128, 3], "layer_tarantula_score": [0.47544312798975086, 0.49047419751357446, 0.0013122004074992383, 0.0026211175199046923, 0.0005613391095819686, 0.286858135304605, 0.5000001337434016], "layer_ochiai_score": [0.48805623654398766, 0.7446929696032539, 0.0004913134761784193, 0.0020459920898783586, 0.00042929732561182166, 0.4656230253648571, 0.8185338532041829], "layer_D_star_score": [31.6373225082133, 231.64572212784535, 0.001617362016065655, 0.05524703459073428, 0.010133563300087437, 217.841138693234, 391.0039207740289], "layer_Op2_score": [69.85260005072017, 159.82868494862328, 0.025808192938405774, 0.22273334961066277, 0.04488268227621727, 108.2897850877383, 191.5963844688158], "layer_Barinel_score": [0.6471126999723095, 0.6614272447637913, 0.0018008980587576723, 0.003583419506248596, 0.0007719743269473473, 0.3845164556577113, 0.669998016736689], "time": 4.358208417892456}