{"neuron_counts": [1440, 1840, 5280, 5280, 1024, 256, 32, 1], "neuron_counts_selected": [200, 200, 200, 200, 200, 200, 32, 1], "layer_tarantula_score": [1.0, 1.0, 0.931225, 0.9603999999999999, 0.33062499999999995, 0.3481, 0.3525390625, 1.0], "layer_ochiai_score": [0.5526950562841145, 0.4949508510826579, 0.5813173979855897, 0.6162394068804791, 0.13185341288361693, 0.12983567736102827, 0.10812114929214382, 0.03481553066363153], "layer_D_star_score": [523.6210063845808, 596.0361869197387, 2385.696000231334, 3553.581206047881, 2289646581.9908314, 4140923366.4312186, 2658699264.212997, 0.004854368784758228], "layer_Op2_score": [1031.104475, 876.857925, 1301.563875, 1415.771875, 313.72867499999995, 281.704675, 273.2421875, 4.0], "layer_Barinel_score": [1.0, 1.0, 0.931225, 0.9603999999999999, 0.33062499999999995, 0.3481, 0.3525390625, 1.0], "time": 36.33870816230774}