{"neuron_counts": [1440, 1840, 5280, 5280, 1024, 256, 32, 1], "neuron_counts_selected": [500, 500, 500, 500, 500, 256, 32, 1], "layer_tarantula_score": [1.0, 1.0, 0.976, 0.98, 0.542, 0.5625, 0.59375, 1.0], "layer_ochiai_score": [0.5862972839284993, 0.5961789927680688, 0.7269206944817859, 0.7238713272067985, 0.3318942247633067, 0.3447006810972765, 0.318602522247177, 0.035159615293166455], "layer_D_star_score": [1157.0466237358833, 3568.426534787441, 35191.75187564927, 34961.55768712534, 60835385080.75921, 68087278266.156654, 53401825215.333496, 0.008945024724176852], "layer_Op2_score": [2034.2653615677552, 2269.9303773805937, 3311.1990425126282, 3306.1900649571076, 1688.208874302738, 1663.9055114921048, 1657.6826698326045, 7.2269676381788885], "layer_Barinel_score": [1.0, 1.0, 0.976, 0.98, 0.542, 0.5625, 0.59375, 1.0], "time": 98.52908253669739}