{"neuron_counts": [1440, 1840, 5280, 5280, 1024, 256, 32, 1], "neuron_counts_selected": [500, 500, 500, 500, 500, 256, 32, 1], "layer_tarantula_score": [1.0, 1.0, 0.952576, 0.9603999999999999, 0.293764, 0.31640625, 0.3525390625, 1.0], "layer_ochiai_score": [0.5594421496367438, 0.49318292570220235, 0.6259410886020956, 0.617485941730065, 0.11644119646744858, 0.1305816355433671, 0.10812114929214382, 0.03481553066363153], "layer_D_star_score": [545.7666127460853, 642.5997025514396, 2662.4785882546325, 2800.212416152875, 3450402228.1412115, 4322035702.3667345, 2658699264.212997, 0.004854368784758228], "layer_Op2_score": [1053.889436, 875.2286519999998, 1430.680236, 1409.716648, 283.99727200000007, 285.11291503906244, 273.2421875, 4.0], "layer_Barinel_score": [1.0, 1.0, 0.952576, 0.9603999999999999, 0.293764, 0.31640625, 0.3525390625, 1.0], "time": 82.53115344047546}