{"neuron_counts": [1440, 1840, 5280, 5280, 1024, 256, 32, 1], "neuron_counts_selected": [200, 200, 200, 200, 200, 200, 32, 1], "layer_tarantula_score": [1.0, 1.0, 0.9409, 0.912025, 0.3481, 0.28090000000000004, 0.3525390625, 1.0], "layer_ochiai_score": [0.5671994749408998, 0.4783569102198382, 0.6271611822840413, 0.5610887704500881, 0.11473350939676405, 0.11909217117187146, 0.10812114929214382, 0.03481553066363153], "layer_D_star_score": [576.8852256411316, 574.9862162714201, 2871.1620036692584, 2452.4269637512957, 3147212464.7433376, 4356000246.012084, 2658699264.212997, 0.004854368784758228], "layer_Op2_score": [1080.737125, 833.0539249999999, 1444.390775, 1262.05, 249.238075, 259.20990000000006, 273.2421875, 4.0], "layer_Barinel_score": [1.0, 1.0, 0.9409, 0.912025, 0.3481, 0.28090000000000004, 0.3525390625, 1.0], "time": 36.456223011016846}