{"neuron_counts": [1440, 1840, 5280, 5280, 1024, 256, 32, 1], "neuron_counts_selected": [500, 500, 500, 500, 500, 256, 32, 1], "layer_tarantula_score": [0.7430439999999999, 0.27667600000000003, 0.28944400000000003, 0.31360000000000005, 0.1521, 0.2863922119140625, 0.3525390625, 1.0], "layer_ochiai_score": [0.044453262566622354, 0.01759188446959393, 0.01165414641808781, 0.014208125928004927, 0.08305934353996278, 0.11316707631056777, 0.08840407612864007, 0.035159615293166455], "layer_D_star_score": [0.21383295218407458, 0.48222617981746163, 0.047036429395361075, 0.08814321761105377, 9646166905.999147, 13564262313.047775, 8344037984.081396, 0.008945024724176852], "layer_Op2_score": [20.66693337521509, 12.811302175560938, 4.2755421942380405, 6.20672991960244, 390.4921426459434, 431.97337313066987, 362.6828099592354, 7.2269676381788885], "layer_Barinel_score": [0.7430439999999999, 0.27667600000000003, 0.28944400000000003, 0.31360000000000005, 0.1521, 0.2863922119140625, 0.3525390625, 1.0], "time": 95.95212888717651}