{"neuron_counts": [1440, 1840, 5280, 5280, 1024, 256, 32, 1], "neuron_counts_selected": [1000, 1000, 1000, 1000, 1000, 256, 32, 1], "layer_tarantula_score": [1.0, 1.0, 0.958441, 0.966289, 0.310249, 0.31640625, 0.3525390625, 1.0], "layer_ochiai_score": [0.5572425220204575, 0.4948543677990775, 0.5982142628186973, 0.6162090807193127, 0.11884461425979204, 0.1305816355433671, 0.10812114929214382, 0.03481553066363153], "layer_D_star_score": [538.628774187221, 614.0214209035312, 2676.5033627090334, 2846.5212752159246, 2857985956.1965694, 4322035702.3667345, 2658699264.212997, 0.004854368784758228], "layer_Op2_score": [1046.476617, 877.138828, 1339.7306650000003, 1401.017731, 287.696079, 285.11291503906244, 273.2421875, 4.0], "layer_Barinel_score": [1.0, 1.0, 0.958441, 0.966289, 0.310249, 0.31640625, 0.3525390625, 1.0], "time": 172.95042848587036}