{"neuron_counts": [1440, 1840, 5280, 5280, 1024, 256, 32, 1], "neuron_counts_selected": [100, 100, 100, 100, 100, 100, 32, 1], "layer_tarantula_score": [1.0, 1.0, 0.9409, 0.9216, 0.44889999999999997, 0.33640000000000003, 0.3525390625, 1.0], "layer_ochiai_score": [0.5635963318508532, 0.5022659631144993, 0.5619388170750762, 0.6148040107959696, 0.19449233654623513, 0.14663602138143705, 0.10812114929214382, 0.03481553066363153], "layer_D_star_score": [576.144091503307, 755.8594577467281, 2101.037249292192, 2477.895556402749, 7361660044.607691, 7361640063.579938, 2658699264.212997, 0.004854368784758228], "layer_Op2_score": [1071.5891, 910.0048999999999, 1218.7973, 1415.1183, 505.24899999999997, 335.0747999999999, 273.2421875, 4.0], "layer_Barinel_score": [1.0, 1.0, 0.9409, 0.9216, 0.44889999999999997, 0.33640000000000003, 0.3525390625, 1.0], "time": 22.305552005767822}