{"neuron_counts": [1605632, 1605632, 1605632, 401408, 401408, 802816, 802816, 200704, 200704, 200704, 200704, 50176, 50176, 100352, 100352, 25088, 25088, 25088, 1024, 2048, 4096, 2], "neuron_counts_selected": [500, 500, 500, 500, 500, 500, 500, 500, 500, 500, 500, 500, 500, 500, 500, 500, 500, 500, 500, 500, 500, 2], "layer_tarantula_score": [0.3975728733266734, 0.014391240745734654, 1.6000000000000016e-05, 4.000000000000004e-06, 4.000000000000004e-06, NaN, NaN, NaN, NaN, NaN, NaN, NaN, NaN, NaN, NaN, NaN, NaN, NaN, NaN, NaN, NaN, 0.5], "layer_ochiai_score": [0.257108973940133, 0.007332219686924606, 4.131168465411968e-06, 1.0327921163507274e-06, 1.0327921163502687e-06, NaN, NaN, NaN, NaN, NaN, NaN, NaN, NaN, NaN, NaN, NaN, NaN, NaN, NaN, NaN, NaN, 0.7071044241757286], "layer_D_star_score": [0.5227504852339955, 0.015072651705713473, 1.1428489796512567e-06, 2.857122449134724e-07, 2.857122449135517e-07, NaN, NaN, NaN, NaN, NaN, NaN, NaN, NaN, NaN, NaN, NaN, NaN, NaN, NaN, NaN, NaN, 14.999900000666662], "layer_Op2_score": [2.246272824044849, 0.04089233724789217, 1.6000000000000016e-05, -0.0004949968812694957, -0.0004949968812694952, NaN, NaN, NaN, NaN, NaN, NaN, NaN, NaN, NaN, NaN, NaN, NaN, NaN, NaN, NaN, NaN, 14.06250585933838], "layer_Barinel_score": [0.3975728733266734, 0.014391240745734668, 1.6000000000000016e-05, 4.000000000000004e-06, 4.000000000000004e-06, NaN, NaN, NaN, NaN, NaN, NaN, NaN, NaN, NaN, NaN, NaN, NaN, NaN, NaN, NaN, NaN, 0.5], "time": 6.198153018951416}