{"neuron_counts": [1605632, 1605632, 1605632, 401408, 401408, 802816, 802816, 200704, 200704, 200704, 200704, 50176, 50176, 100352, 100352, 25088, 25088, 25088, 1024, 2048, 4096, 2], "neuron_counts_selected": [200, 200, 200, 200, 200, 200, 200, 200, 200, 200, 200, 200, 200, 200, 200, 200, 200, 200, 200, 200, 200, 2], "layer_tarantula_score": [0.44649327379932163, 0.11749871132293088, 0.06761743308774547, 0.0883266190136686, 0.10156816823598028, 0.009140772028896913, 0.0013551054211905628, 0.0018746710526315606, 0.0026661252228164516, NaN, NaN, NaN, NaN, NaN, NaN, NaN, NaN, NaN, NaN, NaN, NaN, 0.5], "layer_ochiai_score": [0.3925099212004071, 0.06249934535796161, 0.031071160135110965, 0.06057216565104704, 0.06380853514435213, 0.005694463648818413, 0.0011956547540336157, 0.001823305833753274, 0.003166187407856842, NaN, NaN, NaN, NaN, NaN, NaN, NaN, NaN, NaN, NaN, NaN, NaN, 0.7071044241757286], "layer_D_star_score": [1.9516933411952389, 0.15509718937016745, 0.02958284309548559, 0.20362998052430145, 0.23568154590732227, 0.024536348077614976, 0.013737429731596251, 0.026752154744961107, 0.04063887703275631, NaN, NaN, NaN, NaN, NaN, NaN, NaN, NaN, NaN, NaN, NaN, NaN, 14.999900000666662], "layer_Op2_score": [4.72400387356954, 0.4440018721757996, 0.17297359782126362, 0.5652003154667792, 0.5695643352229047, 0.04439850579058766, 0.01689844485347138, 0.028628136074146486, 0.04965003796851302, NaN, NaN, NaN, NaN, NaN, NaN, NaN, NaN, NaN, NaN, NaN, NaN, 14.06250585933838], "layer_Barinel_score": [0.44649327379932163, 0.11749871132293094, 0.06761743308774547, 0.0883266190136686, 0.10156816823598028, 0.009140772028896913, 0.0013551054211905565, 0.0018746710526315606, 0.0026661252228164603, NaN, NaN, NaN, NaN, NaN, NaN, NaN, NaN, NaN, NaN, NaN, NaN, 0.5], "time": 3.4271597862243652}