{"neuron_counts": [3, 1], "neuron_counts_selected": [3, 1], "layer_tarantula_score": [0.2875834294095041, 0.5000052082139784], "layer_ochiai_score": [0.2255908218273152, 0.8527975354545012], "layer_D_star_score": [0.3888824075154304, 21.332622245925137], "layer_Op2_score": [0.9722229166493059, 7.250018749531262], "layer_Barinel_score": [0.36111111111111116, 0.7272727272727273], "time": 0.05877208709716797}