{"neuron_counts": [4, 3], "neuron_counts_selected": [4, 3], "layer_tarantula_score": [0.0, 0.4118019338724778], "layer_ochiai_score": [0.0, 0.3602562017185726], "layer_D_star_score": [0.0, 83.89071335361253], "layer_Op2_score": [0.0, 51.22388345813855], "layer_Barinel_score": [0.0, 0.4901534111244188], "time": 0.0596623420715332}