{"neuron_counts": [19620, 6540, 6360, 2120, 1940, 20, 3], "neuron_counts_selected": [500, 500, 500, 500, 500, 20, 3], "layer_tarantula_score": [0.4921683046961547, 0.5230789388121528, 0.2221646990009666, 0.25692768904783087, 0.09290673938429508, 0.0, 0.0], "layer_ochiai_score": [0.07401439907704624, 0.13240680247625722, 0.11008896080383937, 0.15201477647602937, 0.02802332676923319, 0.0, 0.0], "layer_D_star_score": [0.0550729093136238, 0.3568437151225946, 3.0563561357742124, 14.330039067021291, 0.2993307896184526, 0.0, 0.0], "layer_Op2_score": [2.7163589854052517, 7.580677243747154, 13.361141412771861, 26.271246650712776, 2.413753687471809, 0.0, 0.0], "layer_Barinel_score": [0.5644554958758301, 0.6523181237482877, 0.2816483737653001, 0.3139747791885107, 0.11037823593462834, 0.0, 0.0], "time": 4.525608777999878}