{"neuron_counts": [19620, 6540, 6360, 2120, 1940, 20, 3], "neuron_counts_selected": [500, 500, 500, 500, 500, 20, 3], "layer_tarantula_score": [0.30008847724572396, 0.39735773391362833, 0.05264315462175369, 0.08178838597746238, 0.008145387273486591, NaN, NaN], "layer_ochiai_score": [0.044052306367508044, 0.10261245455900442, 0.02385808524900283, 0.049060376609654524, 0.001825944373165651, NaN, NaN], "layer_D_star_score": [0.014091623356420255, 0.13722251238780805, 0.34562093794460214, 2.72055195772827, 0.006414222973999216, NaN, NaN], "layer_Op2_score": [1.270615479017222, 4.82009047963005, 2.2917199385786766, 7.246999297503377, 0.09664317447887903, NaN, NaN], "layer_Barinel_score": [0.3725235575272885, 0.5467834223659858, 0.07188739765085296, 0.11063929793638591, 0.010238457179910057, NaN, NaN], "time": 4.634517192840576}