{"neuron_counts": [19620, 6540, 6360, 2120, 1940, 20, 3], "neuron_counts_selected": [2000, 2000, 2000, 2000, 1940, 20, 3], "layer_tarantula_score": [0.5035619769090013, 0.5012711659236332, 0.47918917118339105, 0.48901954849474827, 0.4574105547709901, 0.29992849419489476, 0.16666670105633108], "layer_ochiai_score": [0.4982257258846472, 0.719324481765901, 0.4521936327136786, 0.5506800172411777, 0.4758760573153942, 0.41532358177104445, 0.273324327725378], "layer_D_star_score": [44.07260710336472, 253.89286933192145, 163.7431718887479, 245.66081470850312, 196.19777235248296, 260.98869292094685, 174.38934610482997], "layer_Op2_score": [93.72351846582917, 195.3365408239421, 109.43662056822119, 145.43979690078368, 122.63962300668881, 127.05699352477136, 84.65061838530264], "layer_Barinel_score": [0.6741020026030466, 0.6732409472562184, 0.622383983055259, 0.6423711918428785, 0.5952206210723341, 0.3861148616681339, 0.2241186522885731], "time": 19.15431523323059}