{"neuron_counts": [19620, 6540, 6360, 2120, 1940, 20, 3], "neuron_counts_selected": [500, 500, 500, 500, 500, 20, 3], "layer_tarantula_score": [0.03347846096595825, 0.13378311689522968, 0.0338348955594431, 0.049545535137259254, 0.00029020360281103704, 0, 0], "layer_ochiai_score": [0.00312339978982578, 0.01586228897822236, 0.007598044043041261, 0.017504834604713283, 2.5518627079242643e-05, 0, 0], "layer_D_star_score": [0.00028546078605609854, 0.002104222067464339, 0.008992051527694177, 0.06018467449720085, 2.3784332101624596e-06, 0, 0], "layer_Op2_score": [0.04284790856481329, 0.25547304111406927, 0.22801393155537333, 0.783859110951635, 0.0001563766913216499, 0, 0], "layer_Barinel_score": [0.035941333333333464, 0.15603486666666655, 0.04461114951087396, 0.06641867837073266, 0.0003013333333334633, 0, 0], "time": 5.91624641418457}