{"neuron_counts": [19620, 6540, 6360, 2120, 1940, 20, 3], "neuron_counts_selected": [500, 500, 500, 500, 500, 20, 3], "layer_tarantula_score": [0.4275879701154718, 0.4624389905090124, 0.13169015040834878, 0.13890190995314625, 0.0636677259377273, 0.005163614029313293, 0], "layer_ochiai_score": [0.14333139229946065, 0.265655910235156, 0.06470349678733714, 0.08982050854422578, 0.027880707291314404, 0.0041327600533463855, 0], "layer_D_star_score": [0.24434129292648535, 2.384015518583657, 2.7364081634580035, 10.417695203639333, 1.1241808268738875, 0.8357954805283955, 0], "layer_Op2_score": [5.703079813402573, 18.193958768156747, 5.985898584086364, 10.84293410087285, 2.255091593176939, 0.5469117683390973, 0], "layer_Barinel_score": [0.5850555524362325, 0.6264519926473514, 0.17631598800500978, 0.18820564254856584, 0.08673070686669399, 0.00678, 0], "time": 6.3242151737213135}