{"neuron_counts": [19620, 6540, 6360, 2120, 1940, 20, 3], "neuron_counts_selected": [500, 500, 500, 500, 500, 20, 3], "layer_tarantula_score": [0.4418242437644889, 0.4583101555719368, 0.12343756105676938, 0.1693341017681149, 0.0549276174758354, 0.005163614029313293, 0], "layer_ochiai_score": [0.14525104650187892, 0.2636345644018607, 0.06414866421228205, 0.11631547445139226, 0.019422207822705564, 0.0041327600533463855, 0], "layer_D_star_score": [0.2513332388973373, 2.368235011633616, 2.7165440254534037, 15.494007781767872, 0.3723226802820384, 0.8357954805283955, 0], "layer_Op2_score": [5.729374022058799, 18.14538446578299, 5.997567853830738, 14.74475238693138, 1.1573498443554833, 0.5469117683390973, 0], "layer_Barinel_score": [0.5980085335535648, 0.6226312341622512, 0.166629646474272, 0.22763124091357867, 0.07423259693661292, 0.00678, 0], "time": 6.051542520523071}