{"neuron_counts": [19620, 6540, 6360, 2120, 1940, 20, 3], "neuron_counts_selected": [500, 500, 500, 500, 500, 20, 3], "layer_tarantula_score": [0.43927617156933385, 0.45812752649195604, 0.1566787243545584, 0.15985442047098994, 0.06234444358138091, 0.005163614029313293, 0], "layer_ochiai_score": [0.14831412955213083, 0.2605221881518929, 0.08346298012038482, 0.10565537034357898, 0.02443496093285368, 0.0041327600533463855, 0], "layer_D_star_score": [0.27116112018368455, 2.2361961627241604, 3.776931234855724, 13.08800460625083, 0.6871025980236548, 0.8357954805283955, 0], "layer_Op2_score": [5.987100894177773, 17.62338469570271, 8.050028998083528, 12.967212278931454, 1.6618366247710528, 0.5469117683390973, 0], "layer_Barinel_score": [0.5966279691670974, 0.6220493110378293, 0.20923229069459715, 0.21506388619276587, 0.08532986190242701, 0.00678, 0], "time": 6.028118371963501}