{"neuron_counts": [19620, 6540, 6360, 2120, 1940, 20, 3], "neuron_counts_selected": [200, 200, 200, 200, 200, 20, 3], "layer_tarantula_score": [0.4854458427847971, 0.4908429635981168, 0.3655988616638848, 0.41502658900168504, 0.38945797236834295, 0.1524207389689298, 0.05555557189072292], "layer_ochiai_score": [0.4785211644970473, 0.7013927589535784, 0.27827941979874055, 0.36530415233970887, 0.3312063006518866, 0.20932205730333223, 0.09054018956203318], "layer_D_star_score": [24.818832491389486, 146.45653310407403, 41.34151861342775, 64.3067974843014, 63.68377066645336, 81.64479695082036, 36.44969205724491], "layer_Op2_score": [57.614656297757314, 123.13416088139896, 36.07792673135086, 51.90677625199854, 48.21226092872246, 41.31044146712769, 18.334640652056752], "layer_Barinel_score": [0.6500558941679165, 0.6556508913517699, 0.49552468079456113, 0.5590913837728259, 0.5262270771823704, 0.20162915662650593, 0.07377777777777778], "time": 2.268336534500122}