{"neuron_counts": [19620, 6540, 6360, 2120, 1940, 20, 3], "neuron_counts_selected": [500, 500, 500, 500, 500, 20, 3], "layer_tarantula_score": [0.18158492626849698, 0.358180635950538, 0.16122292492598664, 0.1825219731093663, 0.016910258916380375, 0.0, 0.0], "layer_ochiai_score": [0.016251292835434663, 0.04038243973979663, 0.03890825456165402, 0.07071955529676269, 0.0015492986453565945, 0.0, 0.0], "layer_D_star_score": [0.0029775345543275452, 0.015128637458746475, 0.16529292964295086, 0.9787218031861149, 0.0003795790381629148, 0.0, 0.0], "layer_Op2_score": [0.37234427288642213, 1.158542033430868, 2.458631682328236, 6.558528055344524, 0.03745995626824634, 0.0, 0.0], "layer_Barinel_score": [0.18839005822205593, 0.38912227301951785, 0.1945150414071304, 0.23056179235438917, 0.017263109901623618, 0.0, 0.0], "time": 4.534276962280273}