{"neuron_counts": [19620, 6540, 6360, 2120, 1940, 20, 3], "neuron_counts_selected": [500, 500, 500, 500, 500, 20, 3], "layer_tarantula_score": [0.4624297625049998, 0.47793785425689733, 0.2576178589489373, 0.3081170124278142, 0.17459460815217648, 0.06438460610379176, 0.06698566157671941], "layer_ochiai_score": [0.29509569066997693, 0.4884545128284344, 0.17222149462718547, 0.22219669252592628, 0.11593141631414272, 0.0498685366557136, 0.03880751459630799], "layer_D_star_score": [3.4853374424285657, 27.97174582370951, 19.524491281284792, 35.59101547523836, 9.49086309326871, 9.478944488133218, 0.5472969275020758], "layer_Op2_score": [22.496029770482625, 60.36320999109882, 20.689745370445486, 29.22193041915001, 13.06291072686736, 6.8953235731487315, 2.9882353079584614], "layer_Barinel_score": [0.6265845782344428, 0.6432066654612666, 0.34733186653159526, 0.4175713989363092, 0.2353764025890056, 0.08377566293370667, 0.08333333333333334], "time": 6.167038202285767}