{"neuron_counts": [22500, 4, 4, 1], "neuron_counts_selected": [200, 4, 4, 1], "layer_tarantula_score": [0, 0, 0, 0.5], "layer_ochiai_score": [0, 0, 0, 0.7071058973047283], "layer_D_star_score": [0, 0, 0, 39.999900000249994], "layer_Op2_score": [-0.9756073765673743, -0.9756073765673742, -0.9756073765673742, 39.024392623432625], "layer_Barinel_score": [0, 0, 0, 0.5], "time": 0.20223021507263184}