{"neuron_counts": [1692800, 1692800, 64, 64, 1], "neuron_counts_selected": [100, 100, 64, 64, 1], "layer_tarantula_score": [1.0, 0.9603999999999999, 1.0, 1.0, NaN], "layer_ochiai_score": [0.5282505551668845, 0.5368180276095921, 0.6030934814528575, 0.6030934814528575, NaN], "layer_D_star_score": [2.8209766039008057, 3.083913530492119, 2580.6972180032917, 2580.6972180032917, NaN], "layer_Op2_score": [4.7387266643531625, 5.015362628125027, 6.5083626372143035, 6.5083626372143035, NaN], "layer_Barinel_score": [1.0, 0.9603999999999999, 1.0, 1.0, NaN], "time": 0.1785602569580078}