{"neuron_counts": [1692800, 1692800, 64, 64, 1], "neuron_counts_selected": [500, 500, 64, 64, 1], "layer_tarantula_score": [0.014884, 0.011235999999999998, 0.9384765625, 0.9384765625, NaN], "layer_ochiai_score": [0.0044204539901906955, 0.003371822159567734, 0.5571807088119952, 0.5571807088119952, NaN], "layer_D_star_score": [0.0022989384473454844, 0.0019484334694389045, 2578.692964801315, 2578.692964801315, NaN], "layer_Op2_score": [0.021638441062986843, 0.016814662772387263, 5.894879402465449, 5.894879402465449, NaN], "layer_Barinel_score": [0.014884, 0.011235999999999998, 0.9384765625, 0.9384765625, NaN], "time": 0.2923460006713867}