{"neuron_counts": [1692800, 1692800, 64, 64, 1], "neuron_counts_selected": [500, 500, 64, 64, 1], "layer_tarantula_score": [0.357604, 0.28090000000000004, 1.0, 1.0, NaN], "layer_ochiai_score": [0.11884080654023056, 0.09572576768449219, 0.5918409434003389, 0.5918409434003389, NaN], "layer_D_star_score": [0.10989182543869579, 0.09852347945600229, 2579.5510612371913, 2579.5510612371913, NaN], "layer_Op2_score": [0.6668924414982349, 0.5525421213988513, 6.268638400757481, 6.268638400757481, NaN], "layer_Barinel_score": [0.357604, 0.28090000000000004, 1.0, 1.0, NaN], "time": 0.2920262813568115}