{"neuron_counts": [1692800, 1692800, 64, 64, 1], "neuron_counts_selected": [500, 500, 64, 64, 1], "layer_tarantula_score": [0.08410000000000001, 0.09363600000000001, 0.968994140625, 0.968994140625, 0], "layer_ochiai_score": [0.02721477081456092, 0.030275079088973145, 0.5706943829323486, 0.5706943829323486, 0], "layer_D_star_score": [0.011255680761871023, 0.012676742702401591, 984.5266783475478, 984.5266783475478, 0], "layer_Op2_score": [0.088868, 0.09885200000000001, 3.773193359375, 3.773193359375, 0], "layer_Barinel_score": [0.08410000000000001, 0.09363600000000001, 0.968994140625, 0.968994140625, 0], "time": 0.4742307662963867}