{"neuron_counts": [1692800, 1692800, 64, 64, 1], "neuron_counts_selected": [500, 500, 64, 64, 1], "layer_tarantula_score": [0.020736, 0.017956000000000003, 0.9384765625, 0.9384765625, 0], "layer_ochiai_score": [0.00659079837456332, 0.005782796818291657, 0.551370009368264, 0.551370009368264, 0], "layer_D_star_score": [0.0024035286719059005, 0.002318068840210919, 984.2958645060133, 984.2958645060133, 0], "layer_Op2_score": [0.020991999999999997, 0.018760000000000006, 3.640380859375, 3.640380859375, 0], "layer_Barinel_score": [0.020736, 0.017956000000000003, 0.9384765625, 0.9384765625, 0], "time": 0.6928615570068359}