{"neuron_counts": [1692800, 1692800, 64, 64, 1], "neuron_counts_selected": [500, 500, 64, 64, 1], "layer_tarantula_score": [0.9840639999999999, 0.976144, 1.0, 1.0, 0], "layer_ochiai_score": [0.5279777564708147, 0.5346523144663746, 0.5938974353228713, 0.5938974353228713, 0], "layer_D_star_score": [1.7256791038287187, 5.907817669732765, 985.7020915188461, 985.7020915188461, 0], "layer_Op2_score": [2.956356, 3.0515000000000003, 3.979248046875, 3.979248046875, 0], "layer_Barinel_score": [0.9840639999999999, 0.976144, 1.0, 1.0, 0], "time": 0.5853149890899658}