{"neuron_counts": [1692800, 1692800, 64, 64, 1], "neuron_counts_selected": [200, 200, 64, 64, 1], "layer_tarantula_score": [0.9801, 0.970225, 1.0, 1.0, NaN], "layer_ochiai_score": [0.5322337453736355, 0.5249867561851498, 0.6030934814528575, 0.6030934814528575, NaN], "layer_D_star_score": [2.944681352344142, 2.8884097261974464, 2580.6972180032917, 2580.6972180032917, NaN], "layer_Op2_score": [4.87201962332027, 4.8148039183050395, 6.5083626372143035, 6.5083626372143035, NaN], "layer_Barinel_score": [0.9801, 0.970225, 1.0, 1.0, NaN], "time": 0.21872162818908691}