{"neuron_counts": [1692800, 1692800, 64, 64, 1], "neuron_counts_selected": [500, 500, 64, 64, 1], "layer_tarantula_score": [0.017956000000000003, 0.019044000000000002, 0.9384765625, 0.9384765625, 0], "layer_ochiai_score": [0.005711689580569691, 0.00608560828952904, 0.551370009368264, 0.551370009368264, 0], "layer_D_star_score": [0.0020946432150776165, 0.00230419628393442, 984.2958645060133, 984.2958645060133, 0], "layer_Op2_score": [0.018212000000000006, 0.019528, 3.640380859375, 3.640380859375, 0], "layer_Barinel_score": [0.017956000000000003, 0.019044000000000002, 0.9384765625, 0.9384765625, 0], "time": 0.5117943286895752}