{"neuron_counts": [1692800, 1692800, 64, 64, 1], "neuron_counts_selected": [200, 200, 64, 64, 1], "layer_tarantula_score": [1.0, 1.0, 1.0, 1.0, 0.0], "layer_ochiai_score": [0.616104221406599, 0.6099337873920782, 0.7160167754475325, 0.7160167754475325, 0.0], "layer_D_star_score": [7.034246717184021, 7.209306146568244, 82220.69241443393, 82220.69241443393, 0.0], "layer_Op2_score": [6.429194801207632, 6.32538873989135, 8.977143537485972, 8.977143537485972, 0.0], "layer_Barinel_score": [1.0, 1.0, 1.0, 1.0, 0.0], "time": 0.19814229011535645}