{"neuron_counts": [1692800, 1692800, 64, 64, 1], "neuron_counts_selected": [500, 500, 64, 64, 1], "layer_tarantula_score": [0.872, 0.852, 1.0, 1.0, 0.0], "layer_ochiai_score": [0.4108965035349418, 0.396364147618356, 0.7108603010017974, 0.7108603010017974, 0.0], "layer_D_star_score": [1.658446516591764, 1.6032706643576236, 82219.60440249264, 82219.60440249264, 0.0], "layer_Op2_score": [3.359100733473897, 3.2248546536937357, 8.867870014859363, 8.867870014859363, 0.0], "layer_Barinel_score": [0.872, 0.852, 1.0, 1.0, 0.0], "time": 0.2787744998931885}