{"neuron_counts": [32, 16, 16, 8, 8, 1], "neuron_counts_selected": [32, 16, 16, 8, 8, 1], "layer_tarantula_score": [0.5945577823146856, 0.4682757012237083, 0.4682757012237083, 0.31250019077077573, 0.31250019077077573, 0.5000003052332411], "layer_ochiai_score": [0.7040443477622675, 0.5718231548659252, 0.5718231548659252, 0.5578510432529348, 0.5578510432529348, 0.8925616692046957], "layer_D_star_score": [166.2067902222291, 527.1063439336051, 527.1063439336051, 585.255188106249, 585.255188106249, 936.4083009699983], "layer_Op2_score": [139.93195630934468, 138.7358880267935, 138.7358880267935, 148.76008163696508, 148.76008163696508, 238.01613061914415], "layer_Barinel_score": [0.8479265704745638, 0.7058270614778052, 0.7058270614778052, 0.4979166666666666, 0.4979166666666666, 0.7966666666666666], "time": 0.24462223052978516}