{"neuron_counts": [1, 5, 1], "neuron_counts_selected": [1, 5, 1], "layer_tarantula_score": [0.0, 0.18194790904747232, 0.500003059050893], "layer_ochiai_score": [0.0, 0.36079159765691254, 0.9894766275194548], "layer_D_star_score": [0.0, 557.2817938714018, 17490.545620696044], "layer_Op2_score": [0.0, 124.47744151293924, 373.12350184206576], "layer_Barinel_score": [0.0, 0.3900053317388883, 0.9790642581804457], "time": 0.10326814651489258}