{"neuron_counts": [207936, 207936, 50176, 100352, 100352, 25088, 50176, 50176, 50176, 12544, 25088, 25088, 25088, 4608, 4608, 4608, 4608, 512, 512, 4096, 1024, 1], "neuron_counts_selected": [500, 500, 500, 500, 500, 500, 500, 500, 500, 500, 500, 500, 500, 500, 500, 500, 500, 500, 500, 500, 500, 1], "layer_tarantula_score": [0.49737170466745895, 0.49565186501513103, 0.5010075818562293, 0.46691206026342535, 0.48294847772874494, 0.49796299674973454, 0.4454489623609077, 0.46141521766871685, 0.39027437120558095, 0.45316605121264153, 0.37727632127033006, 0.2943685416519471, 0.198157503720195, 0.24202653495828497, 0.2714384136047079, 0.2859586796966459, 0.1658765516330404, 0.20993005642652796, 0.20061201973046286, 0.2516937389478051, 0.25078130512533736, 0.5000005357110332], "layer_ochiai_score": [0.6064715883863531, 0.6319427659777271, 0.7358171130059452, 0.5577335576072473, 0.5016793547110536, 0.6494768638127674, 0.5152438737954521, 0.5461365401550082, 0.3283013034333842, 0.484763497352625, 0.38909001281413996, 0.2951726125103332, 0.15263359683433816, 0.17883066757279611, 0.26902718884027277, 0.28564037566216516, 0.13161914976224054, 0.17655646022478708, 0.18363669078625486, 0.30921097012248827, 0.29598721482862755, 0.7669630714420885], "layer_D_star_score": [11.534932464075641, 14.581457369205953, 24.771705355832967, 13.197629998543702, 7.9507733280932475, 17.12089017195112, 12.28338736577601, 13.421467077099281, 4.952454446437107, 10.466840461141532, 8.801796269693547, 6.438822509823791, 2.697126023080858, 2.827420717841836, 6.348767866297416, 7.114888826643635, 2.4741026979322736, 3.8767723091247563, 4.323648778312228, 9.498118437740553, 8.962513260441586, 28.571224491253634], "layer_Op2_score": [12.128804021306525, 13.319604389304072, 17.630005719961865, 11.640803821307857, 9.082269704868635, 14.233337964413572, 10.659070086199426, 11.46400374664169, 5.532801927987147, 9.53013645242365, 7.772935887094085, 5.782801927987148, 2.6409341537723083, 2.957200965326898, 5.379068406210624, 5.830401863987574, 2.341200698662009, 3.298534303104646, 3.5464010639929064, 6.9749356070959525, 6.597335497763348, 19.066672888847407], "layer_Barinel_score": [0.5837047101825811, 0.581696129213248, 0.5888546640959642, 0.5439439736689362, 0.5637946049802514, 0.5836264689411282, 0.5168184716590601, 0.53617750344254, 0.44749574204436865, 0.5251909525441205, 0.43304326782203073, 0.339785214164298, 0.22141284362744554, 0.2701896800510161, 0.30771987632986525, 0.32491545863126986, 0.1834709335986431, 0.23358442562925819, 0.22520402940291795, 0.29124830237789456, 0.2889121437549799, 0.5882352941176471], "time": 3.7618234157562256}