{"neuron_counts": [207936, 207936, 50176, 100352, 100352, 25088, 50176, 50176, 50176, 12544, 25088, 25088, 25088, 4608, 4608, 4608, 4608, 512, 512, 4096, 1024, 1], "neuron_counts_selected": [2000, 2000, 2000, 2000, 2000, 2000, 2000, 2000, 2000, 2000, 2000, 2000, 2000, 2000, 2000, 2000, 2000, 512, 512, 2000, 1024, 1], "layer_tarantula_score": [0.4606336529471494, 0.46640942872306074, 0.48459103097289574, 0.38895599444629275, 0.4038238650749466, 0.45808153869007867, 0.3333744500484461, 0.3732635177193228, 0.2411708174747853, 0.3382488026905291, 0.21990706451991246, 0.15887648798985451, 0.04232355534279213, 0.09345145834624877, 0.1345506775690626, 0.1268432416113262, 0.030235188186679033, 0.06266226925122766, 0.06266226925122766, 0.10915355821975634, 0.10430257397309682, 0.5000005357110332], "layer_ochiai_score": [0.5584483099608709, 0.5839821081228479, 0.709754618201568, 0.4394477048663604, 0.39056423370156235, 0.5744157871274709, 0.3610503321452243, 0.4107275722006442, 0.18816786909345504, 0.33284072536664394, 0.21770139123414725, 0.14025779660608154, 0.027978411917457466, 0.06919348295836433, 0.12087411684369212, 0.12289272810030402, 0.023319020699688123, 0.05160840504573507, 0.05160840504573507, 0.1259373526841402, 0.11545951038834495, 0.7669630714420885], "layer_D_star_score": [8.042214022334367, 10.130953047342672, 21.426963748316002, 6.895302821915903, 3.560287138409108, 11.483286351540404, 5.708937923733962, 6.699589652531485, 1.4639011072716779, 4.3447373065311705, 3.38108769615609, 1.6769899817367273, 0.21084962901425897, 0.6428917196059778, 1.6967929107527069, 2.0344612573040903, 0.2731858262202418, 0.7204725752681912, 0.7204725752681912, 2.9916674928887264, 2.6332278386910994, 28.571224491253634], "layer_Op2_score": [10.619136843547713, 11.548579877907477, 16.698978562792913, 8.099088067352884, 6.022610204893635, 11.622227434588767, 6.513962358802602, 7.496832317231214, 2.4778098006413276, 5.500974900910665, 3.7367354100689267, 2.1660002192085397, 0.33216069365371376, 0.9134314978600252, 1.9315068824907808, 2.130480571782867, 0.3269830773111546, 0.7836339210019322, 0.7836339210019322, 2.5385113781424966, 2.2657768031553984, 19.066672888847407], "layer_Barinel_score": [0.5483206042953531, 0.5539989331055545, 0.5728849716341979, 0.46299126242699595, 0.4822406570621324, 0.5437852236353372, 0.3961460774751932, 0.44391505311347884, 0.28707306300567736, 0.4033359126794505, 0.261304068937869, 0.18916535524396436, 0.04955823788873254, 0.10990004808803615, 0.15890376392637529, 0.1500146860130263, 0.03518122523081286, 0.07318271763901413, 0.07318271763901413, 0.12899326545261072, 0.12326779354769363, 0.5882352941176471], "time": 12.95307469367981}