{"neuron_counts": [207936, 207936, 50176, 100352, 100352, 25088, 50176, 50176, 50176, 12544, 25088, 25088, 25088, 4608, 4608, 4608, 4608, 512, 512, 4096, 1024, 1], "neuron_counts_selected": [200, 200, 200, 200, 200, 200, 200, 200, 200, 200, 200, 200, 200, 200, 200, 200, 200, 200, 200, 200, 200, 1], "layer_tarantula_score": [0.4566889642736562, 0.4592506325938208, 0.48301420405174544, 0.36874266402677064, 0.43637283073171174, 0.47104873837168226, 0.32844687634505354, 0.36011213017102867, 0.25398948640872454, 0.34715612245537786, 0.256185887347176, 0.1527915413176389, 0.05497903115511668, 0.10403362055723354, 0.10756585160720272, 0.10446813805294797, 0.02856336197451133, 0.04607293586971271, 0.08898621106364722, 0.09036941538348615, 0.09507986986503796, 0.5000004699218972], "layer_ochiai_score": [0.5537402488030804, 0.5620069487740941, 0.6884918583879914, 0.4197423843667426, 0.41793500534382216, 0.5808508255609988, 0.3340164049000187, 0.3895004517253858, 0.191806091525063, 0.35258724348801307, 0.2567638316752988, 0.13845850406037882, 0.03862056478354332, 0.06962255645920147, 0.0936702795112444, 0.10232379465140361, 0.02333511883103429, 0.03476400871227256, 0.07124169864891602, 0.10366765787384623, 0.10463550500373797, 0.7587849138395507], "layer_D_star_score": [7.637562466029532, 8.536653373269592, 18.54784118198696, 6.15116485914483, 3.4897135763739, 10.956460104957033, 4.187542659757239, 6.072746372977734, 1.3110747970401964, 4.519272612758451, 3.654027564277091, 1.6675726458453213, 0.2837907679739733, 0.45872362953820844, 1.1480201242299604, 1.6015775805413306, 0.2587881185611436, 0.4577472826142325, 0.9121778846591743, 2.4123282790119847, 2.1599491445585026, 25.785530103356404], "layer_Op2_score": [10.201013980906795, 10.45712050003, 15.390525523329842, 7.477059434270443, 6.13890382947447, 11.22483724975167, 5.4338703240311705, 6.827932502616649, 2.3849726448490354, 5.741367023386514, 4.25973821041193, 2.1070274146505694, 0.46206684972100076, 0.7933586651088956, 1.4282055366297572, 1.7227305954627001, 0.3259651200658699, 0.4954535353097637, 1.0177586226091795, 2.0480140602396095, 1.9508323144512327, 18.066672888847407], "layer_Barinel_score": [0.5318167074148501, 0.5339184161763608, 0.5588507177002224, 0.42913005583488334, 0.506825436403299, 0.5462455360692817, 0.3815142886380371, 0.4190204113713525, 0.2958258011575634, 0.40290662104272706, 0.2980759724526992, 0.17733700892602627, 0.06329651821456, 0.11994267060886926, 0.12476229464586866, 0.12071765911214405, 0.03228053920507048, 0.052724289379488566, 0.10124867960265546, 0.10445154481304625, 0.109489155656415, 0.5757575757575757], "time": 2.137322425842285}