{"neuron_counts": [512, 128, 1], "neuron_counts_selected": [500, 128, 1], "layer_tarantula_score": [0, 0.13482666015625, 1.0], "layer_ochiai_score": [0, 0.1227760942471818, 0.9999990196092848], "layer_D_star_score": [0, 265.31338862624716, 26009999.999136556], "layer_Op2_score": [0, 5.993103027343751, 51.0], "layer_Barinel_score": [0, 0.13482666015625, 1.0], "time": 0.3896908760070801}