{"neuron_counts": [512, 128, 1], "neuron_counts_selected": [500, 128, 1], "layer_tarantula_score": [0.346, 0.3671875, 1.0], "layer_ochiai_score": [0.25396153964335066, 0.35759089205273054, 0.9999994404354838], "layer_D_star_score": [2076300.3378017927, 26198679.598169304, 79843385.97742702], "layer_Op2_score": [19.380904090880396, 31.458644590179567, 89.35512631073695], "layer_Barinel_score": [0.346, 0.3671875, 1.0], "time": 0.3828756809234619}