{"neuron_counts": [512, 128, 1], "neuron_counts_selected": [100, 100, 1], "layer_tarantula_score": [0.1296, 0.12249999999999998, 1.0], "layer_ochiai_score": [0.07119543573126298, 0.11227336114651099, 0.9999990196092848], "layer_D_star_score": [65050.918694033055, 2187456.604471566, 26009999.999136556], "layer_Op2_score": [2.4661999999999993, 5.377000000000001, 51.0], "layer_Barinel_score": [0.1296, 0.12249999999999998, 1.0], "time": 0.17131590843200684}