{"neuron_counts": [512, 128, 1], "neuron_counts_selected": [100, 100, 1], "layer_tarantula_score": [0.36, 0.35, 1.0], "layer_ochiai_score": [0.2528249073544385, 0.33345428576215846, 0.9999994404354838], "layer_D_star_score": [3992426.7201074446, 23154627.460360624, 79843385.97742702], "layer_Op2_score": [18.563560473381195, 28.831379788968867, 89.35512631073695], "layer_Barinel_score": [0.36, 0.35, 1.0], "time": 0.1651613712310791}