{"neuron_counts": [9, 64, 64, 1], "neuron_counts_selected": [9, 64, 64, 1], "layer_tarantula_score": [0.39695025868861, 0.1986603758974253, 0.19782260224628767, 0.5], "layer_ochiai_score": [0.2471200088512378, 0.07990308085729486, 0.08663022126355052, 0.707106074080827], "layer_D_star_score": [2.3810306957722034, 0.19081269814737936, 0.25460378840631276, 49.99990000019999], "layer_Op2_score": [7.944081760575583, 1.5847313629463158, 1.8168899165225296, 49.019609765471046], "layer_Barinel_score": [0.3969502586886099, 0.1986603758974253, 0.19782260224628764, 0.5], "time": 0.19298720359802246}