{"neuron_counts": [9, 64, 64, 1], "neuron_counts_selected": [9, 64, 64, 1], "layer_tarantula_score": [0.5172974760055913, 0.42981619339117255, 0.45660412921887517, 0.49999998150207037], "layer_ochiai_score": [0.46986542322506636, 0.3455965544441142, 0.3631503612388257, 0.7002739848431035], "layer_D_star_score": [16.45860836685163, 7.137066357230799, 9.2838988151785, 49.075379103058296], "layer_Op2_score": [22.261317623074362, 14.569734448408429, 15.184607094477602, 50.01852033607345], "layer_Barinel_score": [0.5088939211354624, 0.42163442650089467, 0.44891550113290546, 0.4903846153846154], "time": 0.19777870178222656}