{"neuron_counts": [10752, 512, 1], "neuron_counts_selected": [2000, 512, 1], "layer_tarantula_score": [1.0, 0.0, 0.0], "layer_ochiai_score": [0.6782317595309869, 0.0, 0.0], "layer_D_star_score": [1255.7455460518129, 0.0, 0.0], "layer_Op2_score": [1472.1245, 0.0, 0.0], "layer_Barinel_score": [1.0, 0.0, 0.0], "time": 127.36680698394775}