{"neuron_counts": [10752, 512, 1], "neuron_counts_selected": [500, 500, 1], "layer_tarantula_score": [1.0, NaN, NaN], "layer_ochiai_score": [0.42411665806737625, NaN, NaN], "layer_D_star_score": [126.49612597215518, NaN, NaN], "layer_Op2_score": [575.7403439999999, NaN, NaN], "layer_Barinel_score": [1.0, NaN, NaN], "time": 65.63304448127747}