{"neuron_counts": [10752, 512, 1], "neuron_counts_selected": [1000, 512, 1], "layer_tarantula_score": [1.0, 0.0, 0.0], "layer_ochiai_score": [0.6781646932339347, 0.0, 0.0], "layer_D_star_score": [1255.090448396258, 0.0, 0.0], "layer_Op2_score": [1471.837, 0.0, 0.0], "layer_Barinel_score": [1.0, 0.0, 0.0], "time": 82.34039783477783}