{"neuron_counts": [10752, 512, 1], "neuron_counts_selected": [500, 500, 1], "layer_tarantula_score": [1.0, NaN, NaN], "layer_ochiai_score": [0.5507815991526313, NaN, NaN], "layer_D_star_score": [423.2525341824954, NaN, NaN], "layer_Op2_score": [970.866316, NaN, NaN], "layer_Barinel_score": [1.0, NaN, NaN], "time": 68.43131041526794}