{"neuron_counts": [10752, 512, 1], "neuron_counts_selected": [500, 500, 1], "layer_tarantula_score": [1.0, 0, 0], "layer_ochiai_score": [0.4871202947860387, 0, 0], "layer_D_star_score": [236.5784479251764, 0, 0], "layer_Op2_score": [759.4380560000001, 0, 0], "layer_Barinel_score": [1.0, 0, 0], "time": 69.21775317192078}