{"neuron_counts": [10752, 512, 1], "neuron_counts_selected": [200, 200, 1], "layer_tarantula_score": [1.0, 0.0, 0.0], "layer_ochiai_score": [0.6781037759965158, 0.0, 0.0], "layer_D_star_score": [1254.4934674696951, 0.0, 0.0], "layer_Op2_score": [1471.575, 0.0, 0.0], "layer_Barinel_score": [1.0, 0.0, 0.0], "time": 46.38987469673157}