{"neuron_counts": [80, 1], "neuron_counts_selected": [80, 1], "layer_tarantula_score": [0.46276818703477124, 0.4999997916671006], "layer_ochiai_score": [0.5805499958648233, 0.6324547414657431], "layer_D_star_score": [24.0790753135052, 26.666622222296294], "layer_Op2_score": [35.52122329077124, 39.01639505509007], "layer_Barinel_score": [0.3701486481475088, 0.4], "time": 0.23185253143310547}