{"neuron_counts": [16, 16, 16, 1, 1], "neuron_counts_selected": [16, 16, 16, 1, 1], "layer_tarantula_score": [0.4157772394401757, 0.4157772394401757, 0.4157772394401757, 0.4011128029645908, 0.4011128029645908], "layer_ochiai_score": [0.2056021936908368, 0.2056021936908368, 0.2056021936908368, 0.2450500132103915, 0.2450500132103915], "layer_D_star_score": [2.524961934660446, 2.524961934660446, 2.524961934660446, 3.9541877985094644, 3.9541877985094644], "layer_Op2_score": [16.535857168226862, 16.535857168226862, 16.535857168226862, 25.278129583566365, 25.278129583566365], "layer_Barinel_score": [0.1963418466082309, 0.1963418466082309, 0.1963418466082309, 0.18266950077465127, 0.18266950077465127], "time": 0.22795557975769043}