{"neuron_counts": [32, 32, 1], "neuron_counts_selected": [32, 32, 1], "layer_tarantula_score": [0.5155082847253762, 0.40749822200371577, 0.49999994434148026], "layer_ochiai_score": [0.2558499343754352, 0.25622137354641655, 0.6864057725699478], "layer_D_star_score": [4.900039660855963, 12.00615076756813, 43.654466082788936], "layer_Op2_score": [6.983259125876561, 8.732701091158766, 48.01785889668054], "layer_Barinel_score": [0.5053210145440636, 0.40169911292929034, 0.47115384615384615], "time": 0.10934209823608398}