{"neuron_counts": [32, 32, 1], "neuron_counts_selected": [32, 32, 1], "layer_tarantula_score": [0.29152083018893843, 0.17618549908353262, 0.49999994434148026], "layer_ochiai_score": [0.12811370790710694, 0.09585083351747573, 0.6864057725699478], "layer_D_star_score": [0.7061053546287887, 1.8901137886601782, 43.654466082788936], "layer_Op2_score": [2.8515976230539106, 2.7102227429755716, 48.01785889668054], "layer_Barinel_score": [0.281710300304898, 0.17190836191849643, 0.47115384615384615], "time": 0.11269855499267578}