{"neuron_counts": [9088, 9088, 9088, 9088, 9088, 9088, 128, 128, 128, 32, 32, 2], "neuron_counts_selected": [500, 500, 500, 500, 500, 500, 128, 128, 128, 32, 32, 2], "layer_tarantula_score": [0.0, 0.0, 1.0, 0.822, 0.834, 0.996, 0.7734375, 0.7734375, 1.0, 1.0, 1.0, 1.0], "layer_ochiai_score": [0.0, 0.0, 0.4500903161451671, 0.12893968094837277, 0.13097695818977664, 0.473060258475876, 0.1583836888026413, 0.1583836888026413, 0.5050826802831083, 0.602886954361573, 0.602886954361573, 0.6983129990928029], "layer_D_star_score": [0.0, 0.0, 44.80593673313902, 1.6399722262888743, 1.6608513191197998, 63.31766895219748, 4.51315082172732, 4.51315082172732, 86.77540229761914, 192.5000857510248, 192.5000857510248, 374.54337594527897], "layer_Op2_score": [0.0, 0.0, 164.1807908572093, 21.30459311006604, 21.745397355878428, 185.24023402479384, 34.500898893520564, 34.500898893520564, 209.47580085511166, 295.76413525657796, 295.76413525657796, 390.95012557479936], "layer_Barinel_score": [0.0, 0.0, 1.0, 0.822, 0.834, 0.996, 0.7734375, 0.7734375, 1.0, 1.0, 1.0, 1.0], "time": 18.045778274536133}