{"neuron_counts": [9088, 9088, 9088, 9088, 9088, 9088, 128, 128, 128, 32, 32, 2], "neuron_counts_selected": [500, 500, 500, 500, 500, 500, 128, 128, 128, 32, 32, 2], "layer_tarantula_score": [NaN, NaN, 1.0, 0.04243599999999999, 0.04839999999999999, 0.9801, 0.03814697265625, 0.03814697265625, 1.0, 1.0, 1.0, 1.0], "layer_ochiai_score": [NaN, NaN, 0.34926659035849317, 0.0023773556337672933, 0.002719392840019897, 0.36674713635385603, 0.002415517345086786, 0.002415517345086786, 0.3798577898031418, 0.5346119155093922, 0.5346119155093922, 0.665820016367846], "layer_D_star_score": [NaN, NaN, 15.321378372550216, 0.0009461479580687672, 0.0006404928058067594, 22.77409121642017, 0.0010092430159173186, 0.0010092430159173186, 27.179705059891894, 116.23159768913469, 116.23159768913469, 285.1005894941765], "layer_Op2_score": [NaN, NaN, 99.71794682712887, 0.1205467266902044, 0.131336412922972, 114.594402233619, 0.1369887950067437, 0.1369887950067437, 121.22739549328845, 235.72454891649716, 235.72454891649716, 355.44249753686273], "layer_Barinel_score": [NaN, NaN, 1.0, 0.04243599999999999, 0.04839999999999999, 0.9801, 0.03814697265625, 0.03814697265625, 1.0, 1.0, 1.0, 1.0], "time": 17.55379581451416}