{"neuron_counts": [9088, 9088, 9088, 9088, 9088, 9088, 128, 128, 128, 32, 32, 2], "neuron_counts_selected": [500, 500, 500, 500, 500, 500, 128, 128, 128, 32, 32, 2], "layer_tarantula_score": [0, 0, 1.0, 0.7157159999999999, 0.729316, 0.996004, 0.59820556640625, 0.59820556640625, 1.0, 1.0, 1.0, 1.0], "layer_ochiai_score": [0, 0, 0.42389680080891584, 0.076953531052107, 0.0765614472606707, 0.43667738132610356, 0.08265144832697305, 0.08265144832697305, 0.4601274399104481, 0.5649246528214997, 0.5649246528214997, 0.6912299111697047], "layer_D_star_score": [0, 0, 18.84963644120021, 0.15515377745428238, 0.15408519122139214, 25.08372431619717, 0.4901811838596709, 0.4901811838596709, 30.368425815517796, 79.55792701750215, 79.55792701750215, 194.29332747580176], "layer_Op2_score": [0, 0, 80.331232, 4.592864, 4.559851999999999, 87.866512, 6.91925048828125, 6.91925048828125, 95.71612548828125, 143.951171875, 143.951171875, 211.25], "layer_Barinel_score": [0, 0, 1.0, 0.7157159999999999, 0.729316, 0.996004, 0.59820556640625, 0.59820556640625, 1.0, 1.0, 1.0, 1.0], "time": 15.204938888549805}