{"neuron_counts": [9088, 9088, 9088, 9088, 9088, 9088, 128, 128, 128, 32, 32, 2], "neuron_counts_selected": [500, 500, 500, 500, 500, 500, 128, 128, 128, 32, 32, 2], "layer_tarantula_score": [0.48163599999999995, 0.49280399999999996, 1.0, 0.9840639999999999, 0.996004, 1.0, 1.0, 1.0, 1.0, 1.0, 1.0, 1.0], "layer_ochiai_score": [0.034233109323480296, 0.03489161698049414, 0.5818295781308945, 0.38321859058480395, 0.38640289442393383, 0.5735233730014794, 0.41296795715845913, 0.41296795715845913, 0.5958492716605406, 0.621772085627902, 0.621772085627902, 0.7090081643032073], "layer_D_star_score": [0.012122224713898039, 0.012042141807394453, 78.76758367401202, 17.756638215960276, 17.208152784915637, 82.3400416044753, 26.309846898127955, 26.309846898127955, 93.22609231352084, 121.10048806166671, 121.10048806166671, 225.81729236105593], "layer_Op2_score": [1.228188, 1.2418800000000003, 150.00663999999998, 70.317388, 70.340868, 147.925196, 81.32751464843749, 81.32751464843749, 157.91656494140625, 172.6806640625, 172.6806640625, 222.25], "layer_Barinel_score": [0.48163599999999995, 0.49280399999999996, 1.0, 0.9840639999999999, 0.996004, 1.0, 1.0, 1.0, 1.0, 1.0, 1.0, 1.0], "time": 16.3396098613739}