{"neuron_counts": [9088, 9088, 9088, 9088, 9088, 9088, 128, 128, 128, 32, 32, 2], "neuron_counts_selected": [1000, 1000, 1000, 1000, 1000, 1000, 128, 128, 128, 32, 32, 2], "layer_tarantula_score": [1.0, 1.0, 1.0, 1.0, 1.0, 1.0, 1.0, 1.0, 1.0, 1.0, 1.0, 1.0], "layer_ochiai_score": [0.43820676051700785, 0.4403925113228734, 0.6736674517208732, 0.6113075010942944, 0.6101878283448536, 0.6774253906665799, 0.6366157838092862, 0.6366157838092862, 0.6736226352220831, 0.6722022886968682, 0.6722022886968682, 0.7383119679448726], "layer_D_star_score": [45.69730339008775, 47.68743050894029, 314.83934122771853, 207.86203053660034, 209.10547458037067, 351.8956382774404, 257.04357508837677, 257.04357508837677, 326.69781163821716, 324.883874711072, 324.883874711072, 528.431180215267], "layer_Op2_score": [158.60979405997293, 160.61651905995333, 364.6520441676291, 303.66725581221175, 303.01302544709193, 370.54988638945866, 328.36917379762076, 328.36917379762076, 365.39497939425985, 364.40186696528696, 364.40186696528696, 437.03496099199026], "layer_Barinel_score": [1.0, 1.0, 1.0, 1.0, 1.0, 1.0, 1.0, 1.0, 1.0, 1.0, 1.0, 1.0], "time": 32.47812342643738}