{"neuron_counts": [9088, 9088, 9088, 9088, 9088, 9088, 128, 128, 128, 32, 32, 2], "neuron_counts_selected": [1000, 1000, 1000, 1000, 1000, 1000, 128, 128, 128, 32, 32, 2], "layer_tarantula_score": [1.0, 1.0, 1.0, 1.0, 1.0, 1.0, 1.0, 1.0, 1.0, 1.0, 1.0, 1.0], "layer_ochiai_score": [0.43791591351427034, 0.4375776445397987, 0.6710547659259362, 0.6157390897844325, 0.6137736429355187, 0.6772065188231079, 0.6366157838092862, 0.6366157838092862, 0.6736226352220831, 0.6722022886968682, 0.6722022886968682, 0.7383119679448726], "layer_D_star_score": [46.72999005739008, 45.593799816406666, 309.60227263276425, 215.59365227250956, 211.28853785764088, 357.4027990466476, 257.04357508837677, 257.04357508837677, 326.69781163821716, 324.883874711072, 324.883874711072, 528.431180215267], "layer_Op2_score": [158.94006624926993, 158.21448080590505, 361.9779646768518, 307.88747806293776, 305.97454844960214, 370.45143604410174, 328.36917379762076, 328.36917379762076, 365.39497939425985, 364.40186696528696, 364.40186696528696, 437.03496099199026], "layer_Barinel_score": [1.0, 1.0, 1.0, 1.0, 1.0, 1.0, 1.0, 1.0, 1.0, 1.0, 1.0, 1.0], "time": 32.04790425300598}