{"neuron_counts": [9088, 9088, 9088, 9088, 9088, 9088, 128, 128, 128, 32, 32, 2], "neuron_counts_selected": [500, 500, 500, 500, 500, 500, 128, 128, 128, 32, 32, 2], "layer_tarantula_score": [1.0, 1.0, 1.0, 1.0, 1.0, 1.0, 1.0, 1.0, 1.0, 1.0, 1.0, 1.0], "layer_ochiai_score": [0.4402685274581381, 0.44053810868941756, 0.6714598918870547, 0.6118133937254535, 0.616270998511763, 0.6752444860807888, 0.6366157838092862, 0.6366157838092862, 0.6736226352220831, 0.6722022886968682, 0.6722022886968682, 0.7383119679448726], "layer_D_star_score": [47.32157122556838, 47.68685642159674, 307.27566993821415, 209.74872552954554, 218.68277915068018, 345.44526682549997, 257.04357508837677, 257.04357508837677, 326.69781163821716, 324.883874711072, 324.883874711072, 528.431180215267], "layer_Op2_score": [160.3515376682129, 160.72954539124075, 362.1247304683041, 304.2083364801925, 308.67471293848627, 368.54203889481977, 328.36917379762076, 328.36917379762076, 365.39497939425985, 364.40186696528696, 364.40186696528696, 437.03496099199026], "layer_Barinel_score": [1.0, 1.0, 1.0, 1.0, 1.0, 1.0, 1.0, 1.0, 1.0, 1.0, 1.0, 1.0], "time": 17.799405336380005}