{"neuron_counts": [9088, 9088, 9088, 9088, 9088, 9088, 128, 128, 128, 32, 32, 2], "neuron_counts_selected": [500, 500, 500, 500, 500, 500, 128, 128, 128, 32, 32, 2], "layer_tarantula_score": [0.02, 0.016, 1.0, 0.968, 0.968, 1.0, 0.984375, 0.984375, 1.0, 1.0, 1.0, 1.0], "layer_ochiai_score": [0.0009538508413589945, 0.000768306978493453, 0.5254805848130844, 0.27787082354148357, 0.27730572190487124, 0.543337707196716, 0.32990250092386053, 0.32990250092386053, 0.5695101358087242, 0.6286098795029187, 0.6286098795029187, 0.7068957547406207], "layer_D_star_score": [8.327751996988251e-05, 6.867340466584306e-05, 89.59307230050935, 12.219613594101354, 12.835099448802856, 115.92807551374393, 29.71556556977703, 29.71556556977703, 143.53370880087857, 231.41551562033132, 231.41551562033132, 404.53711484691144], "layer_Op2_score": [0.036469297765921976, 0.029591240923654834, 222.77219031406125, 73.14193678948709, 74.03112016980614, 241.5192219035008, 106.01201590360833, 106.01201590360833, 263.29906160902163, 320.00006356766744, 320.00006356766744, 400.7050095739975], "layer_Barinel_score": [0.02, 0.016, 1.0, 0.968, 0.968, 1.0, 0.984375, 0.984375, 1.0, 1.0, 1.0, 1.0], "time": 18.032970666885376}