{"neuron_counts": [9088, 9088, 9088, 9088, 9088, 9088, 128, 128, 128, 32, 32, 2], "neuron_counts_selected": [100, 100, 100, 100, 100, 100, 100, 100, 100, 32, 32, 2], "layer_tarantula_score": [1.0, 1.0, 1.0, 1.0, 1.0, 1.0, 1.0, 1.0, 1.0, 1.0, 1.0, 1.0], "layer_ochiai_score": [0.41068181891501565, 0.39334236840206743, 0.6507336840423295, 0.5842925679892046, 0.5620005941965505, 0.6383633365593709, 0.6051396883862007, 0.6023940795110628, 0.6468304672261328, 0.6450562158097422, 0.6450562158097422, 0.7307636315523316], "layer_D_star_score": [32.221454015742744, 28.88078399445382, 255.20978032338238, 158.62650606952076, 143.21227217510435, 267.8321668569261, 188.803440890564, 182.7023517267939, 249.50027601338135, 260.7965612820071, 260.7965612820071, 494.04923667880837], "layer_Op2_score": [138.00877918792332, 128.28141380306704, 339.8736398957984, 276.3594410979208, 259.4685829598318, 333.19357690204095, 296.1266541489105, 293.1267468883836, 336.06172498306995, 336.04556608203615, 336.04556608203615, 428.10240037284854], "layer_Barinel_score": [1.0, 1.0, 1.0, 1.0, 1.0, 1.0, 1.0, 1.0, 1.0, 1.0, 1.0, 1.0], "time": 6.003310918807983}