{"neuron_counts": [9088, 9088, 9088, 9088, 9088, 9088, 128, 128, 128, 32, 32, 2], "neuron_counts_selected": [100, 100, 100, 100, 100, 100, 100, 100, 100, 32, 32, 2], "layer_tarantula_score": [1.0, 1.0, 1.0, 1.0, 1.0, 1.0, 1.0, 1.0, 1.0, 1.0, 1.0, 1.0], "layer_ochiai_score": [0.3945346217341051, 0.3887680203062767, 0.6483727384941148, 0.5705107075276598, 0.5814794398555061, 0.6350674522359393, 0.5999455404428865, 0.6071190486216684, 0.6531309599379802, 0.6453587040850455, 0.6453587040850455, 0.7305891013532663], "layer_D_star_score": [15.776958676160314, 15.702859299886514, 140.01018763026394, 86.66800886904026, 85.00669700231077, 136.83246079694388, 100.18010341560432, 105.18248981787387, 146.82599621376556, 144.18142087186774, 144.18142087186774, 272.1337097670566], "layer_Op2_score": [70.9305, 69.7699, 186.3163, 148.5908, 150.9082, 181.2072, 160.5707, 164.23860000000002, 189.1217, 185.5068359375, 185.5068359375, 236.0], "layer_Barinel_score": [1.0, 1.0, 1.0, 1.0, 1.0, 1.0, 1.0, 1.0, 1.0, 1.0, 1.0, 1.0], "time": 6.28568959236145}