{"neuron_counts": [13, 10, 10, 6, 3, 1], "neuron_counts_selected": [13, 10, 10, 6, 3, 1], "layer_tarantula_score": [1.0, 1.0, 1.0, 1.0, 1.0, 1.0], "layer_ochiai_score": [0.44163254287724557, 0.44342758492817913, 0.44342758492817913, 0.6602728230883357, 0.7217199161577051, 0.7295594583222302], "layer_D_star_score": [8.768045838721973, 11.54126718674366, 11.54126718674366, 60.26215670251412, 99.54474887138724, 106.4691284905759], "layer_Op2_score": [34.50670012326718, 36.86456839996841, 36.86456839996841, 76.72864647344669, 91.56417865809716, 93.56417843630942], "layer_Barinel_score": [1.0, 1.0, 1.0, 1.0, 1.0, 1.0], "time": 0.1204981803894043}