{"neuron_counts": [13, 10, 10, 6, 3, 1], "neuron_counts_selected": [13, 10, 10, 6, 3, 1], "layer_tarantula_score": [1.0, 1.0, 1.0, 1.0, 1.0, 1.0], "layer_ochiai_score": [0.6123140084085105, 0.6371332313236142, 0.6371332313236142, 0.6893585961032874, 0.7295594583222303, 0.7295594583222302], "layer_D_star_score": [40.90528227054372, 51.47666888171748, 51.47666888171748, 76.26514184758337, 106.4691284905759, 106.4691284905759], "layer_Op2_score": [66.08310741362746, 71.66157677078583, 71.66157677078583, 83.57520170542256, 93.56417843630942, 93.56417843630942], "layer_Barinel_score": [1.0, 1.0, 1.0, 1.0, 1.0, 1.0], "time": 0.12262368202209473}