{"neuron_counts": [13, 10, 10, 6, 3, 1], "neuron_counts_selected": [13, 10, 10, 6, 3, 1], "layer_tarantula_score": [1.0, 1.0, 1.0, 1.0, 1.0, 1.0], "layer_ochiai_score": [0.6594354004022599, 0.6810633462385305, 0.6810633462385305, 0.6971733736104491, 0.7211098945379407, 0.7211098945379407], "layer_D_star_score": [34.495920962719346, 40.64531528900769, 40.64531528900769, 46.07308302819664, 56.33321597246672, 56.33321597246672], "layer_Op2_score": [43.57396449704142, 46.42, 46.42, 48.611111111111114, 52.0, 52.0], "layer_Barinel_score": [1.0, 1.0, 1.0, 1.0, 1.0, 1.0], "time": 0.11825418472290039}