{"neuron_counts": [13, 10, 10, 6, 3, 1], "neuron_counts_selected": [13, 10, 10, 6, 3, 1], "layer_tarantula_score": [1.0, 1.0, 1.0, 1.0, 1.0, 1.0], "layer_ochiai_score": [0.5943793248089263, 0.6144119345005242, 0.6144119345005242, 0.6815916265944625, 0.7295594583222303, 0.7295594583222302], "layer_D_star_score": [34.74299273232838, 42.5784445283129, 42.5784445283129, 71.16425904233088, 106.4691284905759, 106.4691284905759], "layer_Op2_score": [62.223278453758844, 66.65689410466805, 66.65689410466805, 81.68513315388678, 93.56417843630942, 93.56417843630942], "layer_Barinel_score": [1.0, 1.0, 1.0, 1.0, 1.0, 1.0], "time": 0.12279415130615234}