{"neuron_counts": [13, 10, 10, 6, 3, 1], "neuron_counts_selected": [13, 10, 10, 6, 3, 1], "layer_tarantula_score": [1.0, 1.0, 1.0, 1.0, 1.0, 1.0], "layer_ochiai_score": [0.5310397288437226, 0.5310545204490783, 0.5310545204490783, 0.6735009988258037, 0.7295594583222303, 0.7295594583222302], "layer_D_star_score": [19.971014520629414, 22.974294883574807, 22.974294883574807, 66.36804129531298, 106.4691284905759, 106.4691284905759], "layer_Op2_score": [49.69078368161873, 50.5970500603219, 50.5970500603219, 79.75021956940473, 93.56417843630942, 93.56417843630942], "layer_Barinel_score": [1.0, 1.0, 1.0, 1.0, 1.0, 1.0], "time": 0.12075591087341309}