{"neuron_counts": [67500, 700928, 175232, 165888, 41472, 36992, 9248, 9248, 1, 1], "neuron_counts_selected": [500, 500, 500, 500, 500, 500, 500, 500, 1, 1], "layer_tarantula_score": [1.0, 0.060516, 0.058564, 1.6000000000000016e-05, NaN, NaN, NaN, NaN, 1.0, NaN], "layer_ochiai_score": [0.3694460719578266, 0.00407868650238871, 0.004666299729995199, 8.616584003640775e-08, NaN, NaN, NaN, NaN, 0.9984707846686295, NaN], "layer_D_star_score": [1274.6727056743935, 1.1538752318970749, 1.374586519143157, 6.590059505736987e-10, NaN, NaN, NaN, NaN, 15647480.882490557, NaN], "layer_Op2_score": [6764.3585046935905, 28.712842669974876, 33.12449359960985, 2.2389710307121567e-05, NaN, NaN, NaN, NaN, 47966.73446025513, NaN], "layer_Barinel_score": [1.0, 0.060516, 0.058564, 1.6000000000000016e-05, NaN, NaN, NaN, NaN, 1.0, NaN], "time": 1334.6057770252228}