{"neuron_counts": [67500, 700928, 175232, 165888, 41472, 36992, 9248, 9248, 1, 1], "neuron_counts_selected": [500, 500, 500, 500, 500, 500, 500, 500, 1, 1], "layer_tarantula_score": [1.0, 0.054756, 0.050176, 0, 4.000000000000004e-06, 0, 0, 0, 1.0, 0], "layer_ochiai_score": [0.3766246252758794, 0.003777426538761087, 0.004424320735258603, 0, 4.068872115117717e-08, 0, 0, 0, 0.9986884770396474, 0], "layer_D_star_score": [839.1266136163141, 0.5883810217396918, 1.0619047728387978, 0, 1.2418075155507857e-09, 0, 0, 0, 11002523.536153082, 0], "layer_Op2_score": [4239.847296, 15.765995999999996, 21.04444, 0, 1.200000000000001e-05, 0, 0, 0, 28917.0, 0], "layer_Barinel_score": [1.0, 0.054756, 0.050176, 0, 4.000000000000004e-06, 0, 0, 0, 1.0, 0], "time": 1147.7958195209503}