{"neuron_counts": [67500, 700928, 175232, 165888, 41472, 36992, 9248, 9248, 1, 1], "neuron_counts_selected": [500, 500, 500, 500, 500, 500, 500, 500, 1, 1], "layer_tarantula_score": [1.0, NaN, NaN, NaN, NaN, NaN, NaN, NaN, NaN, NaN], "layer_ochiai_score": [0.11054808399078292, NaN, NaN, NaN, NaN, NaN, NaN, NaN, NaN, NaN], "layer_D_star_score": [12.503027373759258, NaN, NaN, NaN, NaN, NaN, NaN, NaN, NaN, NaN], "layer_Op2_score": [649.7808911086312, NaN, NaN, NaN, NaN, NaN, NaN, NaN, NaN, NaN], "layer_Barinel_score": [1.0, NaN, NaN, NaN, NaN, NaN, NaN, NaN, NaN, NaN], "time": 1321.8147945404053}