{"neuron_counts": [67500, 700928, 175232, 165888, 41472, 36992, 9248, 9248, 1, 1], "neuron_counts_selected": [200, 200, 200, 200, 200, 200, 200, 200, 1, 1], "layer_tarantula_score": [1.0, 0.48999999999999994, 0.5184, 0.378225, 0.34222499999999995, 0.22089999999999999, 0.27040000000000003, 0.25, 1.0, NaN], "layer_ochiai_score": [0.9756923576975466, 0.07683630369095575, 0.11863433879812131, 0.06026011500108576, 0.04297221818509901, 0.024704070763365785, 0.02495806976580059, 0.025847349790073876, 0.9999999989607965, NaN], "layer_D_star_score": [1154600.9305363232, 25502.608359891605, 39768.12948147012, 3907.737195369435, 2338.4208647608643, 385.28412435674755, 642.7886268577713, 657.5847071226301, 23149351856942.336, NaN], "layer_Op2_score": [45808.30104180247, 2836.6586856050503, 4448.5088802723985, 1530.4897296655292, 964.6629744940183, 538.4561955839642, 594.8023738693832, 639.539096848011, 48113.77448972128, NaN], "layer_Barinel_score": [1.0, 0.48999999999999994, 0.5184, 0.378225, 0.34222499999999995, 0.22089999999999999, 0.27040000000000003, 0.25, 1.0, NaN], "time": 806.4352512359619}