{"neuron_counts": [67500, 700928, 175232, 165888, 41472, 36992, 9248, 9248, 1, 1], "neuron_counts_selected": [1000, 1000, 1000, 1000, 1000, 1000, 1000, 1000, 1, 1], "layer_tarantula_score": [1.0, 0.43692100000000006, 0.494209, 0.33756099999999994, 0.404496, 0.249001, 0.297025, 0.3069160000000001, 1.0, NaN], "layer_ochiai_score": [0.9764497904106124, 0.07471903898303736, 0.08457395059074957, 0.041010169698100396, 0.05242601720199379, 0.029852815407450932, 0.028967583547011982, 0.03185139429237967, 0.9999999989607965, NaN], "layer_D_star_score": [1188762.7044723209, 23666.15236261067, 29694.241709512946, 1885.7632890542222, 3398.942785826422, 500.45675782148743, 509.605745836708, 625.188917282383, 23149351856942.336, NaN], "layer_Op2_score": [45878.81566415181, 2789.1310003368862, 3031.8588828493234, 920.6546402322814, 1281.7765491320727, 681.3634847724447, 635.5452881226985, 727.8940185184368, 48113.77448972128, NaN], "layer_Barinel_score": [1.0, 0.43692100000000006, 0.494209, 0.33756099999999994, 0.404496, 0.249001, 0.297025, 0.3069160000000001, 1.0, NaN], "time": 2709.033812522888}