{"neuron_counts": [1024, 4704, 4704, 1176, 600, 600, 150, 120, 120, 120, 84, 84, 10, 10], "neuron_counts_selected": [200, 200, 200, 200, 200, 200, 150, 120, 120, 120, 84, 84, 10, 10], "layer_tarantula_score": [0.47549282294450995, 0.41900920249831974, 0.4059754003151918, 0.3579620823469365, 0.49157946960024995, 0.4940029036662032, 0.49149465960017863, 0.47770653158901843, 0.476812713792691, 0.476812713792691, 0.46775142640746525, 0.46629529548036375, 0.47921130870067824, 0.34509512569914125], "layer_ochiai_score": [0.4410679142492757, 0.07352952252722192, 0.05553712052562416, 0.044203820074327056, 0.38507166840069007, 0.3816067613831698, 0.33608934485302383, 0.33473643958708876, 0.3257628024156423, 0.3257628024156423, 0.33221840747991704, 0.32542209842953157, 0.38856910174911413, 0.10579497289457065], "layer_D_star_score": [1154.501743145506, 3.4221531392394713, 1.6220512207675988, 1.0924695706920284, 1059.8196197489222, 1059.0831521891541, 779.0190511159617, 663.4091813710811, 610.6329256215204, 610.6329256215204, 747.4125192608482, 708.3983771322122, 714.9497836103087, 7.939262668383578], "layer_Op2_score": [2922.501451083426, 113.05246370751998, 70.2979177922025, 52.86464084538122, 2361.657396506397, 2332.3225270286316, 1894.7613837943322, 1852.4259245945361, 1764.6580986256326, 1764.6580986256326, 1886.7080845864336, 1823.640017808478, 2263.2890624745305, 223.4823242172476], "layer_Barinel_score": [0.4834612898608155, 0.4266717179590473, 0.4133458156459965, 0.36454575194211825, 0.49955631351913493, 0.5019804489986963, 0.4994663935551415, 0.4856604435149694, 0.4847644486574645, 0.4847644486574645, 0.4756531838059917, 0.4741898119812115, 0.48712775235676964, 0.3522787401870002], "time": 155.46596837043762}