{"neuron_counts": [1024, 4704, 4704, 1176, 600, 600, 150, 120, 120, 120, 84, 84, 10, 10], "neuron_counts_selected": [500, 500, 500, 500, 500, 500, 150, 120, 120, 120, 84, 84, 10, 10], "layer_tarantula_score": [0.49959671958365914, 0.48207354019646276, 0.4832100703089992, 0.4825115600623673, 0.503041444862792, 0.5037410783709945, 0.5038567799399183, 0.4962837330659287, 0.4962717650106035, 0.4962717650106035, 0.49237371494826204, 0.4923616712875, 0.5084117755067319, 0.5665997077929699], "layer_ochiai_score": [0.6951980467625875, 0.39219488829861326, 0.3826375432065269, 0.38174807479084766, 0.5341021328369073, 0.5261625108596487, 0.5238496126425614, 0.48112169410211575, 0.48107163826810945, 0.48107163826810945, 0.46842566666591673, 0.4683854605194203, 0.46560939026397585, 0.40644131596283756], "layer_D_star_score": [6835.805007612294, 1080.8300131193353, 1020.9424212631432, 991.944233985071, 2898.1582062228567, 2782.490218997285, 2855.492592894942, 2197.5441020240983, 2196.990706238705, 2196.990706238705, 2173.39951239939, 2172.863095162963, 1416.815819177889, 683.6452491507478], "layer_Op2_score": [6973.5662677558885, 2548.7792831947245, 2445.3494267275146, 2426.242789379899, 4263.822521394851, 4148.317734264307, 4151.391370277717, 3588.863951212943, 3588.232924433588, 3588.232924433588, 3468.208916765287, 3467.7382992206326, 3086.0599286706793, 2109.144088905603], "layer_Barinel_score": [0.5075790603659323, 0.4900364306459487, 0.4911699480151634, 0.4904707678885012, 0.5110191417179059, 0.5117182625210044, 0.5118329670682064, 0.5042549525287029, 0.5042429833585537, 0.5042429833585537, 0.5003243702299575, 0.5003123074531837, 0.5163316521045556, 0.5743499390819613], "time": 305.1064279079437}