{"neuron_counts": [1024, 4704, 4704, 1176, 600, 600, 150, 120, 120, 120, 84, 84, 10, 10], "neuron_counts_selected": [200, 200, 200, 200, 200, 200, 150, 120, 120, 120, 84, 84, 10, 10], "layer_tarantula_score": [0.4437600119735786, 0.27014215555840043, 0.24134574581642282, 0.10054126477552812, 0.48926218170904606, 0.48689130438423806, 0.4859684118134035, 0.47323267363262533, 0.46907361228001176, 0.46907361228001176, 0.46216777416622584, 0.45633795166210395, 0.475445878750133, 0.16229653551713966], "layer_ochiai_score": [0.26685585265442546, 0.03039401860131901, 0.019300718233927087, 0.006837172903795503, 0.33131580338250355, 0.3013486912322109, 0.26034086998323236, 0.2990568684797875, 0.26959273267046346, 0.26959273267046346, 0.30585781292158537, 0.28386460139499464, 0.36588366486904733, 0.03348662493160266], "layer_D_star_score": [176.86782318494366, 0.4056880364816438, 0.08612788186040093, 0.011230204988519904, 717.756431670747, 544.0667199871568, 375.77810597905113, 471.89055594655065, 348.1486878145914, 348.1486878145914, 599.3495674036645, 489.76983000919375, 562.3565593303559, 0.661539911112869], "layer_Op2_score": [1131.1203504265325, 30.986472978902594, 13.411691216491105, 3.5819705696633948, 1817.3069594126987, 1548.295856820949, 1223.6783074892303, 1514.9774863357757, 1260.789850142514, 1260.789850142514, 1644.469204483824, 1453.0043009544465, 2020.4537758831857, 53.29301147042518], "layer_Barinel_score": [0.45165068160635197, 0.2752388394463708, 0.24563171018313898, 0.10239177429812639, 0.4972337370897201, 0.4948588965423703, 0.493929325830707, 0.48117469757588677, 0.47700347496350737, 0.47700347496350737, 0.47004438378931407, 0.4641822613613549, 0.4833533054616047, 0.16645785925632087], "time": 155.4371566772461}