{"neuron_counts": [1024, 4704, 4704, 1176, 600, 600, 150, 120, 120, 120, 84, 84, 10, 10], "neuron_counts_selected": [200, 200, 200, 200, 200, 200, 150, 120, 120, 120, 84, 84, 10, 10], "layer_tarantula_score": [0.4436597540458294, 0.30230872208695675, 0.2071637033153939, 0.1298591488324111, 0.48880999345008874, 0.49070243662787316, 0.4859684118134035, 0.47323267363262533, 0.46907361228001176, 0.46907361228001176, 0.46216777416622584, 0.45633795166210395, 0.475445878750133, 0.16229653551713966], "layer_ochiai_score": [0.2671175264706886, 0.0314819851879507, 0.01335439084943584, 0.009213282590795518, 0.344678897034794, 0.3191496326166332, 0.26034086998323236, 0.2990568684797875, 0.26959273267046346, 0.26959273267046346, 0.30585781292158537, 0.28386460139499464, 0.36588366486904733, 0.03348662493160266], "layer_D_star_score": [177.86426581934336, 0.3664149018254694, 0.04502752325300162, 0.020406434764997115, 770.7399606319468, 629.4755038188061, 375.77810597905113, 471.89055594655065, 348.1486878145914, 348.1486878145914, 599.3495674036645, 489.76983000919375, 562.3565593303559, 0.661539911112869], "layer_Op2_score": [1136.4821450578922, 29.643380727314483, 8.092975144666601, 5.16248413154371, 1948.6472641647954, 1709.0921181559709, 1223.6783074892303, 1514.9774863357757, 1260.789850142514, 1260.789850142514, 1644.469204483824, 1453.0043009544465, 2020.4537758831857, 53.29301147042518], "layer_Barinel_score": [0.45155099881066396, 0.3078368791308657, 0.21073383820822408, 0.1322179691703644, 0.49678310173215084, 0.4986757345953376, 0.493929325830707, 0.48117469757588677, 0.47700347496350737, 0.47700347496350737, 0.47004438378931407, 0.4641822613613549, 0.4833533054616047, 0.16645785925632087], "time": 155.68274807929993}