{"neuron_counts": [1024, 4704, 4704, 1176, 600, 600, 150, 120, 120, 120, 84, 84, 10, 10], "neuron_counts_selected": [500, 500, 500, 500, 500, 500, 150, 120, 120, 120, 84, 84, 10, 10], "layer_tarantula_score": [0.49895081280376924, 0.4751052791706753, 0.4717182999344456, 0.4745759690115036, 0.4981967193909192, 0.4975332962629885, 0.4973692239773854, 0.4865183056399856, 0.48650685936938615, 0.48650685936938615, 0.4774975707508469, 0.4774834863368226, 0.4854278743568121, 0.5353676914991189], "layer_ochiai_score": [0.7137420723142166, 0.32830780546635074, 0.3197685792834576, 0.32235338683149317, 0.4866831949916988, 0.48600288924572993, 0.47108819394019263, 0.4188281653365329, 0.41876408449016456, 0.41876408449016456, 0.3955801863840709, 0.39553488349869975, 0.44486112327659066, 0.3935729795567248], "layer_D_star_score": [5567.423565961532, 464.1313884312968, 472.54500227891145, 472.4223134443043, 1523.8535099652318, 1510.3586712311055, 1460.4741674895697, 953.304825361509, 952.8994874971862, 952.8994874971862, 881.396315012728, 881.0922558465495, 849.6509282185325, 441.97319564356366], "layer_Op2_score": [5094.250414895677, 1314.8024877347016, 1291.3810740301062, 1301.8279586401345, 2484.040212330024, 2478.431542236151, 2369.303328843545, 1930.1448835461151, 1929.6455998618778, 1929.6455998618778, 1772.449314793449, 1772.110645420948, 2034.1868029503178, 1456.1980791743874], "layer_Barinel_score": [0.5367564670744359, 0.512892380215218, 0.5094826675307599, 0.5123630198199122, 0.5359983218541929, 0.5353386462988028, 0.5351721747011884, 0.5243252980034333, 0.5243137945258363, 0.5243137945258363, 0.5151921725556693, 0.5151778837569184, 0.5230700095160675, 0.5725456786038502], "time": 262.14191722869873}