{"neuron_counts": [1024, 4704, 4704, 1176, 600, 600, 150, 120, 120, 120, 84, 84, 10, 10], "neuron_counts_selected": [500, 500, 500, 500, 500, 500, 150, 120, 120, 120, 84, 84, 10, 10], "layer_tarantula_score": [0.4943610637231847, 0.4510957795775554, 0.44215497141684657, 0.44013736568223094, 0.4963868526713432, 0.4956149857657358, 0.4950843989714864, 0.48298743217384593, 0.4828535537687845, 0.4828535537687845, 0.4736145232145456, 0.47327458323099436, 0.48366922478469426, 0.45273400582866336], "layer_ochiai_score": [0.618345310773959, 0.18182107605489467, 0.16818135490479694, 0.16124798043592548, 0.4448575110066236, 0.4422835816767003, 0.4113611591888039, 0.38139238881449605, 0.3795968512311092, 0.3795968512311092, 0.3682222144089395, 0.36686120860001975, 0.4229268191335317, 0.21491279206543173], "layer_D_star_score": [3041.0507023002624, 44.78020706551806, 37.460475087043925, 30.96477331749204, 1176.6173376332977, 1151.500597239704, 997.3142515462049, 706.528151826522, 696.2613749581052, 696.2613749581052, 718.276685144426, 711.0156652621313, 687.0776507824609, 44.416164849356505], "layer_Op2_score": [3850.8483715605985, 412.76748611304106, 368.6176819908835, 337.50203134829286, 2124.264556290554, 2102.9498873543007, 1876.0314012332512, 1631.0809918320203, 1617.322954632696, 1617.322954632696, 1568.7535258923488, 1559.3479423415674, 1844.6399069945944, 484.2128790849475], "layer_Barinel_score": [0.5321871743658418, 0.48864948949758946, 0.47957740594179993, 0.4775356740890793, 0.5341925566148286, 0.5334246402908879, 0.5328875758042142, 0.5207824654139416, 0.5206480770611794, 0.5206480770611794, 0.5112698785476731, 0.5109291156163217, 0.5213051024059996, 0.4901477020578195], "time": 270.29170536994934}