{"neuron_counts": [1024, 4704, 4704, 1176, 600, 600, 150, 120, 120, 120, 84, 84, 10, 10], "neuron_counts_selected": [500, 500, 500, 500, 500, 500, 150, 120, 120, 120, 84, 84, 10, 10], "layer_tarantula_score": [0.4012984638065128, 0.17405174977595622, 0.010015174382316694, 0.009503069698451543, 0.48846047402678944, 0.4778566149755691, 0.47096949628936824, 0.467707807792288, 0.451126000282364, 0.451126000282364, 0.45532739243501386, 0.4407907663141199, 0.4702348290572272, 0.036266739885283325], "layer_ochiai_score": [0.11893729626186882, 0.011667354030372293, 0.00024100518990291544, 0.0002136454705212304, 0.3163688400333722, 0.20617508152611272, 0.15234531900248535, 0.26380287651024903, 0.17409640676022856, 0.17409640676022856, 0.2795763263554603, 0.2106926003566546, 0.34279575601738665, 0.004317956202884537], "layer_D_star_score": [9.639106211708304, 0.03156886977350625, 1.2883557847590245e-05, 8.878042063268948e-06, 609.8369549889774, 177.2566690392755, 75.32749717061127, 327.22922259368147, 102.0526695416096, 102.0526695416096, 470.0760805365819, 221.4681165211011, 436.6276879905982, 0.005349131401196502], "layer_Op2_score": [249.07807279135352, 6.806669467536738, 0.039566703130379015, 0.03288541949328955, 1686.1300399445843, 799.9743220710569, 483.73963150930786, 1214.3479544006404, 587.9098829508875, 587.9098829508875, 1416.9367022262418, 884.3724393501722, 1790.4401414847105, 3.5849775904335117], "layer_Barinel_score": [0.40897737328832795, 0.17710310704587104, 0.010144647769010171, 0.009625117223867403, 0.49643107163617056, 0.48579851651248257, 0.47885522940874853, 0.4756325979921375, 0.45897639999816137, 0.45897639999816137, 0.4631673060312798, 0.4485374067197499, 0.4781320314232095, 0.03734238110221249], "time": 294.39695286750793}