{"neuron_counts": [1024, 4704, 4704, 1176, 600, 600, 150, 120, 120, 120, 84, 84, 10, 10], "neuron_counts_selected": [1024, 2000, 2000, 1176, 600, 600, 150, 120, 120, 120, 84, 84, 10, 10], "layer_tarantula_score": [0.4996077404698793, 0.48326538845704486, 0.4829974009770436, 0.48282598092671397, 0.5035241736534374, 0.5035177720972139, 0.5038567799399183, 0.4962837330659287, 0.4962717650106035, 0.4962717650106035, 0.49237371494826204, 0.4923616712875, 0.5084117755067319, 0.5665997077929699], "layer_ochiai_score": [0.6950711439039925, 0.38481178131083976, 0.3864746417368782, 0.38203036412461194, 0.5290428089074731, 0.5289861377571407, 0.5238496126425614, 0.48112169410211575, 0.48107163826810945, 0.48107163826810945, 0.46842566666591673, 0.4683854605194203, 0.46560939026397585, 0.40644131596283756], "layer_D_star_score": [6830.683606913437, 1012.160129011368, 1038.9686678433577, 1008.7978710296634, 2823.7303773141457, 2822.851948456694, 2855.492592894942, 2197.5441020240983, 2196.990706238705, 2196.990706238705, 2173.39951239939, 2172.863095162963, 1416.815819177889, 683.6452491507478], "layer_Op2_score": [6970.8661125974895, 2454.3700685097306, 2481.1606250849336, 2438.983851890079, 4189.7214345536395, 4188.965590122953, 4151.391370277717, 3588.863951212943, 3588.232924433588, 3588.232924433588, 3468.208916765287, 3467.7382992206326, 3086.0599286706793, 2109.144088905603], "layer_Barinel_score": [0.5075900738957668, 0.49122593860722064, 0.49095835897421364, 0.49078540349935695, 0.511501549970238, 0.5114951477604263, 0.5118329670682064, 0.5042549525287029, 0.5042429833585537, 0.5042429833585537, 0.5003243702299575, 0.5003123074531837, 0.5163316521045556, 0.5743499390819613], "time": 664.6387155056}