{"neuron_counts": [128, 1], "neuron_counts_selected": [128, 1], "layer_tarantula_score": [0.3772469252054208, 0.499999999988], "layer_ochiai_score": [0.4093725728193067, 0.706682382686876], "layer_D_star_score": [3332.1269928152333, 4982.028665960274], "layer_Op2_score": [2427.2648230071813, 4993.00019974036], "layer_Barinel_score": [0.37694223350016753, 0.49939999999999996], "time": 11.288923740386963}