{"neuron_counts": [128, 128, 10], "neuron_counts_selected": [128, 128, 10], "layer_tarantula_score": [0.04449462890625, 0.04449462890625, NaN], "layer_ochiai_score": [0.03614151170537269, 0.03614151170537269, NaN], "layer_D_star_score": [7910176.574315025, 7910176.574315025, NaN], "layer_Op2_score": [6.400024414062499, 6.400024414062499, NaN], "layer_Barinel_score": [0.04449462890625, 0.04449462890625, NaN], "time": 0.38506579399108887}