{"neuron_counts": [128, 128, 10], "neuron_counts_selected": [128, 128, 10], "layer_tarantula_score": [0.029541015625, 0.029541015625, 0], "layer_ochiai_score": [0.022834141457810396, 0.022834141457810396, 0], "layer_D_star_score": [1373292.2481602556, 1373292.2481602556, 0], "layer_Op2_score": [1.9974975585937504, 1.9974975585937504, 0], "layer_Barinel_score": [0.029541015625, 0.029541015625, 0], "time": 0.3369739055633545}