{"neuron_counts": [128, 128, 10], "neuron_counts_selected": [100, 100, 10], "layer_tarantula_score": [0.38, 0.37, 0.6], "layer_ochiai_score": [0.37969526479102833, 0.3699999075000347, 0.5979794402164857], "layer_D_star_score": [148000029.4481748, 147999999.9950869, 200000460.78760076], "layer_Op2_score": [75.88, 74.0, 119.2], "layer_Barinel_score": [0.38, 0.37, 0.6], "time": 0.3064248561859131}