{"neuron_counts": [10, 16, 16, 16, 16, 1], "neuron_counts_selected": [10, 16, 16, 16, 16, 1], "layer_tarantula_score": [1.0, 0.87890625, 0.66015625, 1.0, 0.87890625, 1.0], "layer_ochiai_score": [0.9999994707702451, 0.5433416751011699, 0.4409816620167051, 0.5549510261771178, 0.671664881412283, 0.999999470770245], "layer_D_star_score": [89258752.32356068, 3138205.323778162, 348985.0375416513, 5579001.692673822, 12552597.610855764, 89258752.32356068], "layer_Op2_score": [94.47685024059561, 38.88458647426506, 31.32356748421329, 37.72910810729816, 55.202962931646354, 94.47685024059562], "layer_Barinel_score": [1.0, 0.87890625, 0.66015625, 1.0, 0.87890625, 1.0], "time": 0.14638686180114746}