{"neuron_counts": [350464, 350464, 165888, 165888, 36992, 36992, 8192, 8192, 8192, 1024, 5], "neuron_counts_selected": [500, 500, 500, 500, 500, 500, 500, 500, 500, 500, 5], "layer_tarantula_score": [0.29155684884355815, 0.2187358959819335, 0.10932959571787977, 0.1132376162967631, 0.44474281567481744, 0.41931448176308167, 0.0007925792896623349, 0.0018232864113145169, 0.001920928051194458, 0.013693226196790182, 0.16044137259464167], "layer_ochiai_score": [0.07326370759726873, 0.05449230580012245, 0.015073799772895576, 0.015156115444386262, 0.1059274062273369, 0.10601569784309599, 0.00012935064563002088, 0.0002540022257792652, 0.00033709137275305404, 0.0021316891617453966, 0.09807755154577617], "layer_D_star_score": [8.545818787082213, 3.979363545723195, 0.043443889486134306, 0.03257890338620186, 0.8216004093801621, 0.8310539189517757, 0.0003579009603664656, 0.0005140053093290827, 0.0010117175727045256, 0.0019512657429727296, 12.501451517831446], "layer_Op2_score": [12.571413143125222, 7.671213509798473, 0.9230699588413689, 0.8564623807787428, 10.050484110396582, 10.359026338507022, 0.00847858232464722, 0.013953502206954614, 0.0231593080542989, 0.10809643928419936, 23.256033782264222], "layer_Barinel_score": [0.3664304673822708, 0.2794702673179027, 0.1328202427607999, 0.1381742199765279, 0.5638149375059917, 0.5313740545003063, 0.001011474950526962, 0.002205540106033448, 0.0024757204653077566, 0.018185904856058078, 0.2100380514791257], "time": 27.529107809066772}