{"neuron_counts": [350464, 350464, 165888, 165888, 36992, 36992, 8192, 8192, 8192, 1024, 5], "neuron_counts_selected": [500, 500, 500, 500, 500, 500, 500, 500, 500, 500, 5], "layer_tarantula_score": [0.40044840652191394, 0.3929337550568162, 0.2827468120751044, 0.29065823936436064, 0.4990323233353138, 0.49466587018760616, 0.028075032692390273, 0.023877008720611093, 0.035555742069685564, 0.076166381640098, 0.07797109759936893], "layer_ochiai_score": [0.17480563636389995, 0.17059994965632783, 0.045051372503749944, 0.05146802126822626, 0.11376490329471252, 0.11418545339971735, 0.004629864931727577, 0.0053385471310124135, 0.007413495270152786, 0.012106059736771363, 0.0412580705858283], "layer_D_star_score": [67.7219807750718, 69.68321389800666, 0.408036436055591, 0.6196850250064249, 1.97924212610385, 2.0339369345740526, 0.03814108237955311, 0.07848854208733838, 0.07685942630822264, 0.12739907019345625, 0.6816814874145448], "layer_Op2_score": [66.27950042480231, 65.57206039628747, 5.45120938024952, 6.98408351703358, 16.937810517150442, 17.392486549265985, 0.555460891573335, 0.8724802731612012, 1.0321592563542115, 1.4433172480575194, 8.26611919376704], "layer_Barinel_score": [0.4764714052697378, 0.4666057575712056, 0.31518586140313576, 0.32442586584240496, 0.5786111351316597, 0.5742185073133605, 0.03224256095302306, 0.027758254651639006, 0.04189196279196366, 0.0881445728423037, 0.1042129899399405], "time": 27.98475408554077}