{"neuron_counts": [350464, 350464, 165888, 165888, 36992, 36992, 8192, 8192, 8192, 1024, 5], "neuron_counts_selected": [500, 500, 500, 500, 500, 500, 500, 500, 500, 500, 5], "layer_tarantula_score": [0.40046870103728394, 0.42885509932790306, 0.29726818675013406, 0.3240003513349252, 0.5719210984971486, 0.5791849320306394, 0.04832204102146902, 0.03057191365675855, 0.043948072724180345, 0.12693329399672518, 0.2815094164906135], "layer_ochiai_score": [0.16415381469865514, 0.17271197456529364, 0.05405534668608545, 0.052937011717357395, 0.1801233733094472, 0.17897167751788334, 0.009373930430384895, 0.0075820748320294395, 0.007736452088873282, 0.025556656285082528, 0.2325543814437136], "layer_D_star_score": [60.807806799123284, 69.94566986226886, 0.7190400255906532, 0.7344015212831414, 7.148087080174329, 7.213432905523906, 0.11050633837322076, 0.11743815638666712, 0.09348700356943024, 1.2557307826215467, 71.69915247308543], "layer_Op2_score": [60.135410718811094, 65.82227916415883, 7.426025022505444, 7.00105808816695, 35.03768207813378, 34.95613398453929, 1.3828028623719102, 1.2414879511816266, 1.0680517348951604, 4.33431666768195, 92.94095409852055], "layer_Barinel_score": [0.4741618005662343, 0.5018801253294328, 0.33596571596798164, 0.3598438227222934, 0.6733892569089629, 0.6791992907815996, 0.05519886165063639, 0.03626827942375854, 0.050623920164915806, 0.14907674671107987, 0.35998645854348943], "time": 27.93688464164734}