{"neuron_counts": [350464, 350464, 165888, 165888, 36992, 36992, 8192, 8192, 8192, 1024, 5], "neuron_counts_selected": [500, 500, 500, 500, 500, 500, 500, 500, 500, 500, 5], "layer_tarantula_score": [0.39597690690884996, 0.38296878384494426, 0.26889428245925934, 0.2717146042933564, 0.3901952227471335, 0.40590316392651205, 0.02522171116105513, 0.022937100396007416, 0.03499825232542494, 0.05432360632625211, 0.045596486705083816], "layer_ochiai_score": [0.1719779098674843, 0.16717567167675781, 0.0418068890917316, 0.04726404626487182, 0.07841678029801659, 0.0816573825014228, 0.003726436806448181, 0.004600463349648736, 0.006528548830037894, 0.007370763136750098, 0.012095664838305663], "layer_D_star_score": [65.98213962217459, 67.88865083624417, 0.34136832519472443, 0.5029064166447017, 0.8353558502006349, 0.8617171738725586, 0.0271165504793704, 0.06296999305056598, 0.06207010479838961, 0.07637894353341301, 0.01200281516178895], "layer_Op2_score": [65.18696817161724, 64.38417361360318, 4.9183086036723145, 6.263347130676243, 10.286559059227628, 10.868713588753979, 0.43793432921147846, 0.7382492937163517, 0.8766872315654171, 0.847629793763134, 1.1024657520903924], "layer_Barinel_score": [0.4698195736816084, 0.4543878311004826, 0.2990232234019501, 0.3028221581383, 0.45270794525529506, 0.46745337143724225, 0.028190928857382846, 0.026165751510157674, 0.03928802704972018, 0.06096369346893056, 0.06691747354603801], "time": 27.956769704818726}