{"neuron_counts": [350464, 350464, 165888, 165888, 36992, 36992, 8192, 8192, 8192, 1024, 5], "neuron_counts_selected": [500, 500, 500, 500, 500, 500, 500, 500, 500, 500, 5], "layer_tarantula_score": [0.20967028170715696, 0.22066033817529312, 0.07068958753813769, 0.07351640480224915, 0.1451398297736519, 0.14785903410484977, 0.0005393401855912825, 0.0003987518426720554, 0.00036311933045172834, 0.0008205450458823495, 0], "layer_ochiai_score": [0.052162290670024765, 0.0557266565118994, 0.009859963847846322, 0.009407701679046742, 0.024059780171226616, 0.025721779873565984, 0.0001341287164938832, 0.00010084584945289675, 7.053202982785792e-05, 0.00013271834654880805, 0], "layer_D_star_score": [5.351096004977211, 6.8425079277387875, 0.02737324825158315, 0.022776488662059242, 0.05844239044078325, 0.07224441423991591, 0.0009671547184537971, 0.0006657372140178099, 0.0005266169918005197, 0.000479510485579036, 0], "layer_Op2_score": [9.70133110607264, 11.061498586388112, 0.7326065449884112, 0.6451655689825576, 1.8468220251628902, 2.110098113403683, 0.017512862544415086, 0.0123016361586241, 0.007930731867297775, 0.010395022614070316, 0], "layer_Barinel_score": [0.2635492035236322, 0.2769590956437937, 0.08529779563583277, 0.08800296670646407, 0.18244599481585294, 0.186410322833744, 0.0006920560037172647, 0.0005193798569174609, 0.0004572248041013986, 0.0010065056761978006, 0], "time": 27.68424105644226}