{"neuron_counts": [350464, 350464, 165888, 165888, 36992, 36992, 8192, 8192, 8192, 1024, 5], "neuron_counts_selected": [200, 200, 200, 200, 200, 200, 200, 200, 200, 200, 5], "layer_tarantula_score": [0.2595822127843178, 0.2158245635629102, 0.10302974403710166, 0.11254863261258902, 0.4401756615241449, 0.4379539911963511, 0.0008672617105719364, 0.0016205034737729433, 0.0019185835619142287, 0.028439887843747694, 0.16117863343329533], "layer_ochiai_score": [0.06123967050097087, 0.0543206543465874, 0.013476272582516333, 0.01665727200897208, 0.11275810568846843, 0.11064809782491629, 0.00021297207417801726, 0.00032783097681986554, 0.00033715035970961055, 0.004892170049928495, 0.10201484006855736], "layer_D_star_score": [7.185299265453357, 2.662935979765518, 0.03677111417491478, 0.06359661082446631, 1.0191300795780647, 1.3612741945539046, 0.002073983140290171, 0.0018249205871535478, 0.0014758791218476253, 0.06899372927720994, 15.877203462406793], "layer_Op2_score": [11.52320429088001, 8.468062004579078, 0.9236110321416066, 1.3381600357518468, 13.850573639191724, 13.914062994554811, 0.02676950654966907, 0.033834198367329496, 0.02995415502950304, 0.41664504852130885, 30.500326171189204], "layer_Barinel_score": [0.32569899355496523, 0.2735747125750298, 0.12210333227622922, 0.13569719291661525, 0.5560987369092949, 0.548412428276976, 0.0010928599356491361, 0.0020290923095198773, 0.002427233120694693, 0.03709175557007802, 0.208506453614462], "time": 12.733651399612427}