{"neuron_counts": [350464, 350464, 165888, 165888, 36992, 36992, 8192, 8192, 8192, 1024, 5], "neuron_counts_selected": [500, 500, 500, 500, 500, 500, 500, 500, 500, 500, 5], "layer_tarantula_score": [0.222646500384313, 0.23642695164666702, 0.08775616362713096, 0.09654067076103326, 0.34199076283039787, 0.3298627292842543, 0.0015308645077535196, 0.0008310348157567134, 0.0016683312973390207, 0.005750488453092479, 0.015594219519873782], "layer_ochiai_score": [0.05573608238524669, 0.05952074261202228, 0.012762662762079983, 0.012504842694208464, 0.06461678825155805, 0.06312829571088498, 0.00028446371391668287, 0.00018691550070554482, 0.0002313006527073104, 0.0009409293629477929, 0.008251614117165658], "layer_D_star_score": [5.766635637016838, 7.312160772189568, 0.04332858980609784, 0.03634830138599794, 0.3391762754167775, 0.35202604262591625, 0.0015780851737682722, 0.0012076415501239726, 0.0008171578506762585, 0.0020336802529612005, 0.136336297482909], "layer_Op2_score": [10.386624993903569, 11.77445236930651, 0.9933828933404936, 0.8848493271919645, 6.164062109405313, 6.20645203285555, 0.028469472069235474, 0.0206580292285271, 0.016359383546159918, 0.06462102408829822, 1.6532238387534084], "layer_Barinel_score": [0.28080695294128444, 0.2963038602904757, 0.10724679065748927, 0.11566944307218982, 0.4249496179431053, 0.41380953187353015, 0.0019434074078045652, 0.0010931658554446646, 0.0020302963147367323, 0.007592236291162205, 0.020842597987988095], "time": 27.79918098449707}