{"neuron_counts": [350464, 350464, 165888, 165888, 36992, 36992, 8192, 8192, 8192, 1024, 5], "neuron_counts_selected": [1000, 1000, 1000, 1000, 1000, 1000, 1000, 1000, 1000, 1000, 5], "layer_tarantula_score": [0.3071388383444228, 0.30579186515911166, 0.1637432321962882, 0.17118416917463794, 0.5044397467153833, 0.5109449602622829, 0.0052229762625455815, 0.006200121162804451, 0.0046101102835458705, 0.11031924436874997, 0.5061416531589906], "layer_ochiai_score": [0.07499324089639836, 0.07432991407198708, 0.022236081055146132, 0.024747377906333645, 0.2103865358055665, 0.2111221507933999, 0.0006640264723459769, 0.0008340865909538575, 0.0007089639867334409, 0.021675813423593693, 0.5854121185395178], "layer_D_star_score": [6.2609241927474875, 5.562356895404613, 0.044101385198076756, 0.060184594771163925, 5.970277942005954, 5.611130177960751, 0.0014800171115731799, 0.0014460976901038115, 0.0017159394763064286, 1.0604086154112675, 249.7603403172888], "layer_Op2_score": [10.855893242705873, 10.477210031517757, 1.2193601236231553, 1.462499507858015, 32.51588288795494, 32.27526158806978, 0.036897443174080426, 0.043845730097154374, 0.043235270155155575, 2.326181732984863, 229.037806127508], "layer_Barinel_score": [0.38887097824279687, 0.3882033557687819, 0.19890171197065792, 0.2086235261670588, 0.6348814590180638, 0.6429571017133229, 0.006291544887728248, 0.0077173029004952995, 0.005828311913128338, 0.14284391307654254, 0.6413374308714527], "time": 54.328040599823}