{"neuron_counts": [350464, 350464, 165888, 165888, 36992, 36992, 8192, 8192, 8192, 1024, 5], "neuron_counts_selected": [200, 200, 200, 200, 200, 200, 200, 200, 200, 200, 5], "layer_tarantula_score": [0.2681437842494797, 0.2767598878020724, 0.082642106304095, 0.09161705445110203, 0.1971341297259639, 0.20108374972606097, 0.00029579922535304776, 0.00027867254105600213, 0.0009105152933499132, 0.0006567379280816742, 0.009119297341016762], "layer_ochiai_score": [0.07164276782736653, 0.06152393895879868, 0.012021125178645172, 0.014361648792227757, 0.035172288134274955, 0.03636359596728641, 9.010429688583268e-05, 5.274269202836168e-05, 0.000150176841325881, 0.00011267086643330002, 0.0024191329676611323], "layer_D_star_score": [11.788125260951345, 5.125871098447391, 0.04236950996662217, 0.05039623780680661, 0.13247944365100012, 0.11593681670295364, 0.0006899259029697516, 0.0001905121287837293, 0.00042014195046153675, 7.503254546622177e-05, 0.002400563032357791], "layer_Op2_score": [16.530848245610727, 10.541308400396957, 0.9845155849863492, 1.1887254219368557, 3.090246776861423, 3.106814743039542, 0.012562134017572895, 0.004489813174555179, 0.011099397276651766, 0.006764492911988197, 0.22049315041807857], "layer_Barinel_score": [0.3334162150092403, 0.3436833279121379, 0.1009118475607679, 0.11077438166848678, 0.24557050333575703, 0.25290214631033325, 0.00040116784386238266, 0.00035685353491900234, 0.0011369834111796145, 0.0008486426913202169, 0.0133834947092076], "time": 12.503410816192627}