{"neuron_counts": [350464, 350464, 165888, 165888, 36992, 36992, 8192, 8192, 8192, 1024, 5], "neuron_counts_selected": [500, 500, 500, 500, 500, 500, 500, 500, 500, 500, 5], "layer_tarantula_score": [0.3089655745164379, 0.3040357050619526, 0.15895876058218014, 0.18092895045597945, 0.5181827538925438, 0.5048160386945331, 0.004208438782385004, 0.0034252408313331225, 0.009720998004009877, 0.10302847292241882, 0.5061416531589906], "layer_ochiai_score": [0.07395981725388276, 0.07274869806870904, 0.023933338953365926, 0.02448833454705847, 0.21777347012041184, 0.20923819922266956, 0.0007859800170896886, 0.0005740873193713792, 0.0010751841854180363, 0.022419280727285777, 0.5854121185395178], "layer_D_star_score": [5.181119898203983, 6.551718551761302, 0.06215624226737336, 0.0543324556524691, 6.248464449181934, 5.927335848330217, 0.002445540049505099, 0.0017908252216628736, 0.0014158056849492991, 1.160578459240648, 249.7603403172888], "layer_Op2_score": [9.907446254449715, 10.760496888509296, 1.4580244572943288, 1.3670257058608792, 33.99270098993546, 32.26113309052613, 0.05473669210435083, 0.038355510666873524, 0.047246244817618105, 2.6231645773735983, 229.037806127508], "layer_Barinel_score": [0.39183973401667477, 0.38375012957788684, 0.1947912043163112, 0.21803209875335824, 0.6501507774109782, 0.635937143866826, 0.005439730170063053, 0.004379753879797314, 0.011674791119288439, 0.13494349686799184, 0.6413374308714527], "time": 27.477181911468506}