{"neuron_counts": [3072, 3072, 3136, 4608, 1152, 1024, 512, 512, 512, 128, 128, 43], "neuron_counts_selected": [500, 500, 500, 500, 500, 500, 500, 500, 500, 128, 128, 43], "layer_tarantula_score": [0, 0.04804322736130815, 0.2276442565907593, 0.27710384451762266, 0.3233015270016228, 0.3754646849043501, 0.22658139332041372, 0.24896697652747013, 0.23509873886247643, 0.4000265938573761, 0.4000265938573761, 0.07425488719692695], "layer_ochiai_score": [0, 0.003104152191673552, 0.015474291720978132, 0.021998254419626027, 0.03870954856852042, 0.04911928827228723, 0.027188557711870207, 0.030066124346566324, 0.029074088473670823, 0.07482577376003777, 0.07482577376003777, 0.002901047610792586], "layer_D_star_score": [0, 0.022638869670948053, 0.24036614733637193, 0.29407554195417457, 0.937151578100242, 1.2814119388762901, 0.5403588849920397, 0.6015416538945175, 0.6082377885662981, 2.866824487877407, 2.866824487877407, 0.0055685613113082184], "layer_Op2_score": [0, 1.5635177296620195, 9.9244627576039, 14.24158009169663, 38.504843654488994, 50.540204250410845, 26.462626129055433, 29.38398739883535, 28.4934566973589, 105.82644567939377, 105.82644567939377, 1.026068001464198], "layer_Barinel_score": [0, 0.0028628191643897197, 0.014407414373408632, 0.017025075055858648, 0.019751464666649815, 0.022885747867094755, 0.013034875085142296, 0.014286959267527377, 0.013719976316065028, 0.024777504488877233, 0.024777504488877233, 0.003751522697122952], "time": 261.6202402114868}