{"neuron_counts": [3072, 3072, 3136, 4608, 1152, 1024, 512, 512, 512, 128, 128, 43], "neuron_counts_selected": [200, 200, 200, 200, 200, 200, 200, 200, 200, 128, 128, 43], "layer_tarantula_score": [0.43371268758953474, 0.49045096425732115, 0.49080226991197445, 0.4263104907561408, 0.4124793614794262, 0.4334382458643592, 0.2960660579233604, 0.2791695050059734, 0.29796206527492525, 0.46147679529295066, 0.46147679529295066, 0.5199008474044043], "layer_ochiai_score": [0.05869931626258607, 0.130544185419838, 0.14015743385859752, 0.09365718860002009, 0.11152410322691245, 0.0987033072831633, 0.05330256820611008, 0.05327730734818881, 0.05354498373715412, 0.10386170214635469, 0.10386170214635469, 0.03641632289450545], "layer_D_star_score": [1.439377815509831, 8.214675490023652, 10.023404955202547, 4.86733170188857, 7.41285616150367, 5.301555864001483, 2.1139084738276237, 2.2651303882045197, 2.107360924089342, 5.3209810698497675, 5.3209810698497675, 0.3992900581331145], "layer_Op2_score": [57.80118664874441, 230.79881436717733, 275.6488516800787, 147.64880520988706, 218.4831469147111, 156.9125957536955, 67.79866448865322, 69.37490399452803, 68.40993507029037, 160.3845623823845, 160.3845623823845, 12.401835677727295], "layer_Barinel_score": [0.02749427564640463, 0.0340815554402499, 0.03416611622767957, 0.028291633870590995, 0.027695166780007587, 0.029030288289004554, 0.019269205622034182, 0.018681001289713277, 0.019431432346081186, 0.03112110179179968, 0.03112110179179968, 0.04966186992265755], "time": 108.78953742980957}