{"neuron_counts": [3072, 3072, 3136, 4608, 1152, 1024, 512, 512, 512, 128, 128, 43], "neuron_counts_selected": [200, 200, 200, 200, 200, 200, 200, 200, 200, 128, 128, 43], "layer_tarantula_score": [0.45392565199213825, 0.505325293885182, 0.505777480492742, 0.46807366182972304, 0.4790409161403997, 0.49132568090193524, 0.3985507299391526, 0.39966199461079327, 0.3858441510153121, 0.4985186852274246, 0.4985186852274246, 0.6270828594572397], "layer_ochiai_score": [0.06433340154986332, 0.14458471667598913, 0.1573272679844633, 0.11691558731504842, 0.14867965556300944, 0.12930375441341738, 0.0779749533686633, 0.07935998374997612, 0.08088406130172895, 0.12264508676402244, 0.12264508676402244, 0.061330964011984616], "layer_D_star_score": [1.7607191618486135, 10.275035705045681, 12.467500362367602, 7.505081579708501, 11.509332758503906, 8.72731494272945, 3.7257137020782665, 3.81293965875623, 4.235210181507227, 7.549295047426243, 7.549295047426243, 1.3799303597585408], "layer_Op2_score": [66.22258503082821, 277.61882515318894, 332.3058353605037, 205.39291247667796, 317.7861591483773, 233.68624705459288, 107.36407222354508, 111.11284166798713, 114.28454236850997, 199.48170313167486, 199.48170313167486, 25.32922327671729], "layer_Barinel_score": [0.029871991629682074, 0.036348056409681, 0.03627469216768463, 0.03294341451570209, 0.03353603962696192, 0.035187649672513206, 0.0281870657304089, 0.027694158793491786, 0.02804913103914136, 0.036150487791168015, 0.036150487791168015, 0.08433534417931277], "time": 109.06495594978333}