{"neuron_counts": [3072, 3072, 3136, 4608, 1152, 1024, 512, 512, 512, 128, 128, 43], "neuron_counts_selected": [500, 500, 500, 500, 500, 500, 500, 500, 500, 128, 128, 43], "layer_tarantula_score": [0.43690880083672484, 0.49339147088760893, 0.48840001003620837, 0.4283058424985634, 0.45124061919456887, 0.44195104842407773, 0.29471878809116775, 0.2749046540879172, 0.2967746364373147, 0.4608783349473054, 0.4608783349473054, 0.5229317458952805], "layer_ochiai_score": [0.0667749586296707, 0.14921916010656938, 0.1574516791796129, 0.10772468261924947, 0.14380614132610472, 0.11721526634224995, 0.0592028342468674, 0.05509629884608069, 0.05912412946649073, 0.1175984883760696, 0.1175984883760696, 0.042151036721945985], "layer_D_star_score": [1.1941726318773633, 7.240710096330384, 8.548409615731684, 4.314421563955116, 7.453626871867941, 4.919808254404351, 1.7074083247344702, 1.5823535897547238, 1.6907737919978518, 4.562594603890917, 4.562594603890917, 0.32164185872604834], "layer_Op2_score": [38.36491808713621, 155.53082894827423, 181.12537400432677, 100.38497609060182, 169.63132931149033, 112.56221038921372, 44.03219475624786, 41.66526329139933, 44.1172233432918, 107.3356935578844, 107.3356935578844, 8.700157089309785], "layer_Barinel_score": [0.03599907476244485, 0.04450875789340353, 0.04374718370295427, 0.03702529298817884, 0.03920123027563833, 0.038424921754589406, 0.024733676086760793, 0.02286890985542166, 0.02477970255796583, 0.04009105282688694, 0.04009105282688694, 0.06373953666155967], "time": 218.97736954689026}