{"neuron_counts": [3072, 3072, 3136, 4608, 1152, 1024, 512, 512, 512, 128, 128, 43], "neuron_counts_selected": [200, 200, 200, 200, 200, 200, 200, 200, 200, 128, 128, 43], "layer_tarantula_score": [0.4305674278156825, 0.4883161265667751, 0.49227305428366713, 0.4211082320820003, 0.4501440474479026, 0.4566780039582927, 0.30107877344965656, 0.30896571725633754, 0.27452986139132884, 0.46147679529295066, 0.46147679529295066, 0.5199008474044043], "layer_ochiai_score": [0.057366163435539366, 0.1304140984751699, 0.1399774983670287, 0.090251275001744, 0.12728073107768015, 0.10619566506170251, 0.05151704853557538, 0.05321007065629802, 0.05112463181610299, 0.10386170214635469, 0.10386170214635469, 0.03641632289450545], "layer_D_star_score": [1.352551546207, 8.271981752145047, 9.956481186870645, 4.618780886019957, 8.75792024660787, 5.933206682783723, 1.8762523890286795, 1.93201754808969, 2.1338285004981556, 5.3209810698497675, 5.3209810698497675, 0.3992900581331145], "layer_Op2_score": [55.72410627810856, 230.9264814662502, 270.2031703541059, 139.3247316950253, 254.07383502392807, 170.76257226479004, 64.41655216348077, 67.62420934269517, 66.52844105446765, 160.3845623823845, 160.3845623823845, 12.401835677727295], "layer_Barinel_score": [0.027111272024882675, 0.03384195411504209, 0.03441389813995585, 0.027968034282491193, 0.03052624343441496, 0.03086583962459108, 0.019413485900689417, 0.019485894822954788, 0.018155933409139596, 0.03112110179179968, 0.03112110179179968, 0.04966186992265755], "time": 110.13217353820801}