{"neuron_counts": [3072, 3072, 3136, 4608, 1152, 1024, 512, 512, 512, 128, 128, 43], "neuron_counts_selected": [500, 500, 500, 500, 500, 500, 500, 500, 500, 128, 128, 43], "layer_tarantula_score": [0.0, 0.0, 0.2658148905981327, 0.3324668138571228, 0.3542581536249383, 0.3951765715577578, 0.3135860229687509, 0.2981940748161257, 0.30744683514305116, 0.4279775366755213, 0.4279775366755213, 0.032650115561949376], "layer_ochiai_score": [0.0, 0.0, 0.015504329839547528, 0.02634691353811417, 0.041132758221984915, 0.04922066795565959, 0.03841092737188694, 0.0363240298771241, 0.036441546710469834, 0.0857331037108029, 0.0857331037108029, 0.0013427989512137441], "layer_D_star_score": [0.0, 0.0, 0.16391629012852826, 0.4325175163505718, 1.1278369892370026, 1.4221301847907803, 0.8933713335085703, 0.8417151246399703, 0.8020762865583958, 3.908990648787056, 3.908990648787056, 0.0016507624372017258], "layer_Op2_score": [0.0, 0.0, 7.440097890925737, 18.105865970344524, 42.571593138629666, 51.472339458402786, 36.8424696521912, 35.18213117370541, 34.961159379514875, 125.68994108299641, 125.68994108299641, 0.6123171086603285], "layer_Barinel_score": [0.0, 0.0, 0.023813347943026524, 0.02528414342342849, 0.023229224385696544, 0.025772273918662627, 0.019871570697246356, 0.018578473208582497, 0.019721464655876146, 0.028140534776397073, 0.028140534776397073, 0.0013638531151859061], "time": 262.4668719768524}