{"neuron_counts": [3072, 3072, 3136, 4608, 1152, 1024, 512, 512, 512, 128, 128, 43], "neuron_counts_selected": [200, 200, 200, 200, 200, 200, 200, 200, 200, 128, 128, 43], "layer_tarantula_score": [0, 0.042859166204476176, 0.2509147460557211, 0.2862614481483904, 0.31594045126438763, 0.37453176400953325, 0.20900899771132742, 0.2203638005799142, 0.24752922755989792, 0.4000265938573761, 0.4000265938573761, 0.07425488719692695], "layer_ochiai_score": [0, 0.002802151113545695, 0.01576348673790874, 0.023944480279405024, 0.038176536223183365, 0.04630053809012736, 0.023446337430512987, 0.026830281754627146, 0.03000781266563111, 0.07482577376003777, 0.07482577376003777, 0.002901047610792586], "layer_D_star_score": [0, 0.019601977607830265, 0.19800581142353804, 0.3525447103153916, 0.9274099550292895, 1.1269553922083542, 0.4265026465350166, 0.5338094560069725, 0.5898329751798833, 2.866824487877407, 2.866824487877407, 0.0055685613113082184], "layer_Op2_score": [0, 1.3440143007225849, 8.928142291097467, 16.470273189889465, 37.540439424547976, 45.19468679294646, 21.722782450739075, 26.22474927217199, 29.501551897582583, 105.82644567939377, 105.82644567939377, 1.026068001464198], "layer_Barinel_score": [0, 0.00263663047220401, 0.015792175204117513, 0.017291332019148033, 0.019249740578612225, 0.022848599338512916, 0.011882047252808637, 0.012583345190748217, 0.01412014566383989, 0.024777504488877233, 0.024777504488877233, 0.003751522697122952], "time": 115.8854730129242}