{"neuron_counts": [3072, 3072, 3136, 4608, 1152, 1024, 512, 512, 512, 128, 128, 43], "neuron_counts_selected": [500, 500, 500, 500, 500, 500, 500, 500, 500, 128, 128, 43], "layer_tarantula_score": [0, 0.04604331112775133, 0.2153049382035061, 0.27716537541319275, 0.3131545630771958, 0.371348016027101, 0.22421887130148566, 0.22847816830289253, 0.23049159828222032, 0.4000265938573761, 0.4000265938573761, 0.07425488719692695], "layer_ochiai_score": [0, 0.0029200630823310006, 0.014426150599226514, 0.023230863763313885, 0.036306135588588216, 0.047302900305320375, 0.02686546657993241, 0.028146214059469897, 0.027841941605183135, 0.07482577376003777, 0.07482577376003777, 0.002901047610792586], "layer_D_star_score": [0, 0.021213325086390764, 0.20707289922095976, 0.32560835434813906, 0.8462585084650612, 1.19239388594009, 0.5314454197638135, 0.5618545160901602, 0.5660801382115572, 2.866824487877407, 2.866824487877407, 0.0055685613113082184], "layer_Op2_score": [0, 1.4153172265977014, 8.70727887435371, 15.217041006175263, 35.66384725868266, 46.98851368843227, 26.144355125724342, 28.135913819548804, 27.10900357373674, 105.82644567939377, 105.82644567939377, 1.026068001464198], "layer_Barinel_score": [0, 0.0028197481628191618, 0.013535273860740467, 0.0171810850547045, 0.018843931448564985, 0.022806075143533954, 0.012820918634212624, 0.013049360461730485, 0.013277956455133681, 0.024777504488877233, 0.024777504488877233, 0.003751522697122952], "time": 264.6763470172882}