{"neuron_counts": [3072, 3072, 3136, 4608, 1152, 1024, 512, 512, 512, 128, 128, 43], "neuron_counts_selected": [1000, 1000, 1000, 1000, 1000, 1000, 512, 512, 512, 128, 128, 43], "layer_tarantula_score": [0.46027957168993633, 0.5052378691857828, 0.5018053766409488, 0.4752382758837705, 0.4722346055348887, 0.483402555952123, 0.3972357992087394, 0.3972357992087394, 0.3972357992087394, 0.4985186852274246, 0.4985186852274246, 0.6270828594572397], "layer_ochiai_score": [0.06579722665693498, 0.1448858448757862, 0.1557739966477186, 0.12049951671784397, 0.146523818385464, 0.12750665171494058, 0.08122436710598299, 0.08122436710598299, 0.08122436710598299, 0.12264508676402244, 0.12264508676402244, 0.061330964011984616], "layer_D_star_score": [1.8545238600917355, 10.295066424044604, 12.285640672666341, 7.795240077380933, 11.240531871656975, 8.584477652565333, 4.1032866518451705, 4.1032866518451705, 4.1032866518451705, 7.549295047426243, 7.549295047426243, 1.3799303597585408], "layer_Op2_score": [67.44539008604949, 279.71014076296194, 331.2621176270405, 214.99907352249218, 313.7619486213596, 229.8789848720542, 113.49827175678867, 113.49827175678867, 113.49827175678867, 199.48170313167486, 199.48170313167486, 25.32922327671729], "layer_Barinel_score": [0.030687337762614435, 0.0362268464721958, 0.035724471464156, 0.0334483790547372, 0.0328543208196056, 0.03462608583859139, 0.028427873898085168, 0.028427873898085168, 0.028427873898085168, 0.036150487791168015, 0.036150487791168015, 0.08433534417931277], "time": 403.9213423728943}