{"neuron_counts": [3072, 3072, 3136, 4608, 1152, 1024, 512, 512, 512, 128, 128, 43], "neuron_counts_selected": [500, 500, 500, 500, 500, 500, 500, 500, 500, 128, 128, 43], "layer_tarantula_score": [0.40517570127270924, 0.4195502202012625, 0.4272412615502886, 0.3792229256508883, 0.40384942677222385, 0.4308739011210134, 0.26758931036917644, 0.2922831967526427, 0.2761363409173585, 0.4416570583915442, 0.4416570583915442, 0.3565724100892347], "layer_ochiai_score": [0.04523353087182376, 0.06198720738440006, 0.07781262218415068, 0.063976343093999, 0.09465212668539395, 0.09782304604249711, 0.04775124291286736, 0.05215110497709134, 0.05084401303347892, 0.10583554208341267, 0.10583554208341267, 0.020261363180472815], "layer_D_star_score": [0.4705264674416629, 1.814034792871695, 2.5718180380562017, 1.6067183057642114, 3.4299944924166366, 3.3801269130207063, 1.1289128079195379, 1.240985818196213, 1.2649195044048431, 3.721819422886099, 3.721819422886099, 0.08703725094002948], "layer_Op2_score": [19.592666756254204, 44.54340538276351, 62.99645811409832, 43.96723719638307, 88.50496099292954, 83.17911192198696, 33.1227615559955, 36.350392490596256, 35.57449826888623, 93.66215100430607, 93.66215100430607, 4.041552392519393], "layer_Barinel_score": [0.032116087133298506, 0.035630624331744916, 0.035674553670284645, 0.03107887322733586, 0.033557260249065114, 0.03643887026207232, 0.021607234395426885, 0.023495873924699536, 0.022582359792416906, 0.03737807428211223, 0.03737807428211223, 0.0329101168634885], "time": 230.20512223243713}