{"neuron_counts": [3072, 3072, 3136, 4608, 1152, 1024, 512, 512, 512, 128, 128, 43], "neuron_counts_selected": [500, 500, 500, 500, 500, 500, 500, 500, 500, 128, 128, 43], "layer_tarantula_score": [0, 0.045524082667055286, 0.21320023181315434, 0.2759065529487072, 0.3112227543263075, 0.36835366666356867, 0.2215730658785618, 0.22581212484228474, 0.22832390068216138, 0.3959991164918147, 0.3959991164918147, 0.06469499153893753], "layer_ochiai_score": [0, 0.0032495223743486314, 0.01604885388489027, 0.026049596089213024, 0.040793430333017716, 0.05304139961492719, 0.02986920872447215, 0.031308864641865435, 0.031034771789942142, 0.08345033142824343, 0.08345033142824343, 0.0027513502446699033], "layer_D_star_score": [0, 0.015645915744387725, 0.1687339723704598, 0.256871707929377, 0.6946128358552746, 0.9737646801633358, 0.4243282066735168, 0.45059972920921865, 0.45417014252704474, 2.3743779093282766, 2.3743779093282766, 0.0028303555147873314], "layer_Op2_score": [0, 0.9261540638851505, 5.76572912259144, 10.045595483526625, 23.58349345432189, 31.034012163346233, 17.068903973774002, 18.394857942605068, 17.75086323867315, 69.56544131304534, 69.56544131304534, 0.5632931580771401], "layer_Barinel_score": [0, 0.003582829463151634, 0.01722150844996858, 0.022052901443553232, 0.024174687052650485, 0.02914239854783849, 0.016331909667292203, 0.016627236855130133, 0.016966502717360638, 0.03154063782620124, 0.03154063782620124, 0.004063634790997982], "time": 252.91294622421265}