{"neuron_counts": [3072, 3072, 3136, 4608, 1152, 1024, 512, 512, 512, 128, 128, 43], "neuron_counts_selected": [500, 500, 500, 500, 500, 500, 500, 500, 500, 128, 128, 43], "layer_tarantula_score": [0, 0, 0.12686799595832957, 0.1932719535622022, 0.26732151663836023, 0.3464178230794417, 0.2070892671590646, 0.22662283435366418, 0.21646651372359552, 0.37518675375601496, 0.37518675375601496, 0.007816626628194004], "layer_ochiai_score": [0, 0, 0.00626109041502402, 0.012487802057290314, 0.025149912872709873, 0.03614299992047887, 0.021792563072404663, 0.023874355074296066, 0.023354266957924124, 0.06576108357208658, 0.06576108357208658, 0.00032244507063095706], "layer_D_star_score": [0, 0, 0.03166257620047914, 0.10775295559701066, 0.423921200592495, 0.6753938124666019, 0.3349172390871732, 0.36698980700323175, 0.38061950108266873, 2.248297211381049, 2.248297211381049, 0.00032740764016185705], "layer_Op2_score": [0, 0, 2.134778899353921, 6.38627900484286, 19.801322667236565, 30.634727152783572, 19.15221036308897, 21.040020571035473, 20.5895376574856, 90.36037124021647, 90.36037124021647, 0.13541724869620897], "layer_Barinel_score": [0, 0, 0.008504102427304561, 0.011771141531378027, 0.01605408413894134, 0.02054645777228708, 0.011495591332065291, 0.012521150715605008, 0.012206906273348651, 0.02245573991811192, 0.02245573991811192, 0.00031805836130800725], "time": 264.1741940975189}