{"neuron_counts": [5, 4, 1], "neuron_counts_selected": [5, 4, 1], "layer_tarantula_score": [1.0, 1.0, 1.0], "layer_ochiai_score": [0.8710102854803867, 0.8218678679259398, 0.7451346090094236], "layer_D_star_score": [1466.2044106581268, 677320282.0703421, 360.76646217383995], "layer_Op2_score": [395.69729100484074, 357.5529065706646, 288.9990954068867], "layer_Barinel_score": [1.0, 1.0, 1.0], "time": 0.1344761848449707}