{"neuron_counts": [5, 4, 1], "neuron_counts_selected": [5, 4, 1], "layer_tarantula_score": [1.0, 0.75, 1.0], "layer_ochiai_score": [0.676050752045424, 0.5200082540814995, 0.7347648654933024], "layer_D_star_score": [219.86164561476, 179.7511694888134, 329.72271524437207], "layer_Op2_score": [239.48365778071152, 188.00326782258412, 281.01129428655673], "layer_Barinel_score": [1.0, 0.75, 1.0], "time": 0.13674545288085938}