{"neuron_counts": [5, 4, 1], "neuron_counts_selected": [5, 4, 1], "layer_tarantula_score": [1.0, 0.75, 1.0], "layer_ochiai_score": [0.4331174451479082, 0.4665466713295833, 0.7242382429361053], "layer_D_star_score": [43.45625323612824, 99.93479863640783, 301.176801360631], "layer_Op2_score": [109.09131780756074, 151.60184212068825, 273.0171445088882], "layer_Barinel_score": [1.0, 0.75, 1.0], "time": 0.13449764251708984}