{"neuron_counts": [5, 4, 1], "neuron_counts_selected": [5, 4, 1], "layer_tarantula_score": [1.0, 0.5625, 1.0], "layer_ochiai_score": [0.6472071359692472, 0.3818833368877038, 0.7347648654933024], "layer_D_star_score": [174.73403925513915, 117.34513477074744, 329.72271524437207], "layer_Op2_score": [219.71304013091125, 135.06401749030124, 281.01129428655673], "layer_Barinel_score": [1.0, 0.5625, 1.0], "time": 0.1316843032836914}