{"neuron_counts": [5, 4, 1], "neuron_counts_selected": [5, 4, 1], "layer_tarantula_score": [1.0, 1.0, 1.0], "layer_ochiai_score": [0.8488718187309684, 0.766819771905466, 0.7451346090094236], "layer_D_star_score": [1074.0377934642424, 169330361.98409984, 360.76646217383995], "layer_Op2_score": [375.6124400134484, 308.45241291585023, 288.9990954068867], "layer_Barinel_score": [1.0, 1.0, 1.0], "time": 0.12974071502685547}