{"neuron_counts": [31, 1, 1], "neuron_counts_selected": [31, 1, 1], "layer_tarantula_score": [0.4141723420141452, 0.4433903694366132, NaN], "layer_ochiai_score": [0.3042635211283684, 0.3612597332711212, NaN], "layer_D_star_score": [8.201843356528485, 12.590157054558986, NaN], "layer_Op2_score": [36.095698879127156, 47.67114116030795, NaN], "layer_Barinel_score": [0.46208718360519335, 0.4948453608247423, NaN], "time": 0.14383935928344727}