{"neuron_counts": [31, 1, 1], "neuron_counts_selected": [31, 1, 1], "layer_tarantula_score": [0.49640060486427834, 0.44848487970613354, 0.0], "layer_ochiai_score": [0.31613612102063154, 0.3231029975648844, 0.0], "layer_D_star_score": [8.088944995092776, 7.934061574691443, 0.0], "layer_Op2_score": [33.55791309167989, 37.744966614116365, 0.0], "layer_Barinel_score": [0.5423552726429993, 0.5, 0.0], "time": 0.14081621170043945}