{"neuron_counts": [31, 1, 1], "neuron_counts_selected": [31, 1, 1], "layer_tarantula_score": [0.4919648718872379, 0.42938702203591084, 0.0], "layer_ochiai_score": [0.40460163719338493, 0.40463274109103414, 0.0], "layer_D_star_score": [20.930720781831454, 20.556138740032758, 0.0], "layer_Op2_score": [54.977051520056364, 61.550335872257804, 0.0], "layer_Barinel_score": [0.5401109055839026, 0.48062015503875966, 0.0], "time": 0.13746237754821777}