{"neuron_counts": [16, 16, 8, 8, 4, 4, 2, 2, 1], "neuron_counts_selected": [16, 16, 8, 8, 4, 4, 2, 2, 1], "layer_tarantula_score": [0.05057023728567281, 0.05057023728567281, 0.037726900947382964, 0.037726900947382964, 0.038447619456466554, 0.038447619456466554, 0.15952279539093178, 0.15952279539093178, 0.5751331501173804], "layer_ochiai_score": [0.026526949428420963, 0.026526949428420963, 0.03301446372320595, 0.03301446372320595, 0.03368994283970607, 0.03368994283970607, 0.1433540391755344, 0.1433540391755344, 0.6230248207219833], "layer_D_star_score": [37.93151122729029, 37.93151122729029, 176.33875998972198, 176.33875998972198, 160.34969253824917, 160.34969253824917, 825.5245958250588, 825.5245958250588, 5500.397848730862], "layer_Op2_score": [152.60105103967987, 152.60105103967987, 295.99089172611434, 295.99089172611434, 301.5717412466745, 301.5717412466745, 1330.5307579339872, 1330.5307579339872, 6761.605292004614], "layer_Barinel_score": [0.05421903260390106, 0.05421903260390106, 0.044903783198627915, 0.044903783198627915, 0.04556838179106681, 0.04556838179106681, 0.18700393556944409, 0.18700393556944409, 0.6950411637245859], "time": 5.550052165985107}