{"neuron_counts": [13000, 1], "neuron_counts_selected": [2000, 1], "layer_tarantula_score": [0.4640790031963219, 0.36835500909262003], "layer_ochiai_score": [0.18015041050695568, 0.5359922889285141], "layer_D_star_score": [49.71002185174744, 692.7269488342154], "layer_Op2_score": [167.61794621416772, 1200.023667907712], "layer_Barinel_score": [0.6079953081065306, 0.55472645049864], "time": 44.415255069732666}