{"neuron_counts": [13000, 1], "neuron_counts_selected": [200, 1], "layer_tarantula_score": [0.4492580161293205, 0.32321075105649205], "layer_ochiai_score": [0.18993510127205399, 0.4729008125094546], "layer_D_star_score": [39.44695582573687, 273.5042359216854], "layer_Op2_score": [119.86697913323358, 620.1402641682732], "layer_Barinel_score": [0.6046294772339489, 0.5437828371278459], "time": 3.8348381519317627}