{"neuron_counts": [13000, 1], "neuron_counts_selected": [500, 1], "layer_tarantula_score": [0.08465976180677315, 0.36988371544930576], "layer_ochiai_score": [0.005285920985291664, 0.5367748018172253], "layer_D_star_score": [0.04283300276186247, 694.8320110491918], "layer_Op2_score": [1.1980824398993746, 1200.0294732866341], "layer_Barinel_score": [0.09257960298461122, 0.5563473598681028], "time": 235.07739067077637}