{"neuron_counts": [10816, 2704, 2704, 2704, 2704, 512, 3], "neuron_counts_selected": [500, 500, 500, 500, 500, 500, 3], "layer_tarantula_score": [0.3576104205838304, 0.4305787661311897, 0.4449840655723606, 0.4439185030422644, 0.44826566982329275, 0.4031500066595074, 0.4919122773173817], "layer_ochiai_score": [0.07579786052860597, 0.16968483054570938, 0.20566506765680279, 0.20157590243185688, 0.20505242706545873, 0.18023236034519108, 0.3677822072688591], "layer_D_star_score": [0.04422764814366458, 0.6252493091968436, 1.0935051870301224, 1.0166107092142096, 1.0466942951676066, 1.3251989937884125, 16.87272987441954], "layer_Op2_score": [1.9058683712810873, 8.07328228891125, 11.421517251358182, 11.036968860201004, 11.255579443908456, 10.345436681298517, 37.72763052618734], "layer_Barinel_score": [0.3951579132463511, 0.4796456247605528, 0.49559729657442353, 0.4945673919176433, 0.49898070685129564, 0.45052709894853843, 0.5439439203354298], "time": 6.894405841827393}