{"neuron_counts": [10816, 2704, 2704, 2704, 2704, 512, 3], "neuron_counts_selected": [500, 500, 500, 500, 500, 500, 3], "layer_tarantula_score": [0.34706529398291613, 0.4452029334327531, 0.4454442823795467, 0.4431997969280587, 0.44934285023536924, 0.396879662472814, 0.4986112874620429], "layer_ochiai_score": [0.07451944513590235, 0.17461778401904676, 0.20492458270660938, 0.20169917848923327, 0.20498814100786864, 0.17367100822623888, 0.3688743209694995], "layer_D_star_score": [0.0831294679021341, 1.114974291431098, 1.810433557679956, 1.6999316660696193, 1.7930502570236664, 2.0960439085546896, 29.52768299590799], "layer_Op2_score": [3.202509190416411, 13.937704057729885, 18.949993453165717, 18.362670349672314, 18.776001496099358, 16.27351227721361, 63.17649750986947], "layer_Barinel_score": [0.376486408223044, 0.4847839112942926, 0.4850452952023233, 0.48295437238881284, 0.4890745957716062, 0.43348029229177504, 0.5396129189249477], "time": 8.578230142593384}