{"neuron_counts": [10816, 2704, 2704, 2704, 2704, 512, 3], "neuron_counts_selected": [200, 200, 200, 200, 200, 200, 3], "layer_tarantula_score": [0.5033278859845739, 0.500739496781471, 0.5019268793917966, 0.501625556283173, 0.5020816577494048, 0.4980727530872967, 0.5041481011387615], "layer_ochiai_score": [0.4594504297277726, 0.6782910650899114, 0.5454221341155427, 0.543703693205737, 0.5464555152288357, 0.4607957966510525, 0.7333648218160427], "layer_D_star_score": [37.1925069058604, 188.71967761964163, 75.86456202728372, 74.69346012028636, 76.2207342439544, 52.080050011760875, 261.4241015129679], "layer_Op2_score": [86.94877594363602, 190.14820274449514, 122.78278868960442, 122.07692180187261, 123.19773855634628, 93.44461910143178, 220.75625289940527], "layer_Barinel_score": [0.544051245086497, 0.5417238071697392, 0.5427830226688585, 0.5424789588710385, 0.5429198816420661, 0.5387515633677203, 0.5451314793184522], "time": 3.1688573360443115}