{"neuron_counts": [10816, 2704, 2704, 2704, 2704, 512, 3], "neuron_counts_selected": [500, 500, 500, 500, 500, 500, 3], "layer_tarantula_score": [0.4649072817079874, 0.48418323197885793, 0.4744534129243786, 0.47329399531490307, 0.4761118909166611, 0.45077440653202916, 0.514868424651774], "layer_ochiai_score": [0.2955627115145206, 0.523620252640125, 0.4133905760164919, 0.40983992086908644, 0.41282654566531357, 0.32055718327892974, 0.67245137101031], "layer_D_star_score": [6.933126595340523, 65.41597419308457, 25.455284499630874, 24.813674868414196, 25.37612697260716, 14.237663273335148, 181.28080554731307], "layer_Op2_score": [38.04740048604573, 115.58046799739398, 73.31130493671124, 72.29800387065131, 73.05018739309347, 48.21247625711357, 177.68107999558896], "layer_Barinel_score": [0.5054363892247827, 0.5251518734303334, 0.5153277730350442, 0.5141154755616025, 0.5169552227707103, 0.49102010538599244, 0.5557146419893263], "time": 8.39932656288147}