{"neuron_counts": [10816, 2704, 2704, 2704, 2704, 512, 3], "neuron_counts_selected": [500, 500, 500, 500, 500, 500, 3], "layer_tarantula_score": [0.13845995069810546, 0.3226236619912354, 0.41375918802517575, 0.43075847047653426, 0.40629438865001705, 0.3553655158937416, 0.40007727297811463], "layer_ochiai_score": [0.018948344309482695, 0.06553104309094601, 0.12557771789441177, 0.1320330704639337, 0.12284165193811321, 0.12458446694077156, 0.14129631913938515], "layer_D_star_score": [0.0037967381644872732, 0.04455934547286221, 0.20453210006981754, 0.22300204511511834, 0.1914846862097983, 0.40100409371343854, 0.7961717982951914], "layer_Op2_score": [0.3150206074543287, 1.6207961562157902, 4.581972461011979, 4.857111398662478, 4.450394478408428, 5.411332220658215, 7.474926325040618], "layer_Barinel_score": [0.1474770029304029, 0.3555574737475917, 0.4607207342960314, 0.47863819399206736, 0.4531414211552684, 0.3973617263257739, 0.4508547008547008], "time": 7.000559091567993}