{"neuron_counts": [10816, 2704, 2704, 2704, 2704, 512, 3], "neuron_counts_selected": [500, 500, 500, 500, 500, 500, 3], "layer_tarantula_score": [0.4328119945228964, 0.47205263023928673, 0.4617456997138055, 0.46655524601514226, 0.4676477407056634, 0.42673070335705726, 0.5182118283113749], "layer_ochiai_score": [0.16778973327180427, 0.3430866425596412, 0.30624477764465474, 0.30751216066149556, 0.30857151735521676, 0.24332449072408363, 0.561824489428724], "layer_D_star_score": [0.5493975186780174, 7.392482187192484, 4.771081631374365, 4.733853897896102, 4.815214664358311, 3.510659158048554, 58.35382344466832], "layer_Op2_score": [7.844046997349559, 30.194972803093098, 24.56860385405676, 24.473351636410936, 24.638580698997615, 17.652311029084068, 75.9636189112517], "layer_Barinel_score": [0.48222930538963404, 0.523793508766147, 0.5131024676068576, 0.5181287626623726, 0.5192130745777789, 0.47637111894476214, 0.5698923296769486], "time": 7.036045551300049}