{"neuron_counts": [10816, 2704, 2704, 2704, 2704, 512, 3], "neuron_counts_selected": [500, 500, 500, 500, 500, 500, 3], "layer_tarantula_score": [0.14435753200911378, 0.32179237027009594, 0.41157556880748786, 0.4090017173123341, 0.4224510495699264, 0.35605447755948016, 0.40007727297811463], "layer_ochiai_score": [0.02018909543723543, 0.06583513319339776, 0.12811838521437924, 0.12533756560925907, 0.13019209768286183, 0.12056885038361413, 0.14129631913938515], "layer_D_star_score": [0.004242509625646053, 0.043880308452631855, 0.2094283244843585, 0.19769569657609276, 0.22337646493266636, 0.39674733873411505, 0.7961717982951914], "layer_Op2_score": [0.34407179314000746, 1.6324061383733297, 4.7424291355671375, 4.568333877658514, 4.831757629403873, 5.124121031174313, 7.474926325040618], "layer_Barinel_score": [0.15426393809523806, 0.3556171107762462, 0.45887914163563276, 0.45635430251978193, 0.46982025748552625, 0.39757373579143357, 0.4508547008547008], "time": 6.973381280899048}