{"neuron_counts": [10816, 2704, 2704, 2704, 2704, 512, 3], "neuron_counts_selected": [500, 500, 500, 500, 500, 500, 3], "layer_tarantula_score": [0.3561370816157529, 0.4931369215887519, 0.5084678707693561, 0.521945724237165, 0.4993835699968431, 0.4675542216999155, 0.42125711580317565], "layer_ochiai_score": [0.04752459909263174, 0.10421364067528784, 0.1584403716365621, 0.16388900479668445, 0.1540687673210274, 0.1762260283041741, 0.19992352158322843], "layer_D_star_score": [0.03491247539422787, 0.32846759414887977, 0.7659541165018026, 0.847688309152948, 0.7153345316660356, 2.3193848144598483, 3.7969168173300543], "layer_Op2_score": [1.5695439297095228, 5.694365381697822, 11.038372729306975, 11.543053967520079, 10.648828595801172, 16.613081560339662, 23.515617429675657], "layer_Barinel_score": [0.3659385646532193, 0.5190747445486479, 0.5447094024525141, 0.558298295421067, 0.5355891145559819, 0.5012389903837408, 0.46164847264387415], "time": 7.559213876724243}