{"neuron_counts": [10816, 2704, 2704, 2704, 2704, 512, 3], "neuron_counts_selected": [500, 500, 500, 500, 500, 500, 3], "layer_tarantula_score": [0.1323106296965555, 0.2979432483518469, 0.3968626024551339, 0.401718950258817, 0.4149160306439155, 0.3527039303740808, 0.4068714836772713], "layer_ochiai_score": [0.017063834021546175, 0.06060643373921571, 0.12143642636295242, 0.11986303554827976, 0.12402492848436224, 0.12259976772516934, 0.14985701659862177], "layer_D_star_score": [0.004542938698836951, 0.06193497069503637, 0.3305997102748858, 0.3016556022542896, 0.3101318803020604, 0.6809623098259436, 1.6996594686686228], "layer_Op2_score": [0.437356495484326, 2.4562483124095715, 7.404012111067291, 7.139023183676697, 7.3409248750282945, 8.8881176758544, 13.99709097123619], "layer_Barinel_score": [0.13922782216510496, 0.32338994892509415, 0.43366073361214, 0.43831284626334055, 0.45210593168677443, 0.38586668095456367, 0.44695238476594984], "time": 8.603696346282959}