{"neuron_counts": [10816, 2704, 2704, 2704, 2704, 512, 3], "neuron_counts_selected": [500, 500, 500, 500, 500, 500, 3], "layer_tarantula_score": [0.4997011175216799, 0.5023078959116515, 0.5002694949379022, 0.5026311827554356, 0.49971209590762133, 0.4890627618845284, 0.525568894402334], "layer_ochiai_score": [0.3229110306227966, 0.5506890170970866, 0.43839804078802286, 0.43878563417207267, 0.4380266700461904, 0.38577106125772104, 0.6938764270115015], "layer_D_star_score": [9.522443164939006, 79.3570154864426, 31.44590828895702, 31.05828961359311, 31.19119638777409, 29.16069212578001, 208.65816556170975], "layer_Op2_score": [43.61556837444171, 125.25182933983444, 79.76001493205412, 79.53223537312705, 79.68831714638469, 68.17188990534092, 192.14923258022532], "layer_Barinel_score": [0.5398678795908413, 0.5431677221038995, 0.5409261977409132, 0.5432942811102056, 0.5404258027016702, 0.5289896375319344, 0.5662386296196326], "time": 7.378450632095337}