{"neuron_counts": [10816, 2704, 2704, 2704, 2704, 512, 3], "neuron_counts_selected": [1000, 1000, 1000, 1000, 1000, 512, 3], "layer_tarantula_score": [0.5009518056536837, 0.5009109208239972, 0.5027246746687382, 0.5035454625177527, 0.5026465461166324, 0.4958076813746167, 0.5041481011387615], "layer_ochiai_score": [0.45762934046487974, 0.6766338988229961, 0.5456488706817859, 0.5472162540917873, 0.5451625555282992, 0.46876954615875127, 0.7333648218160427], "layer_D_star_score": [36.9793454982813, 186.66918157611335, 75.63882243806461, 76.5595119617499, 75.48259151997213, 54.338496207932735, 261.4241015129679], "layer_Op2_score": [86.66638733121823, 189.16657355707665, 122.70021281809447, 123.23511500982657, 122.51625825351695, 96.38431449601919, 220.75625289940527], "layer_Barinel_score": [0.541677081785266, 0.5418897276248955, 0.5435812527300266, 0.5443942086457784, 0.5434906620576867, 0.5364701967984125, 0.5451314793184522], "time": 14.395762205123901}