{"neuron_counts": [10816, 2704, 2704, 2704, 2704, 512, 3], "neuron_counts_selected": [500, 500, 500, 500, 500, 500, 3], "layer_tarantula_score": [0.47748805395672067, 0.4940751289109097, 0.483592869328617, 0.4863167548532924, 0.4848420752962675, 0.46894472690720407, 0.5017807352285688], "layer_ochiai_score": [0.43730220563189076, 0.6684420483686528, 0.5284903758599055, 0.5319585250051565, 0.5295898215850274, 0.40198092204544744, 0.7389419071611597], "layer_D_star_score": [19.100727881277106, 108.20919231790373, 40.801745638093855, 41.50480800753587, 40.91140121229184, 18.307883725465526, 165.89948603694563], "layer_Op2_score": [49.114578990330095, 111.45627257603489, 70.97021548377037, 71.47795190577708, 71.0590147028507, 43.40529409499285, 134.27138727212534], "layer_Barinel_score": [0.5293509484900386, 0.5461067355963821, 0.5355741551076187, 0.5383216077750146, 0.5368335906221996, 0.5207114140362129, 0.5537591152231994], "time": 6.30979585647583}