{"neuron_counts": [3, 3, 2, 2, 1], "neuron_counts_selected": [3, 3, 2, 2, 1], "layer_tarantula_score": [1.0, 1.0, 0.0, 0.0, 1.0], "layer_ochiai_score": [0.6018406151890557, 0.6018406151890557, 0.0, 0.0, 0.9999999966654197], "layer_D_star_score": [117689.39687764995, 117689.39687764995, 0.0, 0.0, 2248317647024.932], "layer_Op2_score": [8021.906232883196, 8021.906232883196, 0.0, 0.0, 14994.391191445455], "layer_Barinel_score": [1.0, 1.0, 0.0, 0.0, 1.0], "time": 1.9741058349609375}