{"neuron_counts": [30, 30, 1], "neuron_counts_selected": [30, 30, 1], "layer_tarantula_score": [1.0, 0.8711111111111112, 1.0], "layer_ochiai_score": [0.5147104002705197, 0.35149428565019425, 0.881832114770664], "layer_D_star_score": [48.467226363160506, 64.31779859852283, 1192.140401352742], "layer_Op2_score": [118.45737048767002, 78.39091457163833, 340.9070035786555], "layer_Barinel_score": [1.0, 0.8711111111111112, 1.0], "time": 0.27664685249328613}