{"neuron_counts": [30, 30, 1], "neuron_counts_selected": [30, 30, 1], "layer_tarantula_score": [1.0, 0.8666666666666667, 1.0], "layer_ochiai_score": [0.4266617179933824, 0.3782310690643901, 0.8380704834841025], "layer_D_star_score": [22.37009036146917, 82.43325776389626, 726.6045317532273], "layer_Op2_score": [83.28113500741438, 93.60085139930057, 307.9109912910701], "layer_Barinel_score": [1.0, 0.8666666666666667, 1.0], "time": 0.2619030475616455}