{"neuron_counts": [30, 30, 1], "neuron_counts_selected": [30, 30, 1], "layer_tarantula_score": [0.9344444444444444, 0.4011111111111111, 1.0], "layer_ochiai_score": [0.18013214549944623, 0.09156683355363812, 0.7905890596406165], "layer_D_star_score": [0.9958583624587397, 2.7655334579749926, 456.7431139497799], "layer_Op2_score": [16.95066989250652, 12.678613787312385, 274.0095514549634], "layer_Barinel_score": [0.9344444444444444, 0.4011111111111111, 1.0], "time": 0.2836480140686035}