{"neuron_counts": [30, 30, 1], "neuron_counts_selected": [30, 30, 1], "layer_tarantula_score": [0.9666666666666667, 0.8, 1.0], "layer_ochiai_score": [0.31813723204578326, 0.2884993343878942, 0.8231527854109882], "layer_D_star_score": [7.423598692903679, 33.39376761564193, 624.2587244485612], "layer_Op2_score": [48.26294834329959, 61.47252157624913, 297.04688714809475], "layer_Barinel_score": [0.9666666666666667, 0.8, 1.0], "time": 0.2436814308166504}