{"neuron_counts": [5, 1], "neuron_counts_selected": [5, 1], "layer_tarantula_score": [0.6, 1.0], "layer_ochiai_score": [0.2638679680693087, 0.9999994142387424], "layer_D_star_score": [6.042799489125394, 72861474.8140166], "layer_Op2_score": [11.973258713161261, 85.35893322695367], "layer_Barinel_score": [0.6, 1.0], "time": 0.07497525215148926}