{"neuron_counts": [5, 1], "neuron_counts_selected": [5, 1], "layer_tarantula_score": [1.0, 1.0], "layer_ochiai_score": [0.9308281642560313, 0.9999994142387424], "layer_D_star_score": [43716936.86553539, 72861474.8140166], "layer_Op2_score": [74.58571638463998, 85.35893322695367], "layer_Barinel_score": [1.0, 1.0], "time": 0.08850836753845215}