{"neuron_counts": [64, 32, 1], "neuron_counts_selected": [64, 32, 1], "layer_tarantula_score": [0.5978640066496873, 0.3904188125356576, 1.0], "layer_ochiai_score": [0.7605499675360606, 0.28795371583694507, 0.023764339798273932], "layer_D_star_score": [20045.699547952754, 9613.489455314455, 0.007910881466294472], "layer_Op2_score": [14428.067296223613, 5227.970934611394, 14.0], "layer_Barinel_score": [0.9939704023753099, 0.7063067340334324, 1.0], "time": 21.62944746017456}