{"neuron_counts": [8192, 2048, 2048, 4096, 1024, 1024, 1024, 128, 128, 4], "neuron_counts_selected": [1000, 1000, 1000, 1000, 1000, 1000, 1000, 128, 128, 4], "layer_tarantula_score": [0.4966664546536293, 0.4985611448357838, 0.5023370136747929, 0.49537880213779467, 0.49924771717816385, 0.5020168040766719, 0.5003475451252146, 0.39733793546178836, 0.39733793546178836, 0.5028759687582933], "layer_ochiai_score": [0.3557380406237781, 0.43754496836809326, 0.44138182967428574, 0.2367034469491461, 0.3390305454711369, 0.3454995730272748, 0.3389527827402908, 0.3658742907226795, 0.3658742907226795, 0.5767503484752121], "layer_D_star_score": [661.9847732575308, 1077.4000646330114, 1087.244386567094, 111.50364720865278, 299.46874368806, 294.5200044238004, 293.5094716102184, 635.4464260716048, 635.4464260716048, 1506.5690383009844], "layer_Op2_score": [982.0228263048269, 1406.4897958320557, 1423.0189684991694, 474.18665843720873, 874.0681568119039, 890.4565988359898, 869.0461975603077, 1199.021590738721, 1199.021590738721, 2203.2224347178644], "layer_Barinel_score": [0.7374231573774748, 0.7444900605640323, 0.748140362271041, 0.7323765433161823, 0.741603258058882, 0.7473117755051393, 0.7449038252598906, 0.5917245794146899, 0.5917245794146899, 0.7507675435748231], "time": 242.0948669910431}