{"neuron_counts": [8192, 2048, 2048, 4096, 1024, 1024, 1024, 128, 128, 4], "neuron_counts_selected": [500, 500, 500, 500, 500, 500, 500, 128, 128, 4], "layer_tarantula_score": [0.37304781214109406, 0.41660670747559386, 0.41960222293657046, 0.10629860525098059, 0.2235048790897225, 0.18959032782217752, 0.17882550485295615, 0.28440685070444105, 0.28440685070444105, 0.4804593158001507], "layer_ochiai_score": [0.04567381005226204, 0.06677216683779322, 0.06606755421446799, 0.006277098391663241, 0.01671343590125411, 0.013987130860751837, 0.013271990207593565, 0.13143454323700554, 0.13143454323700554, 0.30554762395231605], "layer_D_star_score": [0.32752069981021337, 0.4683984904064868, 0.8421202997470415, 0.0029675054080378336, 0.013744438528244978, 0.010565739798954074, 0.011431320863415561, 18.442236412565652, 18.442236412565652, 56.219840228787916], "layer_Op2_score": [12.077962016386603, 23.643209565653276, 23.55398182113917, 0.8532940519347261, 2.8926958883257545, 2.359072586912521, 2.290155313464334, 134.8964922983979, 134.8964922983979, 383.7381487162527], "layer_Barinel_score": [0.5820173756621445, 0.6455761102099088, 0.6497684662623726, 0.15795682338109834, 0.33530551503045675, 0.28722849278758533, 0.27268948240121965, 0.4369078586984101, 0.4369078586984101, 0.734550869210028], "time": 121.40138673782349}