{"neuron_counts": [8192, 2048, 2048, 4096, 1024, 1024, 1024, 128, 128, 4], "neuron_counts_selected": [500, 500, 500, 500, 500, 500, 500, 128, 128, 4], "layer_tarantula_score": [0.4532255060539332, 0.46990327798300346, 0.4681841277996944, 0.3866499746720542, 0.42224997129900954, 0.44046185760851897, 0.4383552244521199, 0.29805495184006503, 0.29805495184006503, 0.5000384257758853], "layer_ochiai_score": [0.1540448391289714, 0.2044333522652579, 0.2136442326062361, 0.06400464133714233, 0.1065903245371079, 0.1159567382935573, 0.11249733485627063, 0.20383415258135226, 0.20383415258135226, 0.46821644189040007], "layer_D_star_score": [10.260011027698523, 23.531109749673995, 29.44546812507365, 0.5132538754874952, 2.795818378073249, 2.896584355319809, 2.8339280176399213, 78.61195364218304, 78.61195364218304, 321.11728419253797], "layer_Op2_score": [117.00436621151927, 198.2266740225067, 213.90528996320506, 24.884088827185593, 62.549468141826715, 68.91383120790185, 66.35359863698974, 299.6700206865406, 299.6700206865406, 872.8416292697975], "layer_Barinel_score": [0.6975558862837309, 0.7166674029932182, 0.7151646073602442, 0.6013874384403006, 0.6542543933701253, 0.6823858391668894, 0.6800673246840117, 0.4521240921478768, 0.4521240921478768, 0.7497523905967809], "time": 117.73998999595642}