{"neuron_counts": [8192, 2048, 2048, 4096, 1024, 1024, 1024, 128, 128, 4], "neuron_counts_selected": [500, 500, 500, 500, 500, 500, 500, 128, 128, 4], "layer_tarantula_score": [0.4748317263660186, 0.48708902315238367, 0.4859198087062283, 0.4656346205584638, 0.47880623692139457, 0.4828159958541387, 0.4771813923762559, 0.30529045580318176, 0.30529045580318176, 0.4983600647600854], "layer_ochiai_score": [0.2799012095721177, 0.3512801161104474, 0.3663387486024748, 0.16975074083880065, 0.2699525223174093, 0.2743196197278874, 0.27721612854012023, 0.24594386097750423, 0.24594386097750423, 0.5488587844217568], "layer_D_star_score": [128.12314157253104, 283.96114395009965, 323.2565754639021, 25.2614529198993, 110.15663156274928, 103.98376006076751, 114.41116718958934, 249.98167026081506, 249.98167026081506, 1142.2749777753504], "layer_Op2_score": [595.8847572718792, 913.2324836687105, 977.4159744158976, 243.2567107237661, 555.7905520308345, 558.6128785022172, 577.7693106120275, 697.054402745415, 697.054402745415, 1982.2415061094364], "layer_Barinel_score": [0.7201935002915378, 0.7366478714200724, 0.733293123699075, 0.715027044551257, 0.7276197438547382, 0.7334521575682869, 0.724878896624084, 0.46143821403672924, 0.46143821403672924, 0.7473974529794187], "time": 127.88909816741943}