{"neuron_counts": [8192, 2048, 2048, 4096, 1024, 1024, 1024, 128, 128, 4], "neuron_counts_selected": [200, 200, 200, 200, 200, 200, 200, 128, 128, 4], "layer_tarantula_score": [0.41640320160159117, 0.4431411762520226, 0.48000985431841103, 0.21052908510071885, 0.33337517334220257, 0.3131746982264683, 0.32900340533885286, 0.2882622269855695, 0.2882622269855695, 0.48980827716206665], "layer_ochiai_score": [0.08694000163881935, 0.12185996607153497, 0.12987835298364958, 0.018936250711940928, 0.043372733261275824, 0.04070874591118192, 0.03990427554556295, 0.17191941421369186, 0.17191941421369186, 0.39443266610562233], "layer_D_star_score": [1.4908364682819377, 9.054986710559012, 8.728480243297604, 0.03707152695636687, 0.25181874684025546, 0.2835664900709157, 0.2283024210469249, 72.73407030045638, 72.73407030045638, 254.70786378458143], "layer_Op2_score": [64.35982656081107, 124.62926167619267, 130.9531215123773, 6.282284633754325, 21.382768658371468, 20.738024287356627, 19.026709090732272, 362.668970086699, 362.668970086699, 1035.522616136561], "layer_Barinel_score": [0.6420890489708682, 0.681013488790734, 0.728144871217494, 0.3279211862089646, 0.51691897510896, 0.4833070489930553, 0.5134832290138912, 0.4394272923253928, 0.4394272923253928, 0.7408191361445788], "time": 54.21724557876587}