{"neuron_counts": [8192, 2048, 2048, 4096, 1024, 1024, 1024, 128, 128, 4], "neuron_counts_selected": [2000, 2000, 2000, 2000, 1024, 1024, 1024, 128, 128, 4], "layer_tarantula_score": [0.49688880305337774, 0.5004254153146823, 0.5014334128589962, 0.49401798284561216, 0.501317105334844, 0.501317105334844, 0.501317105334844, 0.39733793546178836, 0.39733793546178836, 0.5028759687582933], "layer_ochiai_score": [0.3592861847126032, 0.4392754364334897, 0.43597807396050187, 0.23095219488616517, 0.3419748228033626, 0.3419748228033626, 0.3419748228033626, 0.3658742907226795, 0.3658742907226795, 0.5767503484752121], "layer_D_star_score": [580.8605398676482, 1108.6963954156258, 1036.094299093547, 103.52287683580197, 301.9152033565701, 301.9152033565701, 301.9152033565701, 635.4464260716048, 635.4464260716048, 1506.5690383009844], "layer_Op2_score": [977.8566320247927, 1423.4281773943053, 1396.9768597647048, 454.4094651150436, 880.3708976771135, 880.3708976771135, 880.3708976771135, 1199.021590738721, 1199.021590738721, 2203.2224347178644], "layer_Barinel_score": [0.7390686569960028, 0.7461814094293522, 0.7470102389525171, 0.7321035729068346, 0.7461302301538753, 0.7461302301538753, 0.7461302301538753, 0.5917245794146899, 0.5917245794146899, 0.7507675435748231], "time": 375.9903678894043}