{"neuron_counts": [8192, 2048, 2048, 4096, 1024, 1024, 1024, 128, 128, 4], "neuron_counts_selected": [200, 200, 200, 200, 200, 200, 200, 128, 128, 4], "layer_tarantula_score": [0.3682935636293054, 0.4087227118821351, 0.4363222850658039, 0.10137993411563404, 0.20839362375802542, 0.2033804492481718, 0.18153258140542733, 0.2843876723482665, 0.2843876723482665, 0.48200788310015275], "layer_ochiai_score": [0.045304409648095, 0.06774437379158342, 0.07133970063685856, 0.005934323094859079, 0.01598733668963177, 0.015254121696775277, 0.014126308737097977, 0.1374200813819922, 0.1374200813819922, 0.32024685688045035], "layer_D_star_score": [0.15969828965918054, 2.203438952953209, 1.8618464334433302, 0.0036780635909878286, 0.020537533055689967, 0.03252852755750126, 0.02079161974883272, 35.158203454665205, 35.158203454665205, 114.40772887802642], "layer_Op2_score": [19.158927547966755, 41.40032418058859, 43.35662928153715, 1.2754249684718324, 4.614129459238237, 4.7527210210246285, 4.04959185914585, 241.50475476928221, 241.50475476928221, 693.9118643046899], "layer_Barinel_score": [0.5737163191999323, 0.6340807134408485, 0.6805411617865896, 0.1522425197982767, 0.31199562926984814, 0.29837598624375816, 0.276667578890698, 0.4361681464090094, 0.4361681464090094, 0.7346575818210332], "time": 54.122905015945435}