{"neuron_counts": [8192, 2048, 2048, 4096, 1024, 1024, 1024, 128, 128, 4], "neuron_counts_selected": [500, 500, 500, 500, 500, 500, 500, 128, 128, 4], "layer_tarantula_score": [0.2638517320647879, 0.3495054979987471, 0.3474937922955599, 0.050122995382099356, 0.09816364072248236, 0.10125670115717844, 0.0885319440348141, 0.2790462526392667, 0.2790462526392667, 0.4826103510527461], "layer_ochiai_score": [0.019242442210277984, 0.0344003166506344, 0.03224468297137533, 0.002313974726902467, 0.005191050160613941, 0.005652028231563904, 0.004619673899257391, 0.10070469721574639, 0.10070469721574639, 0.18512567357301096], "layer_D_star_score": [0.24194734610280702, 0.5467980438923694, 0.409616756649179, 0.0006486752301820759, 0.0015913139114364168, 0.002283918469457273, 0.0016244243353415082, 7.983611994728242, 7.983611994728242, 10.506654391646922], "layer_Op2_score": [3.246466770600891, 7.972292008280649, 7.194600539182784, 0.2551180399395145, 0.6273055648996444, 0.7412524271787986, 0.5813462635031649, 83.23276713464756, 83.23276713464756, 147.82329092332427], "layer_Barinel_score": [0.4133927704636318, 0.5496838691877336, 0.5408784920205542, 0.07075689048828626, 0.14187624497990065, 0.1465055186315454, 0.12458341841161526, 0.4309854811624792, 0.4309854811624792, 0.7363630074542847], "time": 119.1142885684967}