{"neuron_counts": [50, 2], "neuron_counts_selected": [50, 2], "layer_tarantula_score": [0.43369662307542156, 0.4999999890176572], "layer_ochiai_score": [0.32842411928678983, 0.5945105389974039], "layer_D_star_score": [148.46405996681682, 564.1405792862249], "layer_Op2_score": [352.7439175582827, 1030.9897180157739], "layer_Barinel_score": [0.3128657726361811, 0.35344281522767385], "time": 1.5227994918823242}