{"neuron_counts": [50, 2], "neuron_counts_selected": [50, 2], "layer_tarantula_score": [0.4336819028930046, 0.4999999873555328], "layer_ochiai_score": [0.32812551779020266, 0.5959865434722537], "layer_D_star_score": [124.3731776477607, 489.17118553528627], "layer_Op2_score": [301.93574832140433, 887.0006200247601], "layer_Barinel_score": [0.3131498850182008, 0.35519999999999996], "time": 1.259941577911377}