{"neuron_counts": [2, 2, 2, 1], "neuron_counts_selected": [2, 2, 2, 1], "layer_tarantula_score": [0.3355472901204642, 0.12527248490215528, 0, 0.500000000004], "layer_ochiai_score": [0.41175331538711696, 0.12578513716163434, 0, 0.7072481813338231], "layer_D_star_score": [853.7163385908973, 319.7372154793102, 0, 5006.0031011203855], "layer_Op2_score": [2525.000200060008, 631.374324867487, 0, 5001.000200060008], "layer_Barinel_score": [0.335725677830941, 0.12532248461996426, 0, 0.5002], "time": 1.1124401092529297}