{"neuron_counts": [2, 2, 2, 1], "neuron_counts_selected": [2, 2, 2, 1], "layer_tarantula_score": [0.7505449698043105, 0.0, 0.0, 0.0], "layer_ochiai_score": [0.606886327543412, 0.0, 0.0, 0.0], "layer_D_star_score": [1927.9792254455026, 0.0, 0.0, 0.0], "layer_Op2_score": [2525.7486497349737, -0.2513502650259999, 0.0, 0.0], "layer_Barinel_score": [0.7506449692399285, 0.0, 0.0, 0.0], "time": 1.1360797882080078}