{"neuron_counts": [32768, 32768, 8192, 8192, 16384, 16384, 4096, 4096, 8192, 8192, 2048, 2048, 2048, 512, 512, 10], "neuron_counts_selected": [100, 100, 100, 100, 100, 100, 100, 100, 100, 100, 100, 100, 100, 100, 100, 10], "layer_tarantula_score": [0.04785345429863044, 0.02431246072867104, 0.04082514466959317, 0.028720175413621343, 0.3638991548572669, 0.17307700829221867, 0.27179935159019547, 0.25973159273443075, 0.2871049420674696, 0.11710869927353741, 0.18899912674522473, 0.1660199683971515, 0.17190343554458612, 0.13987665770788538, 0.1692880188648828, 0.5034230011463261], "layer_ochiai_score": [0.014547553578529758, 0.005565855961138617, 0.010654460261717314, 0.012502992809900719, 0.05587109178000143, 0.045515375243768454, 0.11190833686502051, 0.11681292267226058, 0.07556011821459453, 0.025642921820030265, 0.051019752860673846, 0.04455841017314061, 0.04936403243725607, 0.08434195702542656, 0.09606663182444923, 0.36178412950891237], "layer_D_star_score": [7.907137934481496, 0.7077323661074062, 2.715943628380602, 5.370372328088512, 5.079723224719833, 5.933030875929435, 40.19904098053884, 53.653962737404974, 23.59183505634803, 3.011102853474483, 10.657839137529146, 8.691731566698031, 13.297172256827265, 83.13109222707683, 74.2590465621638, 429.52928712366077], "layer_Op2_score": [35.30109740452585, 8.55389395007625, 19.95471327095998, 31.941323751117817, 66.36928241634892, 75.10909666309132, 274.10628589118306, 307.202907163702, 157.10825683129286, 39.803887041547796, 95.49633429004598, 81.67864871230395, 99.23061243214657, 297.55040831519875, 310.86076504835125, 1311.2388524639177], "layer_Barinel_score": [0.04656195154880756, 0.023674332147933685, 0.03980173303579988, 0.027960837136463194, 0.35458579009585284, 0.16844636371488347, 0.26446122255951054, 0.25289790829366987, 0.279463778135641, 0.11394460722293001, 0.18376409345947387, 0.16157631897919977, 0.16719127230092587, 0.13605683584575093, 0.1645940355706505, 0.4912914103778465], "time": 124.00326204299927}