{"neuron_counts": [32768, 32768, 8192, 8192, 16384, 16384, 4096, 4096, 8192, 8192, 2048, 2048, 2048, 512, 512, 10], "neuron_counts_selected": [1000, 1000, 1000, 1000, 1000, 1000, 1000, 1000, 1000, 1000, 1000, 1000, 1000, 512, 512, 10], "layer_tarantula_score": [0.1795188276644103, 0.14468787843335867, 0.13180117909840994, 0.14163939350768148, 0.4521674011231206, 0.3442105836588203, 0.3577659309851445, 0.3420904230094361, 0.4080829623562006, 0.28817337163620166, 0.3067543258994548, 0.3089576499539863, 0.2992175556496004, 0.28889831575532054, 0.28889831575532054, 0.5465004754722028], "layer_ochiai_score": [0.09383200545913835, 0.05702317061213543, 0.06499803410892173, 0.07073580317524983, 0.1282399324428054, 0.12083287393155882, 0.17765596193996933, 0.16767762110512058, 0.14375832077571, 0.07413433790604419, 0.12206346443118021, 0.12161034380873234, 0.11422051273456717, 0.2040437389183394, 0.2040437389183394, 0.40732969029146177], "layer_D_star_score": [229.74592358642747, 52.24537473291704, 72.5953713284738, 92.09395553362978, 73.54047831129564, 63.71627764801068, 175.77164555599046, 166.7714296531792, 100.25989522217048, 22.96716085043357, 93.69552958625937, 99.58324457560298, 76.59883251379871, 427.0643046282157, 427.0643046282157, 862.2201089409789], "layer_Op2_score": [519.5972738614064, 215.22642679852922, 276.92327595943044, 319.04317299599074, 388.1404681340942, 391.5306585824235, 751.2370067353393, 700.1493186520028, 506.40614603913536, 190.94811568048888, 444.2107869769924, 443.2970565739977, 398.37615730523436, 1092.3090550356837, 1092.3090550356837, 2073.289306018359], "layer_Barinel_score": [0.16627396104265366, 0.13298307949018323, 0.12121944717426185, 0.13034200541908444, 0.4161620925233271, 0.3165959959633384, 0.32883082073797143, 0.3140448064385891, 0.3758666136908553, 0.2647284288071727, 0.2812861633566775, 0.28309726214554937, 0.2741149991449646, 0.2645899805965173, 0.2645899805965173, 0.5062119992237006], "time": 1140.1807146072388}