{"neuron_counts": [32768, 32768, 8192, 8192, 16384, 16384, 4096, 4096, 8192, 8192, 2048, 2048, 2048, 512, 512, 10], "neuron_counts_selected": [500, 500, 500, 500, 500, 500, 500, 500, 500, 500, 500, 500, 500, 500, 500, 10], "layer_tarantula_score": [0.19301232539386645, 0.15016030214038284, 0.14481676928683215, 0.14877662979968073, 0.4564939448742548, 0.3365137600805679, 0.3599938375013715, 0.3391467798077248, 0.41670988468008024, 0.26762815406602714, 0.30200495312246517, 0.31325329352132164, 0.3023198683564409, 0.3081878766725604, 0.3002982242849801, 0.5465004754722028], "layer_ochiai_score": [0.1005420225825689, 0.062485827884917994, 0.07496391932859732, 0.07551793266962908, 0.1294312035326996, 0.12588114688410537, 0.17394525748804732, 0.16643607564989035, 0.1419378517620866, 0.07008974156288153, 0.12107088135570353, 0.12029443001558024, 0.11241797973986635, 0.2198641094244867, 0.20786823655171835, 0.40732969029146177], "layer_D_star_score": [236.18861534516697, 59.02101173409743, 96.95700277994764, 91.42226890299841, 64.79927081127347, 70.63989108248788, 172.42047774886527, 164.77963150214066, 107.97241934766612, 22.41593757093334, 86.44079410533358, 88.25046243362866, 78.1785846198831, 489.03534162935944, 414.2330601274872, 862.2201089409789], "layer_Op2_score": [552.3916619910548, 241.7268029021311, 336.1005281848585, 329.0569001092704, 384.04872853151977, 420.93142049243977, 726.329849269388, 689.2465728081921, 502.64812006508964, 182.1414173388864, 435.74459845422734, 428.77007802519444, 393.98434155098266, 1197.9616341223964, 1101.7754525177074, 2073.289306018359], "layer_Barinel_score": [0.17859018349675893, 0.13786835777674056, 0.13299673372682716, 0.13680476847567422, 0.420435589180022, 0.30854689897504306, 0.33015041086236924, 0.31095168258502043, 0.38440320269744427, 0.24590089954829683, 0.27719512699233145, 0.2875850610707836, 0.27684678666210644, 0.2822995491980772, 0.2749753974028621, 0.5062119992237006], "time": 608.7647678852081}