{"neuron_counts": [64, 64, 64, 64, 2], "neuron_counts_selected": [64, 64, 64, 64, 2], "layer_tarantula_score": [0.4120342011339895, 0.4120342011339895, 0.3795071564793439, 0.3795071564793439, 0.5623845640940728], "layer_ochiai_score": [0.19140835287668398, 0.19140835287668398, 0.17170633445707031, 0.17170633445707031, 0.3921045128622525], "layer_D_star_score": [1.5006177840054111, 1.5006177840054111, 1.2383749109156117, 1.2383749109156117, 7.179955027671454], "layer_Op2_score": [11.63040599068529, 11.63040599068529, 10.48103126986633, 10.48103126986633, 30.64455004997628], "layer_Barinel_score": [0.12139944218534217, 0.12139944218534217, 0.10863356271774884, 0.10863356271774884, 0.19685185185185183], "time": 0.6932234764099121}