{"neuron_counts": [64, 128, 64, 1], "neuron_counts_selected": [64, 100, 64, 1], "layer_tarantula_score": [0.6670144749055671, 0.32948720675400933, 0.12500031249765622, 0.5000012499906251], "layer_ochiai_score": [0.7828829072504976, 0.522395088149751, 0.20412363492348207, 0.8164945396939283], "layer_D_star_score": [32.039806533602814, 24.9790652893741, 9.999900000999986, 39.99960000399996], "layer_Op2_score": [14.853407567122263, 12.000787363751238, 4.772729338824192, 19.09091735529677], "layer_Barinel_score": [0.796116762961684, 0.44340238095238116, 0.16666666666666669, 0.6666666666666667], "time": 0.1818549633026123}