{"neuron_counts": [64, 128, 64, 1], "neuron_counts_selected": [64, 128, 64, 1], "layer_tarantula_score": [0.70714002165071, 0.3242336729453741, 0.12500026041503906, 0.5000010416601564], "layer_ochiai_score": [0.7783769514069919, 0.5152373945838608, 0.20412371997462456, 0.8164948798984982], "layer_D_star_score": [35.351030028895984, 29.888772592474425, 11.999900000833332, 47.999600003333306], "layer_Op2_score": [17.169604624210223, 14.39984117478694, 5.769232544365043, 23.076930177460174], "layer_Barinel_score": [0.8236760997142344, 0.4338277180989585, 0.16666666666666669, 0.6666666666666667], "time": 0.21479296684265137}