{"neuron_counts": [64, 128, 64, 1], "neuron_counts_selected": [64, 128, 64, 1], "layer_tarantula_score": [0.8188718748893322, 0.42791274743094576, 0.2500005208300782, 0.5000010416601564], "layer_ochiai_score": [0.7583333065183122, 0.6616491903599496, 0.4082474399492491, 0.8164948798984982], "layer_D_star_score": [32.79713858534996, 44.92455512941224, 23.999800001666653, 47.999600003333306], "layer_Op2_score": [15.406251081722449, 18.322120118306785, 11.538465088730087, 23.076930177460174], "layer_Barinel_score": [0.8919284446579823, 0.5548406862745098, 0.33333333333333337, 0.6666666666666667], "time": 0.16934895515441895}