{"neuron_counts": [4704, 1176, 1600, 400, 400, 128, 128, 64, 64, 64, 64, 64, 64, 2], "neuron_counts_selected": [500, 500, 500, 400, 400, 128, 128, 64, 64, 64, 64, 64, 64, 2], "layer_tarantula_score": [0.4953977800814242, 0.4975952720751741, 0.30465956596592353, 0.3218685324375643, 0.3218685324375643, 0.0, 0.0, 0.0, 0.0, 0.0, 0.0, 0.0, 0.0, 0.0], "layer_ochiai_score": [0.3141451249926587, 0.5444124277850092, 0.18882973184753865, 0.26665779412221097, 0.26665779412221097, 0.0, 0.0, 0.0, 0.0, 0.0, 0.0, 0.0, 0.0, 0.0], "layer_D_star_score": [5.272400937849001, 45.01306984902526, 16.194653034949326, 30.141277295679664, 30.141277295679664, 0.0, 0.0, 0.0, 0.0, 0.0, 0.0, 0.0, 0.0, 0.0], "layer_Op2_score": [24.808746191471275, 73.92300047380915, 22.613666809788246, 36.71353197735557, 36.71353197735557, 0.0, 0.0, 0.0, 0.0, 0.0, 0.0, 0.0, 0.0, 0.0], "layer_Barinel_score": [0.4953977800814242, 0.4975952720751741, 0.30465956596592353, 0.3218685324375643, 0.3218685324375643, 0.0, 0.0, 0.0, 0.0, 0.0, 0.0, 0.0, 0.0, 0.0], "time": 6.778247833251953}