{"neuron_counts": [4704, 1176, 1600, 400, 400, 128, 128, 64, 64, 64, 64, 64, 64, 2], "neuron_counts_selected": [500, 500, 500, 400, 400, 128, 128, 64, 64, 64, 64, 64, 64, 2], "layer_tarantula_score": [0.5006718919456942, 0.4995730114219186, 0.32122616660907966, 0.3450686430923753, 0.3450686430923753, 0.0, 0.0, 0.0, 0.0, 0.0, 0.0, 0.0, 0.0, 0.25], "layer_ochiai_score": [0.3706806561549005, 0.6041168972260608, 0.2402157257582586, 0.319680757382457, 0.319680757382457, 0.0, 0.0, 0.0, 0.0, 0.0, 0.0, 0.0, 0.0, 0.35355324917200237], "layer_D_star_score": [9.829448678828552, 67.4673591366031, 23.6732400434923, 38.23938312506949, 38.23938312506949, 0.0, 0.0, 0.0, 0.0, 0.0, 0.0, 0.0, 0.0, 62.499950000039995], "layer_Op2_score": [34.122000215872845, 90.62779422714745, 30.932095433257594, 45.89377012994433, 45.89377012994433, 0.0, 0.0, 0.0, 0.0, 0.0, 0.0, 0.0, 0.0, 62.00396864764393], "layer_Barinel_score": [0.5006718919456942, 0.4995730114219186, 0.32122616660907966, 0.3450686430923753, 0.3450686430923753, 0.0, 0.0, 0.0, 0.0, 0.0, 0.0, 0.0, 0.0, 0.25], "time": 6.605707406997681}