{"neuron_counts": [4704, 1176, 1600, 400, 400, 128, 128, 64, 64, 64, 64, 64, 64, 2], "neuron_counts_selected": [500, 500, 500, 400, 400, 128, 128, 64, 64, 64, 64, 64, 64, 2], "layer_tarantula_score": [0.47438934993184817, 0.4909070830752594, 0.20705349386869076, 0.25407481395466575, 0.25407481395466575, NaN, NaN, NaN, NaN, NaN, NaN, NaN, NaN, 0.5], "layer_ochiai_score": [0.3996327795001575, 0.6343827791163503, 0.13189634231100833, 0.20760702149246224, 0.20760702149246224, NaN, NaN, NaN, NaN, NaN, NaN, NaN, NaN, 0.7071064983440047], "layer_D_star_score": [13.911941328809919, 81.92155225031708, 7.612127065711155, 19.545508242281098, 19.545508242281098, NaN, NaN, NaN, NaN, NaN, NaN, NaN, NaN, 124.99990000007999], "layer_Op2_score": [41.45433342861474, 101.3711930118087, 13.472618562042397, 26.665299030228933, 26.665299030228933, NaN, NaN, NaN, NaN, NaN, NaN, NaN, NaN, 124.00793729528786], "layer_Barinel_score": [0.4743893499318482, 0.49090708307525943, 0.20705349386869074, 0.25407481395466575, 0.25407481395466575, NaN, NaN, NaN, NaN, NaN, NaN, NaN, NaN, 0.5], "time": 7.858320474624634}