{"neuron_counts": [4704, 1176, 1600, 400, 400, 128, 128, 64, 64, 64, 64, 64, 64, 2], "neuron_counts_selected": [1000, 1000, 1000, 400, 400, 128, 128, 64, 64, 64, 64, 64, 64, 2], "layer_tarantula_score": [0.47740891135040486, 0.4934510512267727, 0.27280951502312367, 0.3115843952024362, 0.3115843952024362, NaN, NaN, NaN, NaN, NaN, NaN, NaN, NaN, 0.5], "layer_ochiai_score": [0.4510026317200739, 0.6660282558810617, 0.18873638079879299, 0.267692678026166, 0.267692678026166, NaN, NaN, NaN, NaN, NaN, NaN, NaN, NaN, 0.7071064983440047], "layer_D_star_score": [22.115016137595227, 98.92585905848414, 11.769720006677327, 28.434032983006286, 28.434032983006286, NaN, NaN, NaN, NaN, NaN, NaN, NaN, NaN, 124.99990000007999], "layer_Op2_score": [52.49080084243742, 111.22289646681394, 20.416267305614056, 36.345321511505695, 36.345321511505695, NaN, NaN, NaN, NaN, NaN, NaN, NaN, NaN, 124.00793729528786], "layer_Barinel_score": [0.47740891135040486, 0.4934510512267727, 0.27280951502312367, 0.3115843952024362, 0.3115843952024362, NaN, NaN, NaN, NaN, NaN, NaN, NaN, NaN, 0.5], "time": 10.979519367218018}