{"neuron_counts": [4704, 1176, 1600, 400, 400, 128, 128, 64, 64, 64, 64, 64, 64, 2], "neuron_counts_selected": [1000, 1000, 1000, 400, 400, 128, 128, 64, 64, 64, 64, 64, 64, 2], "layer_tarantula_score": [0.47926540718831856, 0.49336409332730263, 0.2558641257643199, 0.3115843952024362, 0.3115843952024362, NaN, NaN, NaN, NaN, NaN, NaN, NaN, NaN, 0.5], "layer_ochiai_score": [0.45336281675287804, 0.6667205434248386, 0.17992545546958336, 0.267692678026166, 0.267692678026166, NaN, NaN, NaN, NaN, NaN, NaN, NaN, NaN, 0.7071064983440047], "layer_D_star_score": [22.43237123178065, 99.30996909977273, 11.37837351961229, 28.434032983006286, 28.434032983006286, NaN, NaN, NaN, NaN, NaN, NaN, NaN, NaN, 124.99990000007999], "layer_Op2_score": [52.82598787364613, 111.48333707219362, 19.67967407713964, 36.345321511505695, 36.345321511505695, NaN, NaN, NaN, NaN, NaN, NaN, NaN, NaN, 124.00793729528786], "layer_Barinel_score": [0.4792654071883185, 0.49336409332730263, 0.25586412576431994, 0.3115843952024362, 0.3115843952024362, NaN, NaN, NaN, NaN, NaN, NaN, NaN, NaN, 0.5], "time": 11.07004976272583}