{"neuron_counts": [4704, 1176, 1600, 400, 400, 128, 128, 64, 64, 64, 64, 64, 64, 2], "neuron_counts_selected": [500, 500, 500, 400, 400, 128, 128, 64, 64, 64, 64, 64, 64, 2], "layer_tarantula_score": [0.46076704704419036, 0.4880211893975866, 0.17022553967024537, 0.21078491861750356, 0.21078491861750356, NaN, NaN, NaN, NaN, NaN, NaN, NaN, NaN, 0.125], "layer_ochiai_score": [0.3379862427391475, 0.5879217366905843, 0.09478059555887687, 0.15788655233464174, 0.15788655233464174, NaN, NaN, NaN, NaN, NaN, NaN, NaN, NaN, 0.17677662458600119], "layer_D_star_score": [7.503683026035645, 60.99159857897717, 5.0393681395207945, 12.61227381767081, 12.61227381767081, NaN, NaN, NaN, NaN, NaN, NaN, NaN, NaN, 31.249975000019997], "layer_Op2_score": [30.42485714100862, 87.44799409963962, 9.05954710625788, 18.641807458391863, 18.641807458391863, NaN, NaN, NaN, NaN, NaN, NaN, NaN, NaN, 31.001984323821965], "layer_Barinel_score": [0.46076704704419036, 0.4880211893975866, 0.17022553967024537, 0.21078491861750356, 0.21078491861750356, NaN, NaN, NaN, NaN, NaN, NaN, NaN, NaN, 0.125], "time": 8.295222997665405}