{"neuron_counts": [4, 4, 2, 4, 4, 2], "neuron_counts_selected": [4, 4, 2, 4, 4, 2], "layer_tarantula_score": [0.25, 0.0625, NaN, 0.0625, NaN, 1.0], "layer_ochiai_score": [0.1000105403346846, 0.010319887084631947, NaN, 0.02732339696002681, NaN, 0.9999996846643704], "layer_D_star_score": [3.7512331771087246, 0.007572892246512472, NaN, 0.4475199544412439, NaN, 251416345.47695124], "layer_Op2_score": [7.26273283852896, 0.27018852606626265, NaN, 1.89402799811573, NaN, 158.56113820394245], "layer_Barinel_score": [0.25, 0.0625, NaN, 0.0625, NaN, 1.0], "time": 0.1420598030090332}