{"neuron_counts": [29, 60, 40, 25, 2], "neuron_counts_selected": [29, 60, 40, 25, 2], "layer_tarantula_score": [0.5013891428259241, 0.5141418924576469, 0.5166329224693917, 0.516693867102111, 0.46607190743194693], "layer_ochiai_score": [0.433885251816014, 0.4362835855939305, 0.44439218186854673, 0.44992382935992303, 0.374588917978698], "layer_D_star_score": [11.425773876237653, 11.549889490418924, 12.478958432456125, 13.083556433050296, 6.7405532600763], "layer_Op2_score": [27.61777111744172, 27.305467241880276, 28.17504805406397, 28.976304960770975, 22.208409986038212], "layer_Barinel_score": [0.43813459059562304, 0.4506452457463376, 0.45311387401005554, 0.4531691591905489, 0.40277356840612283], "time": 0.22798848152160645}