{"neuron_counts": [29, 60, 40, 25, 2], "neuron_counts_selected": [29, 60, 40, 25, 2], "layer_tarantula_score": [0.5080863002286428, 0.516646861166835, 0.5168300812797014, 0.527760431679558, 0.47790753924815677], "layer_ochiai_score": [0.4253470946499095, 0.41908713221268135, 0.4305480629292438, 0.44770560597686476, 0.3798872592303501], "layer_D_star_score": [10.448132141981226, 9.964991850474558, 11.170491231377099, 12.465596288426216, 6.881687448806785], "layer_Op2_score": [26.161951220602145, 25.15298283072541, 26.421210845864483, 28.09735028462166, 22.2266977464293], "layer_Barinel_score": [0.4448419845132914, 0.45311980466261054, 0.45355690234442336, 0.4643168510912461, 0.414249961462014], "time": 0.21525001525878906}