{"neuron_counts": [173056, 43264, 30976, 6400, 6400, 64, 1], "neuron_counts_selected": [1000, 1000, 1000, 1000, 1000, 64, 1], "layer_tarantula_score": [0.3536405325397537, 0.3698000340266482, 0.1171280107773749, 0.12152451118191278, 0.11045001016290773, 0.11730958110658188, 0.5000000460068256], "layer_ochiai_score": [0.6888920478358164, 0.7203707700042409, 0.22816546119269054, 0.2367298475916182, 0.21515671051100216, 0.22851916034311076, 0.9740005002761511], "layer_D_star_score": [124213.10676064245, 129888.98862004068, 41140.177012136686, 42684.4088630507, 38794.58840747307, 41203.95198307793, 175620.59034618826], "layer_Op2_score": [6719.170873498237, 7026.201436259831, 2225.432454911411, 2308.965971986913, 2098.5504289748537, 2228.8822915541145, 9500.001941941371], "layer_Barinel_score": [0.6709812062905643, 0.7016414977533698, 0.22223327568647108, 0.23057499241138246, 0.20956274588117765, 0.2225777788395529, 0.9486769845232151], "time": 561.2536392211914}