{"neuron_counts": [173056, 43264, 30976, 6400, 6400, 64, 1], "neuron_counts_selected": [1000, 1000, 1000, 1000, 1000, 64, 1], "layer_tarantula_score": [0.36125003323993177, 0.3706605341058261, 0.14098051297213035, 0.13886451277742964, 0.11328801042404228, 0.11730958110658188, 0.5000000460068256], "layer_ochiai_score": [0.7037153614495201, 0.722047024865217, 0.2746301550583638, 0.2705081849411952, 0.220685137350569, 0.22851916034311076, 0.9740005002761511], "layer_D_star_score": [126885.876525121, 130191.23165602666, 49518.157274601595, 48774.93093625648, 39791.41087827802, 41203.95198307793, 175620.59034618826], "layer_Op2_score": [6863.751403052645, 7042.550939601927, 2678.630047551737, 2638.4260393334343, 2152.4724399973056, 2228.8822915541145, 9500.001941941371], "layer_Barinel_score": [0.6854191213180226, 0.703274170843735, 0.26748991123315, 0.2634751102346479, 0.21494743644533204, 0.2225777788395529, 0.9486769845232151], "time": 545.7886545658112}