{"neuron_counts": [173056, 43264, 30976, 6400, 6400, 64, 1], "neuron_counts_selected": [500, 500, 500, 500, 500, 64, 1], "layer_tarantula_score": [0.41000003772559707, 0.4400000404860066, 0.2210000203350169, 0.2420000222673036, 0.2460000226353582, 0.24218752228455614, 0.5000000460068256], "layer_ochiai_score": [0.7986804102264441, 0.857120440243013, 0.4305082211220588, 0.4714162421336572, 0.4792082461358664, 0.4717814923212607, 0.9740005002761511], "layer_D_star_score": [144008.88408387435, 154546.11950464564, 77624.30093301521, 85000.36572755512, 86405.33045032462, 85066.22344893494, 175620.59034618826], "layer_Op2_score": [7790.0015923919245, 8360.001708908407, 4199.000858338086, 4598.0009398996235, 4674.0009554351545, 4601.563440627851, 9500.001941941371], "layer_Barinel_score": [0.7779151273090366, 0.8348357463804295, 0.4193152271592611, 0.4591596605092361, 0.46674907638542185, 0.45951541437843235, 0.9486769845232151], "time": 254.59965634346008}