{"neuron_counts": [1, 5, 1], "neuron_counts_selected": [1, 5, 1], "layer_tarantula_score": [0.480646528411142, 0.18907766671295853, NaN], "layer_ochiai_score": [0.951076253386054, 0.29441428985679713, NaN], "layer_D_star_score": [3336.999368325837, 266.27886479867146, NaN], "layer_Op2_score": [345.04024117942265, 92.21049624483148, NaN], "layer_Barinel_score": [0.9774022528632552, 0.3531667630430398, NaN], "time": 0.11495375633239746}