{"neuron_counts": [12, 12, 1], "neuron_counts_selected": [12, 12, 1], "layer_tarantula_score": [0.5240204883494367, 0.41488855745622544, 0.7620136841819898], "layer_ochiai_score": [0.3244349745414016, 0.29651215849815477, 0.7567319077679135], "layer_D_star_score": [16.637613059037815, 24.29677649017701, 168.78059071151958], "layer_Op2_score": [33.19622426278512, 34.92846184150437, 110.73869359864644], "layer_Barinel_score": [0.4342851594121801, 0.3497200861786211, 0.6809815950920246], "time": 0.16490507125854492}