{"neuron_counts": [12, 12, 1], "neuron_counts_selected": [12, 12, 1], "layer_tarantula_score": [0.6139940443043697, 0.2796070548093027, 0.819090778120631], "layer_ochiai_score": [0.2656598933876498, 0.2224037673598153, 0.7810994677432057], "layer_D_star_score": [12.223834991674817, 33.281200080888226, 247.5154753175446], "layer_Op2_score": [25.318338722678053, 32.88224089517828, 138.67506534789317], "layer_Barinel_score": [0.5869135245335587, 0.2676689552978151, 0.7959747990742075], "time": 0.1316220760345459}