{"neuron_counts": [16, 16, 16, 1], "neuron_counts_selected": [16, 16, 16, 1], "layer_tarantula_score": [0.4567469917094475, 0.49688365688434627, 0.1144139783245553, 0.5000010071442262], "layer_ochiai_score": [0.5729082407424525, 0.7583774059147724, 0.18289697799816218, 0.8999994444449588], "layer_D_star_score": [22.132042107594962, 201.81275912840357, 66.10711953278353, 345.3139720317261], "layer_Op2_score": [33.488674158191714, 62.195511502911245, 15.550586875971874, 80.05000474997625], "layer_Barinel_score": [0.7742524263859865, 0.8075536846256424, 0.1941015625, 0.81], "time": 0.12119507789611816}