{"neuron_counts": [960000, 160000, 160000, 20000, 20000, 20000, 10, 1], "neuron_counts_selected": [500, 500, 500, 500, 500, 500, 10, 1], "layer_tarantula_score": [0.16067955131425213, 0.40270532392302255, 0.054164353492437284, 0.09925027505962816, 0.059444412461747656, 0.06143963701673414, 0.07999997435917983, 0], "layer_ochiai_score": [0.0678310800802779, 0.31411671830460647, 0.044220998796771986, 0.09949899061908533, 0.06874167221428805, 0.06740167098628709, 0.11085078980707952, 0], "layer_D_star_score": [0.03989760204646888, 1.0219100446596971, 0.253426351759935, 1.0439963621505086, 0.7516408849108698, 0.6846021703810553, 1.7722940592764669, 0], "layer_Op2_score": [0.2662428389225795, 2.71676266232384, 0.4269031282919395, 1.2438942092413663, 0.9181985745244696, 0.8676919876572317, 1.7714296326454813, 0], "layer_Barinel_score": [0.15615479999999968, 0.3851803697295481, 0.051961711618343315, 0.09524474587403255, 0.056994563703891415, 0.05890446083161195, 0.07680000000000001, 0], "time": 1.2767727375030518}