{"neuron_counts": [960000, 160000, 160000, 20000, 20000, 20000, 10, 1], "neuron_counts_selected": [500, 500, 500, 500, 500, 500, 10, 1], "layer_tarantula_score": [0.39644897411494656, 0.47332728364902693, 0.10855070823732617, 0.16821235922922995, 0.11991557017149426, 0.1332021318607697, 0.07999997435917983, 0], "layer_ochiai_score": [0.2749760358932372, 0.5765322908041007, 0.10561700491411335, 0.20133218851479134, 0.15302700515249093, 0.16676609638136103, 0.11085078980707952, 0], "layer_D_star_score": [0.5752474383313023, 6.161344049806453, 0.9210583433769411, 2.519451863228457, 2.12799263558979, 2.2667414247187754, 1.7722940592764669, 0], "layer_Op2_score": [2.104279246376812, 7.953459045835387, 1.243110826979807, 2.8305617646445387, 2.2812651169063063, 2.4603506513810633, 1.7714296326454813, 0], "layer_Barinel_score": [0.3793559283827284, 0.45360639763413924, 0.10407277776719133, 0.16128694165124138, 0.11503809153704982, 0.12777119950757343, 0.07680000000000001, 0], "time": 1.2831122875213623}