{"neuron_counts": [960000, 160000, 160000, 20000, 20000, 20000, 10, 1], "neuron_counts_selected": [200, 200, 200, 200, 200, 200, 10, 1], "layer_tarantula_score": [0.4371258900529503, 0.4885267177041268, 0.15035827648959973, 0.27070599590022115, 0.2007222426745744, 0.21897743147098805, 0.07999997435917983, 0], "layer_ochiai_score": [0.38395125134990254, 0.6482077105528484, 0.14602966932365885, 0.30929724255428637, 0.23097291454957888, 0.255883473445697, 0.11085078980707952, 0], "layer_D_star_score": [1.5641745586170017, 8.843892082286917, 1.30963788775595, 3.7658788953931333, 2.951757530082245, 3.4704661547177094, 1.7722940592764669, 0], "layer_Op2_score": [3.7781938954007477, 9.829856061563847, 1.7227671488060785, 4.232075766601667, 3.226293088085084, 3.6771557794230065, 1.7714296326454813, 0], "layer_Barinel_score": [0.4184503010286282, 0.468599909679089, 0.14418917346589982, 0.2598735363164751, 0.19254579652255638, 0.21019352273346414, 0.07680000000000001, 0], "time": 0.596174955368042}