{"neuron_counts": [6229504, 6229504, 6229504, 6229504, 10903552, 10903552, 10903552, 351232, 351232, 442368, 442368, 442368, 442368, 512000, 512000, 512000, 13824, 13824, 13824, 256, 256, 256, 256, 512, 512, 512, 512, 1, 1, 1], "neuron_counts_selected": [500, 500, 500, 500, 500, 500, 500, 500, 500, 500, 500, 500, 500, 500, 500, 500, 500, 500, 500, 256, 256, 256, 256, 500, 500, 500, 500, 1, 1, 1], "layer_tarantula_score": [0.02698113211107149, 0.4926180426098392, 0.5009471442142166, 0.49871123442654036, 0.4985810727913297, 0.5016107427688912, 0.5021715600705267, 0.5002023421657709, 0.500739427347489, 0.328649797641491, 0.33059844364136565, 0.33277246211761463, 0.3171806211693598, 0.3174744752186672, 0.292697461941478, 0.30387613566693517, 0.3229677079857425, 0.3400856347886988, 0.3177185944649562, 0.27930374110504136, 0.24007967236073285, 0.24007967236073285, 0.24007967236073285, 0.2200163294500001, 0.22454518049058145, 0.21155471420760769, 0.20522588560472793, 0.0, 0.0, 0.5000000178062342], "layer_ochiai_score": [0.00373059848616043, 0.2984146101788015, 0.3047852810181952, 0.30081229093840345, 0.3206280646504055, 0.2714995094706347, 0.2725484953330608, 0.6920296968952593, 0.6923497424142306, 0.41581172301730807, 0.22862107456606248, 0.2462744354992578, 0.21045266627188158, 0.3168068463933032, 0.30252089570946894, 0.30503820335146253, 0.3776737024045248, 0.4104068750219566, 0.370950722118755, 0.33938997367335766, 0.31179460229128775, 0.31179460229128775, 0.31179460229128775, 0.27884977753938106, 0.298696617871835, 0.26650444362274217, 0.26769117123689995, 0.0, 0.0, 0.7137457662709261], "layer_D_star_score": [0.0005276020805913562, 1.9645076185322172, 2.1063029942975127, 1.9893240700202564, 4.986714868677476, 1.4217908037416644, 1.4306186038580573, 49.91777671442824, 50.03820703368619, 30.23240816343572, 8.245399571387908, 8.657835568385924, 7.086214461165056, 18.046830170526594, 17.595892387860243, 17.591341828054553, 25.902153822058924, 28.62265033367189, 25.35390018805555, 23.58808526972009, 22.432868760053825, 22.432868760053825, 22.432868760053825, 20.15979761596707, 22.11631943351748, 19.48779892858631, 19.727518725106805, 0.0, 0.0, 56.07681523689377], "layer_Op2_score": [0.027283020220716565, 9.507773924954858, 9.779773924954858, 9.553056937628421, 12.536453278390042, 7.849736121252601, 7.908038011249035, 49.869662117618645, 49.86400173584578, 29.578227444853876, 11.595924939764265, 12.556868360625735, 10.323056960269884, 20.03920824677689, 19.338000675470422, 19.330491240582568, 26.00445373876653, 28.54392552466882, 25.508415987894363, 23.70076733935408, 22.20673722048402, 22.20673722048402, 22.20673722048402, 19.86649126699761, 21.546302644711993, 19.045132748806132, 19.252642187467572, 0.0, 0.0, 53.018869775717405], "layer_Barinel_score": [0.027, 0.5016563612990025, 0.5099328738958653, 0.5077481773666853, 0.5070890600303226, 0.5104402300603875, 0.511050663875518, 0.5096298483061592, 0.5101668284907189, 0.33451758421515354, 0.3356714629047152, 0.33805980590214374, 0.321835339644378, 0.3227620091953411, 0.2977624351872868, 0.3090198237543075, 0.32876252298575337, 0.34612894117609344, 0.32340727908472766, 0.284253922658897, 0.2445534838511542, 0.2445534838511542, 0.2445534838511542, 0.22405538038467843, 0.22875425185556758, 0.21540852019563944, 0.20901134594151147, 0.0, 0.0, 0.5094339622641509], "time": 30.064066410064697}