{"neuron_counts": [6229504, 6229504, 6229504, 6229504, 10903552, 10903552, 10903552, 351232, 351232, 442368, 442368, 442368, 442368, 512000, 512000, 512000, 13824, 13824, 13824, 256, 256, 256, 256, 512, 512, 512, 512, 1, 1, 1], "neuron_counts_selected": [500, 500, 500, 500, 500, 500, 500, 500, 500, 500, 500, 500, 500, 500, 500, 500, 500, 500, 500, 256, 256, 256, 256, 500, 500, 500, 500, 1, 1, 1], "layer_tarantula_score": [0.0007289811339977453, 0.43467319061459586, 0.43924477950780133, 0.4416476021392579, 0.4182086002169138, 0.43088363210274777, 0.4340372602969148, 0.49335025057675874, 0.49387862090432, 0.20143612008477302, 0.17148611376122977, 0.1782450288307158, 0.15279266036587216, 0.1728558052547199, 0.15150318183372785, 0.1600220141459029, 0.19308800765284892, 0.21313413054453156, 0.18664770483960968, 0.1440413813291894, 0.11207416431255654, 0.11207416431255654, 0.11207416431255654, 0.09216993061759966, 0.09858494183590923, 0.08444527446928451, 0.08097162360979625, NaN, NaN, 0.5000000178062342], "layer_ochiai_score": [0.00010238415816319095, 0.2589455813059681, 0.26350566418310156, 0.2619083511154465, 0.24038296040825363, 0.2275142529661916, 0.23013959581272805, 0.6784409983319747, 0.6785796790013576, 0.2433535168447668, 0.0945302448460552, 0.10791990353838177, 0.08180835107046587, 0.14945616871174794, 0.13541669597080086, 0.13821714934445878, 0.2027884811383177, 0.23853398854958133, 0.1959019899846308, 0.16312805469675476, 0.13698247593882412, 0.13698247593882412, 0.13698247593882412, 0.10960398472401937, 0.12537198282191225, 0.10004879221205375, 0.10075832964884078, NaN, NaN, 0.7137457662709261], "layer_D_star_score": [1.475468921197852e-05, 1.2939964667135113, 1.3580411675049675, 1.3057492860134634, 1.705899019707852, 0.8296166011719127, 0.8449573594903255, 46.17616868212465, 46.2521178134444, 16.319773162736826, 1.623189888518954, 1.9500572207798201, 1.3063806203553865, 6.131820446614351, 5.805933137077491, 5.7690213395835155, 12.0263771216098, 14.63620797060299, 11.522077098686932, 9.991125693638839, 9.004715667056674, 9.004715667056674, 9.004715667056674, 7.271861738802301, 8.737209470034438, 6.783235149545559, 6.952932480465972, NaN, NaN, 56.07681523689377], "layer_Op2_score": [-0.0005546389836998616, 7.891613326480517, 8.059511438204833, 7.944958223271279, 7.317500658715747, 6.1108191288016425, 6.199254223588256, 48.236286079384755, 48.25561921169205, 16.562712198369418, 3.4145954510953755, 4.1246989441906665, 2.8502335402084107, 8.098107380318156, 7.497613170571396, 7.494541548955575, 12.900606944401996, 15.50473699657168, 12.412796286490016, 10.700629269223795, 9.35206694923085, 9.35206694923085, 9.35206694923085, 7.475532040633882, 8.778290651225173, 6.862247340899345, 7.009825079680973, NaN, NaN, 53.018869775717405], "layer_Barinel_score": [0.0007300000000000012, 0.44369003683859226, 0.44825948899462775, 0.45072702819735483, 0.42679555426689103, 0.43977196122525875, 0.44296518370254906, 0.5027807383253069, 0.5033092130286475, 0.20528399875098885, 0.17484832320128527, 0.18175734209910055, 0.15575165133166063, 0.17621420355467335, 0.15447100033029385, 0.16316538593615604, 0.19683881644538742, 0.21724314804513425, 0.19026764494078324, 0.14680937590246837, 0.11423597403028357, 0.11423597403028357, 0.11423597403028357, 0.0939502324731575, 0.10049241192558608, 0.08609716585480318, 0.08254075226899396, NaN, NaN, 0.5094339622641509], "time": 1631.8020668029785}