{"neuron_counts": [6229504, 6229504, 6229504, 6229504, 10903552, 10903552, 10903552, 351232, 351232, 442368, 442368, 442368, 442368, 512000, 512000, 512000, 13824, 13824, 13824, 256, 256, 256, 256, 512, 512, 512, 512, 1, 1, 1], "neuron_counts_selected": [100, 100, 100, 100, 100, 100, 100, 100, 100, 100, 100, 100, 100, 100, 100, 100, 100, 100, 100, 100, 100, 100, 100, 100, 100, 100, 100, 1, 1, 1], "layer_tarantula_score": [0.456648982728594, 0.4699836282888893, 0.4705922606888469, 0.47420501680793975, 0.4679412754366912, 0.4652050436961085, 0.4623441836190521, 0.49966393371497586, 0.4989828801763274, 0.2253459973661105, 0.30720251864698017, 0.3135604172092485, 0.3152511138817956, 0.2002845764468714, 0.21002832965907542, 0.2533981770345311, 0.2784898865178709, 0.261845460799795, 0.2820444228033361, 0.20141323079094306, 0.1344347288196781, 0.12661029491380538, 0.13404842060493757, 0.11750389233953185, 0.12486221583672312, 0.14055241947609473, 0.15571036365258223, NaN, NaN, 0.5000000178062342], "layer_ochiai_score": [0.3660175449442327, 0.44146890603016115, 0.4406213463027418, 0.4446441079658703, 0.4420301043679659, 0.4174063258740736, 0.4082380004091285, 0.7127883741553486, 0.7110719513753685, 0.2592430317718086, 0.23020554577390198, 0.23334867533909, 0.24618545331750408, 0.1737485499206914, 0.18966699181420024, 0.26200255634921954, 0.296113586193897, 0.28836981112801374, 0.26279172384092586, 0.238869860057883, 0.17800939598222776, 0.1637170877216495, 0.15991649873495756, 0.1462358084150737, 0.14456627875624742, 0.17835864022040893, 0.1945988756579076, NaN, NaN, 0.7137457662709261], "layer_D_star_score": [4.430377846074961, 8.80873958633488, 8.925376102328498, 8.991090342280241, 11.490072215056319, 7.3148828184943175, 6.754935668525532, 55.78341151688868, 55.2927412241623, 17.18485401966719, 6.0123048334770415, 6.265533197477491, 7.580972487753718, 7.888398793504185, 9.469739957945263, 13.829723374809387, 15.867163281079796, 16.827412491138674, 13.856483647637814, 14.805004824558024, 12.389147133247603, 11.512992751289875, 10.307866381594684, 9.914657713691643, 9.433574650814347, 11.691750821695747, 12.818827229558558, NaN, NaN, 56.07681523689377], "layer_Op2_score": [14.987742109920546, 21.212451747449542, 21.24670835922952, 21.437917788268326, 21.942529091643213, 19.160062997805664, 18.400219582227205, 52.88437354438954, 52.72589430114283, 17.590589299642826, 10.53477962249128, 10.576351324431467, 11.886564589123415, 9.732124879198343, 10.936996599629063, 16.031770361188002, 18.298572345712568, 18.4394798949436, 15.535409984698148, 15.77226470119868, 12.561523081088533, 11.48843625068633, 10.80666831119188, 10.047690916620917, 9.629036177856282, 12.11245324291841, 13.339843863502145, NaN, NaN, 53.018869775717405], "layer_Barinel_score": [0.4659025354970974, 0.479325596040356, 0.47990977213140174, 0.4835637580904987, 0.4772457247395874, 0.47452619564594567, 0.4716224475935533, 0.5090978881523828, 0.5084167300091169, 0.22965965645868727, 0.3132523248058975, 0.319717574648014, 0.321613429313863, 0.20424522426542754, 0.21408840381471939, 0.2582563493361861, 0.28385817554342846, 0.2669576821414663, 0.287721888878305, 0.20532866614337097, 0.13698520843462336, 0.12903809100166902, 0.13666023331541322, 0.1197568986872448, 0.12721928065745172, 0.1432018699083467, 0.15866781503680272, NaN, NaN, 0.5094339622641509], "time": 2434.6406543254852}