{"neuron_counts": [6229504, 6229504, 6229504, 6229504, 10903552, 10903552, 10903552, 351232, 351232, 442368, 442368, 442368, 442368, 512000, 512000, 512000, 13824, 13824, 13824, 256, 256, 256, 256, 512, 512, 512, 512, 1, 1, 1], "neuron_counts_selected": [500, 500, 500, 500, 500, 500, 500, 500, 500, 500, 500, 500, 500, 500, 500, 500, 500, 500, 500, 256, 256, 256, 256, 500, 500, 500, 500, 1, 1, 1], "layer_tarantula_score": [0.0, 0.48991859023171686, 0.5023718355663289, 0.5056929265003962, 0.48315481177768244, 0.4938990438414196, 0.5047226962307402, 0.5003784518434485, 0.5016930709224633, 0.32417174953054817, 0.2826893437735071, 0.29665054957040504, 0.2829515320005841, 0.2981066706880766, 0.2800965224728716, 0.28532584128408983, 0.3093556093154246, 0.3304297005976957, 0.3014807459094587, 0.2643776757621429, 0.2314500166892973, 0.2314500166892973, 0.2314500166892973, 0.2056351574194967, 0.2157788172838832, 0.19378004946823976, 0.19241108689506797, 0.0, 0.0, 0.5000000178062342], "layer_ochiai_score": [0.0, 0.24415416309572627, 0.24975852490842215, 0.249298641847157, 0.259311118452255, 0.2132662318234637, 0.21941366328788445, 0.6595917216640419, 0.6607016311838964, 0.4083091509254808, 0.18594014980104423, 0.19966336261160794, 0.16877636299753196, 0.29745748889399193, 0.2838918457447827, 0.2835021077097302, 0.35784987803358137, 0.3933698031268898, 0.3514812325607702, 0.33124414391407536, 0.29920224526900274, 0.29920224526900274, 0.29920224526900274, 0.2608102011433014, 0.285576614040713, 0.25361837609924226, 0.25579059530422227, 0.0, 0.0, 0.7137457662709261], "layer_D_star_score": [0.0, 0.9511817631785445, 1.0007073701375517, 0.9853186473143537, 2.888982609073412, 0.5978704773764185, 0.6388740603344966, 41.70414261782243, 42.0106694895196, 29.670421879019116, 6.094885970352395, 6.103323196615285, 4.843685160039875, 16.68266397952609, 16.045936649581503, 16.05303005885725, 24.289527294233377, 27.20619009497627, 24.189952744747096, 22.96832443477708, 21.256320356560224, 21.256320356560224, 21.256320356560224, 18.916026600799764, 20.838812321365054, 18.6288105633205, 18.809227475388777, 0.0, 0.0, 56.07681523689377], "layer_Op2_score": [0.0, 6.441207778853248, 6.611849287076817, 6.52675493819823, 8.810868243644824, 4.965962441580299, 5.147849234246728, 45.37113365823838, 45.40351100846979, 29.027661389318133, 9.053924849198395, 9.535321084299841, 7.766490833036164, 18.645321405053952, 17.88728363908747, 17.8031704317539, 24.52128387682287, 27.18856698383588, 24.228076324384297, 23.136866966111857, 21.159862183632676, 21.159862183632676, 21.159862183632676, 18.59603839238039, 20.513396952081223, 18.24781196639252, 18.425057254608955, 0.0, 0.0, 53.018869775717405], "layer_Barinel_score": [0.0, 0.49867069951144855, 0.5111281165316438, 0.5144091947275141, 0.491023016107909, 0.5023666094311605, 0.5131620176349279, 0.5097967984051789, 0.5111098385197663, 0.32995630597079556, 0.28687367969638217, 0.30114253993732865, 0.28675578070312346, 0.30322499845002737, 0.28488432272992753, 0.290227206436723, 0.3148047810976724, 0.33631686652905546, 0.3069068850085391, 0.26925579276303857, 0.23581208218391883, 0.23581208218391883, 0.23581208218391883, 0.20935843495356987, 0.21981527181178567, 0.19735453383102647, 0.19599978373881363, 0.0, 0.0, 0.5094339622641509], "time": 30.160320043563843}