{"neuron_counts": [6229504, 6229504, 6229504, 6229504, 10903552, 10903552, 10903552, 351232, 351232, 442368, 442368, 442368, 442368, 512000, 512000, 512000, 13824, 13824, 13824, 256, 256, 256, 256, 512, 512, 512, 512, 1, 1, 1], "neuron_counts_selected": [500, 500, 500, 500, 500, 500, 500, 500, 500, 500, 500, 500, 500, 500, 500, 500, 500, 500, 500, 256, 256, 256, 256, 500, 500, 500, 500, 1, 1, 1], "layer_tarantula_score": [0.30609468048114397, 0.4926229499755623, 0.5017776242527471, 0.5008244242234763, 0.5010495382749226, 0.5047141099630172, 0.5003169761929757, 0.5000901738606159, 0.5001738071399892, 0.3371115195597399, 0.359544322484001, 0.3824059430161115, 0.3782059718407823, 0.3259571533452557, 0.3047956661294896, 0.3192675131217281, 0.33377245929514776, 0.3597804619804327, 0.32906438862083, 0.28244287168534166, 0.25543773822631977, 0.25543773822631977, 0.25543773822631977, 0.2253353302269603, 0.23526869360099714, 0.22544546393399237, 0.2195140078882591, 0.0, 0.0, 0.5000000178062342], "layer_ochiai_score": [0.05202893669170046, 0.3543921284651944, 0.36266391959064903, 0.35927657099858257, 0.3871903706368527, 0.3317017043953859, 0.3305498410489807, 0.7059843270546603, 0.706385236673634, 0.4241155587266951, 0.27697114858434235, 0.2986237437648786, 0.2607498125018852, 0.3347048857975188, 0.32289501620495686, 0.3270940119624794, 0.39571942193706694, 0.42788791777176766, 0.3882533436360303, 0.34654370770289633, 0.32696725039508834, 0.32696725039508834, 0.32696725039508834, 0.2967759690652104, 0.31146188983975204, 0.2852003056715873, 0.2817033581353, 0.0, 0.0, 0.7137457662709261], "layer_D_star_score": [0.014781874799438424, 3.775702012824381, 4.024749545550974, 3.9025113018021975, 8.333028977741012, 2.973430880151307, 2.919018804419182, 53.83355251026104, 53.906858523038956, 30.79471794094243, 10.96594737058723, 11.752163303271638, 9.495056912191828, 19.59742648707442, 19.35071582933032, 19.290496947262024, 27.25847166354373, 29.840204852874056, 26.611490430862883, 24.047244509497265, 23.691652004451992, 23.691652004451992, 23.691652004451992, 21.647444729616794, 23.188617377497344, 20.557465346164086, 20.718508194210123, 0.0, 0.0, 56.07681523689377], "layer_Op2_score": [0.498150961979317, 13.348340101245093, 13.743585381914373, 13.51558537436722, 17.313962871768165, 11.554340018226382, 11.568717387325686, 51.87826596176233, 51.927662189316614, 30.147246333497485, 14.693359012530163, 15.990302444712368, 13.282906126592213, 21.458868673832693, 20.934415825630516, 20.976868654964804, 27.31883114560161, 29.77396330572961, 26.749963200069434, 24.216687172229392, 23.31198489926198, 23.31198489926198, 23.31198489926198, 21.244076222497693, 22.519698906228477, 20.2290573149862, 20.20339693698691, 0.0, 0.0, 53.018869775717405], "layer_Barinel_score": [0.30760000000000004, 0.5017736593732925, 0.5109297942860898, 0.509983257637135, 0.5099874288203375, 0.5137752148862376, 0.5094051384647337, 0.5095212324123337, 0.5096058394229526, 0.34319870513262857, 0.36556618632904553, 0.3886519691352887, 0.38383454188442523, 0.331460804851847, 0.3100729069298728, 0.32470663074997524, 0.3398572845483149, 0.3661045910082574, 0.3350478710537468, 0.28757087990633856, 0.2601882168856734, 0.2601882168856734, 0.2601882168856734, 0.22961710091009463, 0.23964488561394853, 0.22963551264847398, 0.2235259225665044, 0.0, 0.0, 0.5094339622641509], "time": 31.662408113479614}