{"neuron_counts": [6229504, 6229504, 6229504, 6229504, 10903552, 10903552, 10903552, 351232, 351232, 442368, 442368, 442368, 442368, 512000, 512000, 512000, 13824, 13824, 13824, 256, 256, 256, 256, 512, 512, 512, 512, 1, 1, 1], "neuron_counts_selected": [500, 500, 500, 500, 500, 500, 500, 500, 500, 500, 500, 500, 500, 500, 500, 500, 500, 500, 500, 256, 256, 256, 256, 500, 500, 500, 500, 1, 1, 1], "layer_tarantula_score": [0.3965382671886804, 0.4545126252500686, 0.4631089486985335, 0.46150040877471177, 0.4600136474855061, 0.46278652366472334, 0.4559532861220956, 0.4984809162707423, 0.49850163597293945, 0.2218503842958412, 0.28807290335287095, 0.2863462458942796, 0.26720076410518234, 0.1999599832719145, 0.17867966691570392, 0.1978429562351222, 0.23396978628275672, 0.2562649969340765, 0.2192937085744771, 0.1534069443358982, 0.13346139432988208, 0.13346139432988208, 0.13346139432988208, 0.11225060280040536, 0.12474607598695668, 0.11181687446377003, 0.1055928461528282, 0, 0, 0.5000000090711003], "layer_ochiai_score": [0.15550766050396253, 0.37305565653557315, 0.3836984394177793, 0.37929123752702615, 0.3718634785446909, 0.3511949812728684, 0.3505006973065847, 0.7054109990123502, 0.7054905354223706, 0.2605779113692584, 0.1881562264769451, 0.19968402379885689, 0.16834043370177496, 0.18228456445280525, 0.1697501528405111, 0.17847049019772585, 0.24651811113754502, 0.27903371957080747, 0.23279625667438697, 0.177544537052407, 0.16206378213602096, 0.16206378213602096, 0.16206378213602096, 0.1414626584707959, 0.1506063292209395, 0.13204337359767399, 0.12611389235031248, 0, 0, 0.7104653069522461], "layer_D_star_score": [0.22702300022548474, 4.847710662004528, 5.2404284438324975, 5.057949314265336, 6.303599340329707, 3.763224209046929, 3.8246677229509207, 52.554636125060085, 52.57011384772644, 16.871586135853953, 4.121119125669376, 5.208704762312597, 3.4615910862887445, 8.040830416810032, 7.849578257373171, 7.941387596881898, 14.135850695112824, 16.857657490262095, 13.445614633894145, 10.654048072787166, 10.490564818327714, 10.490564818327714, 10.490564818327714, 9.246466787188425, 10.04647172532554, 8.305873124257687, 8.152022947635533, 0, 0, 54.019126886294444], "layer_Op2_score": [3.0651060408791686, 15.568649626645984, 16.162459061511203, 15.867795658287443, 15.66781567227987, 13.440162257746685, 13.609089829204096, 51.38538107954513, 51.39933255381027, 17.495733529619724, 7.679194247075001, 8.809164169992126, 6.680043642944069, 10.177095913026577, 9.735525029733893, 9.93222148740096, 15.44286598709058, 17.95728630253151, 14.680304980518907, 11.545466420654085, 10.93981800399168, 10.93981800399168, 10.93981800399168, 9.67565642635393, 10.25673327445042, 8.74618401187925, 8.443742265852338, 0, 0, 52.018869775717405], "layer_Barinel_score": [0.40067989289697237, 0.4591747011457638, 0.4677884080847193, 0.46617734712432574, 0.46465255034907943, 0.46744700218663254, 0.46060556815715065, 0.5032426366422814, 0.5032634132326371, 0.22400354058876973, 0.2909981911039522, 0.28922864682057425, 0.26989662836867706, 0.20191466940533315, 0.18043675160602585, 0.1997905711386096, 0.23626439421376827, 0.2587484302299125, 0.2214573676787121, 0.15489920410195798, 0.1347575848503348, 0.1347575848503348, 0.1347575848503348, 0.11333645055193843, 0.1259619900336926, 0.11290773402285104, 0.10661977599128585, 0, 0, 0.5047619047619047], "time": 92.74097681045532}