{"neuron_counts": [6229504, 6229504, 6229504, 6229504, 10903552, 10903552, 10903552, 351232, 351232, 442368, 442368, 442368, 442368, 512000, 512000, 512000, 13824, 13824, 13824, 256, 256, 256, 256, 512, 512, 512, 512, 1, 1, 1], "neuron_counts_selected": [500, 500, 500, 500, 500, 500, 500, 500, 500, 500, 500, 500, 500, 500, 500, 500, 500, 500, 500, 256, 256, 256, 256, 500, 500, 500, 500, 1, 1, 1], "layer_tarantula_score": [0.4968675262268068, 0.5005437757280364, 0.49842924110579995, 0.5029862159943846, 0.5046272727141093, 0.4977527590885332, 0.4996357226120615, 0.4995631732157046, 0.5001828338234128, 0.32890262757331007, 0.4136675468671305, 0.398155139806527, 0.4155631351949081, 0.3471242507521706, 0.33369915580676557, 0.3184531268515991, 0.3593786369837716, 0.3606961912159413, 0.39231562444436907, 0.2862017177133533, 0.26480723363625414, 0.26480723363625414, 0.26480723363625414, 0.23547220479609818, 0.2524548054075979, 0.23463428449596746, 0.23051260054579803, 0.0, 0.0, 0.5000000178062342], "layer_ochiai_score": [0.20110103831664009, 0.4156958839658775, 0.4172859381373687, 0.42129036308008466, 0.45654184666847974, 0.3895017462798925, 0.3929077387364204, 0.7108797439823971, 0.7108045385472487, 0.417991939478404, 0.3356916914645441, 0.3246575651020293, 0.35231777471364883, 0.36392551051603117, 0.36030323693412186, 0.3308460299010923, 0.42505456682895365, 0.4310065222178409, 0.452571797341442, 0.35527323316152737, 0.3403585485735677, 0.3403585485735677, 0.3403585485735677, 0.3070938655677616, 0.3196903683510044, 0.28845553878463015, 0.28223796275836666, 0.0, 0.0, 0.7137457662709261], "layer_D_star_score": [0.4720925834021301, 6.816229136795538, 6.942737347571188, 7.127829675903846, 14.268938863221292, 5.503187261383219, 5.695334560171306, 55.218285519023205, 55.210671244033456, 29.73448993530644, 13.820628702194444, 14.228973312716484, 16.198862281438974, 21.643378902742853, 21.677325195422288, 20.433893337284786, 29.237318901851065, 29.93552029534312, 30.74119339876392, 24.827939238470925, 24.710730733775062, 24.710730733775062, 24.710730733775062, 22.5566989320461, 23.04173360556803, 20.68188996978803, 20.527169171935807, 0.0, 0.0, 56.07681523689377], "layer_Op2_score": [4.365283171163828, 18.065472329297496, 18.267887434174657, 18.465887430401075, 23.538302708862812, 16.056528866926666, 16.268377927588816, 52.64019052039524, 52.56985089084738, 29.5227180137396, 18.25917045062179, 18.06000063018749, 20.02347239722189, 23.467208363757802, 23.40415176197781, 21.70181208337343, 29.416718017513173, 29.99203878860606, 31.1384916594497, 24.875737896603024, 24.278966064156013, 24.278966064156013, 24.278966064156013, 22.058264927802025, 22.643057394231334, 20.37207618476192, 20.00611390544546, 0.0, 0.0, 53.018869775717405], "layer_Barinel_score": [0.5050008933962494, 0.5097887474745822, 0.5076940159646534, 0.5122413601744576, 0.5137868084732323, 0.5069928408759773, 0.5088266098114238, 0.5089967445957003, 0.5096156306521678, 0.33491917321807385, 0.42057759260687694, 0.40466213844184973, 0.4224236229765951, 0.353087436122072, 0.33958825844111507, 0.3238131898485314, 0.36593215142253815, 0.3671262792145681, 0.3991103706409648, 0.29137659776894775, 0.2696465786620005, 0.2696465786620005, 0.2696465786620005, 0.2398597235060639, 0.25704959342527695, 0.23878565505658905, 0.23459402784081027, 0.0, 0.0, 0.5094339622641509], "time": 27.223353385925293}