{"neuron_counts": [6229504, 6229504, 6229504, 6229504, 10903552, 10903552, 10903552, 351232, 351232, 442368, 442368, 442368, 442368, 512000, 512000, 512000, 13824, 13824, 13824, 256, 256, 256, 256, 512, 512, 512, 512, 1, 1, 1], "neuron_counts_selected": [1000, 1000, 1000, 1000, 1000, 1000, 1000, 1000, 1000, 1000, 1000, 1000, 1000, 1000, 1000, 1000, 1000, 1000, 1000, 256, 256, 256, 256, 512, 512, 512, 512, 1, 1, 1], "layer_tarantula_score": [0.45865562699939855, 0.4653354164660402, 0.46788776302929286, 0.46930070388522394, 0.46754582718127613, 0.46048899676526417, 0.46720612261172095, 0.49949678348215004, 0.4995071813829324, 0.2165999686029651, 0.3452216274021243, 0.305226836057727, 0.32182739819539696, 0.22904258082704287, 0.19846612184090912, 0.20151611612597564, 0.271948278679372, 0.2623531725702758, 0.24435461445434298, 0.15344611007076045, 0.1477068247221152, 0.1477068247221152, 0.1477068247221152, 0.11736039972476786, 0.12158558002638709, 0.12158558002638709, 0.12158558002638709, NaN, NaN, 0.5000000178062342], "layer_ochiai_score": [0.3638578860513812, 0.43784210594558226, 0.43930252402863373, 0.4424760179733356, 0.43759025310524624, 0.4077264616809388, 0.41365444371433663, 0.7121382152293163, 0.7121832665592256, 0.25707043849622924, 0.2519947036513318, 0.22978898668004535, 0.24200568644853426, 0.20293672986470057, 0.1889648578653872, 0.19795265331699458, 0.298036129864077, 0.28420053328650924, 0.27709022995366805, 0.18413835196853784, 0.17838869543232436, 0.17838869543232436, 0.17838869543232436, 0.14596715649122266, 0.15052639703995535, 0.15052639703995535, 0.15052639703995535, NaN, NaN, 0.7137457662709261], "layer_D_star_score": [4.376725218748366, 8.792588908575356, 8.817232774790092, 8.996284279799227, 11.046025593288674, 6.8154745313934475, 7.047926300073146, 55.582105049109536, 55.596782609402496, 17.260895127775147, 6.872786042979392, 6.407324541542924, 7.07568348932715, 9.036305969689503, 9.245036874302334, 10.060582980133049, 18.239359499167783, 16.814900145136356, 17.393693925815082, 11.55580445132812, 11.793650328905185, 11.793650328905185, 11.793650328905185, 10.175738254053842, 10.13822853848303, 10.13822853848303, 10.13822853848303, NaN, NaN, 56.07681523689377], "layer_Op2_score": [14.811545175575139, 21.206605284065496, 21.21481015974121, 21.46788980837206, 21.445004013805637, 18.4680600221943, 18.72275397328495, 52.82081909233944, 52.82962790427564, 17.540407369918167, 11.380151702404337, 10.63123943950297, 11.317570419538812, 11.286396132288445, 11.04993690170399, 11.823353909262439, 19.340014170344983, 18.178108719043934, 18.262669847764478, 12.25432298508234, 12.140059702547099, 12.140059702547099, 12.140059702547099, 10.165255272561748, 10.321525930943785, 10.321525930943785, 10.321525930943785, NaN, NaN, 53.018869775717405], "layer_Barinel_score": [0.46790321022058, 0.4746496112047326, 0.4772108759675491, 0.4786362563311821, 0.47685359952721496, 0.4697797203776394, 0.47651451095268754, 0.5089307925471093, 0.5089411733054235, 0.22074849226615886, 0.3520619645289712, 0.311361903995347, 0.3281814889998916, 0.23351890617054744, 0.2023466943790513, 0.20546786800028546, 0.2772265592582628, 0.26744881611510024, 0.2490689859950067, 0.15640230765583943, 0.15055065658080277, 0.15055065658080277, 0.15055065658080277, 0.11959845934242987, 0.12388776389949377, 0.12388776389949377, 0.12388776389949377, NaN, NaN, 0.5094339622641509], "time": 991.5357754230499}