{"neuron_counts": [6229504, 6229504, 6229504, 6229504, 10903552, 10903552, 10903552, 351232, 351232, 442368, 442368, 442368, 442368, 512000, 512000, 512000, 13824, 13824, 13824, 256, 256, 256, 256, 512, 512, 512, 512, 1, 1, 1], "neuron_counts_selected": [500, 500, 500, 500, 500, 500, 500, 500, 500, 500, 500, 500, 500, 500, 500, 500, 500, 500, 500, 256, 256, 256, 256, 500, 500, 500, 500, 1, 1, 1], "layer_tarantula_score": [0.0, 0.5002418634823975, 0.5100289760063254, 0.5079777059899262, 0.4732048191472911, 0.4985293528927928, 0.4906560839880425, 0.49848880492543285, 0.5001096885122466, 0.30550671593189827, 0.2973498589328226, 0.2811665105399589, 0.3116279929576029, 0.3012829145814316, 0.29450852652549, 0.2651255340235947, 0.3187150633433492, 0.3202075095079645, 0.3324697987066239, 0.2643776757621429, 0.2314500166892973, 0.2314500166892973, 0.2314500166892973, 0.19315209420654714, 0.19777122234147465, 0.18867774790395817, 0.1808022207987642, 0.0, 0.0, 0.5000000178062342], "layer_ochiai_score": [0.0, 0.24584345285637932, 0.25249477130029035, 0.2527325685446783, 0.2759751882870334, 0.2176729055254873, 0.21564423680800843, 0.6579655315417484, 0.6576253965227254, 0.3881276239737637, 0.18443016059423123, 0.18796536759369487, 0.20580159717005905, 0.3018645911683996, 0.29305694031036594, 0.27478109619998564, 0.36770159791776225, 0.37964783287815884, 0.38341827639029397, 0.33124414391407536, 0.29920224526900274, 0.29920224526900274, 0.29920224526900274, 0.26389454219649233, 0.27441285482317435, 0.23861351279799042, 0.24622596316947762, 0.0, 0.0, 0.7137457662709261], "layer_D_star_score": [0.0, 0.9275587500078668, 0.9956963559162714, 1.0153787808731844, 3.8801953250365964, 0.6519256268428871, 0.6523184231688295, 41.62792010921181, 41.38629173337504, 27.31423707419759, 5.103758043065407, 5.8427457853724665, 6.583039486069831, 16.649995939849696, 16.379410304743146, 15.811625792034066, 24.75415653031156, 26.07886536449005, 25.64578198477856, 22.96832443477708, 21.256320356560224, 21.256320356560224, 21.256320356560224, 19.815788687882957, 20.48936453508132, 17.234961761015832, 18.450795749710274, 0.0, 0.0, 56.07681523689377], "layer_Op2_score": [0.0, 6.410754941971808, 6.644754941971807, 6.677660604413953, 10.19369847604061, 5.139245461801015, 5.123886977571741, 45.31113366578554, 45.137171386469085, 27.22422736560874, 8.427887087005496, 8.94626445233122, 9.98494374161558, 18.836868583266824, 18.320076113063937, 17.538415708649605, 25.145208427908628, 26.189699030756543, 26.043321669204392, 23.136866966111857, 21.159862183632676, 21.159862183632676, 21.159862183632676, 19.180868598361137, 19.973585608329042, 16.984868522889577, 17.90452893107749, 0.0, 0.0, 53.018869775717405], "layer_Barinel_score": [0.0, 0.5090333511070972, 0.5187701020741572, 0.516646898692534, 0.4811802520776242, 0.5069044925169505, 0.49900453408820283, 0.5079039101280804, 0.5095259664364141, 0.3112375724876438, 0.3016924452329241, 0.2853319833087432, 0.31605864035504044, 0.30650475580996817, 0.29960093666554827, 0.26966913260993725, 0.3244312853505561, 0.32597347962443435, 0.33847831331570183, 0.26925579276303857, 0.23581208218391883, 0.23581208218391883, 0.23581208218391883, 0.1968218480892379, 0.2015237210159991, 0.1921342544358704, 0.1842071572072282, 0.0, 0.0, 0.5094339622641509], "time": 30.56862473487854}