{"neuron_counts": [5120000, 5120000, 128, 25, 2], "neuron_counts_selected": [500, 500, 128, 25, 2], "layer_tarantula_score": [0.004, 0.134, 0.359375, 0.8, 1.0], "layer_ochiai_score": [0.001337365912611987, 0.06574323991147547, 0.26442440850731186, 0.5122775392480796, 0.8461529457730044], "layer_D_star_score": [0.0008982404083352829, 0.39661850129670556, 4.413166903161291, 9.40883542249264, 30.658506477131272], "layer_Op2_score": [0.006813056687820147, 0.5353179457131487, 2.98933874991018, 5.461913138841006, 10.849035873140375], "layer_Barinel_score": [0.004, 0.134, 0.359375, 0.8, 1.0], "time": 11.119277954101562}