{"neuron_counts": [5120000, 5120000, 128, 25, 2], "neuron_counts_selected": [500, 500, 128, 25, 2], "layer_tarantula_score": [0.364816, 0.36240399999999995, 0.6103515625, 0.7744, 1.0], "layer_ochiai_score": [0.1280645831493521, 0.1480443577921632, 0.3047978805108403, 0.432952033883534, 0.8944227188975016], "layer_D_star_score": [0.0850986555678267, 0.3239321978829474, 2.411407555982161, 5.612474537836494, 31.998400079996003], "layer_Op2_score": [0.464796, 0.66434, 1.75384521484375, 2.7344000000000004, 8.0], "layer_Barinel_score": [0.364816, 0.36240399999999995, 0.6103515625, 0.7744, 1.0], "time": 9.708452463150024}