{"neuron_counts": [5120000, 5120000, 128, 25, 2], "neuron_counts_selected": [200, 200, 128, 25, 2], "layer_tarantula_score": [0.62, 0.59, 0.78125, 0.88, 1.0], "layer_ochiai_score": [0.2515599338678998, 0.30307025195952514, 0.47897514026740096, 0.5920567207312483, 0.8852328176314816], "layer_D_star_score": [0.5586773512365045, 3.2516079909064772, 9.230773708210517, 17.008145479941565, 42.91561250715735], "layer_Op2_score": [1.654548303719396, 2.6653114406465566, 4.946610896375368, 6.601512627215309, 11.849035873140375], "layer_Barinel_score": [0.62, 0.59, 0.78125, 0.88, 1.0], "time": 10.380189180374146}