{"neuron_counts": [5120000, 5120000, 128, 25, 2], "neuron_counts_selected": [1000, 1000, 128, 25, 2], "layer_tarantula_score": [0.587, 0.558, 0.78125, 0.88, 1.0], "layer_ochiai_score": [0.23533273026123008, 0.29272695382353114, 0.47897514026740096, 0.5920567207312483, 0.8852328176314816], "layer_D_star_score": [0.4871510871092251, 2289.8043872390203, 9.230773708210517, 17.008145479941565, 42.91561250715735], "layer_Op2_score": [1.5251063837196062, 2.6260209664853353, 4.946610896375368, 6.601512627215309, 11.849035873140375], "layer_Barinel_score": [0.587, 0.558, 0.78125, 0.88, 1.0], "time": 11.691093444824219}