{"neuron_counts": [5120000, 5120000, 128, 25, 2], "neuron_counts_selected": [500, 500, 128, 25, 2], "layer_tarantula_score": [0.002, 0.162, 0.359375, 0.8, 1.0], "layer_ochiai_score": [0.0006099865211691758, 0.07326502588510289, 0.26442440850731186, 0.5122775392480796, 0.8461529457730044], "layer_D_star_score": [0.00028851054091662043, 0.4230292802376051, 4.413166903161291, 9.40883542249264, 30.658506477131272], "layer_Op2_score": [0.002813056687820147, 0.5587151428458148, 2.98933874991018, 5.461913138841006, 10.849035873140375], "layer_Barinel_score": [0.002, 0.162, 0.359375, 0.8, 1.0], "time": 9.097915887832642}