{"neuron_counts": [5120000, 5120000, 128, 25, 2], "neuron_counts_selected": [500, 500, 128, 25, 2], "layer_tarantula_score": [0.0, 0.018, 0.296875, 0.6, 1.0], "layer_ochiai_score": [0.0, 0.006289819643449796, 0.19642450848522075, 0.41713486446128273, 0.8461529457730044], "layer_D_star_score": [0.0, 0.0062345675456754075, 2.0358034252961397, 7.414295625923627, 30.658506477131272], "layer_Op2_score": [0.0, 0.034511128434100896, 2.009207327446413, 4.631893281785816, 10.849035873140375], "layer_Barinel_score": [0.0, 0.018, 0.296875, 0.6, 1.0], "time": 11.361823558807373}