{"neuron_counts": [5120000, 5120000, 128, 25, 2], "neuron_counts_selected": [1000, 1000, 128, 25, 2], "layer_tarantula_score": [0.34456899999999996, 0.3113640000000001, 0.6103515625, 0.7744, 1.0], "layer_ochiai_score": [0.12054765444390626, 0.13086413584709009, 0.3047978805108403, 0.432952033883534, 0.8944227188975016], "layer_D_star_score": [0.07864626413195144, 1.3235075708234771, 2.411407555982161, 5.612474537836494, 31.998400079996003], "layer_Op2_score": [0.4356929999999999, 0.607809, 1.75384521484375, 2.7344000000000004, 8.0], "layer_Barinel_score": [0.34456899999999996, 0.3113640000000001, 0.6103515625, 0.7744, 1.0], "time": 15.291620016098022}