{"neuron_counts": [5120000, 5120000, 128, 25, 2], "neuron_counts_selected": [2000, 2000, 128, 25, 2], "layer_tarantula_score": [0.34456899999999996, 0.364816, 0.6103515625, 0.7744, 1.0], "layer_ochiai_score": [0.12001472850278834, 0.15474019976854636, 0.3047978805108403, 0.432952033883534, 0.8944227188975016], "layer_D_star_score": [0.07696355862677969, 1.370598066515689, 2.411407555982161, 5.612474537836494, 31.998400079996003], "layer_Op2_score": [0.4315239999999999, 0.7226045, 1.75384521484375, 2.7344000000000004, 8.0], "layer_Barinel_score": [0.34456899999999996, 0.364816, 0.6103515625, 0.7744, 1.0], "time": 12.89612889289856}