{"neuron_counts": [5120000, 5120000, 128, 25, 2], "neuron_counts_selected": [500, 500, 128, 25, 2], "layer_tarantula_score": [0.578, 0.56, 0.78125, 0.88, 1.0], "layer_ochiai_score": [0.22605569478884663, 0.2956466774694547, 0.47897514026740096, 0.5920567207312483, 0.8852328176314816], "layer_D_star_score": [0.43377354069180224, 3.273273780050668, 9.230773708210517, 17.008145479941565, 42.91561250715735], "layer_Op2_score": [1.4321154664275328, 2.6337088298140885, 4.946610896375368, 6.601512627215309, 11.849035873140375], "layer_Barinel_score": [0.578, 0.56, 0.78125, 0.88, 1.0], "time": 11.491302251815796}