{"neuron_counts": [51200, 51200, 128, 128, 32, 32, 1], "neuron_counts_selected": [200, 200, 128, 128, 32, 32, 1], "layer_tarantula_score": [0.005, 0.0, 0.003871294850546978, 0.003871294850546978, 0.0, 0.0, 0.49999993481954036], "layer_ochiai_score": [0.0007457974915732284, 0.0, 0.005213447048679998, 0.005213447048679998, 0.0, 0.0, 0.6766079253836738], "layer_D_star_score": [0.00015113316470681014, 0.0, 0.3743832432209896, 0.3743832432209896, 0.0, 0.0, 50.411295253224736], "layer_Op2_score": [0.006641809493303299, 0.0, 0.4504712602369015, 0.4504712602369015, 0.0, 0.0, 58.719379205417546], "layer_Barinel_score": [0.005, 0.0, 0.0035418756469166018, 0.0035418756469166018, 0.0, 0.0, 0.45779905145351296], "time": 1.715451717376709}