{"neuron_counts": [51200, 51200, 128, 128, 32, 32, 1], "neuron_counts_selected": [2000, 2000, 128, 128, 32, 32, 1], "layer_tarantula_score": [0.0015, 0.0005, 0.003871294850546978, 0.003871294850546978, 0.0, 0.0, 0.49999993481954036], "layer_ochiai_score": [0.00021297787798419548, 6.85594265781204e-05, 0.005213447048679998, 0.005213447048679998, 0.0, 0.0, 0.6766079253836738], "layer_D_star_score": [3.7505873775112175e-05, 1.0755149094917256e-05, 0.3743832432209896, 0.3743832432209896, 0.0, 0.0, 50.411295253224736], "layer_Op2_score": [0.0018082822114229202, 0.0005437109447604351, 0.4504712602369015, 0.4504712602369015, 0.0, 0.0, 58.719379205417546], "layer_Barinel_score": [0.0015, 0.0005, 0.0035418756469166018, 0.0035418756469166018, 0.0, 0.0, 0.45779905145351296], "time": 5.036998748779297}