{"neuron_counts": [51200, 51200, 128, 128, 32, 32, 1], "neuron_counts_selected": [500, 500, 128, 128, 32, 32, 1], "layer_tarantula_score": [0, 4.000000000000004e-06, 3.0189428448744204e-05, 3.0189428448744204e-05, 0, 0, 0.49999993978334045], "layer_ochiai_score": [0, 5.834593452933602e-07, 4.115957712010666e-05, 4.115957712010666e-05, 0, 0, 0.6855647307163106], "layer_D_star_score": [0, 8.69563327036729e-08, 0.002391669471445423, 0.002391669471445423, 0, 0, 41.6791666430818], "layer_Op2_score": [0, 4.000000000000004e-06, 0.0027477124228562017, 0.0027477124228562017, 0, 0, 46.01852033607345], "layer_Barinel_score": [0, 4.000000000000004e-06, 2.835976957070828e-05, 2.835976957070828e-05, 0, 0, 0.47], "time": 2.3142189979553223}