{"neuron_counts": [51200, 51200, 128, 128, 32, 32, 1], "neuron_counts_selected": [2000, 2000, 128, 128, 32, 32, 1], "layer_tarantula_score": [1.4506802026935092e-06, 6.474999550005243e-07, 3.0189428448744204e-05, 3.0189428448744204e-05, 0, 0, 0.49999993978334045], "layer_ochiai_score": [2.5113371446105403e-07, 1.1382272025316822e-07, 4.115957712010666e-05, 4.115957712010666e-05, 0, 0, 0.6855647307163106], "layer_D_star_score": [4.778069558734017e-08, 2.1392183650486574e-08, 0.002391669471445423, 0.002391669471445423, 0, 0, 41.6791666430818], "layer_Op2_score": [-0.00010878683141320042, -1.7527743467109965e-05, 0.0027477124228562017, 0.0027477124228562017, 0, 0, 46.01852033607345], "layer_Barinel_score": [1.4166666666671955e-06, 6.250000000000145e-07, 2.835976957070828e-05, 2.835976957070828e-05, 0, 0, 0.47], "time": 4.9324822425842285}