{"neuron_counts": [51200, 51200, 128, 128, 32, 32, 1], "neuron_counts_selected": [100, 100, 100, 100, 32, 32, 1], "layer_tarantula_score": [0.0, 0.0, 0.009910514817400263, 0.0, 0.0, 0.0, 0.49999993481954036], "layer_ochiai_score": [0.0, 0.0, 0.013346424444620794, 0.0, 0.0, 0.0, 0.6766079253836738], "layer_D_star_score": [0.0, 0.0, 0.9584211026457333, 0.0, 0.0, 0.0, 50.411295253224736], "layer_Op2_score": [0.0, 0.0, 1.1532064262064678, 0.0, 0.0, 0.0, 58.719379205417546], "layer_Barinel_score": [0.0, 0.0, 0.009067201656106501, 0.0, 0.0, 0.0, 0.45779905145351296], "time": 1.4432399272918701}