{"neuron_counts": [51200, 51200, 128, 128, 32, 32, 1], "neuron_counts_selected": [1000, 1000, 128, 128, 32, 32, 1], "layer_tarantula_score": [1.000000000000001e-06, 4.000000000000004e-06, 3.0244491019894826e-05, 3.0244491019894826e-05, 0, 0, 0.49999993481954036], "layer_ochiai_score": [1.4915949831467893e-07, 5.478107872771294e-07, 4.07300550678148e-05, 4.07300550678148e-05, 0, 0, 0.6766079253836738], "layer_D_star_score": [3.022663294129158e-08, 8.580020090968662e-08, 0.0029248690876638563, 0.0029248690876638563, 0, 0, 50.411295253224736], "layer_Op2_score": [1.3283618986606608e-06, 4.48085466027259e-06, 0.0035193067206006428, 0.0035193067206006428, 0, 0, 58.719379205417546], "layer_Barinel_score": [1.000000000000001e-06, 4.000000000000004e-06, 2.7670903491534772e-05, 2.7670903491534772e-05, 0, 0, 0.45779905145351296], "time": 3.3275179862976074}