{"neuron_counts": [51200, 51200, 128, 128, 32, 32, 1], "neuron_counts_selected": [2000, 2000, 128, 128, 32, 32, 1], "layer_tarantula_score": [1.000000000000001e-06, 0, 3.0189428448744204e-05, 3.0189428448744204e-05, 0, 0, 0.49999993978334045], "layer_ochiai_score": [1.6096963468928488e-07, 0, 4.115957712010666e-05, 4.115957712010666e-05, 0, 0, 0.6855647307163106], "layer_D_star_score": [3.852648522284622e-08, 0, 0.002391669471445423, 0.002391669471445423, 0, 0, 41.6791666430818], "layer_Op2_score": [1.250000000000029e-06, -1.8513854603972967e-05, 0.0027477124228562017, 0.0027477124228562017, 0, 0, 46.01852033607345], "layer_Barinel_score": [1.000000000000001e-06, 0, 2.835976957070828e-05, 2.835976957070828e-05, 0, 0, 0.47], "time": 5.045497894287109}