{"neuron_counts": [3072, 3072, 3136, 4608, 1152, 1024, 512, 512, 512, 128, 128, 43], "neuron_counts_selected": [500, 500, 500, 500, 500, 500, 500, 500, 500, 128, 128, 43], "layer_tarantula_score": [0.4409774505156011, 0.3659013782321997, 0.47145445597569746, 0.45867655873567653, 0.4733586547136642, 0.43463498697591674, 0.3615204116612124, 0.35815585020715285, 0.365495312477585, 0.4853177622021233, 0.4853177622021233, 0.46506261513241487], "layer_ochiai_score": [0.04380490177113359, 0.046566497394735736, 0.09833489176081948, 0.08543809318596612, 0.11390411525727004, 0.09406731729093279, 0.05867880280692323, 0.059629852062230086, 0.06113923788575056, 0.10837737314098159, 0.10837737314098159, 0.03063843143015418], "layer_D_star_score": [0.6702394734271869, 1.5321558148739314, 4.6283715106563355, 3.5653169898210932, 5.737971058200579, 4.3846564974384465, 1.9790046837677224, 2.1334409631217897, 2.1722652812026437, 5.229381515465169, 5.229381515465169, 0.3752209254538517], "layer_Op2_score": [31.909080766425035, 57.3667166091423, 151.82096130406475, 118.40007939096252, 194.3799616818504, 145.4056166241939, 67.20655504188221, 69.15706336699955, 72.17935242391941, 160.86755229191388, 160.86755229191388, 11.406338842819943], "layer_Barinel_score": [0.02469929981179978, 0.025024566739426497, 0.028149171270638776, 0.026988462594736525, 0.02773485943875814, 0.02598598177595093, 0.021449544855232767, 0.021484920084821342, 0.021761828415047275, 0.0297629030354814, 0.0297629030354814, 0.04039992792850383], "time": 253.02109384536743}