{"neuron_counts": [3072, 3072, 3136, 4608, 1152, 1024, 512, 512, 512, 128, 128, 43], "neuron_counts_selected": [500, 500, 500, 500, 500, 500, 500, 500, 500, 128, 128, 43], "layer_tarantula_score": [0, 0.05145119965520338, 0.16662126604029942, 0.31352624146404223, 0.3704182808739475, 0.32104009222588736, 0.2081885405732662, 0.20824715745298386, 0.21509274718197494, 0.39501200673001974, 0.39501200673001974, 0.05572334499306921], "layer_ochiai_score": [0, 0.0050809940554394075, 0.009526588258466312, 0.024803038336468707, 0.043670513009977825, 0.04078190644614483, 0.021735948694752143, 0.022146932390399957, 0.02335872452728463, 0.06868362071105065, 0.06868362071105065, 0.002113176465971085], "layer_D_star_score": [0, 0.07876140674989637, 0.05563209169532862, 0.3037030370245808, 0.8707703458577699, 0.90383071127418, 0.33235453970107914, 0.3663958325971591, 0.38929465385767514, 2.116051609681902, 2.116051609681902, 0.0034003238173192806], "layer_Op2_score": [0, 3.819459346608932, 4.071234462637071, 16.640498522935793, 42.112215516141994, 40.44040914944936, 18.744643943259035, 19.06018465475538, 20.548183970817608, 90.74809038827686, 90.74809038827686, 0.6743785842369566], "layer_Barinel_score": [0, 0.002810156563699486, 0.008567107204668445, 0.015586144754596229, 0.01889234802384851, 0.01680801616090043, 0.010170791673650476, 0.010397831508076468, 0.010627654910654654, 0.020866008092773662, 0.020866008092773662, 0.002444832404523949], "time": 263.2806203365326}