{"neuron_counts": [3072, 3072, 3136, 4608, 1152, 1024, 512, 512, 512, 128, 128, 43], "neuron_counts_selected": [1000, 1000, 1000, 1000, 1000, 1000, 512, 512, 512, 128, 128, 43], "layer_tarantula_score": [0.43819866807183955, 0.49290482408282305, 0.4872616734759373, 0.4624729842346388, 0.47427700417602225, 0.39151254276524144, 0.2629322518648399, 0.2629322518648399, 0.2629322518648399, 0.4602091427098866, 0.4602091427098866, 0.4920564290336918], "layer_ochiai_score": [0.05476374070561055, 0.13948643779773162, 0.12695137373677828, 0.09980434728313906, 0.12646059724920275, 0.0845348750412639, 0.04095903116842118, 0.04095903116842118, 0.04095903116842118, 0.09753131167943724, 0.09753131167943724, 0.03435086263750997], "layer_D_star_score": [1.1039537246643951, 7.987958630063305, 7.061905094323706, 4.309551246777779, 6.803291197415309, 3.695258017647418, 1.215281989701649, 1.215281989701649, 1.215281989701649, 4.1443504884687234, 4.1443504884687234, 0.337516361910635], "layer_Op2_score": [49.53753872614403, 261.0040050776807, 228.11183878283526, 150.19097646972756, 233.36040625506442, 127.91229181833944, 46.90501463246871, 46.90501463246871, 46.90501463246871, 142.7984534113822, 142.7984534113822, 10.810066830868934], "layer_Barinel_score": [0.024023923156355473, 0.02945932815263156, 0.02900344043126535, 0.026594584397643894, 0.027573021140976945, 0.022427729180085443, 0.014438566970102191, 0.014438566970102191, 0.014438566970102191, 0.02665289556738086, 0.02665289556738086, 0.04321073645345721], "time": 401.6272473335266}