{"neuron_counts": [3072, 3072, 3136, 4608, 1152, 1024, 512, 512, 512, 128, 128, 43], "neuron_counts_selected": [200, 200, 200, 200, 200, 200, 200, 200, 200, 128, 128, 43], "layer_tarantula_score": [0, 0.042807384869237186, 0.10351315342204738, 0.26149906910655074, 0.31953383950760456, 0.28222962913608507, 0.16782554246174486, 0.20588847006564387, 0.18121524518649879, 0.3678923880734168, 0.3678923880734168, 0.007249929653478732], "layer_ochiai_score": [0, 0.0033017354762991226, 0.004394682127259199, 0.017199446607309724, 0.028763459940525152, 0.029415189288756995, 0.01536989504829928, 0.018902856241699465, 0.01683564521846103, 0.05957752393908002, 0.05957752393908002, 0.0002668058128861139], "layer_D_star_score": [0, 0.03361973040890319, 0.012558098772506921, 0.15143274249515437, 0.3968696814483889, 0.4837767078651183, 0.19712513723761838, 0.24136695600893412, 0.21207009158139561, 1.6178587690899975, 1.6178587690899975, 0.00030088594784456713], "layer_Op2_score": [0, 1.9054692185458757, 1.3143319064985406, 9.677561218310013, 22.430479650441168, 25.07786892455926, 12.404852279005649, 14.838214368261731, 13.529183170756093, 76.06970359208677, 76.06970359208677, 0.07344610126501637], "layer_Barinel_score": [0, 0.0022795844722510498, 0.0054279361661096134, 0.012797779941340345, 0.015555963320096728, 0.014050683413922377, 0.007827206989921462, 0.009841378158429647, 0.008472594166206401, 0.018740225237915947, 0.018740225237915947, 0.0002760136869136841], "time": 116.03484797477722}