{"neuron_counts": [3072, 3072, 3136, 4608, 1152, 1024, 512, 512, 512, 128, 128, 43], "neuron_counts_selected": [500, 500, 500, 500, 500, 500, 500, 500, 500, 128, 128, 43], "layer_tarantula_score": [0.4107480713900574, 0.2708107413700664, 0.4303172369514722, 0.422635673848545, 0.4396276173242568, 0.3556633039269878, 0.2442039929578751, 0.24702431775060588, 0.2317337852879988, 0.44173075992634514, 0.44173075992634514, 0.3246212974761388], "layer_ochiai_score": [0.0378643576626992, 0.02261573076499352, 0.07179234039266469, 0.06640645563264137, 0.09167721971084151, 0.06587857091778596, 0.03375311016775395, 0.033227400068332344, 0.03157822080519922, 0.08796776071703934, 0.08796776071703934, 0.015541845111432254], "layer_D_star_score": [0.4928655814630211, 0.45894982442043536, 2.6079650745371326, 1.9827119647488998, 3.742771158780689, 2.405906121772166, 0.8344452127844025, 0.8032012079656858, 0.7671007760134004, 3.3991829368222164, 3.3991829368222164, 0.07908486331718335], "layer_Op2_score": [26.14514740503724, 19.69943291389077, 93.62966546063035, 77.76026729116812, 140.8653529581576, 88.79897520066625, 35.944579746445854, 34.7479932846817, 33.03479914294558, 124.54566286687806, 124.54566286687806, 4.651384669841302], "layer_Barinel_score": [0.021783216643090804, 0.014184233099096352, 0.02419168311393211, 0.023074667217391123, 0.024320849085877658, 0.01977128884389541, 0.01280582041040924, 0.012959004327264188, 0.012215398115144578, 0.024896427233038577, 0.024896427233038577, 0.021106185360763197], "time": 253.4011754989624}