{"neuron_counts": [3072, 3072, 3136, 4608, 1152, 1024, 512, 512, 512, 128, 128, 43], "neuron_counts_selected": [500, 500, 500, 500, 500, 500, 500, 500, 500, 128, 128, 43], "layer_tarantula_score": [0.3992646722447147, 0.24397108631364595, 0.43119031085388393, 0.4098007023967846, 0.4451817484694749, 0.3643586626873033, 0.2523219189815129, 0.24462415942251228, 0.25596771726145234, 0.44031324912504627, 0.44031324912504627, 0.3189377339283855], "layer_ochiai_score": [0.040739782667458986, 0.025449035404778747, 0.08367422517592375, 0.07033780257838877, 0.1069004665534207, 0.07779849611627879, 0.03956607683654424, 0.038807035386472497, 0.04085900266279756, 0.0998942646354858, 0.0998942646354858, 0.017205409627598162], "layer_D_star_score": [0.35450242213105315, 0.42436989742564424, 2.3648534766686775, 1.5340146546492115, 3.3534994965459015, 2.1981221762238783, 0.7327118511065667, 0.7563935079639112, 0.7869633755814923, 2.969915241942968, 2.969915241942968, 0.058481438937172975], "layer_Op2_score": [16.48164227167672, 14.066808524593648, 65.57250180110685, 47.68928878458535, 97.0986087043554, 62.37162584834642, 24.576466005437194, 24.079224466573002, 25.762807205029084, 84.19992695854606, 84.19992695854606, 3.1044973096337336], "layer_Barinel_score": [0.027171207125379793, 0.016646658105772878, 0.03182587029548571, 0.028938087300001157, 0.032422844248189794, 0.026597298025394667, 0.01752048266584141, 0.01721896180477751, 0.017756324318593867, 0.03236499165854854, 0.03236499165854854, 0.026556072181164098], "time": 236.7241563796997}