{"neuron_counts": [3072, 3072, 3136, 4608, 1152, 1024, 512, 512, 512, 128, 128, 43], "neuron_counts_selected": [500, 500, 500, 500, 500, 500, 500, 500, 500, 128, 128, 43], "layer_tarantula_score": [0, 0.0393687823406167, 0.08073841724146164, 0.23576116666466698, 0.31973328538672774, 0.29150702066040246, 0.18764529807591496, 0.18853769999750633, 0.19378886002207066, 0.3678923880734168, 0.3678923880734168, 0.007249929653478732], "layer_ochiai_score": [0, 0.003061950273144632, 0.003385484930209886, 0.014513701319942058, 0.028825592306841712, 0.03008869653322703, 0.016967007403064525, 0.017460957074586364, 0.01837868863846006, 0.05957752393908002, 0.05957752393908002, 0.0002668058128861139], "layer_D_star_score": [0, 0.029663297818588626, 0.009792378513461672, 0.1146212366441546, 0.3962101551249788, 0.4998875532292233, 0.19795280403520812, 0.22560176073805302, 0.2385080733702989, 1.6178587690899975, 1.6178587690899975, 0.00030088594784456713], "layer_Op2_score": [0, 1.8015450617930537, 1.0301824277385452, 7.648553016536059, 22.15762788150263, 25.279744691477646, 13.122781979924822, 13.564974376704349, 14.593469216587307, 76.06970359208677, 76.06970359208677, 0.07344610126501637], "layer_Barinel_score": [0, 0.0020504680082316386, 0.004147151843432066, 0.011422044178011174, 0.015792093602088605, 0.014724132976746334, 0.008830270714534471, 0.009072340848695695, 0.009248720360657261, 0.018740225237915947, 0.018740225237915947, 0.0002760136869136841], "time": 260.47832560539246}