{"neuron_counts": [3072, 3072, 3136, 4608, 1152, 1024, 512, 512, 512, 128, 128, 43], "neuron_counts_selected": [100, 100, 100, 100, 100, 100, 100, 100, 100, 100, 100, 43], "layer_tarantula_score": [0.4235391736330069, 0.49171979341793715, 0.4942617585812082, 0.4504980406195209, 0.47164343026115774, 0.3760221713359338, 0.29856030971924047, 0.291613072055652, 0.31457082986757784, 0.4727102489037847, 0.46236211147205003, 0.4960494069721282], "layer_ochiai_score": [0.05973858249877181, 0.15686773441924365, 0.14666507834207534, 0.10945343867240714, 0.14527724351847862, 0.09674589653009211, 0.05240539689516521, 0.05215590998055573, 0.05717989214105233, 0.11676509511368535, 0.11149231641652849, 0.03989042991605652], "layer_D_star_score": [0.857251842839363, 6.909657377369973, 6.3901411324941035, 3.5835499701914473, 6.139289501016337, 3.3463809876997503, 1.1762544578220235, 1.1705891385231464, 1.3322423203728446, 4.039403811426237, 3.7328352246531393, 0.2792392535513411], "layer_Op2_score": [32.446184836283514, 173.8409444158324, 157.3888132301658, 97.83009490578827, 161.7386408261062, 91.44771229986523, 35.3701713603848, 34.97572889851437, 38.813586616298416, 102.5511286776095, 96.37277754071526, 7.695115452691775], "layer_Barinel_score": [0.029634888965051072, 0.03830984128268533, 0.03876968053495318, 0.03347229875841059, 0.03566312928567133, 0.027852137681700164, 0.021663195224130613, 0.021225261149922764, 0.022896177443429398, 0.03637070673411411, 0.03513791150889185, 0.05582829993634925], "time": 52.07331585884094}