{"neuron_counts": [3072, 3072, 3136, 4608, 1152, 1024, 512, 512, 512, 128, 128, 43], "neuron_counts_selected": [500, 500, 500, 500, 500, 500, 500, 500, 500, 128, 128, 43], "layer_tarantula_score": [0.4291072931247816, 0.49294207872495543, 0.48846941965095514, 0.4591707454435424, 0.48077970845159995, 0.3834705170204812, 0.27072645499944853, 0.2628343752317676, 0.27704270466603775, 0.4602091427098866, 0.4602091427098866, 0.4920564290336918], "layer_ochiai_score": [0.0532334039082275, 0.1396610148477293, 0.1262803595343421, 0.09647820705526326, 0.13195135369466335, 0.08411234309143652, 0.04232973390692373, 0.04137067070483756, 0.04393893690508048, 0.09753131167943724, 0.09753131167943724, 0.03435086263750997], "layer_D_star_score": [1.0484982827704126, 8.015010802530565, 7.005830354311484, 4.085892316852887, 7.345387241270235, 3.7600314104603667, 1.26126988842575, 1.2718976308561993, 1.3404460345155396, 4.1443504884687234, 4.1443504884687234, 0.337516361910635], "layer_Op2_score": [48.164450144316305, 261.9479753796419, 226.91492256392212, 142.2172834712041, 247.30996384104964, 128.8153896629614, 48.456205853823114, 47.012666357968186, 50.78650142022742, 142.7984534113822, 142.7984534113822, 10.810066830868934], "layer_Barinel_score": [0.023279456769304468, 0.029467259757582263, 0.02911820431751318, 0.026324602584643652, 0.028219638750703845, 0.02203883784922416, 0.014921748351110813, 0.014681861623268885, 0.015272067543460556, 0.02665289556738086, 0.02665289556738086, 0.04321073645345721], "time": 246.93127727508545}