{"neuron_counts": [3072, 3072, 3136, 4608, 1152, 1024, 512, 512, 512, 128, 128, 43], "neuron_counts_selected": [200, 200, 200, 200, 200, 200, 200, 200, 200, 128, 128, 43], "layer_tarantula_score": [0, 0.10435995997919263, 0.3412735021438219, 0.3748539314330936, 0.40517714223917783, 0.3402000575964055, 0.2258067076876703, 0.2079598639297342, 0.2471352594135839, 0.41984063800009747, 0.41984063800009747, 0.14302018749078554], "layer_ochiai_score": [0, 0.009450919682090629, 0.030729761435599585, 0.041584225609929214, 0.06468489377192804, 0.051030962070112276, 0.028129500922441836, 0.023847934800689086, 0.030146408839690976, 0.07820463162809822, 0.07820463162809822, 0.0059892285050748085], "layer_D_star_score": [0, 0.18652981734405794, 0.4591111520438769, 0.8087480850967219, 1.8872781667048153, 1.4069915515386835, 0.5826198399275145, 0.4169883218417921, 0.6291259042323147, 2.7086268577081563, 2.7086268577081563, 0.0178273999822885], "layer_Op2_score": [0, 7.819500871803675, 21.8200122956274, 36.92226125300414, 79.98577938632268, 59.06654509667671, 27.302291700111144, 22.600022259006984, 29.298591520378444, 106.88108141655691, 106.88108141655691, 1.8965957384753211], "layer_Barinel_score": [0, 0.005849222429858168, 0.017921920259929548, 0.01941402884489899, 0.02144788042792102, 0.01815996634381207, 0.011690380148264944, 0.010113549788764076, 0.01275427187784868, 0.022944387487488935, 0.022944387487488935, 0.007450429273149521], "time": 114.40280032157898}