{"neuron_counts": [3072, 3072, 3136, 4608, 1152, 1024, 512, 512, 512, 128, 128, 43], "neuron_counts_selected": [200, 200, 200, 200, 200, 200, 200, 200, 200, 128, 128, 43], "layer_tarantula_score": [0.4683532293981051, 0.5006465476971982, 0.5020328438161449, 0.4909541453285712, 0.49269930078377216, 0.44429720892840047, 0.3589627486357017, 0.3910213990694647, 0.37010886908429036, 0.49957782215617863, 0.49957782215617863, 0.6157003145214899], "layer_ochiai_score": [0.06461463708668493, 0.14534395856798582, 0.14317432957105336, 0.12159533414949036, 0.14388198639150385, 0.10809041102427522, 0.06579718807897932, 0.0727193162373484, 0.06812334197759938, 0.11745684806415657, 0.11745684806415657, 0.0585225047089356], "layer_D_star_score": [1.576877531141055, 8.70951397742298, 8.902744898078605, 6.525888736111273, 8.803045865139433, 5.704909567882549, 2.6233342602340985, 2.979064597690956, 2.700444555788208, 6.063350417538738, 6.063350417538738, 1.1808981414834736], "layer_Op2_score": [62.92909756393017, 280.7771058288109, 280.25341626783154, 206.6581710880035, 285.4250133817674, 183.8613205734356, 85.25866165988955, 92.61711135583809, 87.03962255258855, 179.80325168888902, 179.80325168888902, 22.661118506632725], "layer_Barinel_score": [0.02710579600678642, 0.030386263516959465, 0.030692240627273916, 0.029795718052762776, 0.029589623569892955, 0.026780823229485353, 0.021333971311696516, 0.023988209806924864, 0.022116853043907998, 0.031249684202520462, 0.031249684202520462, 0.0730827836395147], "time": 110.64551997184753}