{"neuron_counts": [3072, 3072, 3136, 4608, 1152, 1024, 512, 512, 512, 128, 128, 43], "neuron_counts_selected": [200, 200, 200, 200, 200, 200, 200, 200, 200, 128, 128, 43], "layer_tarantula_score": [0, 0.039809722674512715, 0.09650216582195047, 0.2698801242752299, 0.30292851690404904, 0.28466733524064325, 0.18324848089050425, 0.1695520543821268, 0.20480634479738752, 0.3678923880734168, 0.3678923880734168, 0.007249929653478732], "layer_ochiai_score": [0, 0.0029950408008740706, 0.004207515781936637, 0.01727216006230388, 0.027948076925263615, 0.028627007728094976, 0.01725357162495727, 0.015140874737540428, 0.019164141173809154, 0.05957752393908002, 0.05957752393908002, 0.0002668058128861139], "layer_D_star_score": [0, 0.028034172995487897, 0.014431664055142714, 0.14819630943134857, 0.42624703615290177, 0.450422712093248, 0.2143353802089585, 0.16659767936551276, 0.25427816043686957, 1.6178587690899975, 1.6178587690899975, 0.00030088594784456713], "layer_Op2_score": [0, 1.7169857005845184, 1.3466241928863498, 9.272493025822467, 22.87690780335849, 24.252126557340972, 13.64157999941253, 11.854488020885777, 15.309206624348418, 76.06970359208677, 76.06970359208677, 0.07344610126501637], "layer_Barinel_score": [0, 0.0020781477640260167, 0.0050745826660900445, 0.013464408747535336, 0.014671195486118251, 0.014097320267456253, 0.008725773979782452, 0.007729101990999756, 0.009826808596066449, 0.018740225237915947, 0.018740225237915947, 0.0002760136869136841], "time": 116.15875744819641}