{"neuron_counts": [3072, 3072, 3136, 4608, 1152, 1024, 512, 512, 512, 128, 128, 43], "neuron_counts_selected": [100, 100, 100, 100, 100, 100, 100, 100, 100, 100, 100, 43], "layer_tarantula_score": [0.4297784849124378, 0.4921100306232265, 0.49409412099870836, 0.4504551897895247, 0.47194597045589015, 0.37555934661350165, 0.2996243227094452, 0.2900944113377124, 0.3147177745378692, 0.47358798101587796, 0.4616090250701745, 0.4920564290336918], "layer_ochiai_score": [0.05370957978092577, 0.13705721480786143, 0.1281628190935987, 0.09564003610524625, 0.12722785163558933, 0.08428220066241075, 0.04616070355726051, 0.045305607298345915, 0.05002513655281491, 0.10255036387202142, 0.09729983361130475, 0.03435086263750997], "layer_D_star_score": [1.0576930402195233, 7.707742930893695, 7.1412533203044815, 4.022014612966616, 6.876686005065691, 3.739382490740507, 1.3552111079553417, 1.3224314085307936, 1.5187358896472378, 4.588038808709168, 4.189891676170014, 0.337516361910635], "layer_Op2_score": [49.26305360122, 254.4075952301964, 230.6577172181697, 143.58181707844017, 237.85559168553297, 133.85379917221147, 52.20770890115409, 51.05652719635722, 56.968889400411264, 150.9445031365771, 140.9929237848462, 10.810066830868934], "layer_Barinel_score": [0.023208487914075003, 0.029373077297595997, 0.029669025389452767, 0.025568582548963714, 0.02730958194405384, 0.021254629833538558, 0.016668062742329695, 0.01610350714072106, 0.017525046550154015, 0.02795126363140494, 0.02682692326039615, 0.04321073645345721], "time": 61.147953033447266}