{"neuron_counts": [3, 78, 54, 54, 5], "neuron_counts_selected": [3, 78, 54, 54, 5], "layer_tarantula_score": [1.0, 1.0, 0.7901234567901234, 0.8573388203017833, 1.0], "layer_ochiai_score": [0.6219745958289643, 0.6003386943951129, 0.6405713604850629, 0.7020686518973239, 0.7482848224251599], "layer_D_star_score": [91.97173543055014, 78.39966463731281, 11535377.56136308, 4154109.472313457, 268.3098320474401], "layer_Op2_score": [142.15049112044434, 132.75480729449438, 193.16367925891026, 212.96296610219343, 205.59521142214527], "layer_Barinel_score": [1.0, 1.0, 0.7901234567901234, 0.8573388203017833, 1.0], "time": 0.40416526794433594}