{"neuron_counts": [3, 78, 54, 54, 5], "neuron_counts_selected": [3, 78, 54, 54, 5], "layer_tarantula_score": [1.0, 1.0, 0.8888888888888888, 0.9259259259259259, 1.0], "layer_ochiai_score": [0.5113550543288131, 0.32699993795546356, 0.7325771224994259, 0.7965371528429663, 0.7633258150337404], "layer_D_star_score": [34.532420374295576, 6.7752062405376705, 24916949.21706226, 49833266.713718995, 308.59218418812446], "layer_Op2_score": [96.07849338007831, 41.70642297857697, 225.9934138918225, 254.7056423221891, 213.99425786351952], "layer_Barinel_score": [1.0, 1.0, 0.8888888888888888, 0.9259259259259259, 1.0], "time": 0.4032728672027588}