{"neuron_counts": [4, 3], "neuron_counts_selected": [4, 3], "layer_tarantula_score": [0.15797509235427484, 0.37729997693846373], "layer_ochiai_score": [0.16222641731561444, 0.3981460029894355], "layer_D_star_score": [5.973099554702678, 12.603458854913098], "layer_Op2_score": [8.068336097248872, 21.240792097300574], "layer_Barinel_score": [0.10526996237086803, 0.23956209638133666], "time": 0.05260586738586426}