{"neuron_counts": [4, 3], "neuron_counts_selected": [4, 3], "layer_tarantula_score": [0.03949377308856871, 0.266243912065284], "layer_ochiai_score": [0.04055660432890361, 0.2622098660413422], "layer_D_star_score": [1.4932748886756695, 6.197851716898154], "layer_Op2_score": [2.017084024312218, 14.587193276077429], "layer_Barinel_score": [0.026317490592717017, 0.15181429598689264], "time": 0.05257582664489746}