{"neuron_counts": [28800, 28800, 7200, 5408, 5408, 1152, 1024, 1024, 256, 256, 64, 64, 64, 1, 1], "neuron_counts_selected": [500, 500, 500, 500, 500, 500, 500, 500, 256, 256, 64, 64, 64, 1, 1], "layer_tarantula_score": [0.5000000222222208, 0.5000000222222208, 0.5000000222222208, 0.4418000196355543, 0.44369001971884325, 0.42136201872719875, 0.2723940120999993, 0.29042001289884384, 0.27272034901801145, 0.27272034901801145, 0.08898926176757796, 0.08898926176757796, 0.08898926176757796, 0.500000022222221, 0.500000022222221], "layer_ochiai_score": [0.9486832927800511, 0.9486832927800511, 0.9486832927800511, 0.8382565575004535, 0.8347725708123457, 0.799478179224776, 0.5002133782040893, 0.5310149322081583, 0.4903912412471453, 0.4903912412471453, 0.16884524424723066, 0.16884524424723066, 0.16884524424723066, 0.9486832927800509, 0.9486832927800509], "layer_D_star_score": [80999.99190000072, 80999.99190000072, 80999.99190000072, 71571.59284284062, 71267.35687409992, 68260.63717393624, 42693.151732637, 45319.81947036717, 41844.72238119004, 41844.72238119004, 14416.25832399916, 14416.25832399916, 14416.25832399916, 80999.99190000072, 80999.99190000072], "layer_Op2_score": [8999.000999100801, 8999.000999100801, 8999.000999100801, 7951.517282805464, 7917.724555052845, 7583.674117966221, 4743.175018602056, 5034.998195000894, 4648.926434716135, 4648.926434716135, 1601.6288399278524, 1601.6288399278524, 1601.6288399278524, 8999.0009991008, 8999.0009991008], "layer_Barinel_score": [0.9000000000000002, 0.9000000000000002, 0.9000000000000002, 0.7952400000000002, 0.7986292000000002, 0.7584516000000002, 0.49019400000000024, 0.5225991999999999, 0.4905914306640626, 0.4905914306640626, 0.16018066406250003, 0.16018066406250003, 0.16018066406250003, 0.9, 0.9], "time": 525.3121750354767}