{"neuron_counts": [28800, 28800, 7200, 5408, 5408, 1152, 1024, 1024, 256, 256, 64, 64, 64, 1, 1], "neuron_counts_selected": [500, 500, 500, 500, 500, 500, 500, 500, 256, 256, 64, 64, 64, 1, 1], "layer_tarantula_score": [0.5000000222222208, 0.5000000222222208, 0.5000000222222208, 0.47400002097777644, 0.47100002084444315, 0.47600002106666534, 0.36300001586666564, 0.377000016399999, 0.3789062659722212, 0.3789062659722212, 0.21093750937499944, 0.21093750937499944, 0.21093750937499944, 0.500000022222221, 0.500000022222221], "layer_ochiai_score": [0.9486832927800511, 0.9486832927800511, 0.9486832927800511, 0.895578110235319, 0.8898860104786386, 0.8993728434064392, 0.6774231165978085, 0.7002125974754804, 0.6820719941363519, 0.6820719941363519, 0.400225764141584, 0.400225764141584, 0.400225764141584, 0.9486832927800509, 0.9486832927800509], "layer_D_star_score": [80999.99190000072, 80999.99190000072, 80999.99190000072, 76463.99235382293, 75977.99240242293, 76787.99232142293, 57833.99421726726, 59777.99402308952, 58218.7441802959, 58218.7441802959, 34171.871582812804, 34171.871582812804, 34171.871582812804, 80999.99190000072, 80999.99190000072], "layer_Op2_score": [8999.000999100801, 8999.000999100801, 8999.000999100801, 8495.058943151154, 8441.06493715655, 8531.054947147557, 6425.292713357971, 6641.27073733639, 6468.051499353699, 6468.051499353699, 3796.45354649565, 3796.45354649565, 3796.45354649565, 8999.0009991008, 8999.0009991008], "layer_Barinel_score": [0.9000000000000002, 0.9000000000000002, 0.9000000000000002, 0.8516000000000001, 0.8462000000000003, 0.8552000000000002, 0.6486000000000002, 0.6722, 0.6664062500000001, 0.6664062500000001, 0.37968749999999996, 0.37968749999999996, 0.37968749999999996, 0.9, 0.9], "time": 472.4240221977234}