{"neuron_counts": [28800, 28800, 7200, 5408, 5408, 1152, 1024, 1024, 256, 256, 64, 64, 64, 1, 1], "neuron_counts_selected": [2000, 2000, 2000, 2000, 2000, 1152, 1024, 1024, 256, 256, 64, 64, 64, 1, 1], "layer_tarantula_score": [0.5000000222222207, 0.5000000222222207, 0.5000000222222207, 0.4399221445520823, 0.4338466442820268, 0.44108376285204354, 0.2632608530680331, 0.2632608530680331, 0.27272034901801145, 0.27272034901801145, 0.08898926176757796, 0.08898926176757796, 0.08898926176757796, 0.500000022222221, 0.500000022222221], "layer_ochiai_score": [0.9486832927800513, 0.9486832927800513, 0.9486832927800513, 0.8338135600478311, 0.8214183197618107, 0.8338380199746265, 0.4901953460380826, 0.4901953460380826, 0.4903912412471453, 0.4903912412471453, 0.16884524424723066, 0.16884524424723066, 0.16884524424723066, 0.9486832927800509, 0.9486832927800509], "layer_D_star_score": [80999.99190000072, 80999.99190000072, 80999.99190000072, 71191.39913096416, 70132.24323698255, 71191.39913122206, 41844.72237912487, 41844.72237912487, 41844.72238119004, 41844.72238119004, 14416.25832399916, 14416.25832399916, 14416.25832399916, 80999.99190000072, 80999.99190000072], "layer_Op2_score": [8999.0009991008, 8999.0009991008, 8999.0009991008, 7909.279159615938, 7791.60914680169, 7909.2814800883525, 4648.9078504647305, 4648.9078504647305, 4648.926434716135, 4648.926434716135, 1601.6288399278524, 1601.6288399278524, 1601.6288399278524, 8999.0009991008, 8999.0009991008], "layer_Barinel_score": [0.9000000000000002, 0.9000000000000002, 0.9000000000000002, 0.7918596249999998, 0.7809231250000006, 0.7939483265817903, 0.4738321304321288, 0.4738321304321288, 0.4905914306640626, 0.4905914306640626, 0.16018066406250003, 0.16018066406250003, 0.16018066406250003, 0.9, 0.9], "time": 1400.7403724193573}