{"neuron_counts": [28800, 28800, 7200, 5408, 5408, 1152, 1024, 1024, 256, 256, 64, 64, 64, 1, 1], "neuron_counts_selected": [1000, 1000, 1000, 1000, 1000, 1000, 1000, 1000, 256, 256, 64, 64, 64, 1, 1], "layer_tarantula_score": [0.5000000222222207, 0.5000000222222207, 0.5000000222222207, 0.46700002075555413, 0.47750002122222085, 0.4695000206888875, 0.358000015599999, 0.36400001591111014, 0.3789062659722212, 0.3789062659722212, 0.21093750937499944, 0.21093750937499944, 0.21093750937499944, 0.500000022222221, 0.500000022222221], "layer_ochiai_score": [0.9486832927800513, 0.9486832927800513, 0.9486832927800513, 0.8860701954565678, 0.9059925446049489, 0.8832663092801291, 0.6660494580099232, 0.6793204831833687, 0.6820719941363519, 0.6820719941363519, 0.400225764141584, 0.400225764141584, 0.400225764141584, 0.9486832927800509, 0.9486832927800509], "layer_D_star_score": [80999.99190000072, 80999.99190000072, 80999.99190000072, 75653.99243460069, 77354.99226450067, 75410.99245934516, 56861.99431457837, 57995.99420106725, 58218.7441802959, 58218.7441802959, 34171.871582812804, 34171.871582812804, 34171.871582812804, 80999.99190000072, 80999.99190000072], "layer_Op2_score": [8999.0009991008, 8999.0009991008, 8999.0009991008, 8405.066933160148, 8594.045954141264, 8378.073930162844, 6317.30570136876, 6443.290715356173, 6468.051499353699, 6468.051499353699, 3796.45354649565, 3796.45354649565, 3796.45354649565, 8999.0009991008, 8999.0009991008], "layer_Barinel_score": [0.9000000000000002, 0.9000000000000002, 0.9000000000000002, 0.8406000000000001, 0.8595000000000003, 0.8419000000000003, 0.6388000000000001, 0.6504000000000001, 0.6664062500000001, 0.6664062500000001, 0.37968749999999996, 0.37968749999999996, 0.37968749999999996, 0.9, 0.9], "time": 847.3076367378235}