{"neuron_counts": [28800, 28800, 7200, 5408, 5408, 1152, 1024, 1024, 256, 256, 64, 64, 64, 1, 1], "neuron_counts_selected": [1000, 1000, 1000, 1000, 1000, 1000, 1000, 1000, 256, 256, 64, 64, 64, 1, 1], "layer_tarantula_score": [0.5000000222222207, 0.5000000222222207, 0.5000000222222207, 0.4399220195520877, 0.44274051967735417, 0.43524501934417636, 0.26647451184113263, 0.2534965112643326, 0.27272034901801145, 0.27272034901801145, 0.08898926176757796, 0.08898926176757796, 0.08898926176757796, 0.500000022222221, 0.500000022222221], "layer_ochiai_score": [0.9486832927800513, 0.9486832927800513, 0.9486832927800513, 0.8346933030527715, 0.8400410307741725, 0.8240687353337905, 0.49601148070463297, 0.4716238690337948, 0.4903912412471453, 0.4903912412471453, 0.16884524424723066, 0.16884524424723066, 0.16884524424723066, 0.9486832927800509, 0.9486832927800509], "layer_D_star_score": [80999.99190000072, 80999.99190000072, 80999.99190000072, 71267.35687326423, 71723.95382760456, 70358.5369643535, 42341.04476702573, 40259.020975200074, 41844.72238119004, 41844.72238119004, 14416.25832399916, 14416.25832399916, 14416.25832399916, 80999.99190000072, 80999.99190000072], "layer_Op2_score": [8999.0009991008, 8999.0009991008, 8999.0009991008, 7917.717035052849, 7968.444403684776, 7816.750108842933, 4704.048964258962, 4472.7383905780825, 4648.926434716135, 4648.926434716135, 1601.6288399278524, 1601.6288399278524, 1601.6288399278524, 8999.0009991008, 8999.0009991008], "layer_Barinel_score": [0.9000000000000002, 0.9000000000000002, 0.9000000000000002, 0.7918596000000002, 0.7969329000000003, 0.7834402000000003, 0.4796149000000003, 0.45625450000000056, 0.4905914306640626, 0.4905914306640626, 0.16018066406250003, 0.16018066406250003, 0.16018066406250003, 0.9, 0.9], "time": 854.4479835033417}