{"neuron_counts": [43264, 10816, 1024, 256, 256, 64, 1], "neuron_counts_selected": [500, 500, 500, 256, 256, 64, 1], "layer_tarantula_score": [0.6250767046338922, 0.6071726310222509, 0.5022346856010975, 0.4595259968448799, 0.4595259968448799, 0.7327421889893948, 0.5000000059509632], "layer_ochiai_score": [0.7703983208238321, 0.8066602501815345, 0.550073174517544, 0.6583272819668426, 0.6583272819668426, 0.4814935921388528, 0.8165289506712327], "layer_D_star_score": [10237.786710598271, 11099.724359809434, 3869.7472718497033, 6164.8416909767675, 6164.8416909767675, 4254.637136636509, 8408.000075773436], "layer_Op2_score": [3518.276473865915, 3822.7737659725135, 2397.146362539279, 3252.045012970809, 3252.045012970809, 2228.672127760751, 4202.000475784944], "layer_Barinel_score": [0.7505604530397736, 0.7402315249485607, 0.6090357344951873, 0.5969390191798725, 0.5969390191798725, 0.8214904668041758, 0.6667195431472082], "time": 138.9375274181366}