{"neuron_counts": [43264, 10816, 1024, 256, 256, 64, 1], "neuron_counts_selected": [500, 500, 500, 256, 256, 64, 1], "layer_tarantula_score": [0.5233301989645004, 0.5389319062339646, 0.3138497492927458, 0.3653348865361683, 0.3653348865361683, 0.6074106771519647, 0.5000000059523808], "layer_ochiai_score": [0.6999765723021902, 0.7577076302334821, 0.3706255608052461, 0.5310993018138078, 0.5310993018138078, 0.3061518654521692, 0.8164965712075288], "layer_D_star_score": [5632.249786420539, 6849.407412919316, 1930.0548619500917, 4448.746056426948, 4448.746056426948, 2251.704248024095, 8399.999600000017], "layer_Op2_score": [3023.1742225737667, 3390.077916709412, 1495.259482050883, 2540.1024886159075, 2540.1024886159075, 1205.1624878586858, 4199.000476011401], "layer_Barinel_score": [0.6764705202763104, 0.6925985367706731, 0.4188216222316695, 0.49505713052571804, 0.49505713052571804, 0.7377241330740932, 0.6666666666666667], "time": 115.95172452926636}