{"neuron_counts": [43264, 10816, 1024, 256, 256, 64, 1], "neuron_counts_selected": [500, 500, 500, 256, 256, 64, 1], "layer_tarantula_score": [0.6655025965283241, 0.643816700848524, 0.4647854980762879, 0.4595253162952941, 0.4595253162952941, 0.7327421889893948, 0.5000000059509632], "layer_ochiai_score": [0.7689690096646045, 0.808984848022994, 0.556576484328477, 0.6583259883361317, 0.6583259883361317, 0.4814935921388528, 0.8165289506712327], "layer_D_star_score": [10972.166814439997, 12619.257307270507, 4507.371979781976, 6164.8186573842195, 6164.8186573842195, 4254.637136636509, 8408.000075773436], "layer_Op2_score": [3422.8159134433913, 3750.8999619726947, 2558.9924871855146, 3252.037202329158, 3252.037202329158, 2228.672127760751, 4202.000475784944], "layer_Barinel_score": [0.7790404250354737, 0.7655371867482158, 0.5754394639002317, 0.5969384025536304, 0.5969384025536304, 0.8214904668041758, 0.6667195431472082], "time": 139.6659972667694}