{"neuron_counts": [43264, 10816, 1024, 256, 256, 64, 1], "neuron_counts_selected": [100, 100, 100, 100, 100, 64, 1], "layer_tarantula_score": [0.5904703157744267, 0.5934652367279307, 0.4350432615761777, 0.4518112085049723, 0.43201257178869545, 0.7327421889893948, 0.5000000059509632], "layer_ochiai_score": [0.7584079585266346, 0.8026710086374965, 0.5172344354967612, 0.6196871168918048, 0.6181014851508113, 0.4814935921388528, 0.8165289506712327], "layer_D_star_score": [9054.903143078702, 11115.286380941456, 3634.4570449720286, 5643.001346767436, 5892.098352330554, 4254.637136636509, 8408.000075773436], "layer_Op2_score": [3510.577250272728, 3831.8458658788836, 2320.0085442712398, 3050.9850476087036, 3066.365699368425, 2228.672127760751, 4202.000475784944], "layer_Barinel_score": [0.7247530215247526, 0.7300800235816096, 0.5390945481718046, 0.5852512476566856, 0.5626029441403666, 0.8214904668041758, 0.6667195431472082], "time": 51.455947160720825}