{"neuron_counts": [43264, 10816, 1024, 256, 256, 64, 1], "neuron_counts_selected": [1000, 1000, 1000, 256, 256, 64, 1], "layer_tarantula_score": [0.5043553137047492, 0.5166792899561488, 0.3143264863283068, 0.3653355942550519, 0.3653355942550519, 0.6074106771519647, 0.5000000059523808], "layer_ochiai_score": [0.7064986145599954, 0.7702268574366621, 0.3885730117586974, 0.531101274114086, 0.531101274114086, 0.3061518654521692, 0.8164965712075288], "layer_D_star_score": [5674.702283315218, 7078.671075655593, 2096.8724655549363, 4448.781059973847, 4448.781059973847, 2251.704248024095, 8399.999600000017], "layer_Op2_score": [3116.1376718626993, 3594.8833418957765, 1586.0239249407093, 2540.114661418376, 2540.114661418376, 1205.1624878586858, 4199.000476011401], "layer_Barinel_score": [0.6608803088805336, 0.6768044264018486, 0.42030632019229597, 0.4950578760139796, 0.4950578760139796, 0.7377241330740932, 0.6666666666666667], "time": 202.1387243270874}