{"neuron_counts": [43264, 10816, 1024, 256, 256, 64, 1], "neuron_counts_selected": [1000, 1000, 1000, 256, 256, 64, 1], "layer_tarantula_score": [0.5056487195207207, 0.5157577105657626, 0.31418286321845634, 0.3653355942550519, 0.3653355942550519, 0.6074106771519647, 0.5000000059523808], "layer_ochiai_score": [0.6924215786777347, 0.7579922972874434, 0.3833218132139639, 0.531101274114086, 0.531101274114086, 0.3061518654521692, 0.8164965712075288], "layer_D_star_score": [5675.105110845921, 6809.718908465167, 2094.2188566587806, 4448.781059973847, 4448.781059973847, 2251.704248024095, 8399.999600000017], "layer_Op2_score": [3039.22068013597, 3503.4502232380123, 1566.6516289062552, 2540.114661418376, 2540.114661418376, 1205.1624878586858, 4199.000476011401], "layer_Barinel_score": [0.6612786491451772, 0.6754074477841849, 0.41972008482227713, 0.4950578760139796, 0.4950578760139796, 0.7377241330740932, 0.6666666666666667], "time": 201.9948709011078}