{"neuron_counts": [43264, 10816, 1024, 256, 256, 64, 1], "neuron_counts_selected": [2000, 2000, 1024, 256, 256, 64, 1], "layer_tarantula_score": [0.5053729724477375, 0.5195462899347353, 0.3121707691680221, 0.3653355942550519, 0.3653355942550519, 0.6074106771519647, 0.5000000059523808], "layer_ochiai_score": [0.6910711636668361, 0.7701317188343416, 0.3785729298168024, 0.531101274114086, 0.531101274114086, 0.3061518654521692, 0.8164965712075288], "layer_D_star_score": [5567.859696110573, 7206.084340167913, 2042.0457412549997, 4448.781059973847, 4448.781059973847, 2251.704248024095, 8399.999600000017], "layer_Op2_score": [3032.158269383452, 3591.133349916475, 1540.7841300782954, 2540.114661418376, 2540.114661418376, 1205.1624878586858, 4199.000476011401], "layer_Barinel_score": [0.6614137940994343, 0.679006256963791, 0.4172160229626715, 0.4950578760139796, 0.4950578760139796, 0.7377241330740932, 0.6666666666666667], "time": 316.20103883743286}