{"neuron_counts": [246016, 61504, 53824, 12544, 9216, 2304, 2304, 64, 64, 1], "neuron_counts_selected": [500, 500, 500, 500, 500, 500, 500, 64, 64, 1], "layer_tarantula_score": [0.5042629877456928, 0.5005002367515273, 0.4000002105082225, 0.39100020577178746, 0.24000012630493348, 0.24200012735747464, 0.23400012314731014, 0.17968759456424058, 0.17968759456424058, 0.5000002631352781], "layer_ochiai_score": [0.4840790169251922, 0.7704982066482831, 0.6918957609352272, 0.6763281063141845, 0.4151374565611362, 0.41859693536581233, 0.4047590201471078, 0.31081254885762155, 0.31081254885762155, 0.8648697011690338], "layer_D_star_score": [23.82726242762211, 254.9833109523354, 444.0500888093828, 434.0589618111717, 266.4300532856297, 268.65030372967664, 259.769301953489, 199.47562583233997, 199.47562583233997, 555.0626110117286], "layer_Op2_score": [58.34843798056566, 147.75253247104303, 148.81250123046678, 145.46421995278126, 89.2875007382801, 90.03156324443242, 87.05531321982309, 66.84936578712376, 66.84936578712376, 186.01562653808352], "layer_Barinel_score": [0.7487281183897416, 0.7481121527901577, 0.5984, 0.584936, 0.3590400000000001, 0.362032, 0.35006400000000004, 0.2688125, 0.2688125, 0.748], "time": 9.334704399108887}