{"neuron_counts": [246016, 61504, 53824, 12544, 9216, 2304, 2304, 64, 64, 1], "neuron_counts_selected": [500, 500, 500, 500, 500, 500, 500, 64, 64, 1], "layer_tarantula_score": [0.47592787765301475, 0.4940207530566253, 0.320000168406578, 0.305762160913538, 0.1152000606263682, 0.11712806164101768, 0.10951205763294106, 0.06457522929652396, 0.06457522929652396, 0.5000002631352781], "layer_ochiai_score": [0.5560433559402949, 0.8172519167140848, 0.5535166087481818, 0.5288885791376925, 0.19926597914934513, 0.2026009167170527, 0.18942722142884652, 0.11169825974570785, 0.11169825974570785, 0.8648697011690338], "layer_D_star_score": [46.26033361763947, 371.83612252224253, 355.24007104750626, 339.4341081363363, 127.88642557710243, 130.0267470051635, 121.57203331423287, 71.68655303349718, 71.68655303349718, 555.0626110117286], "layer_Op2_score": [78.45954900627967, 166.64281339109777, 119.05000098437327, 113.75302000307475, 42.8580003543744, 43.57527661030528, 40.741886586877314, 24.02399082974764, 24.02399082974764, 186.01562653808352], "layer_Barinel_score": [0.7284266281328792, 0.743410881985606, 0.4787200000000003, 0.457419952, 0.17233920000000055, 0.17522348800000012, 0.16382995199999997, 0.09660449218749982, 0.09660449218749982, 0.748], "time": 9.947486400604248}