{"neuron_counts": [246016, 61504, 53824, 12544, 9216, 2304, 2304, 64, 64, 1], "neuron_counts_selected": [500, 500, 500, 500, 500, 500, 500, 64, 64, 1], "layer_tarantula_score": [0.4983137240941533, 0.5001318508868519, 0.3860002031404347, 0.38700020366670523, 0.26600013998796795, 0.23800012525239236, 0.25100013209390964, 0.17968759456424058, 0.17968759456424058, 0.5000002631352781], "layer_ochiai_score": [0.616701538664532, 0.8430203672744717, 0.6676794093024941, 0.6694091487048323, 0.460110681021926, 0.4116779777564601, 0.434164589986855, 0.31081254885762155, 0.31081254885762155, 0.8648697011690338], "layer_D_star_score": [74.77493900357246, 460.7972461169422, 428.5083357010544, 429.61846092307786, 295.2933090582396, 264.2098028415828, 278.6414307278877, 199.47562583233997, 199.47562583233997, 555.0626110117286], "layer_Op2_score": [94.97275079570187, 176.76681396122814, 143.6040636874005, 143.97609494047666, 98.96031331826043, 88.54343823212776, 93.37984452211793, 66.84936578712376, 66.84936578712376, 186.01562653808352], "layer_Barinel_score": [0.7456102494608748, 0.7480442217498937, 0.577456, 0.578952, 0.397936, 0.35604800000000003, 0.37549600000000005, 0.2688125, 0.2688125, 0.748], "time": 9.277375221252441}