{"neuron_counts": [246016, 61504, 53824, 12544, 9216, 2304, 2304, 64, 64, 1], "neuron_counts_selected": [200, 200, 200, 200, 200, 200, 200, 64, 64, 1], "layer_tarantula_score": [0.4805671446766393, 0.49565039432133184, 0.29261265399334313, 0.3240126705182386, 0.09901255210736346, 0.13520007115177918, 0.12500006578381948, 0.06457522929652396, 0.06457522929652396, 0.5000002631352781], "layer_ochiai_score": [0.6391073729510969, 0.8461967475574771, 0.5061433708666475, 0.5604571881000631, 0.17126582257399797, 0.23386076719610693, 0.21621742529225826, 0.11169825974570785, 0.11169825974570785, 0.8648697011690338], "layer_D_star_score": [90.71563223737117, 472.1935154111873, 324.8365165293388, 359.69444850087547, 109.91627354559743, 150.08893001757147, 138.76565275293206, 71.68655303349718, 71.68655303349718, 555.0626110117286], "layer_Op2_score": [103.17748605693583, 178.56161125662302, 108.86099504075005, 120.54277638734159, 36.83574444520402, 50.29862541589783, 46.50390663452089, 24.02399082974764, 24.02399082974764, 186.01562653808352], "layer_Barinel_score": [0.7324773022283453, 0.7446880394376197, 0.4377483000000002, 0.4847226999999999, 0.14812270000000008, 0.20225919999999997, 0.1870000000000002, 0.09660449218749982, 0.09660449218749982, 0.748], "time": 5.650989294052124}