{"neuron_counts": [246016, 61504, 53824, 12544, 9216, 2304, 2304, 64, 64, 1], "neuron_counts_selected": [500, 500, 500, 500, 500, 500, 500, 64, 64, 1], "layer_tarantula_score": [0.47670066605483197, 0.49542680111810694, 0.2979921568244155, 0.2995381576380299, 0.14151207447359915, 0.1132880596201387, 0.12600206631114264, 0.06457522929652396, 0.06457522929652396, 0.5000002631352781], "layer_ochiai_score": [0.59960664823881, 0.83502555533631, 0.5154485039815253, 0.5181226810975401, 0.24477888230366504, 0.1959587174120749, 0.21795062417340158, 0.11169825974570785, 0.11169825974570785, 0.8648697011690338], "layer_D_star_score": [66.20140236418037, 430.09592422429904, 330.808435161214, 332.5246887544622, 157.0960404189835, 125.76386615259348, 139.8779982253996, 71.68655303349718, 71.68655303349718, 555.0626110117286], "layer_Op2_score": [91.04153829901514, 173.75393857003968, 110.86233716667313, 111.4374974839289, 52.64688668531446, 42.14667659849271, 46.876681950103205, 24.02399082974764, 24.02399082974764, 186.01562653808352], "layer_Barinel_score": [0.72929994912266, 0.7445027858686444, 0.4457960320000002, 0.4481088480000003, 0.21170195199999992, 0.16947884800000051, 0.18849899200000028, 0.09660449218749982, 0.09660449218749982, 0.748], "time": 47.54922127723694}