{"neuron_counts": [246016, 61504, 53824, 12544, 9216, 2304, 2304, 64, 64, 1], "neuron_counts_selected": [100, 100, 100, 100, 100, 100, 100, 64, 64, 1], "layer_tarantula_score": [0.49796968120658475, 0.5007120711712734, 0.37000019472010576, 0.4050002131395752, 0.2550001341989918, 0.23500012367358067, 0.2300001210422279, 0.17968759456424058, 0.17968759456424058, 0.5000002631352781], "layer_ochiai_score": [0.6551962199438105, 0.8549599424153659, 0.640003578865085, 0.700544457946917, 0.4410835475962072, 0.40648875954944585, 0.3978400625377556, 0.31081254885762155, 0.31081254885762155, 0.8648697011690338], "layer_D_star_score": [101.68899338175957, 508.82594377559957, 410.74633214867913, 449.60071491950015, 283.0819316159816, 260.8794271755125, 255.32880106539517, 199.47562583233997, 199.47562583233997, 555.0626110117286], "layer_Op2_score": [107.15625089648296, 181.67109524828862, 137.65156363818178, 150.67265749584763, 94.86796953442257, 87.42734447289924, 85.56718820751841, 66.84936578712376, 66.84936578712376, 186.01562653808352], "layer_Barinel_score": [0.7457514825612335, 0.7485086357044923, 0.55352, 0.60588, 0.38148, 0.35155999999999993, 0.34408, 0.2688125, 0.2688125, 0.748], "time": 2.6309218406677246}