{"neuron_counts": [28800, 7200, 5408, 1152, 1152, 400, 10], "neuron_counts_selected": [200, 200, 200, 200, 200, 200, 10], "layer_tarantula_score": [0.4604174619773664, 0.4599207725371417, 0.43660046750501713, 0.41511706342706667, 0.43643688434971895, 0.23172727880869146, 0.5265049826880068], "layer_ochiai_score": [0.2996336825340446, 0.33481967549872366, 0.4456143929934905, 0.4737960569825026, 0.5011196584077381, 0.29014354936792325, 0.40688921016730095], "layer_D_star_score": [1172.0434869931835, 1303.8688902330277, 2323.2951262461656, 2893.5698167977175, 3191.1004537368963, 2360.7751107764284, 779.9736094766612], "layer_Op2_score": [1866.6249958377634, 2145.379150758367, 3380.5693918445827, 3882.1580141041504, 4146.865757997166, 2610.0205752842962, 2203.793699670527], "layer_Barinel_score": [0.4614822527730989, 0.4609878758227295, 0.4375908917007684, 0.41605790622765476, 0.43742269361700403, 0.23224302623483864, 0.5276091436535235], "time": 121.62996315956116}