{"neuron_counts": [28800, 7200, 5408, 1152, 1152, 400, 10], "neuron_counts_selected": [500, 500, 500, 500, 500, 400, 10], "layer_tarantula_score": [0.00599685192536538, 0.004598753457531197, 0.07921903280542866, 0.10906761074231056, 0.11422902535491626, 0.09022728214135582, 0.06374656625789313], "layer_ochiai_score": [0.003034394060858879, 0.002228076297526652, 0.005954571706114417, 0.010328408748120809, 0.010812355612397502, 0.08073827931373558, 0.009927349359275696], "layer_D_star_score": [2.2165487077363233, 1.8145616383575423, 0.8210799113592494, 2.453233606375559, 2.0097587280359686, 214.36465949557044, 0.02610229815351662], "layer_Op2_score": [9.300319596826535, 6.759408803915511, 5.000582213886712, 11.828278861424314, 11.566495210537244, 384.39140486874896, 7.051354607114229], "layer_Barinel_score": [0.006334081277821088, 0.004856809696305917, 0.08364646459410492, 0.11558680084395684, 0.12084275150579803, 0.09539222605681502, 0.06986008128884219], "time": 257.8213243484497}