{"neuron_counts": [28800, 7200, 5408, 1152, 1152, 400, 10], "neuron_counts_selected": [500, 500, 500, 500, 500, 400, 10], "layer_tarantula_score": [0.16349818502472174, 0.17037149532597073, 0.40140995501274523, 0.41474917023363495, 0.4301403265723298, 0.2227610168675803, 0.31940158405155505], "layer_ochiai_score": [0.056831800813116146, 0.04440290409129074, 0.07976151797924652, 0.11902435602285069, 0.10928095085270993, 0.2460225099957436, 0.07712513842511275], "layer_D_star_score": [197.6146499043185, 166.48076671364228, 119.39084644732056, 211.6983612106756, 126.10118439296821, 1558.051901859445, 5.563087377805347], "layer_Op2_score": [379.5895432104113, 295.9089772459677, 276.74853698230964, 491.89333180241346, 388.5852323124064, 2009.9869104863815, 161.52342398363777], "layer_Barinel_score": [0.16371408093436235, 0.17060016797274397, 0.40222043244980704, 0.41564215215759204, 0.43105929482660216, 0.22326021104696886, 0.32035806922030713], "time": 292.3336868286133}