{"neuron_counts": [28800, 7200, 5408, 1152, 1152, 400, 10], "neuron_counts_selected": [500, 500, 500, 500, 500, 400, 10], "layer_tarantula_score": [0.03999382393886704, 0.025898261843732888, 0.10910488176691925, 0.13749263960698943, 0.1389971254207664, 0.20874169418812172, 0.0], "layer_ochiai_score": [0.019219284035458528, 0.01403765161361045, 0.00976067063294094, 0.0187379327687811, 0.014251917597525114, 0.18878278317022673, 0.0], "layer_D_star_score": [8.385228635857548, 8.675251410565686, 1.4165495292011063, 3.9362568039486443, 1.9810523551892887, 858.3328295117442, 0.0], "layer_Op2_score": [66.5153397798089, 54.66274262580919, 17.565068407934742, 39.30211399388874, 23.13849722780732, 1340.1574029811566, -0.001124452290235369], "layer_Barinel_score": [0.04008807175320362, 0.02595893828224883, 0.10931548120135565, 0.13778277281281057, 0.13926069248921408, 0.20923149128448046, 0.0], "time": 289.4800937175751}