{"neuron_counts": [28800, 7200, 5408, 1152, 1152, 400, 10], "neuron_counts_selected": [1000, 1000, 1000, 1000, 1000, 400, 10], "layer_tarantula_score": [0.461380950714853, 0.4523672095347474, 0.43629152151348266, 0.4301225147115477, 0.4332074875508616, 0.22636022010012802, 0.5265049826880068], "layer_ochiai_score": [0.29157358825874824, 0.3300753615216925, 0.44442335159135127, 0.4941172808427981, 0.4977260469441253, 0.2823933400451634, 0.40688921016730095], "layer_D_star_score": [1100.5613336691858, 1214.2885727565651, 2254.0481300200636, 3132.5708040034024, 3125.6557467632642, 2248.4710402454166, 779.9736094766612], "layer_Op2_score": [1797.2139397655521, 2087.595780917763, 3352.551930151734, 4086.4739660011, 4107.895835662878, 2527.1423314168837, 2203.793699670527], "layer_Barinel_score": [0.4624458651666904, 0.4534139648681522, 0.4372814244068351, 0.43109499659323475, 0.4341879552033542, 0.22686279024953593, 0.5276091436535235], "time": 610.4703040122986}