{"neuron_counts": [28800, 7200, 5408, 1152, 1152, 400, 10], "neuron_counts_selected": [200, 200, 200, 200, 200, 200, 10], "layer_tarantula_score": [0.464252909021109, 0.4679906794727395, 0.4318779059376158, 0.4293212960528907, 0.41743231344164455, 0.23216946130633123, 0.5265049826880068], "layer_ochiai_score": [0.29592576174533375, 0.3597680091847451, 0.4439696346786671, 0.49111060350532393, 0.4788324414350919, 0.29168154353677644, 0.40688921016730095], "layer_D_star_score": [1248.6163861058876, 1534.1661697316774, 2407.2310050892497, 3076.2747680495577, 3002.961280491303, 2402.261244533482, 779.9736094766612], "layer_Op2_score": [1889.1969111449841, 2421.8037074708072, 3407.327205316979, 4046.269275096096, 3949.6924065827357, 2654.849523103963, 2203.793699670527], "layer_Barinel_score": [0.46532765208886173, 0.4690621103123345, 0.43285789960672827, 0.43029595023779393, 0.4183734414516471, 0.23269098642023095, 0.5276091436535235], "time": 122.53920936584473}