{"neuron_counts": [28800, 7200, 5408, 1152, 1152, 400, 10], "neuron_counts_selected": [500, 500, 500, 500, 500, 400, 10], "layer_tarantula_score": [0.4155658110396967, 0.43354273035009877, 0.36027520922093537, 0.37209527132304754, 0.3756290009810474, 0.09832506083942967, 0.4891087125095652], "layer_ochiai_score": [0.17985014254646398, 0.2358551552152259, 0.3090200271220916, 0.3928389124377107, 0.3930230029733622, 0.11618036726441056, 0.37093928370490004], "layer_D_star_score": [269.72122219377184, 461.9564249752768, 956.1427225274807, 1875.8603181235337, 1815.4850229678868, 776.1573017810312, 570.8314019414934], "layer_Op2_score": [752.2489661082647, 1149.2059887302614, 1954.371789082857, 2952.6027153977966, 2928.4895250581844, 969.5540349122192, 1938.2438947440492], "layer_Barinel_score": [0.41656644474340393, 0.43457582156588426, 0.3611182924555695, 0.372951930599308, 0.3764971897188953, 0.09854985166833286, 0.49021979888678546], "time": 310.4016842842102}