{"neuron_counts": [28800, 7200, 5408, 1152, 1152, 400, 10], "neuron_counts_selected": [500, 500, 500, 500, 500, 400, 10], "layer_tarantula_score": [0.05458989473618564, 0.048086399452517525, 0.23810516560769074, 0.26441060995196564, 0.275668518495698, 0.21501337425634476, 0.12025497217736629], "layer_ochiai_score": [0.033316076041306805, 0.02944205891477193, 0.03231367764456304, 0.04824296662549747, 0.04771177937691043, 0.21938513822939118, 0.01969668270104438], "layer_D_star_score": [45.6643757384172, 49.72935951432374, 33.70670750770855, 72.48136168905089, 66.51932404245349, 1200.2324566519098, 0.16752385300890077], "layer_Op2_score": [164.01629841396854, 151.69371022158907, 107.9093842406994, 188.51503655470867, 176.87485843873995, 1683.9274075296225, 25.500622428316138], "layer_Barinel_score": [0.05471596619745542, 0.048196683194467675, 0.23847767866385022, 0.26490486424836673, 0.27614283152485986, 0.21550615259225403, 0.12069446003714315], "time": 310.1472885608673}