{"neuron_counts": [28800, 7200, 5408, 1152, 1152, 400, 10], "neuron_counts_selected": [2000, 2000, 2000, 1152, 1152, 400, 10], "layer_tarantula_score": [0.4586566026650908, 0.4507560583327362, 0.43325126920943147, 0.43554004372249583, 0.43554004372249583, 0.22636022010012802, 0.5265049826880068], "layer_ochiai_score": [0.28692822676162794, 0.3340117947024623, 0.4380485348389187, 0.5010246271730883, 0.5010246271730883, 0.2823933400451634, 0.40688921016730095], "layer_D_star_score": [1079.5070287513254, 1325.8008541907811, 2203.599195528284, 3172.25603668451, 3172.25603668451, 2248.4710402454166, 779.9736094766612], "layer_Op2_score": [1765.0722414790425, 2167.370770962115, 3289.478861892218, 4146.388433247602, 4146.388433247602, 2527.1423314168837, 2203.793699670527], "layer_Barinel_score": [0.4597104393572539, 0.4517948851844513, 0.4342397451369073, 0.43652608871798293, 0.43652608871798293, 0.22686279024953593, 0.5276091436535235], "time": 875.3960711956024}