{"neuron_counts": [28800, 7200, 5408, 1152, 1152, 400, 10], "neuron_counts_selected": [500, 500, 500, 500, 500, 400, 10], "layer_tarantula_score": [0.0059656383818156005, 0.004579995070945747, 0.07940033899904424, 0.10962715005269695, 0.1137987274513685, 0.09027270499687544, 0.06863603173444748], "layer_ochiai_score": [0.0029429942865890333, 0.002161876968687775, 0.005981488013340097, 0.010329520007076801, 0.010787733912362032, 0.07913309351609447, 0.011401415279272764], "layer_D_star_score": [2.835129857173637, 2.3020466619063487, 1.0453057557290586, 3.0992216854379206, 2.5569329914084395, 266.99870010978066, 0.061374061871239206], "layer_Op2_score": [12.294471337312316, 8.924229993553489, 6.844149055717374, 16.133856793438056, 15.917239132624232, 513.1501165947317, 12.494172667314784], "layer_Barinel_score": [0.005979746875026662, 0.004590793429048235, 0.0795846684985268, 0.10989941256175051, 0.11407373501954152, 0.09048863523364202, 0.06889848390157763], "time": 312.25354170799255}