{"neuron_counts": [28800, 7200, 5408, 1152, 1152, 400, 10], "neuron_counts_selected": [500, 500, 500, 500, 500, 400, 10], "layer_tarantula_score": [0.0032699498878610176, 0.0013658021639694888, 0.019391258377607027, 0.03314888622396427, 0.031267919890033365, 0.0862475929591974, 0], "layer_ochiai_score": [0.001491882534002925, 0.0007072738920565534, 0.0010032000136370569, 0.002748612745801248, 0.002188766835096613, 0.06454312563236339, 0], "layer_D_star_score": [0.33692731691693484, 0.23211088827568352, 0.018960260262853253, 0.08821915047098233, 0.025121159271588978, 121.91179244931975, 0], "layer_Op2_score": [3.3649767633281304, 1.8071539137865966, 0.47189005494759434, 1.874983450558918, 1.0767183102336182, 270.2849104196284, -0.001314454748215242], "layer_Barinel_score": [0.003459132236054459, 0.0014440529034217833, 0.020594753647313696, 0.03521950808989616, 0.03312422351312189, 0.09136363780750889, 0], "time": 273.71211409568787}