{"neuron_counts": [28800, 7200, 5408, 1152, 1152, 400, 10], "neuron_counts_selected": [2000, 2000, 2000, 1152, 1152, 400, 10], "layer_tarantula_score": [0.42328923072749985, 0.4116335495230515, 0.3622846767579412, 0.37437780167150625, 0.37437780167150625, 0.09834066299596525, 0.48602150768693675], "layer_ochiai_score": [0.18515422254521582, 0.22522300055192543, 0.3261318733105149, 0.4014489884764382, 0.4014489884764382, 0.11933960587175814, 0.37815978524836485], "layer_D_star_score": [216.63238722488134, 302.3910416485152, 808.9796986574588, 1480.4068686313622, 1480.4068686313622, 642.7170831910296, 443.66165252142304], "layer_Op2_score": [567.1714682541395, 774.7860267075786, 1538.3230318842868, 2201.604294727258, 2201.604294727258, 734.9784841612321, 1456.0682164049404], "layer_Barinel_score": [0.447557793850855, 0.43507250918915064, 0.3824367362583883, 0.39496584026934484, 0.39496584026934484, 0.10370386060618028, 0.5125659509521382], "time": 788.8169755935669}