{"neuron_counts": [28800, 7200, 5408, 1152, 1152, 400, 10], "neuron_counts_selected": [500, 500, 500, 500, 500, 400, 10], "layer_tarantula_score": [0.41283591128495223, 0.4067406411029275, 0.334415730802482, 0.3667252549315427, 0.344570395012235, 0.09832506083942967, 0.4891087125095652], "layer_ochiai_score": [0.17480666503847697, 0.22116002667385146, 0.29693122883215156, 0.3821691997568713, 0.3608633432304559, 0.11618036726441056, 0.37093928370490004], "layer_D_star_score": [258.2134992095339, 416.63932607671484, 956.912979385685, 1776.9992328671174, 1648.3948187940923, 776.1573017810312, 570.8314019414934], "layer_Op2_score": [726.1085543338003, 1063.9432711157135, 1922.696775095178, 2844.8946999135273, 2688.3022567182925, 969.5540349122192, 1938.2438947440492], "layer_Barinel_score": [0.41382482335117265, 0.40771049329128056, 0.3351980770957494, 0.36757025209395056, 0.34536893515370554, 0.09854985166833286, 0.49021979888678546], "time": 333.4049413204193}