{"neuron_counts": [10816, 2704, 2704, 2704, 2704, 512, 3], "neuron_counts_selected": [1000, 1000, 1000, 1000, 1000, 512, 3], "layer_tarantula_score": [0.5001284334385182, 0.5006705201425807, 0.5006374015966499, 0.499884043956096, 0.4986519196605793, 0.5017351734990735, 0.4989429371626946], "layer_ochiai_score": [0.4624462641924581, 0.6951724533640133, 0.5561601374058623, 0.556294172266702, 0.5543516656994115, 0.47365805138236927, 0.7332952410612701], "layer_D_star_score": [37.79832303872662, 207.32585244199018, 80.5278668697139, 80.58438074362157, 79.62846482128721, 55.97726878111923, 260.4796196670483], "layer_Op2_score": [86.77793683505683, 195.34137144719824, 125.1439376164433, 125.38148103005055, 124.80141828856812, 95.67607563911976, 217.89871657534718], "layer_Barinel_score": [0.5502575052492309, 0.5511143050427945, 0.5509315071209322, 0.5502088965032508, 0.5489796978079486, 0.5517732225852972, 0.5494323992217994], "time": 10.44168210029602}