{"neuron_counts": [10816, 2704, 2704, 2704, 2704, 512, 3], "neuron_counts_selected": [500, 500, 500, 500, 500, 500, 3], "layer_tarantula_score": [0.5002550137804731, 0.5005819464705962, 0.500848546898777, 0.49810259371529025, 0.5012124239155031, 0.5005829385817587, 0.4989429371626946], "layer_ochiai_score": [0.4633605926024179, 0.6946303582825029, 0.5568817177594014, 0.5538292943876811, 0.556912111484955, 0.4728784566411219, 0.7332952410612701], "layer_D_star_score": [38.05127556830198, 206.83086943944474, 80.84312496570946, 79.708753339285, 80.90216039438228, 55.344805990076644, 260.4796196670483], "layer_Op2_score": [87.09541674306509, 195.0834616078765, 125.43485764814525, 124.67491527747296, 125.36090839578587, 95.36074192598268, 217.89871657534718], "layer_Barinel_score": [0.5503728905701861, 0.5510253021207417, 0.5511594966746153, 0.5484169005270012, 0.5515072454138994, 0.5506329039581234, 0.5494323992217994], "time": 5.634777784347534}