{"neuron_counts": [10816, 2704, 2704, 2704, 2704, 512, 3], "neuron_counts_selected": [100, 100, 100, 100, 100, 100, 3], "layer_tarantula_score": [0.4747701362218205, 0.49272546607802875, 0.48124216556095445, 0.48354869720848387, 0.4818921992517876, 0.48130110394489545, 0.4978166784769632], "layer_ochiai_score": [0.4343665952157383, 0.6817762677167967, 0.5332821865769505, 0.529934175050134, 0.5345754221272194, 0.41068051448464377, 0.7279790908338478], "layer_D_star_score": [30.284778975853715, 191.0257142397112, 69.07228799224575, 67.05170424529547, 69.44713128185663, 31.341561300647736, 252.30914570319013], "layer_Op2_score": [79.33134230969097, 189.46010298176293, 118.08969756485295, 116.11725713650821, 118.70887563225472, 72.39126644351647, 215.10250934173888], "layer_Barinel_score": [0.5251459016172935, 0.543237347853173, 0.5317283524863404, 0.533986990516834, 0.5323827523135374, 0.531578781475627, 0.5483169058860877], "time": 1.2229690551757812}