{"neuron_counts": [10816, 2704, 2704, 2704, 2704, 512, 3], "neuron_counts_selected": [500, 500, 500, 500, 500, 500, 3], "layer_tarantula_score": [0.15172418054715361, 0.2927064320835672, 0.3606495196846219, 0.3712888595258147, 0.3671104022802955, 0.3401335533551219, 0.173663831340036], "layer_ochiai_score": [0.021009291795557314, 0.06733731547377779, 0.11527766942118478, 0.11957248338947064, 0.1174340758048325, 0.1110720463869478, 0.0787651723973905], "layer_D_star_score": [0.006397791043847042, 0.09087918041249858, 0.32440500145389767, 0.3445163944620441, 0.3429047359629759, 0.5530203225868013, 1.0085377482626834], "layer_Op2_score": [0.572110658928755, 3.0641090580964128, 7.21580462486384, 7.55212343286523, 7.347748573606989, 7.479393160039676, 7.91283604809524], "layer_Barinel_score": [0.16271730271008011, 0.32441224131825297, 0.402370401720509, 0.414349034697872, 0.4087211569841861, 0.37900692386358575, 0.1954991226330515], "time": 5.388017654418945}