{"neuron_counts": [10816, 2704, 2704, 2704, 2704, 512, 3], "neuron_counts_selected": [500, 500, 500, 500, 500, 500, 3], "layer_tarantula_score": [0.15210085410779267, 0.2943468730510328, 0.3623274914052206, 0.372319844282377, 0.3692281261796026, 0.3411092261208454, 0.16927440773508187], "layer_ochiai_score": [0.02136252333518784, 0.06813606138552186, 0.11659234962192004, 0.1210484603213667, 0.11884965755828236, 0.11186161920100031, 0.07213823903639759], "layer_D_star_score": [0.004109549962354399, 0.05718812448331021, 0.2026747768294326, 0.2167524166234264, 0.21431348520806381, 0.3417023069182567, 0.4589501693447345], "layer_Op2_score": [0.3647307808119086, 1.9194003065871121, 4.502269048626083, 4.7309985990715315, 4.585480218486291, 4.6360206126589105, 4.169169216964671], "layer_Barinel_score": [0.16531473968253943, 0.33229386082973117, 0.4122739099214803, 0.42379314984182154, 0.4190278447386802, 0.3874227322567763, 0.19515913855536496], "time": 6.959421634674072}