{"neuron_counts": [10816, 2704, 2704, 2704, 2704, 512, 3], "neuron_counts_selected": [500, 500, 500, 500, 500, 500, 3], "layer_tarantula_score": [0.4809261754959304, 0.4792011921694678, 0.4940468333861196, 0.4929913230467841, 0.48965983699448523, 0.4958801509693154, 0.49480514047075114], "layer_ochiai_score": [0.11164602470358512, 0.21733957335330756, 0.23211087402301137, 0.23420674046458845, 0.2338623188953374, 0.24339799698046716, 0.42951826241883845], "layer_D_star_score": [0.22932597616496764, 2.7695579886706683, 2.936692290863718, 2.931164846133672, 2.998294874227527, 6.975268722833192, 53.6537427076693], "layer_Op2_score": [5.754033057836217, 21.30865732017727, 23.29849616896108, 23.51070578993056, 23.507149993401086, 29.114217081637772, 84.93998789340888], "layer_Barinel_score": [0.5185550980292257, 0.5248059424151333, 0.5411455365242428, 0.5410785227857016, 0.5375487562383922, 0.5426714296304326, 0.5451853632408121], "time": 5.481998920440674}