{"neuron_counts": [10816, 2704, 2704, 2704, 2704, 512, 3], "neuron_counts_selected": [500, 500, 500, 500, 500, 500, 3], "layer_tarantula_score": [0.41833163443139804, 0.4673430676486447, 0.4623294785348118, 0.46274394574595634, 0.4609530551153598, 0.44222018940479974, 0.5058585352288968], "layer_ochiai_score": [0.1655422364214863, 0.3489134974901836, 0.3039897161151538, 0.3063060978655644, 0.30146830172967637, 0.24758908215769102, 0.5355469513186454], "layer_D_star_score": [0.5921078573402412, 9.354697734978085, 4.936360950893684, 5.151986115396463, 4.800465449747529, 3.6195442062084604, 49.80149137784472], "layer_Op2_score": [7.998535124213402, 32.57385106432877, 24.570114550412114, 24.927844640792216, 24.226709793039827, 17.778561523591414, 72.27627672807901], "layer_Barinel_score": [0.47371089297624003, 0.5269356067624121, 0.5218452319085193, 0.5221895621283175, 0.5204661648137832, 0.4997402250736104, 0.5657643224556874], "time": 6.5751941204071045}