{"neuron_counts": [10816, 2704, 2704, 2704, 2704, 512, 3], "neuron_counts_selected": [500, 500, 500, 500, 500, 500, 3], "layer_tarantula_score": [0.46862273979565366, 0.4749551724077445, 0.49133933843625344, 0.49205901597168916, 0.5060472075338606, 0.48239729939232556, 0.49480514047075114], "layer_ochiai_score": [0.11118418943494673, 0.21798491752184038, 0.2312386022229553, 0.2336880071740901, 0.23336856048757346, 0.23717162928075766, 0.42951826241883845], "layer_D_star_score": [0.26160695089879743, 3.009363557922796, 2.94742852951326, 2.990731383596791, 2.9972124411479735, 6.6853656239013, 53.6537427076693], "layer_Op2_score": [5.937408236320716, 21.809773510677775, 23.188886009709215, 23.489878768391428, 23.363918120658987, 28.086140679761883, 84.93998789340888], "layer_Barinel_score": [0.5052753238318652, 0.5199715778665976, 0.539082718033046, 0.5403852520421818, 0.5529626955313315, 0.5291281744485063, 0.5451853632408121], "time": 5.614351511001587}