{"neuron_counts": [10816, 2704, 2704, 2704, 2704, 512, 3], "neuron_counts_selected": [500, 500, 500, 500, 500, 500, 3], "layer_tarantula_score": [0.42088170898601734, 0.4631052732912024, 0.4624438852237189, 0.4587143077571129, 0.46095316866935593, 0.4351901701988345, 0.5016133146281667], "layer_ochiai_score": [0.16782097880578534, 0.3343063896070645, 0.30091249077950627, 0.3004098972628635, 0.29812243299911556, 0.24288458979856223, 0.5175735423072018], "layer_D_star_score": [1.033661499679445, 13.642427827748117, 7.7311786298016525, 7.76169493237427, 7.557651049683516, 5.5700514162955255, 74.8012657686392], "layer_Op2_score": [13.36266118465974, 49.50196789296297, 39.07108471151544, 39.27163394591753, 38.43536179440598, 28.277463841418662, 111.52386334456436], "layer_Barinel_score": [0.46704696054462724, 0.5128108504581882, 0.5123653074278984, 0.5086286611422346, 0.5108928267437396, 0.48337883668201226, 0.5520622927807193], "time": 5.554980516433716}