{"neuron_counts": [32, 150], "neuron_counts_selected": [32, 100], "layer_tarantula_score": [0.13985914897671198, 0.0], "layer_ochiai_score": [0.08313902340331014, 0.0], "layer_D_star_score": [474.4656060329697, 0.0], "layer_Op2_score": [677.3649675696324, 0.0], "layer_Barinel_score": [0.21740077124359428, 0.0], "time": 46.44257473945618}