{"neuron_counts": [30, 150, 3], "neuron_counts_selected": [30, 100, 3], "layer_tarantula_score": [0.13333333333333333, 0.19, 0.0], "layer_ochiai_score": [0.10515493204504557, 0.1477325647300685, 0.0], "layer_D_star_score": [6000.033331680734, 8100.049997519002, 0.0], "layer_Op2_score": [0.26666666666666666, 0.37, 0.0], "layer_Barinel_score": [0.13333333333333333, 0.19, 0.0], "time": 0.3683431148529053}