{"neuron_counts": [30, 150, 3], "neuron_counts_selected": [30, 100, 3], "layer_tarantula_score": [0.017777777777777774, 0.0576, 0], "layer_ochiai_score": [0.013872188059898496, 0.04567810405596516, 0], "layer_D_star_score": [177.7911097783254, 676.0406959319735, 0], "layer_Op2_score": [0.022222222222222233, 0.07450000000000002, 0], "layer_Barinel_score": [0.017777777777777774, 0.0576, 0], "time": 0.4205319881439209}