{"neuron_counts": [10, 16, 16, 16, 16, 1], "neuron_counts_selected": [10, 16, 16, 16, 16, 1], "layer_tarantula_score": [1.0, 0.8125, 0.75, 0.9375, 0.625, 1.0], "layer_ochiai_score": [0.9999994240811876, 0.6331848673181812, 0.5730001787123047, 0.8649195912463498, 0.415263493637011, 0.9999994240811877], "layer_D_star_score": [75373160.89828345, 14132564.059665762, 4711663.879367834, 18843779.034367654, 14132583.462193713, 75373160.89828345], "layer_Op2_score": [86.81771760463735, 46.91610218688667, 42.44605777020859, 69.99456558948378, 29.546301605504585, 86.81771760463735], "layer_Barinel_score": [1.0, 0.8125, 0.75, 0.9375, 0.625, 1.0], "time": 0.14599275588989258}