{"neuron_counts": [600, 600, 400, 400, 100, 100, 1], "neuron_counts_selected": [500, 500, 400, 400, 100, 100, 1], "layer_tarantula_score": [0.06892512873592584, 0.061750933590625265, 0.09520788482596856, 0.09520788482596856, 0.36484697500101165, 0.36484697500101165, 0.45139661586282], "layer_ochiai_score": [0.009601009307779207, 0.00849659237813756, 0.01799441005422224, 0.01799441005422224, 0.16893142020391305, 0.16893142020391305, 0.28681868530546684], "layer_D_star_score": [0.004692703028145291, 0.004287977852254982, 0.042701153695693474, 0.042701153695693474, 2.5012656273927987, 2.5012656273927987, 7.648276701618121], "layer_Op2_score": [0.1694176446522314, 0.1598124394216199, 1.1540801050350915, 1.1540801050350915, 22.505686019202052, 22.505686019202052, 47.09165964291018], "layer_Barinel_score": [0.05434279288363362, 0.04496367730403624, 0.031059247212521086, 0.031059247212521086, 0.11826595535282426, 0.11826595535282426, 0.15836819818095116], "time": 4.657258749008179}