{"neuron_counts": [600, 600, 400, 400, 100, 100, 1], "neuron_counts_selected": [500, 500, 400, 400, 100, 100, 1], "layer_tarantula_score": [0.4393264440224376, 0.44194686976848035, 0.3914211308165317, 0.3914211308165317, 0.5161229472791429, 0.5161229472791429, 0.5483902440092115], "layer_ochiai_score": [0.2054964584204447, 0.2073960708360185, 0.17083180327892916, 0.17083180327892916, 0.3415955174562567, 0.3415955174562567, 0.36674313172003575], "layer_D_star_score": [2.186140305563064, 2.2479730990905096, 1.7422107220858198, 1.7422107220858198, 7.967291509057881, 7.967291509057881, 8.968938528609609], "layer_Op2_score": [16.399871014607772, 16.545097547077948, 13.09818299479333, 13.09818299479333, 35.389417230030666, 35.389417230030666, 37.48888907818923], "layer_Barinel_score": [0.15292008105753105, 0.15441720029906594, 0.13380603184683315, 0.13380603184683315, 0.19795320867977015, 0.19795320867977015, 0.21590909090909094], "time": 5.3113203048706055}