{"neuron_counts": [600, 600, 400, 400, 100, 100, 1], "neuron_counts_selected": [500, 500, 400, 400, 100, 100, 1], "layer_tarantula_score": [0.07334526745022928, 0.08113486622329072, 0.09520788482596856, 0.09520788482596856, 0.36484697500101165, 0.36484697500101165, 0.45139661586282], "layer_ochiai_score": [0.010379575401183718, 0.011011813554796369, 0.01799441005422224, 0.01799441005422224, 0.16893142020391305, 0.16893142020391305, 0.28681868530546684], "layer_D_star_score": [0.005997317255041647, 0.005967871962067001, 0.042701153695693474, 0.042701153695693474, 2.5012656273927987, 2.5012656273927987, 7.648276701618121], "layer_Op2_score": [0.21090370756143834, 0.21338813068873078, 1.1540801050350915, 1.1540801050350915, 22.505686019202052, 22.505686019202052, 47.09165964291018], "layer_Barinel_score": [0.05113351646219951, 0.0592635663036663, 0.031059247212521086, 0.031059247212521086, 0.11826595535282426, 0.11826595535282426, 0.15836819818095116], "time": 4.843481063842773}