{"neuron_counts": [600, 600, 400, 400, 100, 100, 1], "neuron_counts_selected": [500, 500, 400, 400, 100, 100, 1], "layer_tarantula_score": [0.2813254815614542, 0.28957918835372054, 0.1581235015905134, 0.1581235015905134, 0.43273570089487035, 0.43273570089487035, 0.48832519188102486], "layer_ochiai_score": [0.0522629729397827, 0.05409222038072884, 0.03853971317845099, 0.03853971317845099, 0.23485627908960055, 0.23485627908960055, 0.29082981176975914], "layer_D_star_score": [0.06349450689792804, 0.0660391084330651, 0.08492828803438952, 0.08492828803438952, 3.311137668133136, 3.311137668133136, 5.066262008275898], "layer_Op2_score": [1.6746588365826525, 1.7796615339283226, 1.8228421641533632, 1.8228421641533632, 21.951065722531215, 21.951065722531215, 28.50370388751708], "layer_Barinel_score": [0.09428098422476994, 0.09538601261037737, 0.0462804987347116, 0.0462804987347116, 0.15034991764155423, 0.15034991764155423, 0.17791411042944782], "time": 6.145816802978516}