{"neuron_counts": [600, 600, 400, 400, 100, 100, 1], "neuron_counts_selected": [100, 100, 100, 100, 100, 100, 1], "layer_tarantula_score": [0.4442868830158884, 0.44271573805142844, 0.41508818028643923, 0.4012099926499938, 0.5161229472791429, 0.5161229472791429, 0.5483902440092115], "layer_ochiai_score": [0.21013331751665484, 0.20847293747556975, 0.1938729959500382, 0.17785581855460167, 0.3415955174562567, 0.3415955174562567, 0.36674313172003575], "layer_D_star_score": [2.300232401411353, 2.2571504078691103, 2.2723240885024025, 1.887357623499052, 7.967291509057881, 7.967291509057881, 8.968938528609609], "layer_Op2_score": [16.939386053782943, 16.682557904348926, 15.72015715205291, 13.847427885434113, 35.389417230030666, 35.389417230030666, 37.48888907818923], "layer_Barinel_score": [0.15518946209765277, 0.15469517419288595, 0.14373846591002082, 0.13765342634148495, 0.19795320867977015, 0.19795320867977015, 0.21590909090909094], "time": 1.8082993030548096}