{"neuron_counts": [600, 600, 400, 400, 100, 100, 1], "neuron_counts_selected": [500, 500, 400, 400, 100, 100, 1], "layer_tarantula_score": [0.11386521026609076, 0.08696286457679717, 0.06930209447880774, 0.06930209447880774, 0.37939155090007254, 0.37939155090007254, 0.4817700190682719], "layer_ochiai_score": [0.014444873815965834, 0.010809393746360405, 0.014080362440716913, 0.014080362440716913, 0.17704840269973982, 0.17704840269973982, 0.3241259366916458], "layer_D_star_score": [0.007557832312073001, 0.0055616588713041995, 0.02306406739865624, 0.02306406739865624, 2.583842518156075, 2.583842518156075, 10.24636956888389], "layer_Op2_score": [0.38470529747428, 0.2907645303166625, 0.8442129461360153, 0.8442129461360153, 22.367350395093833, 22.367350395093833, 54.40588504247178], "layer_Barinel_score": [0.04512216835890046, 0.03330202058135943, 0.019474290635264645, 0.019474290635264645, 0.1251492081471135, 0.1251492081471135, 0.1753257453735072], "time": 4.713361024856567}