{"neuron_counts": [87616, 21904, 20736, 5184, 9248, 2048, 2048, 128, 5], "neuron_counts_selected": [200, 200, 200, 200, 200, 200, 200, 128, 5], "layer_tarantula_score": [0.4400140550287877, 0.4859053258439023, 0.2910318960167815, 0.379806307522558, 0.2572639873184164, 0.26325185985508276, 0.25968395626548996, 0.1726925771575579, 0.500001508359258], "layer_ochiai_score": [0.5549451384083068, 0.8429521518669124, 0.40013473204598665, 0.5416968026352645, 0.3334855884618702, 0.4619273671250862, 0.455758098699019, 0.2893515470802846, 0.9076362121352052], "layer_D_star_score": [13.797118793777601, 147.4290099115835, 42.45165407748406, 119.1488613151228, 20.713042603974365, 95.38091616421396, 93.5128128816303, 71.68368399239043, 284.8259936790394], "layer_Op2_score": [23.295131683608542, 51.97350570153833, 20.240199733099914, 32.32659799495699, 15.279333716290582, 28.88611251042283, 28.515542658930634, 18.052492133322602, 59.99025867724371], "layer_Barinel_score": [0.781403985259251, 0.8150979437700954, 0.4980295948819073, 0.6265334503451558, 0.4426903849573926, 0.44079289991622994, 0.43484411307823273, 0.28756280285203123, 0.8238048458729448], "time": 1.4560186862945557}