{"neuron_counts": [87616, 21904, 20736, 5184, 9248, 2048, 2048, 128, 5], "neuron_counts_selected": [2000, 2000, 2000, 2000, 2000, 2000, 2000, 128, 5], "layer_tarantula_score": [0.5131983424318108, 0.5033812369865953, 0.4124451344001276, 0.4655246290628696, 0.37222588888841324, 0.3686291885619576, 0.36040247817117776, 0.30197487047096566, 0.500001508359258], "layer_ochiai_score": [0.5956984577891838, 0.858661522965457, 0.5538105316125531, 0.668468035395843, 0.506408639084201, 0.6431628737650981, 0.6272796103952465, 0.5115361315265643, 0.9076362121352052], "layer_D_star_score": [19.221973118746202, 175.37999107193573, 93.7279860992998, 168.00391280245668, 69.06249007346591, 156.7940330695999, 153.04605422899243, 142.02945223169712, 284.8259936790394], "layer_Op2_score": [26.070516557801444, 53.66885528355197, 30.89397351791859, 41.73120158361449, 26.908200840024524, 41.02675150894913, 39.995096983228706, 32.80629802857894, 59.99025867724371], "layer_Barinel_score": [0.8221892704537787, 0.8249267645661208, 0.646815063363211, 0.709830628506065, 0.5980867325445892, 0.6057629311191995, 0.5911318454597241, 0.49031349297176413, 0.8238048458729448], "time": 10.080410242080688}