{"neuron_counts": [87616, 21904, 20736, 5184, 9248, 2048, 2048, 128, 5], "neuron_counts_selected": [500, 500, 500, 500, 500, 500, 500, 128, 5], "layer_tarantula_score": [0.5271280417890077, 0.50478616522106, 0.41622521929519773, 0.3936880667555713, 0.3841645460313127, 0.4239809423653919, 0.41315953288502033, 0.31087253607506504, 0.48638981440259216], "layer_ochiai_score": [0.38930637854894967, 0.6801240977419595, 0.4068744992369152, 0.5741245736475028, 0.20875765955414324, 0.3040376916036446, 0.3219710049981457, 0.39582022228199254, 0.8450677212956543], "layer_D_star_score": [3.102239810462863, 39.70243642750566, 43.39594564819135, 119.59625486000043, 11.220749633779546, 33.913596681704206, 41.38727118671413, 63.1917977565186, 171.85120823370124], "layer_Op2_score": [11.512207625238164, 34.034986057156985, 19.642158513053303, 33.44192471288823, 7.96842173848678, 13.274323692666151, 14.860321737994528, 21.81289165628, 52.72010766376444], "layer_Barinel_score": [0.8085140083249737, 0.8212398936159107, 0.6173301659367023, 0.6331731725981051, 0.48151019631448183, 0.5713276319354463, 0.5715210939436576, 0.4769377039658588, 0.8154927260779316], "time": 2.3443002700805664}