{"neuron_counts": [87616, 21904, 20736, 5184, 9248, 2048, 2048, 128, 5], "neuron_counts_selected": [100, 100, 100, 100, 100, 100, 100, 100, 5], "layer_tarantula_score": [0.4483313488465161, 0.4813786277177781, 0.239610389189643, 0.34631163179457136, 0.19940160682382796, 0.27437391973863967, 0.28373796006286656, 0.18183003026458788, 0.500001508359258], "layer_ochiai_score": [0.55254864970123, 0.8424557956767991, 0.3201120147424766, 0.4998417008733118, 0.26559518310741614, 0.48503918588104733, 0.49512119280977734, 0.31500440896537446, 0.9076362121352052], "layer_D_star_score": [13.429446179020388, 147.48755746141185, 37.313151395772806, 92.89279457697927, 16.7862705870712, 104.36773287194585, 100.49858634136892, 83.85379195109219, 284.8259936790394], "layer_Op2_score": [22.928169262735754, 52.096947539470655, 16.558740949668376, 28.747021670553366, 12.252166043424126, 30.592720564911115, 30.903696308587712, 19.97853781782216, 59.99025867724371], "layer_Barinel_score": [0.7859720571108915, 0.8123506928238732, 0.411369353912616, 0.5899082386844312, 0.3456010669168024, 0.45920311463017277, 0.4727499033554934, 0.3030908548089045, 0.8238048458729448], "time": 1.0049026012420654}