{"neuron_counts": [87616, 21904, 20736, 5184, 9248, 2048, 2048, 128, 5], "neuron_counts_selected": [500, 500, 500, 500, 500, 500, 500, 128, 5], "layer_tarantula_score": [0.42059767110534524, 0.4537391422598173, 0.2233283675527499, 0.24923696682164306, 0.04354300990104007, 0.07954869107959779, 0.08302835136912272, 0.10933471455350363, 0.4897109513825694], "layer_ochiai_score": [0.23679737673029502, 0.5062283442877165, 0.16295043316855726, 0.28499035790280863, 0.018971307484038, 0.04585006627062703, 0.042542163714349754, 0.1000864581643681, 0.1331809143218789], "layer_D_star_score": [0.5635230226381651, 9.427253678294413, 5.256352422203639, 31.545301699500808, 0.1918002075428261, 1.6763815896817715, 1.1699495979776908, 4.657944689165961, 0.16808743217688213], "layer_Op2_score": [4.779532720211125, 19.18006580941536, 5.524671721519798, 13.401204505383895, 0.4411225037361802, 1.3821585460481018, 1.151197853881441, 3.679049936015266, 1.9803976919276232], "layer_Barinel_score": [0.6973141766095267, 0.7877184254180589, 0.3658846807427904, 0.4260206305701519, 0.0622003509917909, 0.1270505394788583, 0.12674035689698213, 0.18767742412769356, 0.5843927159966282], "time": 2.970156192779541}