{"neuron_counts": [784, 128, 10], "neuron_counts_selected": [784, 128, 10], "layer_tarantula_score": [0.5314703574264743, 0.2891888940544468, 0.009999999999999998], "layer_ochiai_score": [0.4425097871021381, 0.16242117116345808, 0.00012302068181343478], "layer_D_star_score": [3845.8673250059664, 5535.6247363015045, 3.0272757813538827e-06], "layer_Op2_score": [3791.728100598213, 1585.6411759716939, 0.019999999999999997], "layer_Barinel_score": [0.8584388779418021, 0.5343807071221404, 0.009999999999999998], "time": 100.17959189414978}