{"neuron_counts": [784, 128, 10], "neuron_counts_selected": [500, 128, 10], "layer_tarantula_score": [0.5406427279959815, 0.2369859511444542, 0.0], "layer_ochiai_score": [0.1841326123003481, 0.24855412050155185, 0.0], "layer_D_star_score": [52.91227768121621, 7240.916402168888, 0.0], "layer_Op2_score": [669.5158158212396, 2905.4111598925174, 0.0], "layer_Barinel_score": [0.8127995745585612, 0.38565700822658405, 0.0], "time": 63.34667134284973}