{"neuron_counts": [784, 128, 10], "neuron_counts_selected": [500, 128, 10], "layer_tarantula_score": [0.5254745670604027, 0.2865068526486295, 0.009999999999999998], "layer_ochiai_score": [0.469634927061952, 0.16093062374810355, 0.00010821724929383724], "layer_D_star_score": [3015.985209237368, 3768.726835760221, 1.1712344674252212e-06], "layer_Op2_score": [2694.809986917331, 1021.1503313098551, 0.009999999999999998], "layer_Barinel_score": [0.8599217875449985, 0.5361913027775944, 0.009999999999999998], "time": 55.2163188457489}