{"neuron_counts": [784, 128, 10], "neuron_counts_selected": [200, 128, 10], "layer_tarantula_score": [0.5230610568418468, 0.2891888940544468, 0.009999999999999998], "layer_ochiai_score": [0.49918917375523114, 0.16242117116345808, 0.00012302068181343478], "layer_D_star_score": [5178.617468259578, 5535.6247363015045, 3.0272757813538827e-06], "layer_Op2_score": [4564.515956766858, 1585.6411759716939, 0.019999999999999997], "layer_Barinel_score": [0.8510552503773791, 0.5343807071221404, 0.009999999999999998], "time": 36.98246479034424}