{"neuron_counts": [784, 128, 10], "neuron_counts_selected": [100, 100, 10], "layer_tarantula_score": [0.5285594612694514, 0.2529459225540384, 0.009999999999999998], "layer_ochiai_score": [0.44638887726546767, 0.12638235468687395, 0.00012302068181343478], "layer_D_star_score": [3923.9350806418843, 5019.79442320787, 3.0272757813538827e-06], "layer_Op2_score": [3834.3111079782266, 1250.8916273945351, 0.019999999999999997], "layer_Barinel_score": [0.859560244249219, 0.47492069711920715, 0.009999999999999998], "time": 22.9721040725708}