{"neuron_counts": [13000, 1], "neuron_counts_selected": [100, 1], "layer_tarantula_score": [0.4625029368730367, 0.3038648762130775], "layer_ochiai_score": [0.18362034492598403, 0.32676701244443246], "layer_D_star_score": [44.69791768023131, 145.69234159956076], "layer_Op2_score": [149.70898139854387, 609.0601706005515], "layer_Barinel_score": [0.4413274816970522, 0.28222670174816755], "time": 2.738086700439453}