{"neuron_counts": [13000, 1], "neuron_counts_selected": [500, 1], "layer_tarantula_score": [0.4512293285657079, 0.3038648762130775], "layer_ochiai_score": [0.17156151707840625, 0.32676701244443246], "layer_D_star_score": [45.08719916546163, 145.69234159956076], "layer_Op2_score": [139.31462246675565, 609.0601706005515], "layer_Barinel_score": [0.4326326896862056, 0.28222670174816755], "time": 88.13300728797913}