{"neuron_counts": [13000, 1], "neuron_counts_selected": [500, 1], "layer_tarantula_score": [0.3000055326682281, 0.304721232475197], "layer_ochiai_score": [0.0394668407153282, 0.32724147157074907], "layer_D_star_score": [2.2514727143248923, 146.0505285957811], "layer_Op2_score": [14.680270081632877, 609.0636676918866], "layer_Barinel_score": [0.297524210829328, 0.2830468717343594], "time": 10.02279281616211}