{"neuron_counts": [13000, 1], "neuron_counts_selected": [100, 1], "layer_tarantula_score": [0.4480842126134369, 0.3038648762130775], "layer_ochiai_score": [0.14871672448683937, 0.32676701244443246], "layer_D_star_score": [37.328476689586964, 145.69234159956076], "layer_Op2_score": [115.89848451777935, 609.0601706005515], "layer_Barinel_score": [0.4303081587917129, 0.28222670174816755], "time": 2.6268489360809326}