{"neuron_counts": [13000, 1], "neuron_counts_selected": [500, 1], "layer_tarantula_score": [0.09232083362346241, 0.304721232475197], "layer_ochiai_score": [0.007371275233457988, 0.32724147157074907], "layer_D_star_score": [0.05851120717403863, 146.0505285957811], "layer_Op2_score": [1.4131179766804844, 609.0636676918866], "layer_Barinel_score": [0.0909744210062783, 0.2830468717343594], "time": 15.463050842285156}