{"neuron_counts": [13000, 1], "neuron_counts_selected": [500, 1], "layer_tarantula_score": [0, 0.25263725302323325], "layer_ochiai_score": [0, 0.27645142194249706], "layer_D_star_score": [0, 59.41093001161364], "layer_Op2_score": [0, 310.1771772595418], "layer_Barinel_score": [0, 0.2744924977934686], "time": 9.561956405639648}