{"neuron_counts": [13000, 1], "neuron_counts_selected": [200, 1], "layer_tarantula_score": [0.45010667141500965, 0.3038648762130775], "layer_ochiai_score": [0.17280106693727554, 0.32676701244443246], "layer_D_star_score": [49.97357644743794, 145.69234159956076], "layer_Op2_score": [143.51569186477462, 609.0601706005515], "layer_Barinel_score": [0.43196083999410656, 0.28222670174816755], "time": 4.937609672546387}