{"neuron_counts": [177608, 350464, 691488, 170528, 207360, 282296, 313600, 78400, 110976, 139392, 32768, 32768, 16, 120], "neuron_counts_selected": [200, 200, 200, 200, 200, 200, 200, 200, 200, 200, 200, 200, 16, 120], "layer_tarantula_score": [0.46948152166255325, 0.6504869772268541, 0.24993468504072117, 0.29743726118965547, 0.021188048444907213, 0.0016000000000000014, 0, 0, 0, 0, 0, 0, 0.0019531345247777642, 0.0008680597887901153], "layer_ochiai_score": [0.3612275718884984, 0.16201454388524283, 0.015219263554024871, 0.01871470271583452, 0.002123808141317987, 8.269378972650883e-05, 0, 0, 0, 0, 0, 0, 0.0038955608408036404, 0.0017313603736905882], "layer_D_star_score": [43.29712819327879, 2.2947876317884686, 0.026805159670296314, 0.06009522422474126, 0.10203999875027235, 0.00035768482262236583, 0, 0, 0, 0, 0, 0, 1318.9133247923462, 586.1836999076912], "layer_Op2_score": [249.33469660032827, 53.90982560373158, 2.072520497430956, 2.646597994066322, 0.6540145570357648, 0.011035088236629974, 0, 0, 0, 0, 0, 0, 7.244393035840264, 3.2197302381512545], "layer_Barinel_score": [0.991878809145343, 0.990037700826839, 0.2885106920654417, 0.33390651685350276, 0.02712406287362226, 0.0016000000000000014, 0, 0, 0, 0, 0, 0, 0.0038849011410620896, 0.001726622729361053], "time": 32.14925932884216}