{"neuron_counts": [177608, 350464, 691488, 170528, 207360, 282296, 313600, 78400, 110976, 139392, 32768, 32768, 16, 120], "neuron_counts_selected": [500, 500, 500, 500, 500, 500, 500, 500, 500, 500, 500, 500, 16, 120], "layer_tarantula_score": [0.44906126177262645, 0.47438934031581564, 0.5800049609608938, 0.5637254504698742, 0.1417861004919359, 0.017172785759155665, 0.0009784318004888543, 0.0022485471553891547, 2.9827881103115112e-05, 0, 0, 0, 0.0019531388689355005, 0.0008680617195267982], "layer_ochiai_score": [0.4561406398028317, 0.27708785349362247, 0.05508839987519956, 0.13000820583271824, 0.028531858488840975, 0.0020866538997433483, 6.955844100775736e-05, 0.0004885800044354971, 2.1569810829417236e-05, 0, 0, 0, 0.0038948399438320657, 0.0017310399750364999], "layer_D_star_score": [72.11071575333352, 10.474609639299032, 0.1858405750217625, 3.8055605986002483, 4.944035491203007, 0.060476566292052114, 0.0006685130177830434, 0.048030537100984004, 0.0011358092401876317, 0, 0, 0, 794.2124264296253, 352.98330063538026], "layer_Op2_score": [252.33281588150157, 96.50700448434392, 7.0163155689554, 32.83394379690253, 9.271725587980065, 0.4540020027750288, 0.011794000075006519, 0.19072550168117303, 0.00874600012499445, 0, 0, 0, 4.656738323974083, 2.069661477321936], "layer_Barinel_score": [0.9919078145861527, 0.989799579214557, 0.7083394205743921, 0.8639854404261929, 0.21474512605473028, 0.021242982466577347, 0.0011526358024689526, 0.003348460799698135, 6.331307634165656e-05, 0, 0, 0, 0.0038834635416666666, 0.001725983796296272], "time": 65.4517719745636}