{"neuron_counts": [177608, 350464, 691488, 170528, 207360, 282296, 313600, 78400, 110976, 139392, 32768, 32768, 16, 120], "neuron_counts_selected": [200, 200, 200, 200, 200, 200, 200, 200, 200, 200, 200, 200, 16, 120], "layer_tarantula_score": [0.46691676451197156, 0.4582831146462683, 0.4315933526921486, 0.47578292876451306, 0.4384486593086615, 0.3881650361990205, 0.1883986056897915, 0.2514956087419174, 0.04572880997005065, 0.03783054062686112, 0.051770183689507476, 0.034801962536370565, 0.0019531388689355005, 0.0008680617195267982], "layer_ochiai_score": [0.6505464944345756, 0.5862900673853728, 0.4590238860610275, 0.7403283080622433, 0.2746688236738107, 0.13067729826682287, 0.1399302135203504, 0.18047578101574424, 0.043953709042905076, 0.04244855482159321, 0.061916895967254734, 0.033324179490601014, 0.0038948399438320657, 0.0017310399750364999], "layer_D_star_score": [377.4994190618246, 256.87820293061947, 139.8498689855319, 2322.2470977549697, 933.6485065881442, 970.9308615138261, 1981.892797119045, 3409.6647450243354, 2058.4723602306904, 2806.5551179901668, 7499.215276882472, 2662.9213030266787, 794.2124264296253, 352.98330063538026], "layer_Op2_score": [507.6867201700604, 417.3867131273357, 281.7635622960963, 695.6970873998449, 190.52327053411818, 76.68681316483517, 98.93104474725313, 138.81078879014038, 41.50765975081568, 39.036428484331225, 63.837847455968856, 32.04292530624604, 4.656738323974083, 2.069661477321936], "layer_Barinel_score": [0.9929787970674824, 0.9926246388134884, 0.9908567552176066, 0.9934112299761169, 0.8304446094063863, 0.6282338278253925, 0.38689291511396895, 0.476461197801582, 0.08938956166407708, 0.07781635976295935, 0.10472527273399941, 0.06967241918156215, 0.0038834635416666666, 0.001725983796296272], "time": 31.45596480369568}