{"neuron_counts": [177608, 350464, 691488, 170528, 207360, 282296, 313600, 78400, 110976, 139392, 32768, 32768, 16, 120], "neuron_counts_selected": [200, 200, 200, 200, 200, 200, 200, 200, 200, 200, 200, 200, 16, 120], "layer_tarantula_score": [0.5228569030275932, 0.5451329170213751, 0.5684898381919371, 0.5095862635511518, 0.6709315713212876, 0.5604609006271595, 0.4591026494644491, 0.4172887281921082, 0.21606651893879394, 0.2040982716821132, 0.16797078658410022, 0.19861152042227637, 0.03125015239644434, 0.020833434930962895], "layer_ochiai_score": [0.6588610434756274, 0.6421505496811281, 0.5476722591400073, 0.8172845190012356, 0.4337502967027565, 0.37569184680661805, 0.30523634176497894, 0.3733802792221795, 0.26789342131121613, 0.28104301310256763, 0.2307831732832411, 0.2535696152630829, 0.06232897345285825, 0.04155264896857216], "layer_D_star_score": [630.1816371540091, 684.2032110114328, 628.4294882232675, 19783.93795336913, 23458.128890732572, 17057.961951524223, 26925.689800330325, 68127.04432918198, 42242.321468054244, 61861.91210332198, 53753.20323031426, 66225.04644926809, 21102.613196677576, 14068.40879778505], "layer_Op2_score": [809.9755788640774, 779.5249457651455, 612.7314892830233, 1299.6051536268808, 588.9432983429491, 515.1061400521279, 416.4936130496496, 583.9471176660321, 450.76294432044415, 481.02150214587965, 393.470749023112, 438.77731752526694, 115.91028857344402, 77.27352571562935], "layer_Barinel_score": [0.994501189696446, 0.9947599492351493, 0.9946482491626568, 0.9944201572556064, 0.9605872892464159, 0.805175098985583, 0.6421481184336153, 0.641969088190349, 0.3723322577570473, 0.36292224849581833, 0.2984388217535368, 0.32851740156159986, 0.06215841825699332, 0.04143894550466222], "time": 33.32889175415039}