{"neuron_counts": [177608, 350464, 691488, 170528, 207360, 282296, 313600, 78400, 110976, 139392, 32768, 32768, 16, 120], "neuron_counts_selected": [200, 200, 200, 200, 200, 200, 200, 200, 200, 200, 200, 200, 16, 120], "layer_tarantula_score": [0.45232128006120564, 0.5374095581679977, 0.5715124977745409, 0.6043295398853248, 0.13964479034377197, 0.01284024632494257, 0.002603316168201363, 0.00403901955880622, 6.127217594740392e-05, 0, 0, 0, 0.0019531345247777642, 0.0008680597887901153], "layer_ochiai_score": [0.45081696303395563, 0.274018069509097, 0.06940673362229488, 0.14017275807159327, 0.021469652418047977, 0.0017372463419606612, 0.00025359024105198, 0.0002688027777368888, 3.3332869067710786e-05, 0, 0, 0, 0.0038955608408036404, 0.0017313603736905882], "layer_D_star_score": [107.24981633072134, 16.010313941291564, 0.4022067762320661, 4.958358521273045, 3.3229026222816525, 0.1304756314895429, 0.0043756807944281325, 0.004039884211113447, 0.0026053424667105765, 0, 0, 0, 1318.9133247923462, 586.1836999076912], "layer_Op2_score": [383.69165389671826, 147.28443962982053, 15.267458920897923, 54.048081437417416, 8.774669386495335, 0.7346092884850927, 0.07706606656047416, 0.04358103475606142, 0.020666832073408, 0, 0, 0, 7.244393035840264, 3.2197302381512545], "layer_Barinel_score": [0.9924701156171996, 0.9920212196794326, 0.7705084297706982, 0.9037437117865432, 0.20122420177293465, 0.01813266160184724, 0.003013482888633574, 0.004840503196987313, 9.956250919121571e-05, 0, 0, 0, 0.0038849011410620896, 0.001726622729361053], "time": 32.30115246772766}