{"neuron_counts": [177608, 350464, 691488, 170528, 207360, 282296, 313600, 78400, 110976, 139392, 32768, 32768, 16, 120], "neuron_counts_selected": [500, 500, 500, 500, 500, 500, 500, 500, 500, 500, 500, 500, 16, 120], "layer_tarantula_score": [0.4657887114492739, 0.6498688403864006, 0.21039777354837394, 0.33998069244821005, 0.04461619440117889, 0.0016000000000000014, 0, 4.000000000000004e-06, 0, 0, 0, 0, 0.0019531345247777642, 0.0008680597887901153], "layer_ochiai_score": [0.3584137325750647, 0.15533282290048847, 0.010253626065495035, 0.02805481188638375, 0.004989716429526821, 6.607261809122414e-05, 0, 1.1283524903010016e-07, 0, 0, 0, 0, 0.0038955608408036404, 0.0017313603736905882], "layer_D_star_score": [42.980001679845174, 2.0163389595281958, 0.01226387228511376, 0.21984483169012412, 0.22603938128229606, 1.7822968709962858e-05, 0, 4.7032722039878385e-09, 0, 0, 0, 0, 1318.9133247923462, 586.1836999076912], "layer_Op2_score": [246.63142439808396, 49.79661364826958, 1.157070287307724, 5.585434946861561, 1.506967459956613, 0.005179432670413134, 0, 5.905882358551031e-06, 0, 0, 0, 0, 7.244393035840264, 3.2197302381512545], "layer_Barinel_score": [0.9916131417967037, 0.9891803982925957, 0.22999186490975618, 0.4060094243391107, 0.060331260758408674, 0.0016000000000000014, 0, 4.000000000000004e-06, 0, 0, 0, 0, 0.0038849011410620896, 0.001726622729361053], "time": 66.66238355636597}