{"neuron_counts": [177608, 350464, 691488, 170528, 207360, 282296, 313600, 78400, 110976, 139392, 32768, 32768, 16, 120], "neuron_counts_selected": [500, 500, 500, 500, 500, 500, 500, 500, 500, 500, 500, 500, 16, 120], "layer_tarantula_score": [0.5636455878646481, 0.6468335791781105, 0.7607753885544494, 0.7418626710594898, 0.3715035903395838, 0.13060161877224102, 0.031223653335163873, 0.04646689117316993, 0.005161103040650229, 0.0, 0.0, 0.0, 0.03125015239644434, 0.020833434930962895], "layer_ochiai_score": [0.48205093990352393, 0.32203407901965736, 0.1021223559818716, 0.21785383147638737, 0.12097410381204345, 0.026125554287991033, 0.0038562752986614412, 0.014582333690604838, 0.002765314452259528, 0.0, 0.0, 0.0, 0.06232897345285825, 0.04155264896857216], "layer_D_star_score": [142.63957607993868, 34.228191547066594, 2.346557468589529, 42.121186772524915, 164.40361175928126, 3.2168762669322684, 0.10263600810426793, 3.116722079178577, 0.2450635879936046, 0.0, 0.0, 0.0, 21102.613196677576, 14068.40879778505], "layer_Op2_score": [437.54945040870246, 205.3952022545368, 33.72545947070277, 136.8107593631154, 110.40425945616899, 15.099112207274505, 1.5051624465334439, 11.157683629322541, 1.7854480418917464, 0.0, 0.0, 0.0, 115.91028857344402, 77.27352571562935], "layer_Barinel_score": [0.9944898506179852, 0.994011031555679, 0.8417604171921623, 0.9293848907748946, 0.4633671966393535, 0.14575606970199587, 0.03395059569968078, 0.05785395590081494, 0.007946964831786887, 0.0, 0.0, 0.0, 0.06215841825699332, 0.04143894550466222], "time": 66.73082780838013}