{"neuron_counts": [177608, 350464, 691488, 170528, 207360, 282296, 313600, 78400, 110976, 139392, 32768, 32768, 16, 120], "neuron_counts_selected": [500, 500, 500, 500, 500, 500, 500, 500, 500, 500, 500, 500, 16, 120], "layer_tarantula_score": [0.5667319669545154, 0.6574531514682282, 0.7707555793818165, 0.7434747588389827, 0.34348128094780256, 0.10535718517485787, 0.033933936134452024, 0.060039689637010306, 0.006818749751614402, 0.0, 0.0, 0.0, 0.03125015239644434, 0.020833434930962895], "layer_ochiai_score": [0.47993455483003, 0.3181264781713613, 0.10828473367756211, 0.21150215046399462, 0.11443109917841841, 0.02569775088492454, 0.005071544845102142, 0.008501030330644085, 0.00275953181428323, 0.0, 0.0, 0.0, 0.06232897345285825, 0.04155264896857216], "layer_D_star_score": [140.36118662061892, 31.988052339821472, 2.9531330348232387, 39.680415415224516, 150.86687331551016, 3.1822056242347254, 0.14260820746486136, 1.2086045872926507, 0.2427299708593116, 0.0, 0.0, 0.0, 21102.613196677576, 14068.40879778505], "layer_Op2_score": [433.98437783978386, 200.17103017778132, 37.585718268047316, 131.38917493751075, 104.56539787537538, 15.419174444622971, 2.0537011016203413, 4.731357299724424, 1.772546974988177, 0.0, 0.0, 0.0, 115.91028857344402, 77.27352571562935], "layer_Barinel_score": [0.994335608413819, 0.9942300172978947, 0.8538137215657362, 0.9215966175181215, 0.4387803641558002, 0.13519943066359869, 0.03793102892158122, 0.06395192400316305, 0.00798426778241592, 0.0, 0.0, 0.0, 0.06215841825699332, 0.04143894550466222], "time": 67.54562211036682}