{"neuron_counts": [177608, 350464, 691488, 170528, 207360, 282296, 313600, 78400, 110976, 139392, 32768, 32768, 16, 120], "neuron_counts_selected": [200, 200, 200, 200, 200, 200, 200, 200, 200, 200, 200, 200, 16, 120], "layer_tarantula_score": [0.45534933820604545, 0.5108115109033948, 0.6218375234233637, 0.6264784244952066, 0.09824534059885269, 0.01601959480986946, 0.0014251628899208972, 0.0032571763010947287, 4.5989146631561375e-05, 0, 0, 0, 0.0019531345247777642, 0.0008680597887901153], "layer_ochiai_score": [0.44993891476853426, 0.28427473695798783, 0.06680194351825489, 0.12206256049372374, 0.019370510504575406, 0.0017840434597690155, 0.00010855379627591462, 0.0004048504382651748, 3.359034802176606e-05, 0, 0, 0, 0.0038955608408036404, 0.0017313603736905882], "layer_D_star_score": [106.79320693767494, 16.844130408904373, 0.5048701082586933, 5.0331668668955505, 10.6739461285347, 0.053786193089856264, 0.0010490007093078063, 0.044253580538588425, 0.00276257020209709, 0, 0, 0, 1318.9133247923462, 586.1836999076912], "layer_Op2_score": [382.43528316143374, 156.2288047229277, 15.303835610543185, 45.53088826012311, 11.081969554336728, 0.5138075855743782, 0.020380467956672425, 0.1897698364087323, 0.02117755302773325, 0, 0, 0, 7.244393035840264, 3.2197302381512545], "layer_Barinel_score": [0.9924094505233111, 0.991746916088098, 0.7594002704681436, 0.8865377785820575, 0.1503633325780549, 0.02078135252674197, 0.002007262307099115, 0.004214998344809911, 9.895420143605073e-05, 0, 0, 0, 0.0038849011410620896, 0.001726622729361053], "time": 32.04385709762573}