{"neuron_counts": [177608, 350464, 691488, 170528, 207360, 282296, 313600, 78400, 110976, 139392, 32768, 32768, 16, 120], "neuron_counts_selected": [200, 200, 200, 200, 200, 200, 200, 200, 200, 200, 200, 200, 16, 120], "layer_tarantula_score": [0.45674920656835905, 0.4657122357405562, 0.46414892273449637, 0.4646458163671236, 0.5043347961536142, 0.35602243952529017, 0.23505495817297198, 0.21381110049056595, 0.06708996669425919, 0.06279957326444291, 0.04279332548401065, 0.05533365793116107, 0.0019531345247777642, 0.0008680597887901153], "layer_ochiai_score": [0.6498259310398122, 0.5996898174233145, 0.4543262531360254, 0.7299551562371948, 0.23242603040847773, 0.1723291670297239, 0.11439468562613547, 0.15114472536611145, 0.0741276639648091, 0.08082381120837943, 0.054608375127975325, 0.0655080789546687, 0.0038955608408036404, 0.0017313603736905882], "layer_D_star_score": [583.2324391052879, 428.78624446151775, 219.46905054367255, 4221.673172111276, 2057.8236097017193, 1307.5786762798787, 2332.988432640675, 13806.313086847329, 5543.840989834524, 11488.379168748532, 8600.990337468313, 13041.494094952692, 1318.9133247923462, 586.1836999076912], "layer_Op2_score": [787.9678144970252, 676.9518468486892, 431.4278047515865, 1058.3104493261344, 228.21162478376, 174.63737421698792, 112.19168815139312, 194.35451784754702, 112.88267294548143, 126.6268117438612, 84.9030107437671, 104.700820266318, 7.244393035840264, 3.2197302381512545], "layer_Barinel_score": [0.9932264688888204, 0.9932700840741835, 0.9926322143175611, 0.9935006989888421, 0.9242727894941084, 0.649402664387328, 0.4129754762676475, 0.41309647494761903, 0.13912315538470382, 0.13221355208715913, 0.08941157750798491, 0.10827918164211867, 0.0038849011410620896, 0.001726622729361053], "time": 34.33952856063843}