{"neuron_counts": [177608, 350464, 691488, 170528, 207360, 282296, 313600, 78400, 110976, 139392, 32768, 32768, 16, 120], "neuron_counts_selected": [200, 200, 200, 200, 200, 200, 200, 200, 200, 200, 200, 200, 16, 120], "layer_tarantula_score": [0.5303751803567326, 0.8426371862953308, 0.057659294044268034, 0.04459599328263465, 0.006399999999999997, 2.500000000000002e-05, 0, 0, 0, 0, 0, 0, 0.0019531345247777642, 0.0008680597887901153], "layer_ochiai_score": [0.27617598440047886, 0.08237858064467705, 0.0024417952626018397, 0.001861622231231688, 0.00034687347197877864, 2.9174261123189995e-06, 0, 0, 0, 0, 0, 0, 0.0038955608408036404, 0.0017313603736905882], "layer_D_star_score": [15.769375341696016, 0.2501796620658175, 0.0007368486503036124, 0.0011599761139087148, 0.0014317125687372272, 8.721467896067663e-06, 0, 0, 0, 0, 0, 0, 1318.9133247923462, 586.1836999076912], "layer_Op2_score": [149.32059067996147, 15.61025642372585, 0.21522267022129143, 0.17868759832851097, 0.06130979410279539, 0.000631705884635449, 0, 0, 0, 0, 0, 0, 7.244393035840264, 3.2197302381512545], "layer_Barinel_score": [0.9913865921697682, 0.9652180898108189, 0.05958892019144908, 0.048177643016471886, 0.006399999999999997, 2.500000000000002e-05, 0, 0, 0, 0, 0, 0, 0.0038849011410620896, 0.001726622729361053], "time": 35.51533913612366}