{"neuron_counts": [320, 320, 128, 128, 128, 128, 1], "neuron_counts_selected": [100, 100, 100, 100, 100, 100, 1], "layer_tarantula_score": [0.468722936888946, 0.47153644106875087, 0.21922193047440924, 0.22683706128613434, 0.25413116732875285, 0.23875306382501302, 0.5000000064949081], "layer_ochiai_score": [0.4323672506357691, 0.4397820733443325, 0.16360626083898108, 0.18108070013035776, 0.20928309378426607, 0.1988088358629727, 0.7140504828830209], "layer_D_star_score": [23.44303018655431, 25.089069244987922, 12.414694473595375, 13.41364409243198, 11.07465735616578, 11.979143544171203, 161.2415025224815], "layer_Op2_score": [59.672382950944716, 61.56549895693402, 22.09910212539858, 24.84121079999282, 26.312018838854115, 24.87365081436613, 154.00666732888845], "layer_Barinel_score": [0.47849304190133185, 0.4813275960170467, 0.2241095483772809, 0.23179393884121707, 0.25929134621841954, 0.24320028840903002, 0.5098684210526316], "time": 1.4010024070739746}