{"neuron_counts": [320, 320, 128, 128, 128, 128, 1], "neuron_counts_selected": [200, 200, 128, 128, 128, 128, 1], "layer_tarantula_score": [0.47507666962273426, 0.47105836314408744, 0.27428365206553545, 0.27428365206553545, 0.23112385810209224, 0.23112385810209224, 0.5000000022223196], "layer_ochiai_score": [0.4394345090947705, 0.4361941957745627, 0.21564278244486945, 0.21564278244486945, 0.19043299159221846, 0.19043299159221846, 0.7094596535393826], "layer_D_star_score": [24.376568003873313, 23.839019320169605, 16.070492176663603, 16.070492176663603, 11.653343432509699, 11.653343432509699, 153.02674293507187], "layer_Op2_score": [60.151156120029256, 59.61434928798382, 29.057904216320683, 29.057904216320683, 23.423437247778484, 23.423437247778484, 150.00666732888845], "layer_Barinel_score": [0.4783839254931548, 0.47435921517120033, 0.2763139896937483, 0.2763139896937483, 0.2326411714591735, 0.2326411714591735, 0.5033333333333334], "time": 2.3441624641418457}