{"neuron_counts": [320, 320, 128, 128, 128, 128, 1], "neuron_counts_selected": [100, 100, 100, 100, 100, 100, 1], "layer_tarantula_score": [0.46966000437780075, 0.4721641950348635, 0.21752819170691304, 0.22672148154627028, 0.2521487427352834, 0.23652410887270023, 0.5000000022223196], "layer_ochiai_score": [0.4305764873440086, 0.43765970476577837, 0.1616758443122716, 0.1796594819471608, 0.2057605457540285, 0.1951826070370183, 0.7094596535393826], "layer_D_star_score": [22.758868379179386, 24.3025848973151, 11.991381113923994, 12.964327837341832, 10.611812499360248, 11.494158252431635, 153.02674293507187], "layer_Op2_score": [58.31108428407716, 60.09952962344692, 21.460510125393245, 24.180828133581254, 25.30644550596967, 23.876150814366127, 150.00666732888845], "layer_Barinel_score": [0.47295857579684525, 0.4754701114896795, 0.21916329739320226, 0.22838900988075223, 0.25387138191314645, 0.23800557904719807, 0.5033333333333334], "time": 2.0466248989105225}