{"neuron_counts": [320, 320, 128, 128, 128, 128, 1], "neuron_counts_selected": [320, 320, 128, 128, 128, 128, 1], "layer_tarantula_score": [0.46462535181555126, 0.46462535181555126, 0.25754131423932436, 0.25754131423932436, 0.22902266551246878, 0.22902266551246878, 0.5000000022223196], "layer_ochiai_score": [0.3680427304929132, 0.3680427304929132, 0.195442674003682, 0.195442674003682, 0.18339829831277843, 0.18339829831277843, 0.7094596535393826], "layer_D_star_score": [12.738426121806514, 12.738426121806514, 13.555676390701844, 13.555676390701844, 10.785190139359473, 10.785190139359473, 153.02674293507187], "layer_Op2_score": [43.08725405334754, 43.08725405334754, 25.553747299617683, 25.553747299617683, 22.09260309309045, 22.09260309309045, 150.00666732888845], "layer_Barinel_score": [0.4679109272981878, 0.4679109272981878, 0.2594298912459923, 0.2594298912459923, 0.23051218754042216, 0.23051218754042216, 0.5033333333333334], "time": 3.050043821334839}