{"neuron_counts": [3072, 8, 16, 32, 64, 128, 10], "neuron_counts_selected": [500, 8, 16, 32, 64, 128, 10], "layer_tarantula_score": [0.5079964374682688, 0.36386726832438504, 0.4711020852597987, 0.4723365555888192, 0.48627809124631877, 0.3888372673699618, 0.2650531313161425], "layer_ochiai_score": [0.7186154303282107, 0.40779220080659645, 0.43185878961737734, 0.47104558574859745, 0.5410224865545152, 0.27468941601561514, 0.07629020511163861], "layer_D_star_score": [8904.014626228622, 3034.9687916254525, 4145.951412578985, 2492.3253189695142, 3213.1570962071683, 1938.6355373151996, 6.066903838094996], "layer_Op2_score": [6765.238540185325, 3165.4966601314272, 3411.4751487269223, 3298.2942200765165, 4059.12623669357, 1896.035427750367, 163.33959297043435], "layer_Barinel_score": [0.6416235950992139, 0.4650589908724876, 0.6044789318990391, 0.6060926596581315, 0.6205967921921094, 0.5050688400333373, 0.3680835233550175], "time": 78.82756352424622}