{"neuron_counts": [3072, 8, 16, 32, 64, 128, 10], "neuron_counts_selected": [100, 8, 16, 32, 64, 100, 10], "layer_tarantula_score": [0.4993791509269425, 0.28507545363989345, 0.5002511228698349, 0.4998772946682568, 0.5002925957832866, 0.3708786045688082, 0.5060686412954513], "layer_ochiai_score": [0.8055330721177579, 0.4130718304140658, 0.7658767651402424, 0.8054477747344176, 0.7801041873251271, 0.23135450692248416, 0.42468339292333906], "layer_D_star_score": [12092.821985619466, 4170.645881750114, 9883.569588769129, 12089.923048537574, 10287.26003229966, 585.4509208707902, 658.2333708128214], "layer_Op2_score": [6492.268702603233, 2977.8999358310152, 5883.424281827111, 6476.709210676728, 6063.597031200124, 882.892443221229, 1810.5076569355608], "layer_Barinel_score": [0.6538380019430218, 0.37152974022251584, 0.654625898546629, 0.6542886952152774, 0.6546592805224698, 0.5122750798323235, 0.6594065090256335], "time": 29.089885234832764}