{"neuron_counts": [3072, 8, 16, 32, 64, 128, 10], "neuron_counts_selected": [500, 8, 16, 32, 64, 128, 10], "layer_tarantula_score": [0.4994259223089295, 0.2852164049270496, 0.500099373207649, 0.499843146461172, 0.4999213777148275, 0.3735653235252399, 0.5064182644191365], "layer_ochiai_score": [0.7929632027120478, 0.40560419655502394, 0.7535232412048334, 0.7927947759182421, 0.7668226095308901, 0.2515394171672047, 0.4153271418667117], "layer_D_star_score": [14158.368296972567, 4919.407451198571, 11603.168937258037, 14146.174171494125, 12047.026789555804, 848.790818377316, 790.7728278295237], "layer_Op2_score": [8291.016413511643, 3773.2765653169904, 7505.523613862341, 8267.290557204855, 7721.723074089138, 1357.2375434790079, 2274.3876993646218], "layer_Barinel_score": [0.6337296235536269, 0.3604189561071066, 0.6343536307374371, 0.6341166777076183, 0.634183117056844, 0.49083450095320874, 0.6395896511161149], "time": 84.39411664009094}