{"neuron_counts": [3072, 8, 16, 32, 64, 128, 10], "neuron_counts_selected": [500, 8, 16, 32, 64, 128, 10], "layer_tarantula_score": [0.5003092945142384, 0.28210719638437937, 0.48076543262245536, 0.4971306504438575, 0.4943997644310863, 0.3489425118592434, 0.41588107275010683], "layer_ochiai_score": [0.7799687390863606, 0.33908169887478906, 0.545586249976801, 0.6598867735980902, 0.6397768338227583, 0.17767895525285005, 0.18692980826739714], "layer_D_star_score": [12965.464913552665, 2339.5693734895935, 4507.355813213269, 6299.127415917582, 5307.313075730698, 489.7673040274763, 34.875004240093915], "layer_Op2_score": [7998.5585093115305, 2697.1312797083433, 4328.821049675018, 5787.455900189594, 5457.18124123402, 849.7171805248732, 510.9565148640321], "layer_Barinel_score": [0.6345482988091451, 0.35751639660707457, 0.6152650264599284, 0.63155161071785, 0.6289536553635623, 0.4630679085615369, 0.5495062354909497], "time": 82.64704465866089}