{"neuron_counts": [12000, 6000, 6000, 6000, 50, 1], "neuron_counts_selected": [100, 100, 100, 100, 50, 1], "layer_tarantula_score": [0.49532905557134016, 0.5047704883033043, 0.5042774654580511, 0.509939974688754, 0.1756155437727272, 0.4999998557695497], "layer_ochiai_score": [0.3540352225083818, 0.4707493427162832, 0.4659212089911645, 0.4737418741152046, 0.13863275279890197, 0.6593796491717406], "layer_D_star_score": [3.454043125192535, 9.714578820948667, 9.262339819063758, 9.83787024460999, 4.387940248133863, 30.769171597746926], "layer_Op2_score": [11.419623189390208, 19.752076392308695, 19.352831088997945, 19.790378263437237, 6.310188961907619, 39.018869775717405], "layer_Barinel_score": [0.4319235418294911, 0.4405271691564405, 0.43985876718840367, 0.44551513209190247, 0.15900372253562897, 0.4347826086956522], "time": 0.5018477439880371}