{"neuron_counts": [12000, 6000, 6000, 6000, 50, 1], "neuron_counts_selected": [500, 500, 500, 500, 50, 1], "layer_tarantula_score": [0.5000044107733277, 0.5002381296043097, 0.49968569901305115, 0.4972481257273554, 0.1756155437727272, 0.4999998557695497], "layer_ochiai_score": [0.35651869502583267, 0.46130149684695926, 0.4623641142757919, 0.46086676828991924, 0.13863275279890197, 0.6593796491717406], "layer_D_star_score": [3.5275811654681144, 8.991695897243568, 9.155360953551895, 9.012672034906474, 4.387940248133863, 30.769171597746926], "layer_Op2_score": [11.46901940939734, 19.155246190101526, 19.262189592095115, 19.231510355640843, 6.310188961907619, 39.018869775717405], "layer_Barinel_score": [0.4366150502088412, 0.4358806311493083, 0.43537477329635293, 0.4329655340294713, 0.15900372253562897, 0.4347826086956522], "time": 1.9959075450897217}