{"neuron_counts": [12000, 6000, 6000, 6000, 50, 1], "neuron_counts_selected": [500, 500, 500, 500, 50, 1], "layer_tarantula_score": [0.44685358491965715, 0.46131105254298627, 0.4640076135222318, 0.468044155610063, 0.04477863178657948, 0.4999998557695497], "layer_ochiai_score": [0.3102659504376222, 0.4194094324121074, 0.42264583230489255, 0.42475650146559213, 0.031966766218800624, 0.6593796491717406], "layer_D_star_score": [2.382794101380993, 6.657174175603845, 6.7793255446498435, 6.932793496172072, 0.7129805434395644, 30.769171597746926], "layer_Op2_score": [9.604316918579398, 16.98911562638561, 17.136274717391096, 17.184197649966695, 1.26286798779625, 39.018869775717405], "layer_Barinel_score": [0.38478120336968036, 0.39768819268486477, 0.40026089695518663, 0.40421551766795755, 0.039135408013759206, 0.4347826086956522], "time": 2.400949478149414}