{"neuron_counts": [12000, 6000, 6000, 6000, 50, 1], "neuron_counts_selected": [100, 100, 100, 100, 50, 1], "layer_tarantula_score": [0.4348146966819511, 0.4660555881845311, 0.4680718532883348, 0.4605968077278536, 0.04477863178657948, 0.4999998557695497], "layer_ochiai_score": [0.2960996202530645, 0.42464435825655283, 0.42948347843633833, 0.41990576462200185, 0.031966766218800624, 0.6593796491717406], "layer_D_star_score": [2.184122981555035, 7.0520262086873915, 7.097913293409114, 6.772908903968804, 0.7129805434395644, 30.769171597746926], "layer_Op2_score": [9.055881670411942, 17.312004687915685, 17.516491476431177, 17.113636771062698, 1.26286798779625, 39.018869775717405], "layer_Barinel_score": [0.37387073921973296, 0.4023938331069707, 0.404185156942219, 0.39711656650166854, 0.039135408013759206, 0.4347826086956522], "time": 0.6283156871795654}