{"neuron_counts": [12000, 6000, 6000, 6000, 50, 1], "neuron_counts_selected": [1000, 1000, 1000, 1000, 50, 1], "layer_tarantula_score": [0.5006324521862612, 0.49882470543623497, 0.5010447623854433, 0.4977643892925886, 0.1756155437727272, 0.4999998557695497], "layer_ochiai_score": [0.3577678738130476, 0.46122667868730705, 0.46530979643613407, 0.4597347239052696, 0.13863275279890197, 0.6593796491717406], "layer_D_star_score": [3.6639331070388708, 9.043920143366499, 9.34999208369621, 8.933352805577247, 4.387940248133863, 30.769171597746926], "layer_Op2_score": [11.534415635064839, 19.197680159094038, 19.4521329922019, 19.118774498538684, 6.310188961907619, 39.018869775717405], "layer_Barinel_score": [0.4376072328547348, 0.4345376851551063, 0.43673769431216, 0.4334289153135676, 0.15900372253562897, 0.4347826086956522], "time": 4.233357191085815}