{"neuron_counts": [12000, 6000, 6000, 6000, 50, 1], "neuron_counts_selected": [500, 500, 500, 500, 50, 1], "layer_tarantula_score": [0.49028915042459764, 0.4958906410446715, 0.500660429177551, 0.49989786787937657, 0.15487910988495426, 0.4999998557695497], "layer_ochiai_score": [0.27086459194034357, 0.3718019937853419, 0.3736897700876463, 0.37621177436889175, 0.13143617351552747, 0.6593796491717406], "layer_D_star_score": [1.4402461985153134, 4.220387418229333, 4.279163988939928, 4.347467752595479, 4.11488964022336, 30.769171597746926], "layer_Op2_score": [6.787585230971262, 12.586038339550301, 12.58479304378671, 12.77218928266173, 6.0162266863647424, 39.018869775717405], "layer_Barinel_score": [0.42979825039328967, 0.4326101719600065, 0.43711006820503395, 0.436563834566817, 0.1383130213990948, 0.4347826086956522], "time": 2.0662503242492676}