{"neuron_counts": [12000, 6000, 6000, 6000, 50, 1], "neuron_counts_selected": [500, 500, 500, 500, 50, 1], "layer_tarantula_score": [0.4985648118194918, 0.5020664398351954, 0.4986746009615119, 0.49942613469254155, 0.15487910988495426, 0.4999998557695497], "layer_ochiai_score": [0.2796489623852191, 0.3733984537387277, 0.37422070752877423, 0.3710086284864231, 0.13143617351552747, 0.6593796491717406], "layer_D_star_score": [1.4845662495899055, 4.222350553614908, 4.342482827559306, 4.131829431268537, 4.11488964022336, 30.769171597746926], "layer_Op2_score": [7.12366071384771, 12.536981718902418, 12.667811921109584, 12.43366096667742, 6.0162266863647424, 39.018869775717405], "layer_Barinel_score": [0.43667103035860555, 0.43867880175461, 0.4355100123530795, 0.43615054553469007, 0.1383130213990948, 0.4347826086956522], "time": 2.0160508155822754}