{"neuron_counts": [12000, 6000, 6000, 6000, 50, 1], "neuron_counts_selected": [1000, 1000, 1000, 1000, 50, 1], "layer_tarantula_score": [0.44642284504980584, 0.4658537442959155, 0.4696548614258684, 0.4661965716124245, 0.04468935326362883, 0.4999998228748973], "layer_ochiai_score": [0.30361366614938373, 0.41814030439048167, 0.4208949184517096, 0.4178251514715132, 0.03158879265714558, 0.6497854346736582], "layer_D_star_score": [2.186751667860564, 6.394062587277733, 6.4985903518874455, 6.385008172796085, 0.6497954489152193, 27.7691773669666], "layer_Op2_score": [9.004294366452134, 16.358762416340728, 16.429457613723372, 16.333597849868205, 1.1928679877962505, 37.018869775717405], "layer_Barinel_score": [0.372648320907287, 0.38994812499880893, 0.3935865711734689, 0.3902995770403507, 0.037964476510545075, 0.4222222222222223], "time": 3.9295191764831543}