{"neuron_counts": [12000, 6000, 6000, 6000, 50, 1], "neuron_counts_selected": [500, 500, 500, 500, 50, 1], "layer_tarantula_score": [0.41786363699530626, 0.44898401546926203, 0.4562158794669963, 0.45279935484945144, 0.037554368697731814, 0.4999998228748973], "layer_ochiai_score": [0.21810744291090858, 0.32339186081718835, 0.3266171540914884, 0.3285003952152536, 0.028336056932725097, 0.6497854346736582], "layer_D_star_score": [0.7450381841380196, 2.709330798860993, 2.700295624260095, 2.8019079893108714, 0.5882264466279981, 27.7691773669666], "layer_Op2_score": [4.955097760087245, 10.165792220512792, 10.175199375050237, 10.353497501785846, 1.1052453395370965, 37.018869775717405], "layer_Barinel_score": [0.3477943809923492, 0.3746621285974458, 0.3812651099698629, 0.3784274447206742, 0.031661686760586165, 0.4222222222222223], "time": 1.9098422527313232}