{"neuron_counts": [12000, 6000, 6000, 6000, 50, 1], "neuron_counts_selected": [500, 500, 500, 500, 50, 1], "layer_tarantula_score": [0.47286320176756397, 0.48226540330015655, 0.4897478503866911, 0.4992813844529783, 0.1449341694664184, 0.4999998557695497], "layer_ochiai_score": [0.14433320979475794, 0.19724766423823406, 0.19595525836102104, 0.203987008107602, 0.12575894557416048, 0.6593796491717406], "layer_D_star_score": [0.1778597909819901, 0.48135320739536097, 0.45862413187129436, 0.518097125123333, 3.8377333668182065, 30.769171597746926], "layer_Op2_score": [2.032490659451586, 3.718490750017453, 3.6224530029188626, 3.844641685581726, 5.704528557493288, 39.018869775717405], "layer_Barinel_score": [0.42875060495060496, 0.426281660032434, 0.4341742657669128, 0.44309172280248127, 0.12881456388078782, 0.4347826086956522], "time": 2.0516257286071777}