{"neuron_counts": [16, 16, 16, 1], "neuron_counts_selected": [16, 16, 16, 1], "layer_tarantula_score": [0.5120737402898902, 0.38539477444265025, 0.03320318401235697, 0.5000010071442262], "layer_ochiai_score": [0.5944642872705764, 0.5135876362464068, 0.034678798037785626, 0.8999994444449588], "layer_D_star_score": [24.6394516938038, 102.16776579363444, 12.140286125688116, 345.3139720317261], "layer_Op2_score": [34.794142591787036, 37.45703339842676, 2.8246096269518635, 80.05000474997625], "layer_Barinel_score": [0.8111729328460437, 0.6611757643617353, 0.051367187499999974, 0.81], "time": 0.11527752876281738}