{"neuron_counts": [16, 16, 16, 1], "neuron_counts_selected": [16, 16, 16, 1], "layer_tarantula_score": [0.5653200886549685, 0.5126953865385502, 0.20359258922107754, 0.5000005210404069], "layer_ochiai_score": [0.6648721167208966, 0.696947147091993, 0.1956922739436265, 0.9017885899870061], "layer_D_star_score": [86.41384247658871, 388.3937846352155, 131.3943652214735, 700.6712578295027], "layer_Op2_score": [84.13462157753602, 110.85158263887733, 30.705485925902984, 159.9532822067569], "layer_Barinel_score": [0.844043576893133, 0.7980324470142729, 0.3216160033922531, 0.8132231663673217], "time": 0.129685640335083}