{"neuron_counts": [50, 2], "neuron_counts_selected": [50, 2], "layer_tarantula_score": [0.3395569348236156, 0.5028501549060119], "layer_ochiai_score": [0.16853052361242393, 0.5114464154567794], "layer_D_star_score": [20.230944445888145, 372.1781191815207], "layer_Op2_score": [114.18318891351237, 621.1643543581265], "layer_Barinel_score": [0.4230577457275903, 0.6257845967352557], "time": 1.308666467666626}