{"neuron_counts": [64, 32, 16, 1], "neuron_counts_selected": [64, 32, 16, 1], "layer_tarantula_score": [0.152587890625, 0.765625, 0.66015625, 1.0], "layer_ochiai_score": [0.0043924974009325575, 0.1630905921615526, 0.23641602601237321, 0.7151149087572384], "layer_D_star_score": [0.00032188219236241707, 12.52192795783598, 130.18466675000002, 960.7589127832495], "layer_Op2_score": [0.24321982640814152, 83.4497112522374, 219.81841627358628, 917.964109576661], "layer_Barinel_score": [0.152587890625, 0.765625, 0.66015625, 1.0], "time": 0.9919424057006836}