{"neuron_counts": [55040, 27520, 13760, 27520, 55040, 1290], "neuron_counts_selected": [200, 200, 200, 200, 200, 200], "layer_tarantula_score": [0.995, 0.76, 0.93, 0.845, 0.72, 1.0], "layer_ochiai_score": [0.48261602699803163, 0.470672716095985, 0.6952375473585954, 0.5905737583352759, 0.5196782817761572, 0.6708112373660385], "layer_D_star_score": [19.34311516941993, 131.07809877698145, 8955308.976521356, 19029233.246372733, 6716454.165177831, 71.01947514335852], "layer_Op2_score": [37.78519373941923, 49.29789355168006, 83.75378834332707, 68.37860509460573, 61.21992433683067, 68.32115960584417], "layer_Barinel_score": [0.995, 0.76, 0.93, 0.845, 0.72, 1.0], "time": 2.035832643508911}