{"neuron_counts": [55040, 27520, 13760, 27520, 55040, 1290], "neuron_counts_selected": [500, 500, 500, 500, 500, 500], "layer_tarantula_score": [0.5959840000000001, 0.43824399999999997, 0.7992360000000001, 0.49843599999999993, 0.43033600000000005, 1.0], "layer_ochiai_score": [0.10527121006581487, 0.14080395592262154, 0.3442895847063613, 0.16122808010963408, 0.13413061667128123, 0.5444226543150457], "layer_D_star_score": [0.2131919679504421, 2.251583931088707, 15.783064857941714, 4.9144608155068585, 2.6203621829702857, 22.949917341575667], "layer_Op2_score": [3.233632633795738, 8.093793070121652, 25.60073062250932, 9.848886165438945, 7.944336834252819, 45.241376127089964], "layer_Barinel_score": [0.5959840000000001, 0.43824399999999997, 0.7992360000000001, 0.49843599999999993, 0.43033600000000005, 1.0], "time": 3.87091326713562}