{"neuron_counts": [55040, 27520, 13760, 27520, 55040, 1290], "neuron_counts_selected": [100, 100, 100, 100, 100, 100], "layer_tarantula_score": [0.9801, 0.6241000000000001, 0.9409, 0.7569, 0.5625, 1.0], "layer_ochiai_score": [0.3884637832884358, 0.323214144051023, 0.5720413208055675, 0.4088720442265589, 0.3193748481545099, 0.6179789932630066], "layer_D_star_score": [5.262668528767672, 27.121480014030663, 160111.92074996184, 1690029.581277101, 40039.5103864189, 31.796341259203032], "layer_Op2_score": [16.895, 19.9727, 38.9843, 25.392400000000002, 20.5468, 39.0903], "layer_Barinel_score": [0.9801, 0.6241000000000001, 0.9409, 0.7569, 0.5625, 1.0], "time": 1.2423994541168213}