{"neuron_counts": [55040, 27520, 13760, 27520, 55040, 1290], "neuron_counts_selected": [500, 500, 500, 500, 500, 500], "layer_tarantula_score": [1.0, 0.6115240000000001, 0.937024, 0.695556, 0.544644, 1.0], "layer_ochiai_score": [0.4323521222512101, 0.31522021967917313, 0.5992865758417162, 0.3757857411692523, 0.32843185105800166, 0.6277000522264661], "layer_D_star_score": [10.197637519279318, 36.900495037057254, 605537.6636442714, 702142.6896963454, 175622.0399016795, 45.83749080221078], "layer_Op2_score": [29.834585605008634, 29.084408468596433, 63.82709577294676, 35.00835200474071, 33.34614398217816, 59.739211033601414], "layer_Barinel_score": [1.0, 0.6115240000000001, 0.937024, 0.695556, 0.544644, 1.0], "time": 4.012410402297974}