{"neuron_counts": [55040, 27520, 13760, 27520, 55040, 1290], "neuron_counts_selected": [200, 200, 200, 200, 200, 200], "layer_tarantula_score": [1.0, 0.6241000000000001, 0.912025, 0.664225, 0.540225, 1.0], "layer_ochiai_score": [0.4407302816872714, 0.3226134212995248, 0.5717493916333877, 0.3388072045073788, 0.32553551560552607, 0.6269925119705733], "layer_D_star_score": [10.854362711227848, 28.486606384235515, 358425.03781786154, 2020503.0773047337, 201580.23202267653, 44.623617933605516], "layer_Op2_score": [30.89293577441068, 28.593540898670117, 60.15857787678411, 31.021445098077407, 33.150416411814525, 59.51303321854839], "layer_Barinel_score": [1.0, 0.6241000000000001, 0.912025, 0.664225, 0.540225, 1.0], "time": 2.1501078605651855}