{"neuron_counts": [55040, 27520, 13760, 27520, 55040, 1290], "neuron_counts_selected": [500, 500, 500, 500, 500, 500], "layer_tarantula_score": [0.772, 0.662, 0.894, 0.706, 0.656, 1.0], "layer_ochiai_score": [0.17850277108521176, 0.2769664163530571, 0.48806303427415454, 0.3173955807554879, 0.27810066245743864, 0.5970889753157523], "layer_D_star_score": [0.8302255384009173, 10.210819088328185, 72.82746614405006, 59.266533638038744, 14.865681736202205, 40.390332475442136], "layer_Op2_score": [7.230110184832511, 20.174624499428102, 45.31070516054241, 26.506926357155503, 21.407274511374716, 54.65157345675857], "layer_Barinel_score": [0.772, 0.662, 0.894, 0.706, 0.656, 1.0], "time": 3.786424398422241}