{"neuron_counts": [55040, 27520, 13760, 27520, 55040, 1290], "neuron_counts_selected": [2000, 2000, 2000, 2000, 2000, 1290], "layer_tarantula_score": [1.0, 0.62015625, 0.9283322500000001, 0.6561000000000001, 0.561001, 1.0], "layer_ochiai_score": [0.4355883531734462, 0.3265022628281975, 0.5929259391084222, 0.35932139451882095, 0.3327849487910384, 0.6196148859438312], "layer_D_star_score": [6.934119426666615, 25.16400200055559, 112347.51769340025, 511285.3168325868, 119096.71332756245, 29.15522413874513], "layer_Op2_score": [20.228637499999998, 20.15625875, 41.784989, 22.9385395, 22.523826749999998, 38.992561745087436], "layer_Barinel_score": [1.0, 0.62015625, 0.9283322500000001, 0.6561000000000001, 0.561001, 1.0], "time": 11.825112581253052}