{"neuron_counts": [1577088, 3097600, 774400, 774400, 774400, 128, 128, 2], "neuron_counts_selected": [100, 100, 100, 100, 100, 100, 100, 2], "layer_tarantula_score": [0.37497658483680457, 0.29234662670074185, 0.40741705917647075, 0.41543561070050633, 0.4257346621407005, 0.0004500018749609437, 0.0004500018749609387, 0.5000020832899315], "layer_ochiai_score": [0.362584471198699, 0.2210536673923898, 0.504825384672552, 0.5205580851353641, 0.5043604091090454, 0.0006971311929149158, 0.0006971311929149184, 0.7745902143499258], "layer_D_star_score": [36.81718310058109, 0.3523737070341451, 2.6244783672566707, 2.8620825730763686, 2.6812529891669485, 0.008099797505062171, 0.008099797505062322, 8.99977500562486], "layer_Op2_score": [1.3457672046559066, 0.6812431231375377, 2.5440097398052037, 2.688149099018021, 2.4901882462350757, 0.004680014399711733, 0.004680014399711785, 5.200015999680007], "layer_Barinel_score": [0.45577749999999984, 0.3353242063492063, 0.49763734126984116, 0.5054437698412698, 0.5166486507936509, 0.0005400000000000204, 0.0005400000000000204, 0.6], "time": 0.7509465217590332}