{"neuron_counts": [1577088, 3097600, 774400, 774400, 774400, 128, 128, 2], "neuron_counts_selected": [500, 500, 500, 500, 500, 128, 128, 2], "layer_tarantula_score": [0.07866021447292218, 0.0, 0.004, 0.002, 0.0, 0.007812542134609775, 0.007812542134609775, 0.0], "layer_ochiai_score": [0.0336914059206669, 0.0, 0.001833515722194914, 0.0006914658229827592, 0.0, 0.012739228586741194, 0.012739228586741194, 0.0], "layer_D_star_score": [0.033347454851859734, 0.0, 0.003327561975228076, 0.00029569224646723634, 0.0, 0.2822502782424464, 0.2822502782424464, 0.0], "layer_Op2_score": [0.12180188055233523, 0.0, 0.0077716785185330305, 0.0014631660139604469, -0.0004570126502944186, 0.1295240415853624, 0.1295240415853624, 0.0], "layer_Barinel_score": [0.07962992808796304, 0.0, 0.004, 0.002, 0.0, 0.010386542480408744, 0.010386542480408744, 0.0], "time": 0.7051160335540771}