{"neuron_counts": [1577088, 3097600, 774400, 774400, 774400, 128, 128, 2], "neuron_counts_selected": [200, 200, 200, 200, 200, 128, 128, 2], "layer_tarantula_score": [0.38565173094605965, 0.2632725355729861, 0.40844456552466074, 0.41684141275481895, 0.42691021922810585, 0.00012207082111571373, 0.00012207082111571373, 0.5000020832899315], "layer_ochiai_score": [0.37425871212525375, 0.223943136848972, 0.4968690224522256, 0.49381300229389674, 0.5314778324536553, 0.0001891089390502668, 0.0001891089390502668, 0.7745902143499258], "layer_D_star_score": [36.88922071327117, 0.31881908962336586, 2.435725184894097, 2.643540347303905, 2.9624930088728267, 0.0021972106947326943, 0.0021972106947326943, 8.99977500562486], "layer_Op2_score": [1.418856941361173, 0.6784543609127808, 2.424283899322013, 2.417598313033738, 2.724039411711764, 0.0012695351561716512, 0.0012695351561716512, 5.200015999680007], "layer_Barinel_score": [0.4664570535714287, 0.3161849702380954, 0.49724427579365066, 0.505825238095238, 0.5189031051587302, 0.00014648437500000417, 0.00014648437500000417, 0.6], "time": 0.5840537548065186}