{"neuron_counts": [1577088, 3097600, 774400, 774400, 774400, 128, 128, 2], "neuron_counts_selected": [200, 200, 200, 200, 200, 128, 128, 2], "layer_tarantula_score": [0.36762623922078175, 0.2668869227387861, 0.4506169819888639, 0.4056598208481699, 0.40311807684199163, 0.00012207082111571373, 0.00012207082111571373, 0.5000020832899315], "layer_ochiai_score": [0.36052491144677334, 0.22380884149243224, 0.5502397414004255, 0.4753512231886244, 0.4790738767823537, 0.0001891089390502668, 0.0001891089390502668, 0.7745902143499258], "layer_D_star_score": [0.8306189638517398, 0.3869273585198324, 3.019946206828426, 2.156424279003978, 2.3087821803152626, 0.0021972106947326943, 0.0021972106947326943, 8.99977500562486], "layer_Op2_score": [1.3415922181556363, 0.7339533144337109, 2.769954278914421, 2.2398235705285887, 2.287843811123777, 0.0012695351561716512, 0.0012695351561716512, 5.200015999680007], "layer_Barinel_score": [0.4474015773809524, 0.3148333829365078, 0.5465223511904762, 0.4964215773809522, 0.4912905753968253, 0.00014648437500000417, 0.00014648437500000417, 0.6], "time": 0.8322877883911133}