{"neuron_counts": [1577088, 3097600, 774400, 774400, 774400, 128, 128, 2], "neuron_counts_selected": [500, 500, 500, 500, 500, 128, 128, 2], "layer_tarantula_score": [0.37582249490784597, 0.2620640345304112, 0.40345073475698473, 0.4215063902047506, 0.4150803424920429, 0.00012207097085326646, 0.00012207097085326646, 0.5000026966150256], "layer_ochiai_score": [0.38844476918507587, 0.234759064465252, 0.5058414616994482, 0.5371929409436692, 0.5332154540067889, 0.00019905044666781841, 0.00019905044666781841, 0.8153106295514364], "layer_D_star_score": [14.700982093007136, 0.7262023019462539, 4.218561561632831, 5.1498318986380385, 5.048210843616939, 0.0044101605975384135, 0.0044101605975384135, 18.06401780751657], "layer_Op2_score": [2.2739003412620917, 1.2185277288553018, 3.725526697465143, 4.107211739495162, 4.088146608964467, 0.002023813149771187, 0.002023813149771187, 8.289538661463194], "layer_Barinel_score": [0.5127518753535633, 0.34565075822816876, 0.553780487837798, 0.5740989890060335, 0.5661973941854207, 0.0001622897262564074, 0.0001622897262564074, 0.6647387187461596], "time": 0.7069666385650635}