{"neuron_counts": [1577088, 3097600, 774400, 774400, 774400, 128, 128, 2], "neuron_counts_selected": [500, 500, 500, 500, 500, 128, 128, 2], "layer_tarantula_score": [0.5199713668049267, 0.4567520857540673, 0.5017742574248389, 0.5097825540950913, 0.5060942000642168, 0.007812542134609775, 0.007812542134609775, 0.5000026966150256], "layer_ochiai_score": [0.5038889528045526, 0.3874267259554653, 0.6190481976100309, 0.6441654930249403, 0.6421048423763683, 0.012739228586741194, 0.012739228586741194, 0.8153106295514364], "layer_D_star_score": [3323.8227641035946, 2.9403598271057163, 8.664176097207672, 9.683677478335412, 9.964849624880124, 0.2822502782424464, 0.2822502782424464, 18.06401780751657], "layer_Op2_score": [3.392104362423488, 2.5150066948609764, 5.1933218156471845, 5.5563232767073485, 5.522976532575705, 0.1295240415853624, 0.1295240415853624, 8.289538661463194], "layer_Barinel_score": [0.6433994836162965, 0.5438932864792579, 0.6441893147833012, 0.654750718481054, 0.6501926212219892, 0.010386542480408744, 0.010386542480408744, 0.6647387187461596], "time": 0.6403064727783203}