{"neuron_counts": [1577088, 3097600, 774400, 774400, 774400, 128, 128, 2], "neuron_counts_selected": [1000, 1000, 1000, 1000, 1000, 128, 128, 2], "layer_tarantula_score": [0.37799123858586203, 0.28263483859040944, 0.4199194085982327, 0.4101023072042648, 0.41364688623969753, 0.00012207082111571373, 0.00012207082111571373, 0.5000020832899315], "layer_ochiai_score": [0.37059906313869695, 0.23840407425725196, 0.5116522017206867, 0.499614086262371, 0.5104750957656023, 0.0001891089390502668, 0.0001891089390502668, 0.7745902143499258], "layer_D_star_score": [2.2997497601707955, 0.43310046992231716, 2.6962806142033475, 2.5804697544947777, 2.8142810861087257, 0.0021972106947326943, 0.0021972106947326943, 8.99977500562486], "layer_Op2_score": [1.407568118697627, 0.783079748145037, 2.557190941641168, 2.4851825141097166, 2.5881591438971228, 0.0012695351561716512, 0.0012695351561716512, 5.200015999680007], "layer_Barinel_score": [0.45896858214285724, 0.33429850198412736, 0.511449875, 0.5003091952380955, 0.5041104297619047, 0.00014648437500000417, 0.00014648437500000417, 0.6], "time": 3.1847188472747803}