{"neuron_counts": [1577088, 3097600, 774400, 774400, 774400, 128, 128, 2], "neuron_counts_selected": [1000, 1000, 1000, 1000, 1000, 128, 128, 2], "layer_tarantula_score": [0.5250643635495895, 0.46529190094465617, 0.5084483466949766, 0.5079303387070717, 0.5060205785249872, 0.007812542134609775, 0.007812542134609775, 0.5000026966150256], "layer_ochiai_score": [0.5030705008072139, 0.3832013778694552, 0.6345520218834112, 0.6448206125493421, 0.6443700322794373, 0.012739228586741194, 0.012739228586741194, 0.8153106295514364], "layer_D_star_score": [833.5344964950523, 2.719402078353122, 839.8475546548735, 9.78831139387419, 9.870532384642193, 0.2822502782424464, 0.2822502782424464, 18.06401780751657], "layer_Op2_score": [3.3559099891925612, 2.436684452579294, 5.393218569387282, 5.544403660219091, 5.53854375250271, 0.1295240415853624, 0.1295240415853624, 8.289538661463194], "layer_Barinel_score": [0.6523432669932804, 0.549815269330435, 0.6505250771537597, 0.6520367200430919, 0.6513329657215641, 0.010386542480408744, 0.010386542480408744, 0.6647387187461596], "time": 1.0550198554992676}