{"neuron_counts": [1577088, 3097600, 774400, 774400, 774400, 128, 128, 2], "neuron_counts_selected": [2000, 2000, 2000, 2000, 2000, 128, 128, 2], "layer_tarantula_score": [0.3814934153434766, 0.26574259687468155, 0.41694993915656964, 0.41137944019192046, 0.41740422070301825, 0.00012207082111571373, 0.00012207082111571373, 0.5000020832899315], "layer_ochiai_score": [0.3724545699898129, 0.2274626783072519, 0.5085810770468244, 0.5052416103004788, 0.5116447084336018, 0.0001891089390502668, 0.0001891089390502668, 0.7745902143499258], "layer_D_star_score": [1.6461074153017072, 0.5012721444304868, 3.0462756316684407, 3.124402587602662, 3.125057133159927, 0.0021972106947326943, 0.0021972106947326943, 8.99977500562486], "layer_Op2_score": [1.4100480863782703, 0.7343910730485378, 2.5384172345103098, 2.5354630526039488, 2.570235784434312, 0.0012695351561716512, 0.0012695351561716512, 5.200015999680007], "layer_Barinel_score": [0.46422305476190456, 0.3163922907738094, 0.5083550043650793, 0.501382182142857, 0.5089663553571427, 0.00014648437500000417, 0.00014648437500000417, 0.6], "time": 2.782982587814331}