{"neuron_counts": [160, 160, 160, 160, 80, 80, 80, 80, 80, 64, 64, 64, 1], "neuron_counts_selected": [160, 160, 160, 160, 80, 80, 80, 80, 80, 64, 64, 64, 1], "layer_tarantula_score": [0.37864268160803505, 0.42704549973518985, 0.42704549973518985, 0.42704549973518985, 0.46679953497200005, 0.45724403083086723, 0.45724403083086723, 0.45724403083086723, 0.45724403083086723, 0.3101594703336814, 0.32361381843946774, 0.32361381843946774, 0.5000000488757025], "layer_ochiai_score": [0.1799342365540845, 0.28211723847930636, 0.28211723847930636, 0.28211723847930636, 0.3340765260034313, 0.2876878176630743, 0.2876878176630743, 0.2876878176630743, 0.2876878176630743, 0.17922229391524647, 0.21295770936726346, 0.21295770936726346, 0.7180692428343765], "layer_D_star_score": [0.3461226973148737, 1.364768641266612, 1.364768641266612, 1.364768641266612, 2.424204887182125, 1.3560025442866954, 1.3560025442866954, 1.3560025442866954, 1.3560025442866954, 1.3550194905038853, 1.386745589331699, 1.386745589331699, 35.12891893897116], "layer_Op2_score": [2.5909268943202517, 5.644716274080001, 5.644716274080001, 5.644716274080001, 7.314204835980979, 5.545562103712176, 5.545562103712176, 5.545562103712176, 5.545562103712176, 3.2355734474877615, 4.164925598499106, 4.164925598499106, 32.03125302733429], "layer_Barinel_score": [0.3905498294965041, 0.44081406448866467, 0.44081406448866467, 0.44081406448866467, 0.4808181600936615, 0.470915163692827, 0.470915163692827, 0.470915163692827, 0.470915163692827, 0.31682631902879843, 0.33145059050448505, 0.33145059050448505, 0.515625], "time": 1.2057726383209229}