{"neuron_counts": [160, 160, 160, 160, 80, 80, 80, 80, 80, 64, 64, 64, 1], "neuron_counts_selected": [160, 160, 160, 160, 80, 80, 80, 80, 80, 64, 64, 64, 1], "layer_tarantula_score": [0.5302086043344325, 0.5295359898673884, 0.5295359898673884, 0.5295359898673884, 0.5568750965893129, 0.5825260364047751, 0.5825260364047751, 0.5825260364047751, 0.5825260364047751, 0.5191587755396068, 0.5225679431593315, 0.5225679431593315, 0.5000000488757025], "layer_ochiai_score": [0.3360375925637399, 0.403794380498557, 0.403794380498557, 0.403794380498557, 0.45883732535886584, 0.42593622238325146, 0.42593622238325146, 0.42593622238325146, 0.42593622238325146, 0.3816607238228024, 0.39245880379302744, 0.39245880379302744, 0.7180692428343765], "layer_D_star_score": [2.289918067263507, 4.883842174353745, 4.883842174353745, 4.883842174353745, 9.422903755041004, 6.350143540090963, 6.350143540090963, 6.350143540090963, 6.350143540090963, 8.308918501333293, 6.339333218582883, 6.339333218582883, 35.12891893897116], "layer_Op2_score": [6.915625595701263, 9.824414904172176, 9.824414904172176, 9.824414904172176, 12.284375947262665, 10.110156960446998, 10.110156960446998, 10.110156960446998, 10.110156960446998, 9.415039816281825, 9.365723564145112, 9.365723564145112, 32.03125302733429], "layer_Barinel_score": [0.5430989537516343, 0.5430998176976267, 0.5430998176976267, 0.5430998176976267, 0.5701617899273494, 0.5950861082333858, 0.5950861082333858, 0.5950861082333858, 0.5950861082333858, 0.5272612074978624, 0.5316308383444565, 0.5316308383444565, 0.515625], "time": 1.2656140327453613}