{"neuron_counts": [12, 2], "neuron_counts_selected": [12, 2], "layer_tarantula_score": [0.4969313900773291, 0.4999999999913599], "layer_ochiai_score": [0.3714590580496092, 0.7063426902007269], "layer_D_star_score": [2408.5951306006414, 12419.232678061524], "layer_Op2_score": [4287.8916244306965, 12472.000079829182], "layer_Barinel_score": [0.4958515338257914, 0.49892000000000003], "time": 3.52681303024292}