{"neuron_counts": [28800, 7200, 5408, 1152, 1152, 400, 10], "neuron_counts_selected": [2000, 2000, 2000, 1152, 1152, 400, 10], "layer_tarantula_score": [0.4235454230619861, 0.42523428245213724, 0.4805253768627053, 0.4825937133237825, 0.4825937133237825, 0.21369025343799206, 0.5213252065823976], "layer_ochiai_score": [0.27943150134406636, 0.31934326368243093, 0.44907511646860515, 0.5199525758562547, 0.5199525758562547, 0.2680669878748256, 0.39613076421034044], "layer_D_star_score": [1147.3772021608413, 1254.3130310742315, 2079.357750776992, 2835.296940180642, 2835.296940180642, 2015.2303299990945, 683.2951624510104], "layer_Op2_score": [1783.6250707972888, 2072.5743337839335, 3211.1083497163477, 4072.280284476512, 4072.280284476512, 2359.644377770969, 2083.6157914603573], "layer_Barinel_score": [0.41394862801432064, 0.41559430373526246, 0.4697346650150641, 0.4718074231032106, 0.4718074231032106, 0.20901538071655368, 0.5103142615260745], "time": 912.1194169521332}