{"neuron_counts": [28800, 7200, 5408, 1152, 1152, 400, 10], "neuron_counts_selected": [100, 100, 100, 100, 100, 100, 10], "layer_tarantula_score": [0.4289507213884485, 0.3990190980522649, 0.466841329583241, 0.4823146133156711, 0.48979474511250437, 0.22494962630899562, 0.5213252065823976], "layer_ochiai_score": [0.24985779174056172, 0.3128058021793624, 0.41179089198665964, 0.5327346995003145, 0.5127390140166878, 0.28138545906544643, 0.39613076421034044], "layer_D_star_score": [875.4429011312802, 1187.9726600673857, 1653.4166934451098, 2993.6308100179995, 2672.1348560752535, 2074.884796149954, 683.2951624510104], "layer_Op2_score": [1463.2438093905096, 2026.4086497986136, 2785.588651522204, 4231.535869631334, 3939.1200573204005, 2460.4848154117767, 2083.6157914603573], "layer_Barinel_score": [0.41943858277108675, 0.389913314901626, 0.4562764323968793, 0.47151079130847023, 0.47888151066404466, 0.22005117349108827, 0.5103142615260745], "time": 59.027271032333374}