{"neuron_counts": [28800, 7200, 5408, 1152, 1152, 400, 10], "neuron_counts_selected": [100, 100, 100, 100, 100, 100, 10], "layer_tarantula_score": [0.4298488819797885, 0.40404301921174995, 0.4814832795175088, 0.4768581733836591, 0.4853420125966666, 0.26324597249393744, 0.5213252065823976], "layer_ochiai_score": [0.2695950790290902, 0.317617056398669, 0.4543743864669489, 0.5012938215830052, 0.5175848334477182, 0.3399943193014836, 0.39613076421034044], "layer_D_star_score": [1035.5214341760902, 1279.3317978600978, 2198.8934122475825, 2684.1706847481187, 2718.137147943604, 2733.5296888024213, 683.2951624510104], "layer_Op2_score": [1636.3751924464211, 2100.610246969279, 3298.925092661764, 3892.435066324807, 4004.625353759884, 3079.1968541817982, 2083.6157914603573], "layer_Barinel_score": [0.4200866144696107, 0.39482757875506236, 0.47058204528579123, 0.46617037801307903, 0.47443304256634455, 0.2574561149677256, 0.5103142615260745], "time": 62.89724111557007}