{"neuron_counts": [28800, 7200, 5408, 1152, 1152, 400, 10], "neuron_counts_selected": [1000, 1000, 1000, 1000, 1000, 400, 10], "layer_tarantula_score": [0.36774937354096865, 0.3551247935723664, 0.45789957291040656, 0.4633131488756367, 0.4579460199015717, 0.08802681075913393, 0.4919047754703948], "layer_ochiai_score": [0.1677307123216651, 0.19935778977499116, 0.3457700320853887, 0.4416801877158848, 0.43410606429885934, 0.10591608146718567, 0.3677442988020428], "layer_D_star_score": [272.23636505482807, 369.56542470379, 829.0083519538895, 1698.18385112084, 1658.9445815795684, 676.7313343282021, 537.781747401247], "layer_Op2_score": [722.2540134556899, 968.7996639339909, 1982.023651822951, 3071.8261073653343, 3011.393388048218, 873.2747362089168, 1892.3578412040051], "layer_Barinel_score": [0.35911215939593827, 0.3468375998717596, 0.44739902597793657, 0.4527986816166675, 0.4475426220724569, 0.08606225830129197, 0.48086641160571797], "time": 570.9148766994476}