{"neuron_counts": [28800, 7200, 5408, 1152, 1152, 400, 10], "neuron_counts_selected": [500, 500, 500, 500, 500, 400, 10], "layer_tarantula_score": [0.02089027473728589, 0.018209878290505813, 0.06102792934368305, 0.07411051562971807, 0.09086786316231941, 0.19789259037151818, 0.10791056459125478], "layer_ochiai_score": [0.005599584825776075, 0.004513914223787858, 0.002456080984191786, 0.004717005566609617, 0.00374221649014276, 0.18058510655207757, 0.002154989912790453], "layer_D_star_score": [0.8620425701238249, 0.8265500181724674, 0.007677429822283687, 0.05981081538487856, 0.024022721310241756, 902.536557121831, 0.00010963454722229794], "layer_Op2_score": [12.903570504985932, 11.077201162676058, 1.3216077484003326, 4.349444752921227, 2.3241226169720655, 1319.120292297913, 0.38433652201785135], "layer_Barinel_score": [0.020425117764226224, 0.017803911023553318, 0.060287962570031196, 0.07314872973647636, 0.08965257159450518, 0.1932888180924003, 0.10759176200228104], "time": 270.0386817455292}