{"neuron_counts": [28800, 7200, 5408, 1152, 1152, 400, 10], "neuron_counts_selected": [200, 200, 200, 200, 200, 200, 10], "layer_tarantula_score": [0.37183027876557295, 0.35285505466043826, 0.46159001396900845, 0.44231322643568877, 0.4595512229716943, 0.09252681623304367, 0.4919047754703948], "layer_ochiai_score": [0.18741577797695472, 0.2064750423671414, 0.37972785135547965, 0.4188097255889037, 0.4438636467439423, 0.11270844907372601, 0.3677442988020428], "layer_D_star_score": [410.1185677373828, 373.7358770318155, 1043.434749213206, 1648.2745073739197, 1713.1858692755284, 723.6920394635812, 537.781747401247], "layer_Op2_score": [905.7192643784109, 1020.4568702779898, 2303.210513502515, 2919.546233787471, 3104.448613218632, 931.3460631251744, 1892.3578412040051], "layer_Barinel_score": [0.36316458163003323, 0.344576222474395, 0.45102108029941035, 0.4322715007251864, 0.4490834989727307, 0.09046745225763285, 0.48086641160571797], "time": 127.42218160629272}