{"neuron_counts": [28800, 7200, 5408, 1152, 1152, 400, 10], "neuron_counts_selected": [500, 500, 500, 500, 500, 400, 10], "layer_tarantula_score": [0.36214199206843506, 0.3772329558951998, 0.45509731743281395, 0.45517128926316597, 0.4557878782906979, 0.08807421350044596, 0.4894514174292774], "layer_ochiai_score": [0.1786617496026556, 0.21008069775683721, 0.367149992638958, 0.4483871620397046, 0.437827960266192, 0.10886019999070808, 0.3733800661086572], "layer_D_star_score": [245.61588863993404, 285.4813857717064, 741.7142772471312, 1412.7570953863828, 1257.8747788481942, 564.8583320827013, 412.9359851082249], "layer_Op2_score": [590.6271728917079, 733.6648212522974, 1598.9392102765362, 2340.5905764121867, 2221.423879120599, 669.0638877889345, 1420.1970454136624], "layer_Barinel_score": [0.3723278721570058, 0.3878520898240489, 0.46763940331186205, 0.46761324270497673, 0.46828063822849303, 0.09043655033716647, 0.5027470613284593], "time": 235.99653434753418}