{"neuron_counts": [28800, 7200, 5408, 1152, 1152, 400, 10], "neuron_counts_selected": [1000, 1000, 1000, 1000, 1000, 400, 10], "layer_tarantula_score": [0.4307547254062555, 0.42437621764327343, 0.48130117822217694, 0.484049271280696, 0.4816277053243211, 0.21369025343799206, 0.5213252065823976], "layer_ochiai_score": [0.2896217497291014, 0.32373385334736704, 0.43917750656683685, 0.5210325123222536, 0.5156591424910966, 0.2680669878748256, 0.39613076421034044], "layer_D_star_score": [1157.3407032668233, 1318.1776558109718, 1922.1422269525085, 2857.0887230737835, 2800.532481955802, 2015.2303299990945, 683.2951624510104], "layer_Op2_score": [1834.0352320635614, 2131.6313120315745, 3078.196663256435, 4087.0871409024053, 4030.3534158443567, 2359.644377770969, 2083.6157914603573], "layer_Barinel_score": [0.42095707906292995, 0.41481677706136155, 0.47048819250021134, 0.47322603535593044, 0.47086299314622304, 0.20901538071655368, 0.5103142615260745], "time": 515.3688447475433}