{"neuron_counts": [28800, 7200, 5408, 1152, 1152, 400, 10], "neuron_counts_selected": [200, 200, 200, 200, 200, 200, 10], "layer_tarantula_score": [0.43359431760983674, 0.4202197974287622, 0.48268114106973314, 0.4734901628772952, 0.4812758913850555, 0.21974676867535345, 0.5213252065823976], "layer_ochiai_score": [0.3186408945323081, 0.3278416430514348, 0.46783236550127255, 0.5099904151898143, 0.5216960352820353, 0.27598478760504513, 0.39613076421034044], "layer_D_star_score": [1469.869756944601, 1274.5422525686922, 2213.259003685359, 2871.5919072761562, 2846.6212000520013, 2061.4039945875456, 683.2951624510104], "layer_Op2_score": [2163.205406025723, 2146.6565366290397, 3401.4025230683405, 4028.0868067425768, 4095.0645734583754, 2421.370604335034, 2083.6157914603573], "layer_Barinel_score": [0.4237770748675962, 0.41062000004237587, 0.47183061906630563, 0.4629138083186938, 0.47047609288576686, 0.21496146103413277, 0.5103142615260745], "time": 116.94675159454346}