{"neuron_counts": [1254528, 313632, 301088, 73728, 73728, 128, 3], "neuron_counts_selected": [500, 500, 500, 500, 500, 128, 3], "layer_tarantula_score": [0.4802325690795399, 0.5344651005266744, 0.0, 0.0, 0.01, 0.3797119551899035, 0.4948905785717139], "layer_ochiai_score": [0.08039416616608291, 0.17204816702408943, 0.0, 0.0, 0.000922943159986893, 0.588213400461644, 0.2026380388017299], "layer_D_star_score": [0.09983620533089535, 1.1749962265389444, 0.0, 0.0, 0.00019383810231114016, 298.0332562217687, 7.925720226618136], "layer_Op2_score": [2.971306158754878, 11.265736935861273, -9.540341573593173e-05, -3.35070876567425e-05, 0.018957853867248135, 148.38578659441686, 23.655081363440942], "layer_Barinel_score": [0.5463107110006924, 0.6706719436578881, 0.0, 0.0, 0.01, 0.51627559240959, 0.5548989505068969], "time": 6.0867249965667725}