{"neuron_counts": [1254528, 313632, 301088, 73728, 73728, 128, 3], "neuron_counts_selected": [500, 500, 500, 500, 500, 128, 3], "layer_tarantula_score": [0.2687466479035607, 0.37628132210853704, 4.000000000000004e-06, 1.6000000000000016e-05, 6.400000000000006e-05, 0.2858148847779922, 0.2746331901427197], "layer_ochiai_score": [0.045849214704704815, 0.11834033783430543, 4.868643152384162e-07, 1.5196594917090396e-06, 5.508240941182846e-06, 0.4212978123653909, 0.09653892167326622], "layer_D_star_score": [0.01337425668544219, 0.190557744803967, 1.203006614277136e-07, 2.0985283340391097e-07, 4.77611583871343e-07, 120.31089661804778, 1.2534954343402709], "layer_Op2_score": [0.8062323187813344, 3.6392350815468464, 8.000000000000008e-06, -0.00016127245261749569, -5.696951368257228e-05, 64.10925735056817, 4.969697015610582], "layer_Barinel_score": [0.33981442044622023, 0.5234561214637886, 4.000000000000004e-06, 1.6000000000000016e-05, 6.400000000000006e-05, 0.3889009390027258, 0.3333333333333333], "time": 17.494702100753784}