{"neuron_counts": [1254528, 313632, 301088, 73728, 73728, 128, 3], "neuron_counts_selected": [100, 100, 100, 100, 100, 100, 3], "layer_tarantula_score": [0.5043676612849614, 0.4992561988824226, 0.010664774737552212, 0.015237632334350791, 0.024667223972290566, 0.3899780361982445, 0.500000128030606], "layer_ochiai_score": [0.5163226596739909, 0.7674058268381329, 0.009131669583364787, 0.022081049530122184, 0.035423184903222264, 0.6423166091649104, 0.8235442805783505], "layer_D_star_score": [43.64935411490156, 303.5129415549474, 0.45542845231315626, 7.114764629164134, 9.78022382853742, 355.46252361655223, 455.92788050308917], "layer_Op2_score": [84.61902464831329, 187.26325252910976, 1.271929196183479, 5.10919538318204, 8.037305447890736, 167.9293483231725, 215.31840347304578], "layer_Barinel_score": [0.6804954598641858, 0.6774549171404699, 0.014127992569819487, 0.02055160556657758, 0.033616659949728546, 0.5289965959239062, 0.678225495618269], "time": 2.132753610610962}