{"neuron_counts": [1254528, 313632, 301088, 73728, 73728, 128, 3], "neuron_counts_selected": [500, 500, 500, 500, 500, 128, 3], "layer_tarantula_score": [0.4747952762740043, 0.4901291142748659, 0.00032120271917466863, 0.0001231431111801408, 0.0008755198047021835, 0.34135471929406197, 0.500000128030606], "layer_ochiai_score": [0.497102721010589, 0.7545599393670822, 0.0002906086071805474, 0.0001776442901073019, 0.0012574041263602252, 0.5556534635928334, 0.8235442805783505], "layer_D_star_score": [37.91157898952186, 277.0270574367337, 0.013594782221346765, 0.04637702931228309, 0.3555048080330587, 306.3160897531933, 455.92788050308917], "layer_Op2_score": [80.41907827832864, 182.30945101654243, 0.04083245536100792, 0.03994821704110444, 0.28450114833760376, 144.89889773551673, 215.31840347304578], "layer_Barinel_score": [0.654885399723632, 0.6694632113379209, 0.0004428645666497253, 0.00016925270663392604, 0.0011905679595505196, 0.46365512561029587, 0.678225495618269], "time": 7.636822462081909}