{"neuron_counts": [1254528, 313632, 301088, 73728, 73728, 128, 3], "neuron_counts_selected": [100, 100, 100, 100, 100, 100, 3], "layer_tarantula_score": [0.47713535057281775, 0.4917815496933218, 0.0002072327525987911, 0.00045319317208075623, 0.0012202483855911583, 0.3041713109242304, 0.5000001994299722], "layer_ochiai_score": [0.4918299518461061, 0.7547063783315991, 0.00018087917035317712, 0.0006553139718323442, 0.0017540626551450426, 0.4997888104229184, 0.8215835319676085], "layer_D_star_score": [22.456796095832548, 172.82564239602272, 0.005665066754581318, 0.12627383640276552, 0.2915221184097813, 170.45671571267363, 280.3841840243322], "layer_Op2_score": [48.99508845107809, 113.72328158608846, 0.01589090925620118, 0.09431666770202123, 0.2467393967584948, 81.51931908966807, 134.01515300734394], "layer_Barinel_score": [0.653663760274634, 0.6676922272273388, 0.0002761171032357057, 0.0006102663060210565, 0.0016610893612515791, 0.41064468592964826, 0.6750000000000002], "time": 3.9946699142456055}