{"neuron_counts": [1254528, 313632, 301088, 73728, 73728, 128, 3], "neuron_counts_selected": [500, 500, 500, 500, 500, 128, 3], "layer_tarantula_score": [0.44801799673055687, 0.4686070749680855, 0.0002508180472843827, 0.0007026186802542319, 0.00046265782550749916, 0.33235121479041213, 0.44009367502960817], "layer_ochiai_score": [0.22380442264792763, 0.4389314719872816, 6.69863757724511e-05, 0.00034504133763567206, 0.0002256707711987828, 0.5311531514682688, 0.5268021813496425], "layer_D_star_score": [0.9858427883399894, 14.97508013776072, 4.2389493157798916e-05, 0.0015698131554081048, 0.0009487137749403573, 175.65902957290018, 126.34435747167562], "layer_Op2_score": [10.558519766279142, 39.51190149322804, 0.0015355759642782904, 0.01657387897291186, 0.010561091040770928, 85.59577066279502, 70.22390656310453], "layer_Barinel_score": [0.6217636684113643, 0.6455023915799285, 0.0003470857142858333, 0.0009545903285361103, 0.0006417059533279034, 0.45017780999104434, 0.6180384336475707], "time": 9.381991147994995}