{"neuron_counts": [1254528, 313632, 301088, 73728, 73728, 128, 3], "neuron_counts_selected": [500, 500, 500, 500, 500, 128, 3], "layer_tarantula_score": [0.4803289147323915, 0.492582163905094, 0.0003249680076042938, 0.0007904993955865295, 0.0004996196669881726, 0.34135471929406197, 0.500000128030606], "layer_ochiai_score": [0.49756964915309904, 0.7567369543753677, 0.00028649842869912036, 0.001026039084057616, 0.0007237394273633846, 0.5556534635928334, 0.8235442805783505], "layer_D_star_score": [37.38514925159174, 281.29645766299893, 0.012885123213399699, 0.2746185846669906, 0.19952938021858893, 306.3160897531933, 455.92788050308917], "layer_Op2_score": [79.8411569110876, 182.66916677381082, 0.03947159200850247, 0.22858468226559378, 0.16381915501256217, 144.89889773551673, 215.31840347304578], "layer_Barinel_score": [0.6598891668795931, 0.6716323947606214, 0.0004459451063107121, 0.0010759861867146539, 0.0006834016871772033, 0.46365512561029587, 0.678225495618269], "time": 7.964843273162842}