{"neuron_counts": [1254528, 313632, 301088, 73728, 73728, 128, 3], "neuron_counts_selected": [200, 200, 200, 200, 200, 128, 3], "layer_tarantula_score": [0.4802158796199266, 0.491281726962875, 0.0005616730290887317, 0.00030394490666635555, 0.0005965702448246357, 0.34135471929406197, 0.500000128030606], "layer_ochiai_score": [0.49672494021351454, 0.7571224016087034, 0.0004985625488424094, 0.00043796324338940995, 0.000858257444277518, 0.5556534635928334, 0.8235442805783505], "layer_D_star_score": [37.01806264770616, 281.91757112193227, 0.019782210213346536, 0.11725758528907296, 0.22986874320608044, 306.3160897531933, 455.92788050308917], "layer_Op2_score": [79.5367107300813, 183.28464950844912, 0.06700496737384024, 0.09876042251596359, 0.19390051419106, 144.89889773551673, 215.31840347304578], "layer_Barinel_score": [0.6597922080880151, 0.6704838420265717, 0.0007832347951061097, 0.000416262834039463, 0.000816645480160601, 0.46365512561029587, 0.678225495618269], "time": 4.786244630813599}