{"neuron_counts": [1254528, 313632, 301088, 73728, 73728, 128, 3], "neuron_counts_selected": [500, 500, 500, 500, 500, 128, 3], "layer_tarantula_score": [0.4466259338651167, 0.4659593661338516, 0.00023274478315088643, 0.00011993965873470284, 0.0008141994643222465, 0.3323630355137358, 0.4440556366557295], "layer_ochiai_score": [0.22861328499403136, 0.43626314025671337, 6.110748032503411e-05, 5.6826776227988476e-05, 0.000419023067080389, 0.5321206886912464, 0.5226312234480031], "layer_D_star_score": [1.7208900545079298, 23.172405680223605, 5.114706911017219e-05, 0.0003429415386847557, 0.003383940330160621, 285.2381291569901, 205.21653681845635], "layer_Op2_score": [17.66835221005865, 62.49848252065255, 0.002223102038714981, 0.004132005396479673, 0.03339210834553064, 137.40244190994957, 111.44064270140758], "layer_Barinel_score": [0.6237150702347006, 0.6462702115401927, 0.0003278020801890808, 0.00016610393477592102, 0.0011208879407305903, 0.45236611142118544, 0.6254942449473359], "time": 8.820980548858643}