{"neuron_counts": [1440000, 1440000, 360000, 720000, 720000, 175232, 350464, 350464, 350464, 82944, 165888, 165888, 165888, 41472, 41472, 41472, 41472, 8192, 8192, 256, 256, 1], "neuron_counts_selected": [1000, 1000, 1000, 1000, 1000, 1000, 1000, 1000, 1000, 1000, 1000, 1000, 1000, 1000, 1000, 1000, 1000, 1000, 1000, 256, 256, 1], "layer_tarantula_score": [0.4980871037727958, 0.49884768856132994, 0.4977595238842294, 0.4707196755094817, 0.4885379878937846, 0.4978652136679294, 0.4456253486398896, 0.45294888072672723, 0.4121034495740917, 0.4382406121738085, 0.3780107635657787, 0.2898371824086495, 0.1364159824943792, 0.1797437490495074, 0.268355692895669, 0.27253377732487294, 0.17966188551596657, 0.22371237212732917, 0.20672432103349483, 0.02520656579939668, 0.02520656579939668, 0.5], "layer_ochiai_score": [0.5597955400166985, 0.5875747813231671, 0.6751400151709445, 0.5074888894756231, 0.46348103052343154, 0.6005029148070112, 0.46547707332192356, 0.46803220903473186, 0.29181118639629927, 0.3935844860529025, 0.34875556406625213, 0.2372629095686485, 0.0778819373009033, 0.12073065297318726, 0.21359548644117132, 0.24975050897266735, 0.15294854817594816, 0.19748570152992545, 0.186936781410892, 0.03455362039181126, 0.03455362039181126, 0.707105421369737], "layer_D_star_score": [11.493289841966737, 14.294048716410714, 22.59209413759697, 11.782096170798413, 7.62480545508674, 16.16864577670035, 10.727127466701877, 10.685577769445114, 4.2893469738313685, 7.711822665872154, 7.802308930834184, 4.573944931690754, 0.9968316401392845, 1.9853637916055549, 4.397132727012198, 6.039426103975375, 3.6802784714755172, 4.706031819232077, 4.488870931828648, 1.2022549478921456, 1.2022549478921456, 25.999900000384613], "layer_Op2_score": [15.888854130169888, 17.6520025148055, 23.060410709589963, 14.743594697797416, 11.724853507949971, 18.694743404654055, 13.351038944300207, 13.338927833600618, 6.5708527820267335, 10.343371846770937, 9.65681618956967, 6.0778156821641405, 1.5712965174203057, 2.8002226251013886, 5.564630416183643, 7.101889900407776, 4.282222828804337, 5.542667456787197, 5.274556309050706, 1.1922744759510149, 1.1922744759510149, 25.03704060355332], "layer_Barinel_score": [0.4980871037727958, 0.49884768856132994, 0.49775952388422934, 0.4707196755094817, 0.4885379878937846, 0.4978652136679294, 0.44562534863988956, 0.45294888072672723, 0.4121034495740917, 0.4382406121738085, 0.3780107635657787, 0.2898371824086495, 0.1364159824943792, 0.1797437490495074, 0.268355692895669, 0.27253377732487294, 0.17966188551596657, 0.22371237212732917, 0.20672432103349483, 0.02520656579939668, 0.02520656579939668, 0.5], "time": 14.335680723190308}