{"neuron_counts": [10, 10, 1], "neuron_counts_selected": [10, 10, 1], "layer_tarantula_score": [0.47051696413793365, 0.08000395485621517, 0.5000247178513446], "layer_ochiai_score": [0.9369708516282842, 0.15910853877508613, 0.994428367344288], "layer_D_star_score": [745.342629895262, 1267.2332766723277, 7920.207979202053], "layer_Op2_score": [78.67002499875007, 14.160003999800011, 88.50002499875006], "layer_Barinel_score": [0.9874974936867437, 0.15822222222222226, 0.9888888888888889], "time": 0.12235045433044434}