{"neuron_counts": [700928, 175232, 165888, 41472, 73984, 18496, 18496, 64, 64, 1], "neuron_counts_selected": [500, 500, 500, 500, 500, 500, 500, 64, 64, 1], "layer_tarantula_score": [0.4765936305111343, 0.469136976873188, 0.5000002249209842, 0.5000002249209842, 0.34445015494806597, 0.3663681648077021, 0.36980016635156, 0.05908205782757719, 0.05908205782757719, 0.5000002249209842], "layer_ochiai_score": [0.777782147143293, 0.7666416892393715, 0.8200080599550806, 0.8200080599550806, 0.5649035525030548, 0.6008494258192456, 0.6064779611427773, 0.09689548364703597, 0.09689548364703597, 0.820008059955081], "layer_D_star_score": [223.02302162840465, 222.05621638564065, 240.15747340794135, 240.15747340794135, 165.4444834307308, 175.97202643504136, 177.6204673325134, 28.377982697618087, 28.377982697618087, 240.15747340794138], "layer_Op2_score": [109.44803504082925, 108.05407570810397, 116.01724307371886, 116.01724307371886, 79.92427875348491, 85.01001062086446, 85.80635297732246, 13.709068761640596, 13.709068761640596, 116.01724307371884], "layer_Barinel_score": [0.6407879663163562, 0.6306129224328931, 0.6724137931034483, 0.6724137931034483, 0.46322586206896493, 0.4927017931034479, 0.4973172413793105, 0.07945514547413793, 0.07945514547413793, 0.6724137931034483], "time": 13.787827253341675}