{"neuron_counts": [700928, 175232, 165888, 41472, 73984, 18496, 18496, 64, 64, 1], "neuron_counts_selected": [2000, 2000, 2000, 2000, 2000, 2000, 2000, 64, 64, 1], "layer_tarantula_score": [0.47142071206472563, 0.4632033333682055, 0.5000002249209842, 0.5000002249209842, 0.353220283893236, 0.36167528769665014, 0.3486126568205338, 0.05908205782757719, 0.05908205782757719, 0.5000002249209842], "layer_ochiai_score": [0.7731372192561085, 0.7596605917927614, 0.8200080599550806, 0.8200080599550806, 0.5792866988766818, 0.5931530351705225, 0.5717301196021813, 0.09689548364703597, 0.09689548364703597, 0.820008059955081], "layer_D_star_score": [226.43031238541684, 222.48338434932586, 240.15747340794135, 240.15747340794135, 169.6569055536743, 173.71796842900258, 167.44379439685198, 28.377982697618087, 28.377982697618087, 240.15747340794138], "layer_Op2_score": [109.38581347686817, 107.4790990912623, 116.01724307371886, 116.01724307371886, 81.95925020130869, 83.92110178168532, 80.89012230207364, 13.709068761640596, 13.709068761640596, 116.01724307371884], "layer_Barinel_score": [0.6339792931034482, 0.6229283405172412, 0.6724137931034483, 0.6724137931034483, 0.4750201681034488, 0.4863906853448285, 0.4688237068965517, 0.07945514547413793, 0.07945514547413793, 0.6724137931034483], "time": 33.70625376701355}