{"neuron_counts": [700928, 175232, 165888, 41472, 73984, 18496, 18496, 64, 64, 1], "neuron_counts_selected": [500, 500, 500, 500, 500, 500, 500, 64, 64, 1], "layer_tarantula_score": [0.4624528972229317, 0.4667755476423549, 0.5000002249209842, 0.5000002249209842, 0.35280015870424636, 0.3528001587042467, 0.36125016250541125, 0.05908205782757719, 0.05908205782757719, 0.5000002249209842], "layer_ochiai_score": [0.748201660645578, 0.7579564224718788, 0.8200080599550806, 0.8200080599550806, 0.5785976871043047, 0.5785976871043048, 0.5924558233175456, 0.09689548364703597, 0.09689548364703597, 0.820008059955081], "layer_D_star_score": [204.50983207686417, 211.81155855854067, 240.15747340794135, 240.15747340794135, 169.4551132366434, 169.45511323664346, 173.5137745372376, 28.377982697618087, 28.377982697618087, 240.15747340794138], "layer_Op2_score": [104.26125503357407, 106.0674789204846, 116.01724307371886, 116.01724307371886, 81.86176671281599, 81.86176671281599, 83.82245812076194, 13.709068761640596, 13.709068761640596, 116.01724307371884], "layer_Barinel_score": [0.6220279254577842, 0.627631312665185, 0.6724137931034483, 0.6724137931034483, 0.4744551724137931, 0.4744551724137928, 0.4858189655172415, 0.07945514547413793, 0.07945514547413793, 0.6724137931034483], "time": 12.92362642288208}