{"neuron_counts": [700928, 175232, 165888, 41472, 73984, 18496, 18496, 64, 64, 1], "neuron_counts_selected": [500, 500, 500, 500, 500, 500, 500, 64, 64, 1], "layer_tarantula_score": [0.4915842773225199, 0.4873252267630267, 0.5000002249209842, 0.5000002249209842, 0.4150001866844168, 0.4280001925323624, 0.4300001934320463, 0.1718750773165883, 0.1718750773165883, 0.5000002249209842], "layer_ochiai_score": [0.7944627503016054, 0.7901196459902226, 0.8200080599550806, 0.8200080599550806, 0.680606689762717, 0.7019268993215491, 0.7052069315613694, 0.2818777706095591, 0.2818777706095591, 0.820008059955081], "layer_D_star_score": [224.6443664234561, 226.34169278830342, 240.15747340794135, 240.15747340794135, 199.33070292859134, 205.5747972371978, 206.53542713082956, 82.55413148397986, 82.55413148397986, 240.15747340794138], "layer_Op2_score": [111.06889815017561, 110.79627745814231, 116.01724307371886, 116.01724307371886, 96.29431175118664, 99.31076007110335, 99.7748290433982, 39.88092730659085, 39.88092730659085, 116.01724307371884], "layer_Barinel_score": [0.6594024881326077, 0.6538029220125849, 0.6724137931034483, 0.6724137931034483, 0.5581034482758621, 0.5755862068965516, 0.5782758620689654, 0.23114224137931033, 0.23114224137931033, 0.6724137931034483], "time": 8.448465585708618}