{"neuron_counts": [700928, 175232, 165888, 41472, 73984, 18496, 18496, 64, 64, 1], "neuron_counts_selected": [500, 500, 500, 500, 500, 500, 500, 64, 64, 1], "layer_tarantula_score": [0.4632464385523851, 0.4669597754845024, 0.5000002390278926, 0.5000002390278926, 0.35280016865808117, 0.352800168658081, 0.3612501726976523, 0.05908205949450691, 0.05908205949450691, 0.5000002390278928], "layer_ochiai_score": [0.7594331437117858, 0.7666145736571656, 0.8236273358167505, 0.8236273358167505, 0.581151448152299, 0.5811514481522991, 0.5950707501276021, 0.09732315198615898, 0.09732315198615898, 0.8236273358167502], "layer_D_star_score": [221.44555712312578, 224.8020538511728, 244.65410062890803, 244.65410062890803, 172.62793340375745, 172.6279334037575, 176.76258770438608, 28.909322437595595, 28.909322437595595, 244.65410062890794], "layer_Op2_score": [105.50045045748847, 106.65836212006049, 115.01785889668054, 115.01785889668054, 81.15660123749777, 81.15660123749775, 83.10040305285172, 13.590977467283526, 13.590977467283526, 115.01785889668054], "layer_Barinel_score": [0.6282370159955559, 0.6333463664062496, 0.6783625730994151, 0.6783625730994151, 0.47865263157894716, 0.47865263157894744, 0.4901169590643271, 0.08015807748538012, 0.08015807748538012, 0.6783625730994152], "time": 10.556217432022095}