{"neuron_counts": [700928, 175232, 165888, 41472, 73984, 18496, 18496, 64, 64, 1], "neuron_counts_selected": [200, 200, 200, 200, 200, 200, 200, 64, 64, 1], "layer_tarantula_score": [0.48020022956238817, 0.48511273191083715, 0.5000002390278927, 0.5000002390278927, 0.38720018510320003, 0.36980017678502947, 0.3486126666562224, 0.05908205949450691, 0.05908205949450691, 0.5000002390278928], "layer_ochiai_score": [0.7910116933184071, 0.7991038318928066, 0.8236273358167503, 0.8236273358167503, 0.6378170088564915, 0.6091547775700684, 0.5742535692148337, 0.09732315198615898, 0.09732315198615898, 0.8236273358167502], "layer_D_star_score": [234.96579824400325, 237.3695247826823, 244.65410062890803, 244.65410062890803, 189.46013552702635, 180.94617282514037, 170.57895531099044, 28.909322437595595, 28.909322437595595, 244.65410062890794], "layer_Op2_score": [110.463151684372, 111.59320214803186, 115.01785889668054, 115.01785889668054, 89.06982992958943, 85.06720843998491, 80.19332666923813, 13.590977467283526, 13.590977467283526, 115.01785889668054], "layer_Barinel_score": [0.6514994152046781, 0.6581643274853799, 0.6783625730994152, 0.6783625730994152, 0.525323976608187, 0.5017169590643276, 0.4729713450292398, 0.08015807748538012, 0.08015807748538012, 0.6783625730994152], "time": 3.2551822662353516}