{"neuron_counts": [700928, 175232, 165888, 41472, 73984, 18496, 18496, 64, 64, 1], "neuron_counts_selected": [1000, 1000, 1000, 1000, 1000, 1000, 1000, 64, 64, 1], "layer_tarantula_score": [0.4617607207472788, 0.46948072443786903, 0.5000002390278927, 0.5000002390278927, 0.36040067229154416, 0.3427921638736986, 0.3570126706718911, 0.05908205949450691, 0.05908205949450691, 0.5000002390278928], "layer_ochiai_score": [0.7606371408008213, 0.7733539468658319, 0.8236273358167505, 0.8236273358167505, 0.5936714072840494, 0.5646657233985909, 0.5880905084565553, 0.09732315198615898, 0.09732315198615898, 0.8236273358167502], "layer_D_star_score": [225.94319966690978, 229.7206589806201, 244.65410062890803, 244.65410062890803, 176.3469203874175, 167.73093692556932, 174.68914420155602, 28.909322437595595, 28.909322437595595, 244.65410062890794], "layer_Op2_score": [106.22140806612138, 107.99728380748603, 115.01785889668052, 115.01785889668052, 82.90498771058628, 78.85440377382186, 82.12562669870236, 13.590977467283526, 13.590977467283526, 115.01785889668054], "layer_Barinel_score": [0.6264820818713448, 0.6369559999999999, 0.6783625730994151, 0.6783625730994151, 0.48896442105263166, 0.4650745263157893, 0.48436783625731, 0.08015807748538012, 0.08015807748538012, 0.6783625730994152], "time": 13.231240272521973}