{"neuron_counts": [700928, 175232, 165888, 41472, 73984, 18496, 18496, 64, 64, 1], "neuron_counts_selected": [500, 500, 500, 500, 500, 500, 500, 64, 64, 1], "layer_tarantula_score": [0.46465579843402705, 0.4744835228999785, 0.5000002390278926, 0.5000002390278926, 0.3378421615073227, 0.3715221776082413, 0.3394881622942028, 0.05908205949450691, 0.05908205949450691, 0.5000002390278928], "layer_ochiai_score": [0.7554807545483034, 0.7740954234573604, 0.8236273358167505, 0.8236273358167505, 0.5565118127740049, 0.6119913501146216, 0.5592231939635137, 0.09732315198615898, 0.09732315198615898, 0.8236273358167502], "layer_D_star_score": [210.25071305968441, 219.38769605314394, 244.65410062890803, 244.65410062890803, 165.3088613293431, 181.7887615477063, 166.11426262861337, 28.909322437595595, 28.909322437595595, 244.65410062890794], "layer_Op2_score": [103.98661700564105, 106.92496547823308, 115.01785889668054, 115.01785889668054, 77.71572697074468, 85.46332994602511, 78.09436576223257, 13.590977467283526, 13.590977467283526, 115.01785889668054], "layer_Barinel_score": [0.6303910878165058, 0.6436612745159752, 0.6783625730994151, 0.6783625730994151, 0.4583587368421051, 0.5040532397660816, 0.4605919064327483, 0.08015807748538012, 0.08015807748538012, 0.6783625730994152], "time": 10.008380651473999}