{"neuron_counts": [700928, 175232, 165888, 41472, 73984, 18496, 18496, 64, 64, 1], "neuron_counts_selected": [500, 500, 500, 500, 500, 500, 500, 64, 64, 1], "layer_tarantula_score": [0.46452012112065366, 0.4743640402856331, 0.5000002249209842, 0.5000002249209842, 0.3378421519755104, 0.3715221671261877, 0.33948815271595034, 0.05908205782757719, 0.05908205782757719, 0.5000002249209842], "layer_ochiai_score": [0.7521301719087313, 0.7706438255538882, 0.8200080599550806, 0.8200080599550806, 0.5540663259826887, 0.6093020689012626, 0.5567657925160607, 0.09689548364703597, 0.09689548364703597, 0.820008059955081], "layer_D_star_score": [206.6120956475187, 215.48578046818864, 240.15747340794135, 240.15747340794135, 162.27056226217144, 178.44756967093036, 163.06116066463036, 28.377982697618087, 28.377982697618087, 240.15747340794138], "layer_Op2_score": [104.90364455945421, 107.8615159123105, 116.01724307371886, 116.01724307371886, 78.39099486902266, 86.2059163624684, 78.77292363322138, 13.709068761640596, 13.709068761640596, 116.01724307371884], "layer_Barinel_score": [0.624744383526172, 0.63791454496997, 0.6724137931034483, 0.6724137931034483, 0.4543392413793104, 0.49963303448275864, 0.4565528275862069, 0.07945514547413793, 0.07945514547413793, 0.6724137931034483], "time": 24.587284803390503}