{"neuron_counts": [64, 64, 64, 32, 1], "neuron_counts_selected": [64, 64, 64, 32, 1], "layer_tarantula_score": [0.0478515625, 0.968994140625, 0.968994140625, 1.0, 1.0], "layer_ochiai_score": [0.00483336407488811, 0.35999307898313676, 0.35999307898313676, 0.5524939772896076, 0.7211098945379407], "layer_D_star_score": [0.0005260313097064954, 2.3663862043226627, 2.3663862043226627, 13.447895164719693, 56.33321597246672], "layer_Op2_score": [0.049072265624999986, 13.661376953125, 13.661376953125, 30.5322265625, 52.0], "layer_Barinel_score": [0.0478515625, 0.968994140625, 0.968994140625, 1.0, 1.0], "time": 0.2867724895477295}