{"neuron_counts": [64, 64, 64, 32, 1], "neuron_counts_selected": [64, 64, 64, 32, 1], "layer_tarantula_score": [1.0, 1.0, 1.0, 1.0, 1.0], "layer_ochiai_score": [0.9166372048770494, 0.8218443539724036, 0.8218443539724036, 0.7517257579000518, 0.7215693683010307], "layer_D_star_score": [808.3442692860756, 250.3324779664095, 250.3324779664095, 129.0931405671597, 99.19730430139893], "layer_Op2_score": [147.41027711143772, 118.50853868295482, 118.50853868295482, 99.12635891875283, 91.32406464015729], "layer_Barinel_score": [1.0, 1.0, 1.0, 1.0, 1.0], "time": 0.2819221019744873}