{"neuron_counts": [64, 64, 64, 32, 1], "neuron_counts_selected": [64, 64, 64, 32, 1], "layer_tarantula_score": [1.0, 1.0, 1.0, 1.0, 1.0], "layer_ochiai_score": [0.9988836151273509, 0.9105401129344626, 0.9105401129344626, 0.8259476680328209, 0.7215693683010307], "layer_D_star_score": [245162354.20604512, 4807739.5472185295, 4807739.5472185295, 258.4488294451145, 99.19730430139893], "layer_Op2_score": [175.0093230764495, 145.46916314346402, 145.46916314346402, 119.67376909781649, 91.32406464015729], "layer_Barinel_score": [1.0, 1.0, 1.0, 1.0, 1.0], "time": 0.28963613510131836}