{"neuron_counts": [1, 1], "neuron_counts_selected": [1, 1], "layer_tarantula_score": [0.4950038058489558, 0.34341936000658807], "layer_ochiai_score": [0.987133580135245, 0.5989034509646459], "layer_D_star_score": [6440071.682997813, 35192.10479717508], "layer_Op2_score": [168203.30638119657, 62233.85978780124], "layer_Barinel_score": [0.994103178604979, 0.9890056635948177], "time": 6.690008640289307}