{"neuron_counts": [32, 32, 20, 20, 15, 15, 4], "neuron_counts_selected": [32, 32, 20, 20, 15, 15, 4], "layer_tarantula_score": [1.0, 1.0, 0.7224999999999999, 0.7224999999999999, 0.7511111111111112, 0.7511111111111112, 0.25], "layer_ochiai_score": [0.6070882876486211, 0.6070882876486211, 0.4762176749969028, 0.4762176749969028, 0.4976514502317807, 0.4976514502317807, 0.17212310119249383], "layer_D_star_score": [111.43941026935313, 111.43941026935313, 137.93599982683318, 137.93599982683318, 116.14123523009232, 116.14123523009232, 48.14472065408676], "layer_Op2_score": [162.0421303356121, 162.0421303356121, 138.45051905729645, 138.45051905729645, 143.24445690502307, 143.24445690502307, 51.48622693673408], "layer_Barinel_score": [1.0, 1.0, 0.7224999999999999, 0.7224999999999999, 0.7511111111111112, 0.7511111111111112, 0.25], "time": 0.5027141571044922}