{"neuron_counts": [32, 32, 20, 20, 15, 15, 4], "neuron_counts_selected": [32, 32, 20, 20, 15, 15, 4], "layer_tarantula_score": [1.0, 1.0, 0.7224999999999999, 0.7224999999999999, 0.7511111111111112, 0.7511111111111112, 0.25], "layer_ochiai_score": [0.583283808753854, 0.583283808753854, 0.46869669476073506, 0.46869669476073506, 0.4860316759538176, 0.4860316759538176, 0.17212310119249383], "layer_D_star_score": [93.57640339701354, 93.57640339701354, 125.47621624882181, 125.47621624882181, 102.95905348534619, 102.95905348534619, 48.14472065408676], "layer_Op2_score": [150.31363743771934, 150.31363743771934, 134.25422290356516, 134.25422290356516, 136.74483010305167, 136.74483010305167, 51.48622693673408], "layer_Barinel_score": [1.0, 1.0, 0.7224999999999999, 0.7224999999999999, 0.7511111111111112, 0.7511111111111112, 0.25], "time": 0.499661922454834}