{"neuron_counts": [32, 32, 20, 20, 15, 15, 4], "neuron_counts_selected": [32, 32, 20, 20, 15, 15, 4], "layer_tarantula_score": [1.0, 1.0, 0.85, 0.85, 0.8666666666666667, 0.8666666666666667, 0.5], "layer_ochiai_score": [0.63395562837018, 0.63395562837018, 0.5985139638522576, 0.5985139638522576, 0.5844777067248726, 0.5844777067248726, 0.35310875365988625], "layer_D_star_score": [152.8395441403714, 152.8395441403714, 259.1230418186186, 259.1230418186186, 156.96919060288192, 156.96919060288192, 112.7925182989649], "layer_Op2_score": [177.8105249579673, 177.8105249579673, 186.31716482422473, 186.31716482422473, 171.82870513209454, 171.82870513209454, 108.40017217413211], "layer_Barinel_score": [1.0, 1.0, 0.85, 0.85, 0.8666666666666667, 0.8666666666666667, 0.5], "time": 0.4902019500732422}