{"neuron_counts": [3, 3], "neuron_counts_selected": [3, 3], "layer_tarantula_score": [0.16666666819982734, 0.16666666819982734], "layer_ochiai_score": [0.259944632769924, 0.259944632769924], "layer_D_star_score": [1551.9377835525645, 1551.9377835525645], "layer_Op2_score": [999.6668390322751, 999.6668390322751], "layer_Barinel_score": [0.20271364307479325, 0.20271364307479325], "time": 0.34653162956237793}