{"neuron_counts": [21632, 5408, 7744, 1600, 576, 576, 1], "neuron_counts_selected": [200, 200, 200, 200, 200, 200, 1], "layer_tarantula_score": [0.5385407169011907, 0.5902985737170092, 0.6147888120481244, 0.649787428820039, 0.474580551127316, 0.4254095439072226, 0.4999999965034874], "layer_ochiai_score": [0.25047316695957844, 0.300422880164858, 0.37465088209138386, 0.529779490335561, 0.44168220235714956, 0.38983239963756516, 0.6805679667147357], "layer_D_star_score": [197.14734465279918, 409.57748562229557, 641.3956931026744, 2735.1366994865875, 6153.36980229208, 4439.4242690928, 846.4036194895673], "layer_Op2_score": [170.68412566703643, 232.0892091481363, 302.9242399091178, 520.1875703240272, 475.6487610255922, 408.10164766725416, 980.0008788224184], "layer_Barinel_score": [0.52837413768869, 0.5789950835648646, 0.6018701989906536, 0.631460591578565, 0.4570513947400741, 0.4109578477628265, 0.4631728045325779], "time": 20.96899151802063}