{"neuron_counts": [21632, 5408, 7744, 1600, 576, 576, 1], "neuron_counts_selected": [500, 500, 500, 500, 500, 500, 1], "layer_tarantula_score": [0.0, 0.0, 0.1976798400760285, 0.2416323576013668, 0.5116362304514203, 0.46307960142527044, 0.4999999965034874], "layer_ochiai_score": [0.0, 0.0, 0.050043130529429304, 0.09124042665987935, 0.3930675457556823, 0.34037113538205005, 0.6805679667147357], "layer_D_star_score": [0.0, 0.0, 14.260747341335275, 81.48787481078811, 7310.067984265131, 6179.2561269606085, 846.4036194895673], "layer_Op2_score": [0.0, 0.0, 22.813857646409698, 54.02791388700229, 358.3209086357725, 309.8568611872705, 980.0008788224184], "layer_Barinel_score": [0.0, 0.0, 0.19585380888591702, 0.23814707386903178, 0.5017273417339024, 0.45348058201173375, 0.4631728045325779], "time": 51.76103138923645}