{"neuron_counts": [21632, 5408, 7744, 1600, 576, 576, 1], "neuron_counts_selected": [1000, 1000, 1000, 1000, 576, 576, 1], "layer_tarantula_score": [0.5121404704407976, 0.6012517119769436, 0.6009462490207328, 0.6486962635654828, 0.46950555092747137, 0.46950555092747137, 0.4999999965034874], "layer_ochiai_score": [0.21623740713885747, 0.3179742728363459, 0.36661368736040334, 0.5208982731914993, 0.4363936159218192, 0.4363936159218192, 0.6805679667147357], "layer_D_star_score": [168.4638787931938, 478.94248385652367, 769.3099210123243, 1901.2066789169064, 4024.244547505567, 4024.244547505567, 846.4036194895673], "layer_Op2_score": [146.12546397834237, 243.295847110031, 294.69758613070417, 511.6777258628536, 464.0356971071077, 464.0356971071077, 980.0008788224184], "layer_Barinel_score": [0.5033320158071848, 0.5895011337968045, 0.5880694080660078, 0.6304223494749054, 0.4534446571225701, 0.4534446571225701, 0.4631728045325779], "time": 88.31099605560303}