{"neuron_counts": [21632, 5408, 7744, 1600, 576, 576, 1], "neuron_counts_selected": [500, 500, 500, 500, 500, 500, 1], "layer_tarantula_score": [0.07857286512427049, 0.09157338929458243, 0.4173308858447323, 0.511621952121202, 0.5112578836700694, 0.4610777725252666, 0.4999999965034874], "layer_ochiai_score": [0.01582346521058668, 0.029179871758067022, 0.17035146198219253, 0.2699545477912725, 0.43503626870600703, 0.3867792021211278, 0.6805679667147357], "layer_D_star_score": [2.8479065565843356, 9.679581266786766, 128.0344131123862, 530.5017411833403, 5697.899073856721, 5073.256507244727, 846.4036194895673], "layer_Op2_score": [6.380203866765918, 15.922555361462623, 102.68437610436062, 201.10637259557356, 427.89992621670245, 381.72503342556826, 980.0008788224184], "layer_Barinel_score": [0.07784789089398021, 0.09047393243205397, 0.4118999677997279, 0.502452337884737, 0.4982545470749433, 0.44824756182353825, 0.4631728045325779], "time": 52.81297588348389}