{"neuron_counts": [21632, 5408, 7744, 1600, 576, 576, 1], "neuron_counts_selected": [200, 200, 200, 200, 200, 200, 1], "layer_tarantula_score": [0, 0, 0.03646201198139428, 0.06114750438624698, 0.2162504192523221, 0.22044151532582892, 0.4999999965034874], "layer_ochiai_score": [0, 0, 0.007516529946481103, 0.014701809380074348, 0.1288937022610943, 0.13648976682185074, 0.6805679667147357], "layer_D_star_score": [0, 0, 0.5678275310369426, 1.6184781196799116, 130.78715631407235, 152.4778515220079, 846.4036194895673], "layer_Op2_score": [0, 0, 2.5086860070442896, 5.352562171578504, 97.46355988915984, 107.4773629853656, 980.0008788224184], "layer_Barinel_score": [0, 0, 0.035944015735701496, 0.05945592177699237, 0.20811818102830998, 0.2112647419466274, 0.4631728045325779], "time": 20.81853938102722}