{"neuron_counts": [21632, 5408, 7744, 1600, 576, 576, 1], "neuron_counts_selected": [500, 500, 500, 500, 500, 500, 1], "layer_tarantula_score": [1.6000000000000016e-05, 4.14223783567486e-05, 0.08967775068019974, 0.13801511890131116, 0.28817686742824683, 0.23411315479039957, 0.49999999651622795], "layer_ochiai_score": [1.5333036777684625e-06, 4.135539659326816e-06, 0.01917931514399609, 0.04348758454165541, 0.20826555361379465, 0.16502688183026196, 0.6807032589270839], "layer_D_star_score": [1.3347063506988042e-06, 1.239281407632718e-05, 1.9442450720190565, 12.401002630264522, 503.7443721320811, 342.05318132587274, 846.16732632887], "layer_Op2_score": [0.0001299295787034501, 0.00010752820461927507, 6.61380284732587, 21.2793508249617, 180.58230335155753, 142.14175959686767, 979.0008803696409], "layer_Barinel_score": [1.6000000000000016e-05, 4.065012406947938e-05, 0.08766190404055446, 0.1338766516159551, 0.2764959540456544, 0.223789136208975, 0.46335697399527187], "time": 48.54449462890625}