{"neuron_counts": [21632, 5408, 7744, 1600, 576, 576, 1], "neuron_counts_selected": [200, 200, 200, 200, 200, 200, 1], "layer_tarantula_score": [0.0075102821737780675, 0.013350922154718064, 0.16023734196102274, 0.23988693117398113, 0.2646433158808026, 0.2878284299204104, 0.4999999965034874], "layer_ochiai_score": [0.0010492086795469255, 0.002239418251503742, 0.039321891052124996, 0.10177930034963517, 0.20416399748354566, 0.22662290655660186, 0.6805679667147357], "layer_D_star_score": [0.05156548925393242, 0.2411634223298415, 7.516259251080727, 55.16933653362713, 323.6170138949681, 280.0791936880655, 846.4036194895673], "layer_Op2_score": [0.29891120392476045, 0.7821167401172023, 15.425613756193929, 61.91858107180523, 178.2457190749501, 207.0449709054026, 980.0008788224184], "layer_Barinel_score": [0.007364045465263744, 0.013063774382934521, 0.15627441018229504, 0.23298671382149772, 0.25355692474593405, 0.27375338984927833, 0.4631728045325779], "time": 20.974247217178345}