{"neuron_counts": [21632, 5408, 7744, 1600, 576, 576, 1], "neuron_counts_selected": [500, 500, 500, 500, 500, 500, 1], "layer_tarantula_score": [0.28586649549938886, 0.3818636587359449, 0.3594770143215062, 0.43094221808219657, 0.28060034230114533, 0.24225244505354815, 0.4999999965034874], "layer_ochiai_score": [0.08949291867241266, 0.12978691838340378, 0.1655859608954819, 0.3090515989297951, 0.268637461889558, 0.2269219144289273, 0.6805679667147357], "layer_D_star_score": [22.273355221447996, 52.63601489717983, 105.47239966894603, 295.1402357918063, 415.27702189525075, 313.57150380980937, 846.4036194895673], "layer_Op2_score": [45.12277151849889, 72.64774120656729, 113.77617839346773, 267.3667531948929, 274.55281788475395, 233.82670089182744, 980.0008788224184], "layer_Barinel_score": [0.27562001205459336, 0.3687505844210493, 0.34513076828782807, 0.40933919287979753, 0.264495875575737, 0.22730024356656564, 0.4631728045325779], "time": 51.53045701980591}