{"neuron_counts": [21632, 5408, 7744, 1600, 576, 576, 1], "neuron_counts_selected": [200, 200, 200, 200, 200, 200, 1], "layer_tarantula_score": [0.00040000000000000034, 0.000395100108301051, 0.11271959267405306, 0.14500420250472545, 0.22904309685996754, 0.2259724764354046, 0.4999999965034874], "layer_ochiai_score": [3.9003255235343236e-05, 3.359495914877751e-05, 0.024708731140617547, 0.04636157658225644, 0.15033564575275438, 0.15930581911633518, 0.6805679667147357], "layer_D_star_score": [5.9921525873435487e-05, 5.2430593422200706e-05, 3.046720964401507, 9.624064502820724, 151.48770090889226, 176.84472352774927, 846.4036194895673], "layer_Op2_score": [0.004074999999999952, 0.0038112038698413855, 9.45710465968108, 22.252823379264186, 122.47584895208277, 134.0150399649394, 980.0008788224184], "layer_Barinel_score": [0.00040000000000000034, 0.00037980769230771703, 0.11053313022848361, 0.1404883795269968, 0.21924653702804056, 0.21522526712051404, 0.4631728045325779], "time": 20.92561364173889}