{"neuron_counts": [21632, 5408, 7744, 1600, 576, 576, 1], "neuron_counts_selected": [500, 500, 500, 500, 500, 500, 1], "layer_tarantula_score": [0.008064376798719812, 0.008994926307337798, 0.157157613948999, 0.24075210433965133, 0.23539530471902403, 0.2801073183866305, 0.4999999965034874], "layer_ochiai_score": [0.0009145773421312923, 0.002167008033812206, 0.04055416825881494, 0.10533291683254933, 0.1786654953829094, 0.224175281060054, 0.6805679667147357], "layer_D_star_score": [0.03461720179179124, 0.26496342962116415, 6.673087173237785, 44.59752472568862, 383.91347247330776, 436.8661505259981, 846.4036194895673], "layer_Op2_score": [0.21607929706756898, 0.8614898911496224, 16.96770109379882, 64.33002155331415, 162.33422138489146, 211.7069888177033, 980.0008788224184], "layer_Barinel_score": [0.0079171467394818, 0.00875594482743421, 0.15318571521363086, 0.23190081406595156, 0.22481908165159192, 0.26686381451732677, 0.4631728045325779], "time": 52.88301205635071}