{"neuron_counts": [3072, 8, 16, 32, 64, 128, 10], "neuron_counts_selected": [500, 8, 16, 32, 64, 128, 10], "layer_tarantula_score": [0.45789199666356534, 0.2689826661689099, 0.02888168742937963, 0.05694720343520079, 0.4071436580021806, 0.09297461003438723, 0], "layer_ochiai_score": [0.040676064029195366, 0.21290623494097652, 0.004017712702876427, 0.013527168921944466, 0.21317868671409437, 0.03475608325510458, 0], "layer_D_star_score": [0.09677995715859401, 1944.0506801428503, 0.1191913933570548, 0.6066538295213858, 247.71723986184534, 35.64462719372293, 0], "layer_Op2_score": [18.86828543134517, 1191.9695134735166, 4.521777788366003, 16.62475786004622, 716.4021843028148, 97.45394518712638, -5.766312419838774e-05], "layer_Barinel_score": [0.6283303764401665, 0.3940588350929903, 0.04489584782718006, 0.08428876083391652, 0.5742225712762143, 0.13452752064497703, 0], "time": 67.1261682510376}