{"neuron_counts": [3072, 8, 16, 32, 64, 128, 10], "neuron_counts_selected": [200, 8, 16, 32, 64, 128, 10], "layer_tarantula_score": [0.4995932346176789, 0.4328736335686371, 0.5014924178053262, 0.4998246253965803, 0.5029710646390156, 0.27733287500652026, 0.5008912761280163], "layer_ochiai_score": [0.8156339780047558, 0.4763531473973099, 0.7946367523632847, 0.7990964793170844, 0.7832403676011831, 0.14639746889217065, 0.4505899326938513], "layer_D_star_score": [13326.39829361532, 6081.482332890555, 11676.52656556176, 12063.771241706943, 10673.181643232963, 245.69840801659714, 794.7448278614597], "layer_Op2_score": [6654.3359006902365, 3506.715582337445, 6274.563085668846, 6391.329456947513, 6060.842956550765, 503.69344510483154, 2040.2635751228052], "layer_Barinel_score": [0.67024040777869, 0.6041026056535964, 0.6719134152281634, 0.6704447523030598, 0.6732063179776004, 0.3967806797855034, 0.670533812341578], "time": 36.358566761016846}