{"neuron_counts": [3072, 8, 16, 32, 64, 128, 10], "neuron_counts_selected": [500, 8, 16, 32, 64, 128, 10], "layer_tarantula_score": [0.5284686729957787, 0.3558830010834953, 0.09767846024759742, 0.16386657234869234, 0.4530422169080972, 0.23271979515984012, 0.0], "layer_ochiai_score": [0.05794743848876452, 0.3945095734609102, 0.024111275930664245, 0.04994058822626005, 0.33077399001189983, 0.12964045226128224, 0.0], "layer_D_star_score": [0.6421199075740344, 5993.2379089974065, 2.483849374663851, 11.700530113090228, 1196.7576210604097, 607.9611854313887, 0.0], "layer_Op2_score": [52.59437165423051, 3453.5543709349577, 52.38743347408344, 122.92123229052291, 1934.3773141473505, 743.474028047121, -4.546227269879679e-05], "layer_Barinel_score": [0.673192459232955, 0.4885446037372684, 0.14450896527664514, 0.22594476108288372, 0.6058801122178276, 0.3039283971565328, 0.0], "time": 52.265000104904175}