{"neuron_counts": [3072, 8, 16, 32, 64, 128, 10], "neuron_counts_selected": [2000, 8, 16, 32, 64, 128, 10], "layer_tarantula_score": [0.49975070271284505, 0.4569228859957595, 0.5043331224405581, 0.49989346851339755, 0.5083833066131481, 0.37309027853406873, 0.5290270240869429], "layer_ochiai_score": [0.806596325144638, 0.6136002909048569, 0.7955329440193113, 0.798494026561035, 0.7860474050711862, 0.28579052641886504, 0.4802069346334344], "layer_D_star_score": [15563.935445722293, 10388.555885022159, 14587.52745311904, 14882.863673559725, 13627.201551876817, 1747.4867711685401, 1304.5400261694813], "layer_Op2_score": [8301.635613194176, 5970.962938658454, 8037.115967648499, 8140.7555057507325, 7807.289524368422, 1838.8631799503073, 2853.4378171718095], "layer_Barinel_score": [0.6550064392918608, 0.6101837593534312, 0.6591188127825904, 0.6551342362942132, 0.6627096359590614, 0.50229198734581, 0.6797849787071557], "time": 178.63518381118774}