{"neuron_counts": [30, 30, 1], "neuron_counts_selected": [30, 30, 1], "layer_tarantula_score": [0.9666666666666667, 0.8666666666666667, 1.0], "layer_ochiai_score": [0.2748662662872466, 0.3373647226235998, 0.8429243693122941], "layer_D_star_score": [5.053092537702853, 29.341662515096917, 764.2634334733048], "layer_Op2_score": [37.45141570867314, 70.21956289276629, 311.37388597317573], "layer_Barinel_score": [0.9666666666666667, 0.8666666666666667, 1.0], "time": 0.2825620174407959}