{"neuron_counts": [30, 30, 1], "neuron_counts_selected": [30, 30, 1], "layer_tarantula_score": [1.0, 0.8711111111111112, 1.0], "layer_ochiai_score": [0.3414505491530642, 0.32476632692127466, 0.8694824308748975], "layer_D_star_score": [5.851618276969697, 20.607339547042955, 585.5892039521246], "layer_Op2_score": [31.57111111111111, 38.894444444444446, 189.0], "layer_Barinel_score": [1.0, 0.8711111111111112, 1.0], "time": 0.22283291816711426}