{"neuron_counts": [30, 30, 1], "neuron_counts_selected": [30, 30, 1], "layer_tarantula_score": [1.0, 0.9666666666666667, 1.0], "layer_ochiai_score": [0.5225685011906112, 0.5824999320601265, 0.8922085021489858], "layer_D_star_score": [53.58505177406862, 268.1601320180122, 1361.497665065366], "layer_Op2_score": [122.77144462992528, 174.2314562824395, 348.8491606141038], "layer_Barinel_score": [1.0, 0.9666666666666667, 1.0], "time": 0.2519681453704834}