{"neuron_counts": [28, 200, 200, 300, 300, 300, 300, 150, 150, 1], "neuron_counts_selected": [28, 200, 200, 200, 200, 200, 200, 150, 150, 1], "layer_tarantula_score": [0.5144339698318773, 0.50418809601849, 0.50418809601849, 0.502187822523561, 0.5035610794538071, 0.47880282721589507, 0.45820832733008143, 0.25133630137589746, 0.25133630137589746, 0.49999888889197525], "layer_ochiai_score": [0.3243020252469399, 0.31794137088726615, 0.31794137088726615, 0.2972916506251811, 0.29594124111915265, 0.29270555363703127, 0.2713203621017937, 0.1242219742729477, 0.1242219742729477, 0.3162269754503875], "layer_D_star_score": [2.3542779392255873, 2.2523030986779404, 2.2523030986779404, 1.9849594764678955, 1.9619244162112508, 2.0012359767262966, 1.7969848113717408, 0.6526557938239879, 0.6526557938239879, 2.2222209876550068], "layer_Op2_score": [18.994299479556044, 18.85925260381072, 18.85925260381072, 16.452642984838135, 16.225209003945302, 16.767044530817945, 15.354152384846754, 6.046073365508886, 6.046073365508886, 19.00552541131193], "layer_Barinel_score": [0.10549894301405614, 0.101656800991023, 0.101656800991023, 0.10114412205978175, 0.10162338048085487, 0.09583279744083571, 0.09088774483827686, 0.04801733313360327, 0.04801733313360327, 0.09999999999999998], "time": 2.149022340774536}