{"neuron_counts": [28, 200, 200, 300, 300, 300, 300, 150, 150, 1], "neuron_counts_selected": [28, 200, 200, 300, 300, 300, 300, 150, 150, 1], "layer_tarantula_score": [0.14510082022135232, 0.04456179336414321, 0.04456179336414321, 0.061820014905856965, 0.061820014905856965, 0.1296275208276534, 0.1296275208276534, 0.0009916381518859276, 0.0009916381518859276, 0.24324242513103664], "layer_ochiai_score": [0.04608730877867894, 0.014515523956735941, 0.014515523956735941, 0.02130908192303208, 0.02130908192303208, 0.05591731916616823, 0.05591731916616823, 0.000296614395687891, 0.000296614395687891, 0.07191931542474381], "layer_D_star_score": [0.11473337790429818, 0.037802960861395465, 0.037802960861395465, 0.06719322415175813, 0.06719322415175813, 0.2598821652673699, 0.2598821652673699, 0.000590163485985527, 0.000590163485985527, 0.08910882266453202], "layer_Op2_score": [1.3970432586242016, 0.3784869788607855, 0.3784869788607855, 0.6933899601958476, 0.6933899601958476, 2.3171528986018335, 2.3171528986018335, -0.030520786133390026, -0.030520786133390026, 2.535911858612233], "layer_Barinel_score": [0.024619225578057565, 0.007580229344768994, 0.007580229344768994, 0.01071955482178362, 0.01071955482178362, 0.02459754687947516, 0.02459754687947516, 0.00013715077013158126, 0.00013715077013158126, 0.03448275862068961], "time": 3.353520154953003}