{"neuron_counts": [28, 200, 200, 300, 300, 300, 300, 150, 150, 1], "neuron_counts_selected": [28, 200, 200, 300, 300, 300, 300, 150, 150, 1], "layer_tarantula_score": [0.5159373078642987, 0.5049231067847645, 0.5049231067847645, 0.5007239703877812, 0.5007239703877812, 0.47584298163189404, 0.47584298163189404, 0.24680493087657396, 0.24680493087657396, 0.499999076805915], "layer_ochiai_score": [0.30128945936051005, 0.2948551907588071, 0.2948551907588071, 0.2810313383583779, 0.2810313383583779, 0.2672152264201738, 0.2672152264201738, 0.11848070184632176, 0.11848070184632176, 0.29272068484605457], "layer_D_star_score": [2.4573111237029983, 2.3430776074105086, 2.3430776074105086, 2.141429459837199, 2.141429459837199, 2.0173113031009695, 2.0173113031009695, 0.7127663037856334, 0.7127663037856334, 2.2999762219995437], "layer_Op2_score": [23.53687340499765, 23.394071620020966, 23.394071620020966, 21.24020001772921, 21.24020001772921, 20.51421468862488, 20.51421468862488, 8.135571860352435, 8.135571860352435, 23.545830137319754], "layer_Barinel_score": [0.09112228037998933, 0.08747743812530538, 0.08747743812530538, 0.08640830545401858, 0.08640830545401858, 0.0812127661607722, 0.0812127661607722, 0.03974666168974439, 0.03974666168974439, 0.08568574847417953], "time": 3.7087948322296143}