{"neuron_counts": [28, 200, 200, 300, 300, 300, 300, 150, 150, 1], "neuron_counts_selected": [28, 200, 200, 300, 300, 300, 300, 150, 150, 1], "layer_tarantula_score": [0.5813271662080964, 0.5642931826223561, 0.5642931826223561, 0.5061497030704591, 0.5061497030704591, 0.45134274195297885, 0.45134274195297885, 0.1508798974536417, 0.1508798974536417, 0.4455215064962636], "layer_ochiai_score": [0.32408766176253173, 0.308241517239959, 0.308241517239959, 0.2570634684035154, 0.2570634684035154, 0.240069121356106, 0.240069121356106, 0.0600469181306184, 0.0600469181306184, 0.19315584973929792], "layer_D_star_score": [3.077067652246524, 2.7630051829305513, 2.7630051829305513, 2.1233385187350953, 2.1233385187350953, 1.999650180100007, 1.999650180100007, 0.25919794269892815, 0.25919794269892815, 0.9236051480859946], "layer_Op2_score": [20.95670732615966, 20.081227624538233, 20.081227624538233, 16.034627151131687, 16.034627151131687, 16.101575313186636, 16.101575313186636, 3.7968343636460298, 3.7968343636460298, 12.414971849476418], "layer_Barinel_score": [0.12057354886490348, 0.1149369175764776, 0.1149369175764776, 0.10019787614619886, 0.10019787614619886, 0.08747057840736315, 0.08747057840736315, 0.021885212715279198, 0.021885212715279198, 0.07002752412523061], "time": 3.837797164916992}