{"neuron_counts": [28, 200, 200, 300, 300, 300, 300, 150, 150, 1], "neuron_counts_selected": [28, 100, 100, 100, 100, 100, 100, 100, 100, 1], "layer_tarantula_score": [0.5144339698318773, 0.5040314319434823, 0.5024309875730779, 0.5048305376312305, 0.5034303305222103, 0.4620738674158895, 0.4904474300228736, 0.205594680836535, 0.2310405341461712, 0.49999888889197525], "layer_ochiai_score": [0.3243020252469399, 0.3183268203118671, 0.31745034058396027, 0.29750796344474195, 0.2979661807273924, 0.286957507250917, 0.2998285655402429, 0.10001717216694125, 0.11363983747113343, 0.3162269754503875], "layer_D_star_score": [2.3542779392255873, 2.2573003218659005, 2.242529024983872, 1.9859075830803445, 1.9925007444700946, 1.9933272606104069, 2.0474494080441676, 0.511663789655555, 0.5907773360206429, 2.2222209876550068], "layer_Op2_score": [18.994299479556044, 18.879650255662845, 18.874929263795995, 16.328981104761827, 16.39110320441812, 16.614280033104958, 17.156659036486726, 4.876319502420163, 5.477972545042795, 19.00552541131193], "layer_Barinel_score": [0.10549894301405614, 0.1015872146509069, 0.10095306829672493, 0.1021499985404364, 0.10159779665560734, 0.09275612532650682, 0.09830017466867615, 0.03892362398301895, 0.044470160400105714, 0.09999999999999998], "time": 1.4044713973999023}