{"neuron_counts": [1000000, 1000000, 256, 256, 128, 128, 1], "neuron_counts_selected": [100, 100, 100, 100, 100, 100, 1], "layer_tarantula_score": [0.1299999991679474, 0.09499999939196156, 0.0, 0.0, 0.0, 0.009999999935995955, 0.49999999679979773], "layer_ochiai_score": [0.18311082152625985, 0.13381175419226685, 0.0, 0.0, 0.0, 0.0140854478097123, 0.704272390485615], "layer_D_star_score": [31.728228787120006, 23.186013344433853, 0.0, 0.0, 0.0, 2.440632983624616, 122.0316491812308], "layer_Op2_score": [31.982047447206742, 23.371496211420308, 0.0, 0.0, 0.0, 2.46015749593898, 123.00787479694898], "layer_Barinel_score": [0.12896000000000002, 0.09423999999999999, 0.0, 0.0, 0.0, 0.00992, 0.496], "time": 7.320955991744995}