{"neuron_counts": [1000000, 1000000, 256, 256, 128, 128, 1], "neuron_counts_selected": [500, 500, 256, 256, 128, 128, 1], "layer_tarantula_score": [0.0007219999953789741, 0.0002879999981567304, NaN, NaN, NaN, NaN, 0.49999999679979773], "layer_ochiai_score": [0.0010169693318612112, 0.0004056608969197033, NaN, NaN, NaN, NaN, 0.704272390485615], "layer_D_star_score": [0.17621370141769124, 0.0702902299283942, NaN, NaN, NaN, NaN, 122.0316491812308], "layer_Op2_score": [0.1776233712068023, 0.07085253588306005, NaN, NaN, NaN, NaN, 123.00787479694898], "layer_Barinel_score": [0.0007162239999999149, 0.0002856959999998998, NaN, NaN, NaN, NaN, 0.496], "time": 13.420138835906982}