{"neuron_counts": [1000000, 1000000, 256, 256, 128, 128, 1], "neuron_counts_selected": [1000, 1000, 256, 256, 128, 128, 1], "layer_tarantula_score": [0.12949999917114763, 0.12149999922235086, 0.0, 0.0, 0.0078124999499968395, 0.0078124999499968395, 0.49999999679979773], "layer_ochiai_score": [0.18240654913577428, 0.17113819088800444, 0.0, 0.0, 0.011004256101337734, 0.011004256101337734, 0.704272390485615], "layer_D_star_score": [31.606197137938775, 29.653690751039086, 0.0, 0.0, 1.9067445184567313, 1.9067445184567313, 122.0316491812308], "layer_Op2_score": [31.859039572409788, 29.890913575658605, 0.0, 0.0, 1.9219980437023279, 1.9219980437023279, 123.00787479694898], "layer_Barinel_score": [0.128464, 0.12052800000000001, 0.0, 0.0, 0.00775, 0.00775, 0.496], "time": 13.21484088897705}