{"neuron_counts": [1000000, 1000000, 256, 256, 128, 128, 1], "neuron_counts_selected": [1000, 1000, 256, 256, 128, 128, 1], "layer_tarantula_score": [0.02808449982024744, 0.025537999836546556, NaN, NaN, 0.00012207031171868761, 0.00012207031171868761, 0.49999999679979773], "layer_ochiai_score": [0.03955827590118684, 0.035971416616443055, NaN, NaN, 0.0001719415015834082, 0.0001719415015834082, 0.704272390485615], "layer_D_star_score": [6.854395702860537, 6.232888513580543, NaN, NaN, 0.029792883100889813, 0.029792883100889813, 122.0316491812308], "layer_Op2_score": [6.909229319469889, 6.282750213128919, NaN, NaN, 0.03003121943284802, 0.03003121943284802, 123.00787479694898], "layer_Barinel_score": [0.02785982399999984, 0.025333696000000447, NaN, NaN, 0.00012109375000001721, 0.00012109375000001721, 0.496], "time": 73.04006886482239}