{"neuron_counts": [1000000, 1000000, 256, 256, 128, 128, 1], "neuron_counts_selected": [500, 500, 256, 256, 128, 128, 1], "layer_tarantula_score": [0.03432199978032557, 0.032767999790271805, NaN, NaN, 0.00012207031171868761, 0.00012207031171868761, 0.49999999679979773], "layer_ochiai_score": [0.04834407397249454, 0.046155195382865666, NaN, NaN, 0.0001719415015834082, 0.0001719415015834082, 0.704272390485615], "layer_D_star_score": [8.376740526396485, 7.997466160741212, NaN, NaN, 0.029792883100889813, 0.029792883100889813, 122.0316491812308], "layer_Op2_score": [8.44375255756172, 8.061444082692836, NaN, NaN, 0.03003121943284802, 0.03003121943284802, 123.00787479694898], "layer_Barinel_score": [0.034047423999999944, 0.03250585600000012, NaN, NaN, 0.00012109375000001721, 0.00012109375000001721, 0.496], "time": 13.543696403503418}