{"neuron_counts": [1000000, 1000000, 256, 256, 128, 128, 1], "neuron_counts_selected": [500, 500, 256, 256, 128, 128, 1], "layer_tarantula_score": [0.0003919999974910744, 0.0009679999938044825, NaN, NaN, NaN, NaN, 0.49999999679979773], "layer_ochiai_score": [0.0005521495541404292, 0.0013634713479801174, NaN, NaN, NaN, NaN, 0.704272390485615], "layer_D_star_score": [0.09567281295808314, 0.23625327281486902, NaN, NaN, NaN, NaN, 122.0316491812308], "layer_Op2_score": [0.0964381738408165, 0.23814324560690844, NaN, NaN, NaN, NaN, 123.00787479694898], "layer_Barinel_score": [0.0003888640000000266, 0.0009602560000000347, NaN, NaN, NaN, NaN, 0.496], "time": 10.372777938842773}