{"neuron_counts": [1000000, 1000000, 256, 256, 128, 128, 1], "neuron_counts_selected": [200, 200, 200, 200, 128, 128, 1], "layer_tarantula_score": [0.040612499740063576, 0.02204999985887105, NaN, NaN, 0.00012207031171868761, 0.00012207031171868761, 0.49999999679979773], "layer_ochiai_score": [0.057204524917194126, 0.031058412420415647, NaN, NaN, 0.0001719415015834082, 0.0001719415015834082, 0.704272390485615], "layer_D_star_score": [9.912020704745434, 5.381595728892283, NaN, NaN, 0.029792883100889813, 0.029792883100889813, 122.0316491812308], "layer_Op2_score": [9.991314630382213, 5.424647278545469, NaN, NaN, 0.03003121943284802, 0.03003121943284802, 123.00787479694898], "layer_Barinel_score": [0.04028759999999987, 0.021873599999999962, NaN, NaN, 0.00012109375000001721, 0.00012109375000001721, 0.496], "time": 8.525099277496338}