{"neuron_counts": [320000, 80000, 160000, 40000, 80000, 18432, 36864, 9216, 18432, 4608, 4608, 1024, 1024, 512, 512, 256, 128, 64, 9], "neuron_counts_selected": [200, 200, 200, 200, 200, 200, 200, 200, 200, 200, 200, 200, 200, 200, 200, 200, 128, 64, 9], "layer_tarantula_score": [0.47665627372455494, 0.49397701871862537, 0.06286020097533442, 0.10742848251454828, 0.005536914810721667, 0.020454115309274372, 0, 0, 0, 0, 0, 0.0084449405843775, 0.0066125000846616626, 0.05445000069713783, 0.03645000046667901, 0.05780686303207524, 0.03738403368176296, 0.05383386190471414, 0.024691358340821416], "layer_ochiai_score": [0.4224242062320898, 0.6528263651305289, 0.023646292189275688, 0.0662404887085468, 0.0008384988396404239, 0.004621006192682914, 0, 0, 0, 0, 0, 0.012034609728172947, 0.009425998490335381, 0.0776174847332722, 0.05195881209417377, 0.07912583225574805, 0.05329025943823142, 0.07559650732223404, 0.03519708180946257], "layer_D_star_score": [17.034933699871672, 92.64576403334316, 0.24694065241480317, 3.513441895688703, 0.00024852341300232424, 0.015474577909890845, 0, 0, 0, 0, 0, 2.208280727048178, 1.7341939152894796, 14.280054243858354, 9.559375154979564, 13.950762306123197, 9.804334655552351, 13.450273697058968, 6.475554305732221], "layer_Op2_score": [46.04943882258966, 106.55687588717672, 1.3104441629885817, 6.7557016572769015, 0.01385201697418012, 0.1446530255015914, 0, 0, 0, 0, 0, 2.126986303841713, 1.6664566638051146, 13.722278312920709, 9.185987961541965, 13.656313594505148, 9.421379395275498, 13.189482741793466, 6.2226205094358695], "layer_Barinel_score": [0.4846065996160937, 0.501973359301766, 0.06394654096964744, 0.10923941909004474, 0.005603675595238155, 0.020751895312250038, 0, 0, 0, 0, 0, 0.008580141129032397, 0.006718300000000046, 0.05532119999999993, 0.037033200000000016, 0.05873165384615377, 0.03798217773437499, 0.05469518902658058, 0.02508641975308642], "time": 8.27394437789917}