{"neuron_counts": [320000, 80000, 160000, 40000, 80000, 18432, 36864, 9216, 18432, 4608, 4608, 1024, 1024, 512, 512, 256, 128, 64, 9], "neuron_counts_selected": [500, 500, 500, 500, 500, 500, 500, 500, 500, 500, 500, 500, 500, 500, 500, 256, 128, 64, 9], "layer_tarantula_score": [0.49109045279661234, 0.5018438407682383, 0.074266416656798, 0.10907320695366135, 0.0, 0.0, 0.0, 0.0, 0.0, 0.0, 0.0, 0.0, 0.0, 0.0050000000598742385, 0.0030000000359245434, 0.07095589335325542, 0.10937500130974898, 0.14062500168396297, 0.05555555622082488], "layer_ochiai_score": [0.21273852414157068, 0.40838771354100395, 0.012797576311332232, 0.027893201815359318, 0.0, 0.0, 0.0, 0.0, 0.0, 0.0, 0.0, 0.0, 0.0, 0.0071488001950340664, 0.0042892801170204406, 0.09853538034243092, 0.15638000426637022, 0.20106000548533312, 0.0794311132781563], "layer_D_star_score": [1.8116849335302099, 21.661199340703796, 0.021412881360552357, 0.34373994056936397, 0.0, 0.0, 0.0, 0.0, 0.0, 0.0, 0.0, 0.0, 0.0, 1.9732492583063903, 1.1839495549838344, 26.890070861652976, 43.164827525452296, 55.497635389867234, 21.924991758959894], "layer_Op2_score": [17.286086445163143, 61.53134433115764, 0.5139913332231877, 2.0350878238110544, 0.0, 0.0, 0.0, 0.0, 0.0, 0.0, 0.0, 0.0, 0.0, 1.8779455307946418, 1.126767318476785, 25.692366755977652, 41.080058486132785, 52.8172180535993, 20.866061453273797], "layer_Barinel_score": [0.5016433722436112, 0.5127914959352855, 0.07514082448628542, 0.11061318892902057, 0.0, 0.0, 0.0, 0.0, 0.0, 0.0, 0.0, 0.0, 0.0, 0.005110537129859822, 0.0030663222779158924, 0.0725050732154022, 0.1117929997156836, 0.1437338567773075, 0.056783745887331344], "time": 23.731090784072876}