{"neuron_counts": [320000, 80000, 160000, 40000, 80000, 18432, 36864, 9216, 18432, 4608, 4608, 1024, 1024, 512, 512, 256, 128, 64, 9], "neuron_counts_selected": [500, 500, 500, 500, 500, 500, 500, 500, 500, 500, 500, 500, 500, 500, 500, 256, 128, 64, 9], "layer_tarantula_score": [0.501504188090173, 0.49908540313224575, 0.01330566041400947, 0.037106396728377816, 0.0, 0.0, 0.0, 0.0, 0.0, 0.0, 0.0, 0.0, 0.0, 0.0, 0.0, 0.044921875537932615, 0.0820756879635226, 0.11718750140330247, 0.0], "layer_ochiai_score": [0.12834427739731746, 0.25350947414523656, 0.0014895880899600548, 0.005761847012464349, 0.0, 0.0, 0.0, 0.0, 0.0, 0.0, 0.0, 0.0, 0.0, 0.0, 0.0, 0.06422750175225919, 0.11700631317446253, 0.16755000457111094, 0.0], "layer_D_star_score": [0.2854198340130678, 3.6404952334996374, 0.0005356392289024479, 0.005114440474314143, 0.0, 0.0, 0.0, 0.0, 0.0, 0.0, 0.0, 0.0, 0.0, 0.0, 0.0, 17.72841130509648, 32.0797198215147, 46.248029491556025, 0.0], "layer_Op2_score": [6.383142255592411, 24.275922569748044, 0.033290693480316706, 0.19107278121399923, 0.0, 0.0, 0.0, 0.0, 0.0, 0.0, 0.0, 0.0, 0.0, 0.0, 0.0, 16.87216687823311, 30.652865619294246, 44.01434837799942, 0.0], "layer_Barinel_score": [0.5107303394207103, 0.5097719096057364, 0.013325567848427474, 0.03749465982590888, 0.0, 0.0, 0.0, 0.0, 0.0, 0.0, 0.0, 0.0, 0.0, 0.0, 0.0, 0.045914982026084336, 0.08388915388268892, 0.11977821398108957, 0.0], "time": 23.92668652534485}