{"neuron_counts": [320000, 80000, 160000, 40000, 80000, 18432, 36864, 9216, 18432, 4608, 4608, 1024, 1024, 512, 512, 256, 128, 64, 9], "neuron_counts_selected": [500, 500, 500, 500, 500, 500, 500, 500, 500, 500, 500, 500, 500, 500, 500, 256, 128, 64, 9], "layer_tarantula_score": [0.43178694077870444, 0.4746143499858347, 0.006686219026147915, 0.015880571396861616, 0, 0, 0, 0, 0, 0, 0, 0, 0, 5.000000064018784e-05, 1.80000002304918e-05, 0.009883747658020832, 0.023925781556328116, 0.0395507817563792, 0.0061728395852053445], "layer_ochiai_score": [0.18277279666159726, 0.3787125085342001, 0.0011627598911294857, 0.0034067780034198283, 0, 0, 0, 0, 0, 0, 0, 0, 0, 7.127409066410721e-05, 2.5658672639065964e-05, 0.013516333432912685, 0.03410576604046799, 0.05637891937301842, 0.008799270452365643], "layer_D_star_score": [0.7849459867541404, 11.289075589198996, 0.0004738852332040702, 0.007765981384539462, 0, 0, 0, 0, 0, 0, 0, 0, 0, 0.013112997469100628, 0.004720679088876086, 2.4319156033476914, 6.274774179553538, 10.372585888649665, 1.6188885764330543], "layer_Op2_score": [9.400136524506028, 36.91193047249478, 0.022327581535821144, 0.09903342052788876, 0, 0, 0, 0, 0, 0, 0, 0, 0, 0.012600806531610165, 0.004536290351383873, 2.355596495777596, 6.029682812976341, 9.967434854103729, 1.5556551273589665], "layer_Barinel_score": [0.4393720468110603, 0.48254834433180954, 0.006781263881543197, 0.01612847467452024, 0, 0, 0, 0, 0, 0, 0, 0, 0, 5.079999999996903e-05, 1.8287999999971928e-05, 0.01004193810571604, 0.024308593750000024, 0.040183593749999955, 0.006271604938271607], "time": 24.531363010406494}