{"neuron_counts": [320000, 80000, 160000, 40000, 80000, 18432, 36864, 9216, 18432, 4608, 4608, 1024, 1024, 512, 512, 256, 128, 64, 9], "neuron_counts_selected": [200, 200, 200, 200, 200, 200, 200, 200, 200, 200, 200, 200, 200, 200, 200, 200, 128, 64, 9], "layer_tarantula_score": [0.4958477071685517, 0.5009773885321729, 0.20622347303085228, 0.26682559621413754, 0.0528578649247435, 0.09503255153830309, 0.0, 0.0, 0.0, 0.0, 0.0, 0.06000000071849087, 0.05500000065861663, 0.13000000155673022, 0.16000000191597563, 0.1627070398022447, 0.13671875163718622, 0.16415694852519536, 0.11111111244164976], "layer_ochiai_score": [0.44387778948040724, 0.6680631042986213, 0.11191300452890601, 0.16711300132093473, 0.008300557140319312, 0.02537646843723956, 0.0, 0.0, 0.0, 0.0, 0.0, 0.0857856023404088, 0.07863680214537473, 0.18586880507088574, 0.22876160624109015, 0.23003168507416377, 0.19547500533296278, 0.233003047933735, 0.1588622265563126], "layer_D_star_score": [29.708402770332928, 150.59790281387598, 5.02388975398892, 20.332635509911764, 0.019238849517476436, 0.25192786466181705, 0.0, 0.0, 0.0, 0.0, 0.0, 23.678991099676686, 21.705741841370294, 51.30448071596615, 63.1439762658045, 62.613251625699085, 53.95603440681536, 63.31794799953463, 43.84998351791979], "layer_Op2_score": [73.1202053215166, 163.75303595703502, 14.429555744771362, 29.638601927326018, 0.33173062444821144, 1.738167259858472, 0.0, 0.0, 0.0, 0.0, 0.0, 22.535346369535702, 20.657400838741058, 48.826583800660686, 60.09425698542853, 60.01149227886293, 51.35007310766599, 60.82951018680667, 41.732122906547595], "layer_Barinel_score": [0.5068387813271038, 0.512024302471112, 0.2104403032930903, 0.2716160324058028, 0.05329310783428452, 0.09647054577625354, 0.0, 0.0, 0.0, 0.0, 0.0, 0.06132644555831785, 0.056215908428458035, 0.13287396537635535, 0.16353718815551427, 0.16629914160948353, 0.1397412496446045, 0.16778387475173168, 0.11356749177466269], "time": 10.853322982788086}