{"neuron_counts": [320000, 80000, 160000, 40000, 80000, 18432, 36864, 9216, 18432, 4608, 4608, 1024, 1024, 512, 512, 256, 128, 64, 9], "neuron_counts_selected": [2000, 2000, 2000, 2000, 2000, 2000, 2000, 2000, 2000, 2000, 2000, 1024, 1024, 512, 512, 256, 128, 64, 9], "layer_tarantula_score": [0.47718657220385635, 0.49307629598268804, 0.06994205699530928, 0.11003977650399913, 0.006612959904563916, 0.020037873911230863, NaN, NaN, NaN, NaN, NaN, 0.007331213349489087, 0.007331213349489087, 0.04177856495341695, 0.04177856495341695, 0.059083038029232794, 0.037384033650792986, 0.05383448418465104, 0.024691358320366612], "layer_ochiai_score": [0.4248798564097658, 0.6538883659474775, 0.026205903359010796, 0.06229756867089747, 0.0011285659209339595, 0.004483717148385395, NaN, NaN, NaN, NaN, NaN, 0.01034551602661099, 0.01034551602661099, 0.05973332194214861, 0.05973332194214861, 0.08324719500524058, 0.05345019677073173, 0.07596445058268804, 0.03530271701251391], "layer_D_star_score": [25.680149814866056, 138.27113676843655, 0.47174535887136054, 4.162486869378863, 0.0007486781777507124, 0.014641106144353426, NaN, NaN, NaN, NaN, NaN, 2.8450322404718476, 2.8450322404718476, 16.48790426404692, 16.48790426404692, 22.51018603026181, 14.753603158113533, 20.32954753464615, 9.744440781759952], "layer_Op2_score": [68.92610218168157, 158.5900030319319, 2.2611768155257734, 8.635727768913233, 0.03250854715719178, 0.19930062422802847, NaN, NaN, NaN, NaN, NaN, 2.7100196948364212, 2.7100196948364212, 15.691573679552386, 15.691573679552386, 21.647160286157288, 14.041035615377352, 19.712627548048253, 9.273805090343915], "layer_Barinel_score": [0.48817971501703655, 0.5041269336028465, 0.07153063646259826, 0.1125685774052922, 0.006735599116466733, 0.02045240154921518, NaN, NaN, NaN, NaN, NaN, 0.007493299077673048, 0.007493299077673048, 0.042702180973987286, 0.042702180973987286, 0.06038918758305347, 0.038210497949696665, 0.055024591659722406, 0.025237220394369472], "time": 78.38959670066833}