{"neuron_counts": [320000, 80000, 160000, 40000, 80000, 18432, 36864, 9216, 18432, 4608, 4608, 1024, 1024, 512, 512, 256, 128, 64, 9], "neuron_counts_selected": [100, 100, 100, 100, 100, 100, 100, 100, 100, 100, 100, 100, 100, 100, 100, 100, 100, 64, 9], "layer_tarantula_score": [0.4755480781687711, 0.4920753499979729, 0.09200491336581886, 0.08534987911053718, 0.006523265727866683, 0.015493375061087444, 0, 0, 0, 0, 0, 0.011250000144036766, 0.008450000108187668, 0.061250000784200134, 0.057800000740028896, 0.06845060960144267, 0.016200000207413037, 0.05383386190471414, 0.024691358340821416], "layer_ochiai_score": [0.41828990227324964, 0.6508308405184569, 0.04446537656347482, 0.04485826879151487, 0.0011127430996732684, 0.004076037964794584, 0, 0, 0, 0, 0, 0.016036670399436386, 0.012045321322243152, 0.08731076106359824, 0.08239284880777102, 0.09633947599321971, 0.023092805375188413, 0.07559650732223404, 0.03519708180946257], "layer_D_star_score": [16.470792909936154, 91.5620874651365, 0.7412886219626482, 2.3730866046393557, 0.000592431194314173, 0.007007851687453218, 0, 0, 0, 0, 0, 2.9504244305492504, 2.2160965722791888, 16.06342189965701, 15.158625074288537, 17.31071844657036, 4.248611179990907, 13.450273697058968, 6.475554305732221], "layer_Op2_score": [45.303189827750145, 106.35345633559974, 3.005558083743481, 4.251854058827379, 0.021715323213449357, 0.13345322777965588, 0, 0, 0, 0, 0, 2.835181469611712, 2.129536303841709, 15.435988001219375, 14.566532350538425, 16.859483171465197, 4.082661316240912, 13.189482741793466, 6.2226205094358695], "layer_Barinel_score": [0.4835000680380136, 0.5000717162029588, 0.09354780960039187, 0.08680036309002566, 0.006604583333333275, 0.01574768424727725, 0, 0, 0, 0, 0, 0.01142999999999996, 0.008585199999999906, 0.06222999999999993, 0.05872479999999999, 0.06954580845070417, 0.016459199999999837, 0.05469518902658058, 0.02508641975308642], "time": 5.978145360946655}