{"neuron_counts": [20, 20, 20, 1], "neuron_counts_selected": [20, 20, 20, 1], "layer_tarantula_score": [0.5000124946855069, 0.3395137566331004, 0.4905072182523675, 0.500012494685507], "layer_ochiai_score": [0.9997999699939983, 0.6223967201411634, 0.9823211509440832, 0.9997999699939986], "layer_D_star_score": [12489377.531122182, 6119961.68908332, 11272340.090857863, 12489377.531122182], "layer_Op2_score": [4997.333355554815, 2801.835849388354, 4838.310855554815, 4997.333355554815], "layer_Barinel_score": [0.9996000000000003, 0.8094302567473549, 0.9995811193232416, 0.9996], "time": 3.3626868724823}