{"neuron_counts": [20, 20, 20, 1], "neuron_counts_selected": [20, 20, 20, 1], "layer_tarantula_score": [0.8369012709225577, 0.23116778357506607, 0.06241211153545692, 1.0], "layer_ochiai_score": [0.7823732852253263, 0.27134894674511584, 0.11326689963613393, 0.6564083162831719], "layer_D_star_score": [14318.364669201379, 158038.05569199452, 868771.2140411991, 2407.3717678188586], "layer_Op2_score": [4764.163374917611, 1803.1701015060216, 786.7003470132472, 3179.838473771499], "layer_Barinel_score": [0.9993776105236564, 0.302422645433892, 0.12243481835490366, 1.0], "time": 3.794780969619751}