{"neuron_counts": [20, 20, 20, 1], "neuron_counts_selected": [20, 20, 20, 1], "layer_tarantula_score": [0.48100807437099535, 0.2450030615870472, 0.3134506500888813, 0.5000062481368308], "layer_ochiai_score": [0.964856082445507, 0.4898672934866397, 0.6395877080344962, 0.9997291703808975], "layer_D_star_score": [11033489.045546152, 6673449.497443889, 6675917.147541596, 13619284.688660998], "layer_Op2_score": [6911.876846659939, 3615.8125465666562, 4460.30129460378, 7379.209278707461], "layer_Barinel_score": [0.9994070190560657, 0.4897346295500962, 0.7215312177225419, 0.9994584276532577], "time": 3.7315714359283447}