{"neuron_counts": [20, 20, 20, 1], "neuron_counts_selected": [20, 20, 20, 1], "layer_tarantula_score": [0.49001284316963556, 0.35000437369578163, 0.3953795215279422, 0.5000062481368308], "layer_ochiai_score": [0.9813845016550067, 0.6998104192666282, 0.7984202742527217, 0.9997291703808975], "layer_D_star_score": [12258340.536859686, 9533499.2820627, 9535171.702657541, 13619284.688660998], "layer_Op2_score": [7133.360361383039, 5165.446495095223, 5727.713465361596, 7379.209278707461], "layer_Barinel_score": [0.9994313895399811, 0.6996208993572803, 0.8491879667698363, 0.9994584276532577], "time": 3.5938942432403564}