{"neuron_counts": [73728, 18432, 18432, 18432, 25, 10], "neuron_counts_selected": [500, 500, 500, 500, 25, 10], "layer_tarantula_score": [0.4586651230510054, 0.48831232809639813, 0.4888107214560335, 0.4877439288203358, 0.06479999153415128, 0.020698445444925606], "layer_ochiai_score": [0.3797187755581564, 0.6002758056983334, 0.6017624404947028, 0.5987813443430724, 0.08628446863374671, 0.012669536440532063], "layer_D_star_score": [8.965468467198503, 43.44539662061425, 43.77222566494126, 43.0639926027868, 8.049443106233833, 0.6460257163402755], "layer_Op2_score": [27.190779839277326, 63.95016783738752, 64.20194355981924, 63.67974906605829, 9.98203324845661, 0.9542543015687188], "layer_Barinel_score": [0.4035507479715377, 0.43181974476801394, 0.4322972068885871, 0.431262196250116, 0.05744613480596785, 0.018427397809722874], "time": 2.6302497386932373}