{"neuron_counts": [73728, 18432, 18432, 18432, 25, 10], "neuron_counts_selected": [500, 500, 500, 500, 25, 10], "layer_tarantula_score": [0.5001444779468485, 0.49940838276773636, 0.5000619158143688, 0.500582575440412, 0.17999997648375346, 0.11100258594580217], "layer_ochiai_score": [0.4507988412214244, 0.6333915845632887, 0.6331500935623436, 0.6342899441372302, 0.23967907953818546, 0.11558928218665265], "layer_D_star_score": [15.669800963098266, 52.384992070501674, 52.32728208911356, 52.664568962697196, 22.35956418398286, 7.810801993473499], "layer_Op2_score": [35.36915334101041, 69.8174583142842, 69.66439748836162, 69.84139749939952, 27.727870134601694, 11.053434134763261], "layer_Barinel_score": [0.44408087817980346, 0.44273586457083114, 0.44338192931037557, 0.44389436469556254, 0.15957259668324408, 0.09979051200901537], "time": 2.423185348510742}