{"neuron_counts": [73728, 18432, 18432, 18432, 25, 10], "neuron_counts_selected": [100, 100, 100, 100, 25, 10], "layer_tarantula_score": [0.4717706475789302, 0.49137736691288914, 0.49157155423988447, 0.48789116202204585, 0.06479999153415128, 0.021100257288122086], "layer_ochiai_score": [0.42407248810409065, 0.6218039485497688, 0.6224326828234659, 0.6142408554219984, 0.08628446863374671, 0.02136128023720773], "layer_D_star_score": [12.963023355871472, 48.930150689074004, 49.15974894915304, 47.11022887745964, 8.049443106233833, 1.1010425878207795], "layer_Op2_score": [32.997304113627074, 68.21189446342174, 68.18337632513509, 67.08335625953735, 9.98203324845661, 1.7755930107288824], "layer_Barinel_score": [0.41608911910917873, 0.4347903315251285, 0.4349882031621301, 0.4313836109157916, 0.05744613480596785, 0.01884419546108176], "time": 0.6542668342590332}