{"neuron_counts": [73728, 18432, 18432, 18432, 25, 10], "neuron_counts_selected": [500, 500, 500, 500, 25, 10], "layer_tarantula_score": [0.46843874527303214, 0.49016100300800375, 0.4905389377779255, 0.4912867223740495, 0.06479998690911731, 0.020990095009112916], "layer_ochiai_score": [0.41886624540684053, 0.6236433409821314, 0.6227961744613044, 0.6239308079216902, 0.08693822636721624, 0.022264528380252276], "layer_D_star_score": [7.071928410536087, 28.512556882557767, 28.407126148861316, 28.580179815699406, 4.771627687949657, 0.7223266264555049], "layer_Op2_score": [18.220337803503924, 38.719004163192565, 38.59126237071719, 38.64677079442359, 5.704714513009793, 1.090535749043304], "layer_Barinel_score": [0.41936302552385235, 0.4403122424171007, 0.4406910732713876, 0.44142732495338677, 0.05832, 0.019000000000000006], "time": 1.8249738216400146}