{"neuron_counts": [73728, 18432, 18432, 18432, 25, 10], "neuron_counts_selected": [500, 500, 500, 500, 25, 10], "layer_tarantula_score": [0.441028805960908, 0.4799290689832155, 0.479027028648444, 0.48122531603337604, 0.06479999153415128, 0.004394479492775746], "layer_ochiai_score": [0.2796510878162836, 0.511718829749457, 0.5106741128794402, 0.51393121826976, 0.08628446863374671, 0.00466753128303366], "layer_D_star_score": [3.0678873369447732, 24.987964949050987, 24.812456301544895, 25.408505944405395, 8.049443106233833, 0.18690923324054295], "layer_Op2_score": [15.317822465505415, 47.10380369170427, 47.01356741765044, 47.46883246736719, 9.98203324845661, 0.43509381622376775], "layer_Barinel_score": [0.38701479839629743, 0.42374101363002686, 0.4228694841680614, 0.42503212678622443, 0.05744613480596785, 0.0038429541879453034], "time": 2.3624541759490967}