{"neuron_counts": [73728, 18432, 18432, 18432, 25, 10], "neuron_counts_selected": [100, 100, 100, 100, 25, 10], "layer_tarantula_score": [0.4931576968306392, 0.4996683621974801, 0.49867602709396736, 0.5003063168178054, 0.17999997648375346, 0.11100258594580217], "layer_ochiai_score": [0.44498085612763494, 0.6305925710466466, 0.6305304659840478, 0.6351561559778898, 0.23967907953818546, 0.11558928218665265], "layer_D_star_score": [15.071691748454798, 51.54675448114058, 51.720820910263264, 53.01267980927647, 22.35956418398286, 7.810801993473499], "layer_Op2_score": [34.97890450374864, 69.16545826123651, 69.29633857321663, 70.06581087435761, 27.727870134601694, 11.053434134763261], "layer_Barinel_score": [0.43721058154161196, 0.44299097721331665, 0.4420316559655065, 0.4436345511380527, 0.15957259668324408, 0.09979051200901537], "time": 0.7178449630737305}