{"neuron_counts": [73728, 18432, 18432, 18432, 25, 10], "neuron_counts_selected": [500, 500, 500, 500, 25, 10], "layer_tarantula_score": [0.4619978609262299, 0.49105782673905046, 0.4910182396971644, 0.49110026687551556, 0.06479998690911731, 0.020990095009112916], "layer_ochiai_score": [0.41380150029544804, 0.624059145438504, 0.6254286661548032, 0.6234478198390645, 0.08693822636721624, 0.022264528380252276], "layer_D_star_score": [6.873730507034221, 28.589027554857296, 28.794364983410265, 28.508752850134872, 4.771627687949657, 0.7223266264555049], "layer_Op2_score": [18.039930960559, 38.703696086449845, 38.86678773494334, 38.62301343939744, 5.704714513009793, 1.090535749043304], "layer_Barinel_score": [0.4131287425185011, 0.4412001350729544, 0.4411555293361484, 0.44124273188706453, 0.05832, 0.019000000000000006], "time": 1.809554100036621}