{"neuron_counts": [1000000, 1000000, 256, 256, 128, 128, 1], "neuron_counts_selected": [500, 500, 256, 256, 128, 128, 1], "layer_tarantula_score": [0.0386420002473242, 0.0408980002617637, NaN, NaN, NaN, NaN, 0.5000000032002022], "layer_ochiai_score": [0.054866175422561246, 0.0580693763892112, NaN, NaN, NaN, NaN, 0.7099292922540368], "layer_D_star_score": [9.894837052550795, 10.472518135066018, NaN, NaN, NaN, NaN, 128.03215481277837], "layer_Op2_score": [9.661118333332562, 10.225154432913273, NaN, NaN, NaN, NaN, 125.00800079359936], "layer_Barinel_score": [0.03895113599999987, 0.04122518399999992, NaN, NaN, NaN, NaN, 0.504], "time": 89.59315466880798}