{"neuron_counts": [1000000, 1000000, 256, 256, 128, 128, 1], "neuron_counts_selected": [500, 500, 256, 256, 128, 128, 1], "layer_tarantula_score": [2.0000000128026983e-06, 2.0000000128054737e-06, NaN, NaN, NaN, NaN, 0.5000000032002022], "layer_ochiai_score": [2.8397171690185145e-06, 2.8397171690125242e-06, NaN, NaN, NaN, NaN, 0.7099292922540368], "layer_D_star_score": [0.0005121286192508581, 0.0005121286192527344, NaN, NaN, NaN, NaN, 128.03215481277837], "layer_Op2_score": [0.0005000320031749808, 0.000500032003176674, NaN, NaN, NaN, NaN, 125.00800079359936], "layer_Barinel_score": [2.0159999999985468e-06, 2.0160000000054852e-06, NaN, NaN, NaN, NaN, 0.504], "time": 47.6174750328064}