{"neuron_counts": [1000000, 1000000, 256, 256, 128, 128, 1], "neuron_counts_selected": [2000, 2000, 256, 256, 128, 128, 1], "layer_tarantula_score": [0.03225800020646372, 0.03577812522899381, NaN, NaN, NaN, NaN, 0.5000000032002022], "layer_ochiai_score": [0.0458017982190614, 0.050799877918852834, NaN, NaN, NaN, NaN, 0.7099292922540368], "layer_D_star_score": [8.260122499901124, 9.161500877821938, NaN, NaN, NaN, NaN, 128.03215481277837], "layer_Op2_score": [8.065016179199812, 8.94510375678695, NaN, NaN, NaN, NaN, 125.00800079359936], "layer_Barinel_score": [0.03251606399999983, 0.03606435000000013, NaN, NaN, NaN, NaN, 0.504], "time": 17.392093181610107}