{"neuron_counts": [1000000, 1000000, 256, 256, 128, 128, 1], "neuron_counts_selected": [200, 200, 200, 200, 128, 128, 1], "layer_tarantula_score": [0.13500000086405461, 0.13250000084805358, 0.0, 0.0, 0.0, 0.0, 0.5000000032002022], "layer_ochiai_score": [0.19168090890858994, 0.18813126244731976, 0.0, 0.0, 0.0, 0.0, 0.7099292922540368], "layer_D_star_score": [34.56868179945016, 33.92852102538627, 0.0, 0.0, 0.0, 0.0, 128.03215481277837], "layer_Op2_score": [33.752160214271825, 33.12712021030383, 0.0, 0.0, 0.0, 0.0, 125.00800079359936], "layer_Barinel_score": [0.13608, 0.13356, 0.0, 0.0, 0.0, 0.0, 0.504], "time": 9.600303888320923}