{"neuron_counts": [10752, 512, 1], "neuron_counts_selected": [500, 500, 1], "layer_tarantula_score": [1.0, 0.0, 0.0], "layer_ochiai_score": [0.4918578769456435, 0.0, 0.0], "layer_D_star_score": [247.6557791923702, 0.0, 0.0], "layer_Op2_score": [774.36, 0.0, 0.0], "layer_Barinel_score": [1.0, 0.0, 0.0], "time": 81.2810366153717}