{"neuron_counts": [10752, 512, 1], "neuron_counts_selected": [500, 500, 1], "layer_tarantula_score": [1.0, NaN, NaN], "layer_ochiai_score": [0.5508091702107, NaN, NaN], "layer_D_star_score": [423.3916275311985, NaN, NaN], "layer_Op2_score": [970.9715959999999, NaN, NaN], "layer_Barinel_score": [1.0, NaN, NaN], "time": 99.90526533126831}