{"neuron_counts": [21632, 5408, 7744, 1600, 576, 576, 1], "neuron_counts_selected": [1000, 1000, 1000, 1000, 576, 576, 1], "layer_tarantula_score": [0.27968665459391334, 0.3558184497751574, 0.35091991498610325, 0.40514749019984736, 0.2571158504947349, 0.2571158504947349, 0.49999999651622795], "layer_ochiai_score": [0.08294689459876829, 0.12881750785175847, 0.1700272047769073, 0.27865237564801054, 0.22513909460682227, 0.22513909460682227, 0.6807032589270839], "layer_D_star_score": [28.75234895430919, 64.76069037921971, 116.17640755566309, 344.47710161011906, 406.2099823693506, 406.2099823693506, 846.16732632887], "layer_Op2_score": [43.7568761855466, 76.9938652186057, 114.27176872870979, 243.81174959639657, 215.4867300848719, 215.4867300848719, 979.0008803696409], "layer_Barinel_score": [0.2708905221041802, 0.34249785754929496, 0.3388759407542262, 0.3864774373067128, 0.24304819028047595, 0.24304819028047595, 0.46335697399527187], "time": 81.57059812545776}