{"neuron_counts": [21632, 5408, 7744, 1600, 576, 576, 1], "neuron_counts_selected": [200, 200, 200, 200, 200, 200, 1], "layer_tarantula_score": [0.4963556205387952, 0.5926462193839876, 0.5467206103608083, 0.6109151982265213, 0.4565513699919166, 0.4966636933604509, 0.4999999965034874], "layer_ochiai_score": [0.2172994156655456, 0.2860991195181775, 0.3233240138543886, 0.45075627161974324, 0.42416826276657305, 0.4146151767841837, 0.6805679667147357], "layer_D_star_score": [130.7783108818094, 440.3526099864641, 538.9989967345422, 2087.2144648701883, 4055.6118060734416, 3294.201203326766, 846.4036194895673], "layer_Op2_score": [143.55455185021515, 223.53254833940701, 262.361467499871, 432.17119949637964, 431.8380228872564, 401.4628559228597, 980.0008788224184], "layer_Barinel_score": [0.4874772377284252, 0.5820661831211109, 0.5351236599895541, 0.5954266151182522, 0.4421730997350641, 0.4828688847429984, 0.4631728045325779], "time": 20.94006586074829}