{"neuron_counts": [21632, 5408, 7744, 1600, 576, 576, 1], "neuron_counts_selected": [200, 200, 200, 200, 200, 200, 1], "layer_tarantula_score": [0, 0, 0.02854131314458804, 0.12475885430451267, 0.19513793869360105, 0.2603999513565889, 0.4999999965034874], "layer_ochiai_score": [0, 0, 0.003544226219218702, 0.03415299988757244, 0.09719208997652844, 0.15432916110248399, 0.6805679667147357], "layer_D_star_score": [0, 0, 0.16075872875357894, 4.568853416500646, 50.02527983064727, 234.53254275328686, 846.4036194895673], "layer_Op2_score": [0, 0, 0.7813552508365162, 12.673437634572759, 65.50328741709491, 119.59063825311404, 980.0008788224184], "layer_Barinel_score": [0, 0, 0.028069343125550872, 0.12285130877559901, 0.18782497862648187, 0.24996705605020278, 0.4631728045325779], "time": 20.936681509017944}