{"neuron_counts": [21632, 5408, 7744, 1600, 576, 576, 1], "neuron_counts_selected": [500, 500, 500, 500, 500, 500, 1], "layer_tarantula_score": [0.0, 0.0, 0.229684769061843, 0.3054661310645412, 0.47747001137275946, 0.4371709219891937, 0.4999999965034874], "layer_ochiai_score": [0.0, 0.0, 0.05643224828648152, 0.11139048654734998, 0.33308260583593824, 0.31378975448887364, 0.6805679667147357], "layer_D_star_score": [0.0, 0.0, 12.880115971095005, 49.042500879291666, 3432.9585545619693, 4180.119202933741, 846.4036194895673], "layer_Op2_score": [0.0, 0.0, 23.34461511576317, 60.583063273896016, 285.7146713790271, 268.03699651080876, 980.0008788224184], "layer_Barinel_score": [0.0, 0.0, 0.2281235002344719, 0.3018724457768733, 0.4687987938614242, 0.42893036466436457, 0.4631728045325779], "time": 50.78992819786072}