{"neuron_counts": [21632, 5408, 7744, 1600, 576, 576, 1], "neuron_counts_selected": [200, 200, 200, 200, 200, 200, 1], "layer_tarantula_score": [0, 0, 0.036204522985821594, 0.06696896405938815, 0.21655047573000588, 0.23496074503705128, 0.4999999965034874], "layer_ochiai_score": [0, 0, 0.005528329655234738, 0.015173023858512392, 0.1402643302573534, 0.14094866103810466, 0.6805679667147357], "layer_D_star_score": [0, 0, 0.22574532720951962, 3.1108633067348754, 187.4998484811355, 125.88185046555441, 846.4036194895673], "layer_Op2_score": [0, 0, 1.353629415996977, 6.315040731408994, 106.37780488549389, 99.80988170437567, 980.0008788224184], "layer_Barinel_score": [0, 0, 0.03583358683940911, 0.06559484333931605, 0.20828095254888937, 0.22788734701913993, 0.4631728045325779], "time": 20.856970071792603}