{"neuron_counts": [21632, 5408, 7744, 1600, 576, 576, 1], "neuron_counts_selected": [500, 500, 500, 500, 500, 500, 1], "layer_tarantula_score": [0.23458007110017168, 0.3010547181716678, 0.4612460215524344, 0.5440533344318843, 0.45245630201394055, 0.4796298906585157, 0.4999999965034874], "layer_ochiai_score": [0.06611575756788782, 0.12040038983578723, 0.23527390398753747, 0.3645200297731651, 0.3843203174789394, 0.4010614310849862, 0.6805679667147357], "layer_D_star_score": [17.82337179419733, 81.20936413034049, 233.37700909604652, 1465.6677439581179, 38497880.86485648, 38499494.0469899, 846.4036194895673], "layer_Op2_score": [33.63242530874997, 76.88042355374134, 168.20991740721283, 315.84815467520605, 377.40350794556167, 387.9304235850243, 980.0008788224184], "layer_Barinel_score": [0.2312043335903765, 0.2966144110644967, 0.4523582007714741, 0.5332235450370576, 0.4387291894578399, 0.46625456584485026, 0.4631728045325779], "time": 52.64310359954834}