{"neuron_counts": [21632, 5408, 7744, 1600, 576, 576, 1], "neuron_counts_selected": [1000, 1000, 1000, 1000, 576, 576, 1], "layer_tarantula_score": [0.5017174647262614, 0.5510334424853097, 0.573504063175243, 0.6156833359556358, 0.47617260960876695, 0.47617260960876695, 0.4999999965034874], "layer_ochiai_score": [0.21734836290916626, 0.2790938027234756, 0.35182507280018116, 0.4716591380769637, 0.4249152654554236, 0.4249152654554236, 0.6805679667147357], "layer_D_star_score": [191.6237352216788, 472.65209376200295, 601.6963902472256, 2048.240189462292, 7006.750390828482, 7006.750390828482, 846.4036194895673], "layer_Op2_score": [151.98839280058058, 220.77438489513315, 284.979144127316, 450.49029176552796, 428.7721377433681, 428.7721377433681, 980.0008788224184], "layer_Barinel_score": [0.49273058530236913, 0.5395722119467159, 0.5614365499628334, 0.6001467410780006, 0.4614249948696752, 0.4614249948696752, 0.4631728045325779], "time": 89.21269226074219}