{"neuron_counts": [21632, 5408, 7744, 1600, 576, 576, 1], "neuron_counts_selected": [500, 500, 500, 500, 500, 500, 1], "layer_tarantula_score": [0.0671492749991894, 0.10126631506297708, 0.2588526732110042, 0.3220565108404857, 0.24813253473683333, 0.2540229034402004, 0.4999999965034874], "layer_ochiai_score": [0.015273117032505891, 0.0221958199715108, 0.08461877022590793, 0.18887456865967991, 0.2061399338988244, 0.2047266904385246, 0.6805679667147357], "layer_D_star_score": [1.7432841946192619, 5.14376333198355, 29.27139197785376, 177.12068264933495, 523.1182369938232, 376.3113861039627, 846.4036194895673], "layer_Op2_score": [5.745805016500137, 9.363711624832014, 43.40237147093046, 149.4454809386854, 189.39219483960753, 186.85878081443826, 980.0008788224184], "layer_Barinel_score": [0.06517574927155112, 0.09885898141398991, 0.25173402427610814, 0.30865421168636115, 0.23565059903025692, 0.24045252747486084, 0.4631728045325779], "time": 52.29468822479248}