{"neuron_counts": [21632, 5408, 7744, 1600, 576, 576, 1], "neuron_counts_selected": [500, 500, 500, 500, 500, 500, 1], "layer_tarantula_score": [0, 0, 0.033564640633645344, 0.0783705468925586, 0.23017946439583306, 0.21856611352024022, 0.49999999651622795], "layer_ochiai_score": [0, 0, 0.00524576754849493, 0.021897782740379665, 0.1429530819635649, 0.13739288146647893, 0.6807032589270839], "layer_D_star_score": [0, 0, 0.2382001315063313, 2.7215172308010604, 236.70859727010154, 231.67928742572786, 846.16732632887], "layer_Op2_score": [0, 0, 1.3753419410764938, 8.743409615710721, 110.59014605373133, 106.035067438244, 979.0008803696409], "layer_Barinel_score": [0, 0, 0.033042358390268804, 0.07642314052835092, 0.22191087851681932, 0.2097992883027627, 0.46335697399527187], "time": 49.71107292175293}