{"neuron_counts": [16, 16, 16, 1, 1], "neuron_counts_selected": [16, 16, 16, 1, 1], "layer_tarantula_score": [0.4552899858552507, 0.4552899858552507, 0.4552899858552507, 0.446084633887488, 0.446084633887488], "layer_ochiai_score": [0.37886314583434516, 0.37886314583434516, 0.37886314583434516, 0.40606518851458484, 0.40606518851458484], "layer_D_star_score": [20.905969474556706, 20.905969474556706, 20.905969474556706, 17.96459672724559, 17.96459672724559], "layer_Op2_score": [44.384817444884746, 44.384817444884746, 44.384817444884746, 53.55330873084447, 53.55330873084447], "layer_Barinel_score": [0.35348320808832007, 0.35348320808832007, 0.35348320808832007, 0.3356853517522036, 0.3356853517522036], "time": 0.1545579433441162}