{"neuron_counts": [1440000, 1440000, 360000, 720000, 720000, 175232, 350464, 350464, 350464, 82944, 165888, 165888, 165888, 41472, 41472, 41472, 41472, 8192, 8192, 256, 256, 1], "neuron_counts_selected": [500, 500, 500, 500, 500, 500, 500, 500, 500, 500, 500, 500, 500, 500, 500, 500, 500, 500, 500, 256, 256, 1], "layer_tarantula_score": [0.4552279797207198, 0.46187170206316125, 0.48435549758065766, 0.39539195432745095, 0.4229913742533498, 0.46766227465274735, 0.3366160692220272, 0.3877142953201307, 0.2429102206837783, 0.3018731023260404, 0.2058115245027855, 0.13317328730116626, 0.024586122069009383, 0.043824298579050965, 0.058154291985684024, 0.0351191260193056, 0.008344414097277876, 0.014992805855791418, 0.014456207728006145, 0.0014013264788462077, 0.0014013264788462077, 0.5], "layer_ochiai_score": [0.4258738619791295, 0.5027706705419536, 0.6413314052680726, 0.3926986478812374, 0.3604717754968362, 0.5405531496698799, 0.318465695166958, 0.35827578208258937, 0.15518133954476895, 0.23329692802727073, 0.16119531478123492, 0.0955726374858536, 0.012940948428200908, 0.025644578102846434, 0.03791981057133463, 0.024360836486177796, 0.006596284869356804, 0.011115654795770518, 0.00970633075276289, 0.0017272992118010162, 0.0017272992118010162, 0.7071053669772278], "layer_D_star_score": [4.2882634871130145, 8.288405406182974, 18.102989462279293, 6.153995582440852, 3.1567771411031633, 11.035572947118215, 4.7495081828476415, 5.334008439252591, 0.9634301435385739, 2.303691531701204, 1.9026275246977606, 1.015820045034105, 0.05884742777261374, 0.18552157859332397, 0.4082446744012126, 0.23617987290373407, 0.12235412650225058, 0.14363205408579863, 0.11712016248862508, 0.049965494461885036, 0.049965494461885036, 24.9999000004], "layer_Op2_score": [9.35474758200161, 13.069935046880596, 20.357261863746675, 9.585342115761092, 7.348923869000504, 14.999997135241786, 7.564299536263322, 8.367889152980187, 2.484330276052783, 4.5554453790408465, 3.3103639140772545, 1.81782737329472, 0.16618250943650653, 0.3902239352310183, 0.6930942804373895, 0.44226761630915673, 0.15275480109692127, 0.22285773940869213, 0.1837457281625836, 0.052443878938990954, 0.052443878938990954, 24.038465236672167], "layer_Barinel_score": [0.4552279797207198, 0.46187170206316125, 0.48435549758065766, 0.39539195432745095, 0.4229913742533498, 0.46766227465274735, 0.3366160692220272, 0.3877142953201307, 0.2429102206837783, 0.3018731023260404, 0.20581152450278545, 0.13317328730116626, 0.024586122069009383, 0.04382429857905092, 0.058154291985684024, 0.0351191260193056, 0.008344414097277876, 0.014992805855791404, 0.014456207728006145, 0.0014013264788462077, 0.0014013264788462077, 0.5], "time": 15.046594142913818}