{"neuron_counts": [1440000, 1440000, 360000, 720000, 720000, 175232, 350464, 350464, 350464, 82944, 165888, 165888, 165888, 41472, 41472, 41472, 41472, 8192, 8192, 256, 256, 1], "neuron_counts_selected": [500, 500, 500, 500, 500, 500, 500, 500, 500, 500, 500, 500, 500, 500, 500, 500, 500, 500, 500, 256, 256, 1], "layer_tarantula_score": [0.5022085782447263, 0.5074871544959817, 0.5001344944130187, 0.48720558913220646, 0.4903288030675093, 0.497033196234435, 0.43725259488188384, 0.4474319001041206, 0.4024105624391059, 0.4365127450011686, 0.3757822909734574, 0.27839092568562784, 0.12150347187935427, 0.19763381953904202, 0.23614181289540193, 0.2110731654022025, 0.11502619751905738, 0.1567892189987133, 0.1484942280856441, 0.027868626514981332, 0.027868626514981332, 0.5], "layer_ochiai_score": [0.5226960859290926, 0.585533425333209, 0.6701392125221385, 0.5259898013074885, 0.4569433278758986, 0.6004491487636969, 0.45667469366248126, 0.4653063738396658, 0.28206051138445276, 0.37601794875169153, 0.346927405364254, 0.24332392597424027, 0.06487740143446798, 0.1394211351965666, 0.1821168139323387, 0.18692858699115897, 0.08856654322357105, 0.12316006362671732, 0.1230395732981931, 0.03694153836396005, 0.03694153836396005, 0.707105421369737], "layer_D_star_score": [9.027936710704216, 13.93562966039676, 22.015644204707655, 12.352400377150698, 7.033379549091749, 16.15411160259655, 10.319681293391037, 10.475128173693939, 4.11312330965779, 7.029382398625726, 7.594615174322132, 5.355853035574875, 0.7667253289497881, 2.3460800444579135, 3.8137069721496517, 4.427030711969788, 1.9854120309581524, 2.691946423691179, 2.8197419522936276, 1.2987736950415418, 1.2987736950415418, 25.999900000384613], "layer_Op2_score": [13.836742693545581, 17.405261706438125, 22.704077318232155, 15.309335491350033, 11.349779415631794, 18.627187817822893, 13.070520390665221, 13.287631542105398, 6.30481573031211, 9.608149525372129, 9.52896432235436, 6.563852793137803, 1.2591112921803993, 3.3242967692712244, 4.737926600271851, 5.226445190943737, 2.3507410639219852, 3.2645930496553714, 3.380222717693638, 1.2507235505609238, 1.2507235505609238, 25.03704060355332], "layer_Barinel_score": [0.5022085782447263, 0.5074871544959816, 0.5001344944130187, 0.48720558913220646, 0.4903288030675093, 0.497033196234435, 0.43725259488188384, 0.4474319001041206, 0.4024105624391059, 0.4365127450011686, 0.3757822909734574, 0.2783909256856279, 0.12150347187935427, 0.19763381953904202, 0.23614181289540193, 0.21107316540220253, 0.11502619751905738, 0.1567892189987133, 0.1484942280856441, 0.027868626514981332, 0.027868626514981332, 0.5], "time": 9.078614950180054}