{"neuron_counts": [1440000, 1440000, 360000, 720000, 720000, 175232, 350464, 350464, 350464, 82944, 165888, 165888, 165888, 41472, 41472, 41472, 41472, 8192, 8192, 256, 256, 1], "neuron_counts_selected": [500, 500, 500, 500, 500, 500, 500, 500, 500, 500, 500, 500, 500, 500, 500, 500, 500, 500, 500, 256, 256, 1], "layer_tarantula_score": [0.45988728417399444, 0.47168903692844755, 0.48512341464874664, 0.40074305975739277, 0.4225632005468722, 0.46972829968825236, 0.35253785068549764, 0.3624886538791243, 0.2550367450899868, 0.3411533906596033, 0.22508949416036436, 0.1354495974173812, 0.025172162907082296, 0.05928558174961282, 0.08170048010715503, 0.06542493871318271, 0.01838225464581073, 0.030098092476239357, 0.04612564519142717, 0.0014852450821605247, 0.0014852450821605247, 0.5], "layer_ochiai_score": [0.47268509328976943, 0.5303367045761873, 0.642530758528649, 0.4067254177083367, 0.36625537563966837, 0.541612346154752, 0.33866707390092593, 0.3344184807292048, 0.16197673143648708, 0.2667828988734867, 0.18171650655652466, 0.10476287324833741, 0.012698926620824644, 0.035388337614962365, 0.05555178359415608, 0.055890709465063915, 0.011867854352106052, 0.021521023973649894, 0.034256482261210204, 0.001920853633835601, 0.001920853633835601, 0.707105421369737], "layer_D_star_score": [6.2808248216560045, 9.919840692159614, 19.437918625395856, 6.855517076359672, 3.682278616108401, 11.401326577874, 5.454610087470228, 4.953243158294699, 1.0657126381381588, 2.7730785081426683, 2.416168826984613, 1.2056813265004471, 0.07686849321580824, 0.2887890499974949, 0.6246255500857587, 0.9207635880431401, 0.15399647421878676, 0.28628605166222887, 0.505116439800949, 0.06323562142982067, 0.06323562142982067, 25.999900000384613], "layer_Op2_score": [11.893271636638381, 14.724201405846642, 21.33153526338051, 10.544566588286704, 7.901802377028239, 15.637306290880405, 8.507132089155226, 8.037712719523263, 2.6741454481724127, 5.506907805689606, 4.056709372024546, 2.1853067053085016, 0.17527856375346593, 0.589750926478053, 1.0835517377935637, 1.3280056819937613, 0.23380344783908083, 0.45152629116188736, 0.7498839653334595, 0.06283965780414584, 0.06283965780414584, 25.03704060355332], "layer_Barinel_score": [0.4598872841739945, 0.47168903692844755, 0.4851234146487466, 0.40074305975739277, 0.4225632005468722, 0.46972829968825236, 0.35253785068549764, 0.3624886538791244, 0.2550367450899868, 0.3411533906596033, 0.22508949416036433, 0.13544959741738116, 0.025172162907082296, 0.05928558174961282, 0.08170048010715499, 0.06542493871318271, 0.01838225464581073, 0.030098092476239357, 0.04612564519142721, 0.0014852450821605247, 0.0014852450821605247, 0.5], "time": 9.346957445144653}