{"neuron_counts": [21632, 5408, 7744, 1600, 576, 64, 64, 32, 32, 32, 1], "neuron_counts_selected": [500, 500, 500, 500, 500, 64, 64, 32, 32, 32, 1], "layer_tarantula_score": [0.07255150394838936, 0.1013157491342283, 0.1819736167795392, 0.24211776336305924, 0.3013989675758973, 0.2703681236188576, 0.2703681236188576, 0.1367967205865764, 0.31641612360895033, 0.25028517535129785, 0.49999999651622795], "layer_ochiai_score": [0.012810528340631223, 0.02486935321553613, 0.0625661573287739, 0.13542229630303915, 0.12087519997651687, 0.2705518974483833, 0.2705518974483833, 0.13859874364741248, 0.3167123173937444, 0.25033750802870797, 0.6807032589270839], "layer_D_star_score": [0.7765604391283091, 3.9739395687560264, 17.325065928953475, 71.05455990746495, 276.2085315321652, 8635.299202111335, 8635.299202111335, 23430.34994141819, 108429.0407350808, 85116.23463154523, 846.16732632887], "layer_Op2_score": [3.6826503840853433, 10.114025328688484, 34.51137965249914, 98.59899368766013, 76.24593639233694, 275.8716315136074, 275.8716315136074, 137.47227292165775, 310.1447204331783, 244.76593282072548, 979.0008803696409], "layer_Barinel_score": [0.07106865524921273, 0.09842797422735763, 0.17519965135589805, 0.23084007561624093, 0.2945448218412868, 0.2640610918479687, 0.2640610918479687, 0.13603868857126633, 0.3161340111816176, 0.25010521384521484, 0.46335697399527187], "time": 44.779083251953125}