{"neuron_counts": [21632, 5408, 7744, 1600, 576, 64, 64, 32, 32, 32, 1], "neuron_counts_selected": [500, 500, 500, 500, 500, 64, 64, 32, 32, 32, 1], "layer_tarantula_score": [0.10193194797798247, 0.11170866957487008, 0.4019534891697138, 0.4695160300198355, 0.5099452767823862, 0.5238259764281943, 0.5238259764281943, 0.37358152696351016, 0.5625710966586515, 0.5002347487572651, 0.4999999965034874], "layer_ochiai_score": [0.020845411663811462, 0.033451270635404526, 0.1660127985963597, 0.26922778935227626, 0.26775627642403466, 0.5073201711380644, 0.5073201711380644, 0.3739499451085682, 0.5623657790000243, 0.5000592727593812, 0.6805679667147357], "layer_D_star_score": [3.6123783940683682, 16.36244936327758, 123.57685758831917, 389.8398133179103, 8321.609212563168, 72156.46256311832, 72156.46256311832, 137349.54501119585, 425139.65473489906, 340114.32459262956, 846.4036194895673], "layer_Op2_score": [8.064045694372084, 18.538189807716186, 108.48907733751517, 215.31834447870435, 197.0564147809829, 499.1192882529184, 499.1192882529184, 366.8501483408262, 551.1257689311715, 490.00057671348185, 980.0008788224184], "layer_Barinel_score": [0.10149412217288784, 0.11051586051564442, 0.39549518811723805, 0.45908560725267555, 0.505276940296006, 0.5199850296489762, 0.5199850296489762, 0.37332203623700766, 0.5624881820734358, 0.5001212421796899, 0.4631728045325779], "time": 46.47771883010864}