{"neuron_counts": [21632, 5408, 7744, 1600, 576, 64, 64, 32, 32, 32, 1], "neuron_counts_selected": [500, 500, 500, 500, 500, 64, 64, 32, 32, 32, 1], "layer_tarantula_score": [0.40486046010848237, 0.4639751142475549, 0.4099839630165991, 0.447411086454068, 0.558473060668643, 0.489356445040496, 0.489356445040496, 0.32448930617223337, 0.6256770443019373, 0.49603007397955234, 0.4999999965034874], "layer_ochiai_score": [0.20647119942346487, 0.24518398610676148, 0.21407901792971698, 0.32580360425908383, 0.3531109534341016, 0.5080908504194441, 0.5080908504194441, 0.3467363643062582, 0.6548825846215865, 0.49814979780514507, 0.6805679667147357], "layer_D_star_score": [143.96740826508275, 272.6375199973124, 247.21096837740194, 791.6280640160505, 12495.59868400842, 36719.39931028198, 36719.39931028198, 300760053.07449013, 46675.176705820544, 73377.97144110479, 846.4036194895673], "layer_Op2_score": [157.76796310246368, 202.21408788470228, 166.01846398660243, 308.96437963863093, 293.9934429072546, 549.056486208514, 549.056486208514, 374.1083590249684, 692.2661467884537, 491.27633462257603, 980.0008788224184], "layer_Barinel_score": [0.3956579984620364, 0.4539028706567568, 0.4001205148964801, 0.433449649147724, 0.5488711437160115, 0.47732346984317303, 0.47732346984317303, 0.3173473890483846, 0.6169535215670641, 0.4950294969495589, 0.4631728045325779], "time": 46.53044247627258}