{"neuron_counts": [21632, 5408, 7744, 1600, 576, 64, 64, 32, 32, 32, 1], "neuron_counts_selected": [100, 100, 100, 100, 100, 64, 64, 32, 32, 32, 1], "layer_tarantula_score": [0.3908675513948443, 0.38530275702638006, 0.43740240464464014, 0.5089540625409815, 0.5556982640839216, 0.489356445040496, 0.489356445040496, 0.32448930617223337, 0.6256770443019373, 0.49603007397955234, 0.4999999965034874], "layer_ochiai_score": [0.21725732950076407, 0.21295985760467226, 0.24626628201513046, 0.3749778165085624, 0.28620351582966747, 0.5080908504194441, 0.5080908504194441, 0.3467363643062582, 0.6548825846215865, 0.49814979780514507, 0.6805679667147357], "layer_D_star_score": [179.13820478333878, 222.56767645687262, 240.17525757105216, 737.5681037581501, 15921.400857073146, 36719.39931028198, 36719.39931028198, 300760053.07449013, 46675.176705820544, 73377.97144110479, 846.4036194895673], "layer_Op2_score": [173.47405097591815, 183.68684535440727, 195.21391917100885, 347.53441127465635, 235.59810195974504, 549.056486208514, 549.056486208514, 374.1083590249684, 692.2661467884537, 491.27633462257603, 980.0008788224184], "layer_Barinel_score": [0.3821290372357008, 0.37777177916216287, 0.4253590248584732, 0.4938519328212124, 0.5484082277422542, 0.47732346984317303, 0.47732346984317303, 0.3173473890483846, 0.6169535215670641, 0.4950294969495589, 0.4631728045325779], "time": 12.89143419265747}