{"neuron_counts": [21632, 5408, 7744, 1600, 576, 64, 64, 32, 32, 32, 1], "neuron_counts_selected": [500, 500, 500, 500, 500, 64, 64, 32, 32, 32, 1], "layer_tarantula_score": [0.012, 0.021780095150027337, 0.28491347236501463, 0.43257956530600766, 0.4367090063706032, 0.5056916237036454, 0.5056916237036454, 0.375, 0.21875, 0.5, 0.4999999965034874], "layer_ochiai_score": [0.0018817230367226356, 0.004129416930750631, 0.10153279574578707, 0.2120448614175565, 0.2021958974101526, 0.46807403028249617, 0.46807403028249617, 0.3508727731672492, 0.18972643838311423, 0.49933046125713276, 0.6805679667147357], "layer_D_star_score": [0.03706017301600203, 0.1840056969559502, 65.62274938543543, 317.52635029580796, 2009.752847262112, 23731.791231173956, 23731.791231173956, 69412.25759654549, 8114.612806833061, 253125.3396098333, 846.4036194895673], "layer_Op2_score": [0.4199578207418435, 1.1950597540369285, 58.35954306137583, 153.97349210022037, 136.61669421206554, 433.0313461253211, 433.0313461253211, 325.35509118968884, 167.52822938295438, 488.69551849665913, 980.0008788224184], "layer_Barinel_score": [0.012, 0.021744486925331274, 0.2804761458284755, 0.4256777235571687, 0.43339486445153075, 0.5044649044718337, 0.5044649044718337, 0.375, 0.21875, 0.5, 0.4631728045325779], "time": 46.37738919258118}