{"neuron_counts": [21632, 5408, 7744, 1600, 576, 64, 64, 32, 32, 32, 1], "neuron_counts_selected": [500, 500, 500, 500, 500, 64, 64, 32, 32, 32, 1], "layer_tarantula_score": [0.07473718785121657, 0.10591482126030831, 0.36304377538459176, 0.4709323435819821, 0.4953538460515557, 0.5238259764281943, 0.5238259764281943, 0.37358152696351016, 0.5625710966586515, 0.5002347487572651, 0.4999999965034874], "layer_ochiai_score": [0.019293993741996054, 0.029953166645684603, 0.15546928005379157, 0.2953440721931649, 0.28042768931348516, 0.5073201711380644, 0.5073201711380644, 0.3739499451085682, 0.5623657790000243, 0.5000592727593812, 0.6805679667147357], "layer_D_star_score": [3.983054494818602, 11.77850773680475, 122.67236823815928, 668.8519115903302, 10492.070582534994, 72156.46256311832, 72156.46256311832, 137349.54501119585, 425139.65473489906, 340114.32459262956, 846.4036194895673], "layer_Op2_score": [9.03117926246228, 15.564622145112292, 102.18628295937759, 244.0946239176956, 214.4128102122311, 499.1192882529184, 499.1192882529184, 366.8501483408262, 551.1257689311715, 490.00057671348185, 980.0008788224184], "layer_Barinel_score": [0.07390110234561811, 0.1050847657902744, 0.35642707641089344, 0.4610284701656524, 0.48915120722698335, 0.5199850296489762, 0.5199850296489762, 0.37332203623700766, 0.5624881820734358, 0.5001212421796899, 0.4631728045325779], "time": 47.81183075904846}