{"neuron_counts": [21632, 5408, 7744, 1600, 576, 64, 64, 32, 32, 32, 1], "neuron_counts_selected": [500, 500, 500, 500, 500, 64, 64, 32, 32, 32, 1], "layer_tarantula_score": [0.00014400000000000014, 0.0004753333654985071, 0.08390646932903113, 0.1937712671633446, 0.19277653775024006, 0.25623715866329994, 0.25623715866329994, 0.140625, 0.0478515625, 0.25, 0.4999999965034874], "layer_ochiai_score": [1.4400949135866255e-05, 5.390525124906609e-05, 0.019737460194056464, 0.06812062726491987, 0.05956328605773035, 0.22447753891111874, 0.22447753891111874, 0.12515856727964614, 0.03744411232334824, 0.24957651421983457, 0.6805679667147357], "layer_D_star_score": [0.0001286349562970198, 0.0010340210609006133, 2.7136623335994408, 26.96276672805633, 62.789343022602345, 4869.315214964076, 4869.315214964076, 11122.051916273396, 570.1115373961635, 86860.9565958502, 846.4036194895673], "layer_Op2_score": [0.0020677961409643285, 0.010382759235254746, 7.604466567899658, 37.74133698599122, 29.970297835474955, 197.6449438177567, 197.6449438177567, 110.6317012455152, 29.88862043993819, 243.6805645833134, 980.0008788224184], "layer_Barinel_score": [0.00014400000000000014, 0.0004739141558456145, 0.08140623850137085, 0.18788191445395747, 0.18974972123580913, 0.2549745846171562, 0.2549745846171562, 0.140625, 0.0478515625, 0.25, 0.4631728045325779], "time": 47.664182901382446}