{"neuron_counts": [960000, 160000, 160000, 20000, 20000, 20000, 10, 1], "neuron_counts_selected": [500, 500, 500, 500, 500, 500, 10, 1], "layer_tarantula_score": [0.06173838179593911, 0.28154167822750825, 0.05162796869770534, 0.10819850610271607, 0.010963875103410277, 0.01285655080247579, 0.12499995993621846, 0], "layer_ochiai_score": [0.022942672915982742, 0.16639725071516007, 0.04497518517759247, 0.10385496703393898, 0.010537332644122452, 0.0127371764212822, 0.17320435907356177, 0], "layer_D_star_score": [0.01036856177849397, 0.23089497927705502, 0.25353875172833984, 0.9965050645855339, 0.0825879790714534, 0.1078835491189239, 2.76920946761948, 0], "layer_Op2_score": [0.05773574194470025, 1.025979631031207, 0.4503146294097899, 1.2316382260412404, 0.11781008075656384, 0.1460195423746987, 2.7678588010085634, 0], "layer_Barinel_score": [0.06049253333333297, 0.2700441389832392, 0.04947007173379124, 0.10381123091869028, 0.010504304333155903, 0.012310708594449226, 0.12, 0], "time": 1.2500545978546143}