{"neuron_counts": [960000, 160000, 160000, 20000, 20000, 20000, 10, 1], "neuron_counts_selected": [500, 500, 500, 500, 500, 500, 10, 1], "layer_tarantula_score": [0.07643867674688694, 0.2995318321662342, 0.03440004823653823, 0.10728671492668403, 0.008240143821082277, 0.006804731183433282, 0.12499995993621846, 0], "layer_ochiai_score": [0.026764868263112022, 0.17394984794439983, 0.025416719438076957, 0.1177136813150731, 0.008305996522482758, 0.007072808681894891, 0.17320435907356177, 0], "layer_D_star_score": [0.010957536573033033, 0.2309654513219662, 0.1178357606790741, 1.3379688866231343, 0.0665765030822518, 0.06804612317540722, 2.76920946761948, 0], "layer_Op2_score": [0.07838912810622843, 1.0623402310554921, 0.21461106377811826, 1.5521218199012874, 0.09405207688516569, 0.08739176731594912, 2.7678588010085634, 0], "layer_Barinel_score": [0.07513820000000013, 0.2871707190032189, 0.03303847738585472, 0.10293560115243508, 0.007889266102593159, 0.006520280142321477, 0.12, 0], "time": 1.3281004428863525}