{"neuron_counts": [960000, 160000, 160000, 20000, 20000, 20000, 10, 1], "neuron_counts_selected": [500, 500, 500, 500, 500, 500, 10, 1], "layer_tarantula_score": [0.06161331645460275, 0.2801730714258578, 0.05156762017835769, 0.10841557746774613, 0.011027394241534198, 0.012978350021327637, 0.12499999322544146, NaN], "layer_ochiai_score": [0.022697095638576272, 0.1682123739389938, 0.04534377413007015, 0.10583565404206705, 0.010737666934676324, 0.013095881270367989, 0.17592407386779393, NaN], "layer_D_star_score": [0.014458883278330652, 0.34293278676093697, 0.38133973031729496, 1.5545938874974132, 0.126722121629542, 0.16941612961994018, 4.3103420698928145, NaN], "layer_Op2_score": [0.0993260032264238, 1.5529110291798587, 0.6741968418521349, 1.862712438811201, 0.1778293212870638, 0.22350874486058733, 4.157296782510175, NaN], "layer_Barinel_score": [0.061319311362664136, 0.2774229025641423, 0.05104751866095422, 0.10735964512752581, 0.01091618875145097, 0.01284623108790183, 0.12379782340528282, NaN], "time": 1.7498447895050049}