{"neuron_counts": [960000, 160000, 160000, 20000, 20000, 20000, 10, 1], "neuron_counts_selected": [2000, 2000, 2000, 2000, 2000, 2000, 10, 1], "layer_tarantula_score": [0.42584020615253987, 0.48542106738016355, 0.17899775953816136, 0.2626340810951311, 0.07882972064775859, 0.07371866583596699, 0.12499995993621846, 0], "layer_ochiai_score": [0.37270288606646723, 0.6451546054158, 0.18963018209226884, 0.3327721903492921, 0.08986640969444674, 0.08436833296019566, 0.17320435907356177, 0], "layer_D_star_score": [1.4544495872893388, 8.74330082626052, 1.8530777547879191, 4.694206853647781, 1.082448129507135, 1.0126641555830382, 2.76920946761948, 0], "layer_Op2_score": [3.6364552780337305, 9.805856159032794, 2.374118789419373, 4.966457535162244, 1.2259498918382754, 1.1534575622531216, 2.7678588010085634, 0], "layer_Barinel_score": [0.4072775100340223, 0.4655095500911691, 0.17150560594829983, 0.2519812573599327, 0.07560060243325589, 0.07070378919186596, 0.12, 0], "time": 4.257427930831909}