{"neuron_counts": [67500, 700928, 175232, 165888, 41472, 36992, 9248, 9248, 1, 1], "neuron_counts_selected": [200, 200, 200, 200, 200, 200, 200, 200, 1, 1], "layer_tarantula_score": [1.0, 0.6724, 0.6006250000000001, 0.44889999999999997, 0.5328999999999999, 0.540225, 0.6084, 0.6084, 1.0, 0], "layer_ochiai_score": [0.975927644364052, 0.16177307589848033, 0.13323626779650416, 0.10494265436972967, 0.13790623134467245, 0.11860066362601343, 0.11063603925445353, 0.1257690274058489, 0.9999999982754458, 0], "layer_D_star_score": [702354.4990647596, 19927.653904579824, 15337.50376026211, 7255.83283801509, 12736.820772261695, 2805.7200490499235, 2192.028458684504, 3686.8949188391516, 8405940396545.586, 0], "layer_Op2_score": [27616.585150000003, 3295.3470500000003, 2643.40375, 1789.8516500000003, 2413.4693, 1796.1307249999998, 1467.4203000000002, 1902.7259999999997, 28993.0, 0], "layer_Barinel_score": [1.0, 0.6724, 0.6006250000000001, 0.44889999999999997, 0.5328999999999999, 0.540225, 0.6084, 0.6084, 1.0, 0], "time": 472.61108589172363}