{"neuron_counts": [67500, 700928, 175232, 165888, 41472, 36992, 9248, 9248, 1, 1], "neuron_counts_selected": [2000, 2000, 2000, 2000, 2000, 2000, 2000, 2000, 1, 1], "layer_tarantula_score": [1.0, 0.6099610000000001, 0.64240225, 0.44555625, 0.49843599999999993, 0.522729, 0.58293225, 0.589824, 1.0, NaN], "layer_ochiai_score": [0.9761090765874431, 0.15684504977237654, 0.16668251166633427, 0.0973303839007074, 0.11802366841058255, 0.08907249653863246, 0.11178083041908499, 0.12188352734924067, 0.9999999988294487, NaN], "layer_D_star_score": [1047196.0381902624, 25532.15524053163, 29176.80720026754, 9513.232843894468, 11278.664766774931, 2052.793430066509, 3253.4384489352383, 4079.4988735193315, 18245642244999.668, NaN], "layer_Op2_score": [40702.48678983548, 4752.452877356124, 4941.134662210549, 2399.8787656076124, 2837.5584396703553, 1764.4548797517034, 2290.6628324214594, 2556.681014911267, 42714.917516104346, NaN], "layer_Barinel_score": [1.0, 0.6099610000000001, 0.64240225, 0.44555625, 0.49843599999999993, 0.522729, 0.58293225, 0.589824, 1.0, NaN], "time": 5555.580005168915}