{"neuron_counts": [67500, 700928, 175232, 165888, 41472, 36992, 9248, 9248, 1, 1], "neuron_counts_selected": [100, 100, 100, 100, 100, 100, 100, 100, 1, 1], "layer_tarantula_score": [1.0, 0.6889, 0.7224999999999999, 0.42250000000000004, 0.44889999999999997, 0.6084, 0.6241000000000001, 0.6561000000000001, 1.0, NaN], "layer_ochiai_score": [0.9757134347067948, 0.25010099039541933, 0.15713587310328753, 0.109040151516152, 0.10661778503482165, 0.10079951699320043, 0.13210481329644277, 0.12234696127393441, 0.9999999988294487, NaN], "layer_D_star_score": [1021544.9304290111, 37728.33874701416, 29972.389284611512, 9847.76924368035, 11155.652998688593, 3002.5589978404164, 5077.963844234301, 4916.98051701061, 18245642244999.668, NaN], "layer_Op2_score": [40669.11232174074, 7601.083086684308, 4551.8491104515115, 2833.004743742013, 2397.947989716238, 2149.4902724156036, 2968.080012266132, 2379.031171834077, 42714.917516104346, NaN], "layer_Barinel_score": [1.0, 0.6889, 0.7224999999999999, 0.42250000000000004, 0.44889999999999997, 0.6084, 0.6241000000000001, 0.6561000000000001, 1.0, NaN], "time": 547.6893203258514}