{"neuron_counts": [67500, 700928, 175232, 165888, 41472, 36992, 9248, 9248, 1, 1], "neuron_counts_selected": [2000, 2000, 2000, 2000, 2000, 2000, 2000, 2000, 1, 1], "layer_tarantula_score": [1.0, 0.781, 0.8015, 0.6675, 0.706, 0.723, 0.7635, 0.768, 1.0, 0.0], "layer_ochiai_score": [0.9818834179842545, 0.37744510681630583, 0.38841722128003653, 0.2858587744318325, 0.3134922516323322, 0.25249528702954976, 0.28724135384221666, 0.3025465610150411, 0.9999999988294487, 0.0], "layer_D_star_score": [1632192.8393353624, 144685.72978615784, 169465.77539496927, 85586.71381769149, 100027.14654442495, 22860.213407939507, 32912.879890198434, 38888.78558137898, 18245642244999.668, 0.0], "layer_Op2_score": [41185.817459460515, 13450.843208495862, 13741.452959137034, 9292.571261185045, 10059.318612921503, 6994.734351399168, 8187.561019791054, 8749.97701612727, 42714.917516104346, 0.0], "layer_Barinel_score": [1.0, 0.781, 0.8015, 0.6675, 0.706, 0.723, 0.7635, 0.768, 1.0, 0.0], "time": 4996.019606590271}