{"neuron_counts": [67500, 700928, 175232, 165888, 41472, 36992, 9248, 9248, 1, 1], "neuron_counts_selected": [1000, 1000, 1000, 1000, 1000, 1000, 1000, 1000, 1, 1], "layer_tarantula_score": [1.0, 0.795, 0.806, 0.649, 0.68, 0.734, 0.769, 0.763, 1.0, 0.0], "layer_ochiai_score": [0.9816937175161988, 0.3789392362277666, 0.3664976101074616, 0.2814412292574663, 0.2969927238602172, 0.2755518559752769, 0.29300222889230854, 0.3038923921856356, 0.9999999988294487, 0.0], "layer_D_star_score": [1635886.9813638395, 140656.72074798387, 156920.03646556893, 87469.30939272828, 109495.29089226645, 27047.114059996537, 36305.990302749655, 42917.272661673735, 18245642244999.668, 0.0], "layer_Op2_score": [41170.131682948944, 13348.636414576664, 12764.528677857114, 9184.179914568105, 9629.635891054864, 7767.365396519482, 8379.732835873285, 8961.875159664767, 42714.917516104346, 0.0], "layer_Barinel_score": [1.0, 0.795, 0.806, 0.649, 0.68, 0.734, 0.769, 0.763, 1.0, 0.0], "time": 2593.6282777786255}