{"neuron_counts": [67500, 700928, 175232, 165888, 41472, 36992, 9248, 9248, 1, 1], "neuron_counts_selected": [500, 500, 500, 500, 500, 500, 500, 500, 1, 1], "layer_tarantula_score": [1.0, 0.6115240000000001, 0.698896, 0.419904, 0.43824399999999997, 0.512656, 0.568516, 0.6336160000000001, 1.0, NaN], "layer_ochiai_score": [0.9759109629428724, 0.16477200263271527, 0.16356901338251245, 0.08027731388392659, 0.10626269776917345, 0.09719108019352064, 0.1027988730148721, 0.14588851266901393, 0.9999999988294487, NaN], "layer_D_star_score": [1048398.3841623511, 25299.36570782011, 26269.82826804388, 7533.1145943219035, 11412.073608859844, 2518.5965778143895, 3552.1807911605288, 4440.813431894534, 18245642244999.668, NaN], "layer_Op2_score": [40686.10422442159, 4882.546534561121, 4583.138340029028, 1847.2997049706864, 2672.285696455181, 1972.4367530056104, 2005.0256992363907, 3128.6327771716233, 42714.917516104346, NaN], "layer_Barinel_score": [1.0, 0.6115240000000001, 0.698896, 0.419904, 0.43824399999999997, 0.512656, 0.568516, 0.6336160000000001, 1.0, NaN], "time": 1612.2882606983185}