{"neuron_counts": [67500, 700928, 175232, 165888, 41472, 36992, 9248, 9248, 1, 1], "neuron_counts_selected": [1000, 1000, 1000, 1000, 1000, 1000, 1000, 1000, 1, 1], "layer_tarantula_score": [1.0, 0.791, 0.813, 0.652, 0.689, 0.731, 0.772, 0.786, 1.0, 0.0], "layer_ochiai_score": [0.982314216111868, 0.38735414201357726, 0.4074833762659167, 0.27977244198367385, 0.3229600122257989, 0.23914501187012688, 0.2886570173461449, 0.30227162417446085, 0.9999999988294487, 0.0], "layer_D_star_score": [1654682.5652183313, 146246.00091427195, 183771.81527075148, 82336.9928627371, 115550.16379347541, 22163.40487884751, 36858.00824450692, 39644.35688354868, 18245642244999.668, 0.0], "layer_Op2_score": [41221.721184834, 13660.770995959145, 14390.15110973213, 9043.945070686981, 10634.93265859983, 6517.728110959599, 8209.70626059221, 8858.436995070304, 42714.917516104346, 0.0], "layer_Barinel_score": [1.0, 0.791, 0.813, 0.652, 0.689, 0.731, 0.772, 0.786, 1.0, 0.0], "time": 2554.6801121234894}