{"neuron_counts": [67500, 700928, 175232, 165888, 41472, 36992, 9248, 9248, 1, 1], "neuron_counts_selected": [500, 500, 500, 500, 500, 500, 500, 500, 1, 1], "layer_tarantula_score": [1.0, 0.0007840000000000007, 0.001024000000000001, 1.6000000000000016e-05, 0.00010000000000000009, 0, 0, 0, 0, 0], "layer_ochiai_score": [0.1968453364994542, 8.124068131777248e-05, 0.00010227691713234965, 9.396657643818901e-08, 6.336798525607429e-07, 0, 0, 0, 0, 0], "layer_D_star_score": [67.44099356882535, 0.003633729714147789, 0.008975505032235728, 5.518763777859474e-10, 5.7948447406897316e-09, 0, 0, 0, 0, 0], "layer_Op2_score": [1203.5212, 0.2554760000000001, 0.3709240000000007, 1.6000000000000016e-05, 0.00011999999999999922, 0, 0, 0, 0, 0], "layer_Barinel_score": [1.0, 0.0007840000000000007, 0.001024000000000001, 1.6000000000000016e-05, 0.00010000000000000009, 0, 0, 0, 0, 0], "time": 1081.9463894367218}