{"neuron_counts": [67500, 700928, 175232, 165888, 41472, 36992, 9248, 9248, 1, 1], "neuron_counts_selected": [500, 500, 500, 500, 500, 500, 500, 500, 1, 1], "layer_tarantula_score": [1.0, 0.448, 0.45, 0.362, 0.394, 0.216, 0.286, 0.302, 1.0, 0.0], "layer_ochiai_score": [0.8326587673709273, 0.10689474062719839, 0.12095925998780131, 0.06478768388576543, 0.07164212376464495, 0.01993196523142705, 0.031072091686317745, 0.031183047158068637, 0.9999999988294487, 0.0], "layer_D_star_score": [83418.3052502019, 578.9527911586562, 890.0863656936472, 258.31720528066927, 303.4099398294417, 14.283521003100006, 33.63138480044008, 27.88820547416452, 18245642244999.668, 0.0], "layer_Op2_score": [29759.426810896064, 1701.3678973699277, 2094.428845789338, 962.5750080206692, 1104.7758479360384, 180.47431585049523, 317.48009490496133, 293.85493294136336, 42714.917516104346, 0.0], "layer_Barinel_score": [1.0, 0.448, 0.45, 0.362, 0.394, 0.216, 0.286, 0.302, 1.0, 0.0], "time": 1191.6680104732513}