{"neuron_counts": [67500, 700928, 175232, 165888, 41472, 36992, 9248, 9248, 1, 1], "neuron_counts_selected": [100, 100, 100, 100, 100, 100, 100, 100, 1, 1], "layer_tarantula_score": [1.0, 0.5776, 0.6400000000000001, 0.5776, 0.5328999999999999, 0.5776, 0.5041, 0.5476, 1.0, NaN], "layer_ochiai_score": [0.9767670445208764, 0.15909150506296157, 0.21703929331489583, 0.16637048427033316, 0.12382254169039415, 0.13982959074102583, 0.10977905303719936, 0.10650314952081788, 0.9999999988294487, NaN], "layer_D_star_score": [1047849.2726406779, 29459.320961891368, 50393.48417652568, 14254.975533128654, 18225.552270428223, 3236.7570463412353, 4178.329113217871, 2604.2184779569657, 18245642244999.668, NaN], "layer_Op2_score": [40756.98857600351, 4937.424189104645, 6835.793103903482, 4214.069767504519, 3478.399943258533, 3068.630308710511, 2534.8613850767756, 2206.9408878701934, 42714.917516104346, NaN], "layer_Barinel_score": [1.0, 0.5776, 0.6400000000000001, 0.5776, 0.5328999999999999, 0.5776, 0.5041, 0.5476, 1.0, NaN], "time": 676.6041646003723}