{"neuron_counts": [12, 2], "neuron_counts_selected": [12, 2], "layer_tarantula_score": [0.49896329550735463, 0], "layer_ochiai_score": [0.41723187427932334, 0], "layer_D_star_score": [3973.2577345751765, 0], "layer_Op2_score": [6313.3939089940295, 0], "layer_Barinel_score": [0.5006347929533203, 0], "time": 4.11612868309021}