{"neuron_counts": [3072, 500, 300, 10], "neuron_counts_selected": [200, 200, 200, 10], "layer_tarantula_score": [0.4955071398168358, 0, 0, 0], "layer_ochiai_score": [0.9522403027446267, 0, 0, 0], "layer_D_star_score": [93898.16251862908, 0, 0, 0], "layer_Op2_score": [9065.118477357004, 0, 0, 0], "layer_Barinel_score": [0.9898130876141487, 0, 0, 0], "time": 54.256927251815796}