{"neuron_counts": [3072, 500, 300, 10], "neuron_counts_selected": [200, 200, 200, 10], "layer_tarantula_score": [0.4983855119131542, NaN, NaN, NaN], "layer_ochiai_score": [0.9523534284516905, NaN, NaN, NaN], "layer_D_star_score": [94470.81703715018, NaN, NaN, NaN], "layer_Op2_score": [9065.592576349503, NaN, NaN, NaN], "layer_Barinel_score": [0.9899240227524484, NaN, NaN, NaN], "time": 66.04803347587585}