{"neuron_counts": [3072, 500, 300, 10], "neuron_counts_selected": [200, 200, 200, 10], "layer_tarantula_score": [0.4955071398168358, NaN, NaN, NaN], "layer_ochiai_score": [0.9522403027446267, NaN, NaN, NaN], "layer_D_star_score": [93898.16251862908, NaN, NaN, NaN], "layer_Op2_score": [9065.118477357004, NaN, NaN, NaN], "layer_Barinel_score": [0.9898130876141487, NaN, NaN, NaN], "time": 66.6319169998169}