{"neuron_counts": [3072, 500, 300, 10], "neuron_counts_selected": [1000, 500, 300, 10], "layer_tarantula_score": [0.49827282245162335, NaN, NaN, NaN], "layer_ochiai_score": [0.9515947513408196, NaN, NaN, NaN], "layer_D_star_score": [92482.802030387, NaN, NaN, NaN], "layer_Op2_score": [9051.413814281905, NaN, NaN, NaN], "layer_Barinel_score": [0.9899193683522195, NaN, NaN, NaN], "time": 195.14020013809204}