{"neuron_counts": [3072, 500, 300, 10], "neuron_counts_selected": [100, 100, 100, 10], "layer_tarantula_score": [0.49487376448318054, 0, 0, 0], "layer_ochiai_score": [0.9523641141945193, 0, 0, 0], "layer_D_star_score": [93687.33703059542, 0, 0, 0], "layer_Op2_score": [9067.513430576306, 0, 0, 0], "layer_Barinel_score": [0.9897880025670628, 0, 0, 0], "time": 32.963075160980225}