{"neuron_counts": [64, 32, 1], "neuron_counts_selected": [64, 32, 1], "layer_tarantula_score": [0.5676736092635987, 0.3845466677837086, 1.0], "layer_ochiai_score": [0.7525380863444939, 0.29963412930053857, 0.005316388510281297], "layer_D_star_score": [34866.816569337774, 18412.676800484798, 3.7059023186139524e-05], "layer_Op2_score": [26450.30689249369, 10596.729889531516, 1.311137597918694], "layer_Barinel_score": [0.9931683035951776, 0.6559958322111036, 1.0], "time": 26.01994490623474}