{"neuron_counts": [64, 32, 1], "neuron_counts_selected": [64, 32, 1], "layer_tarantula_score": [0.5706752515001726, 0.3870329635250669, 1.0], "layer_ochiai_score": [0.7576552023847714, 0.3019733108606961, 0.006349622299086514], "layer_D_star_score": [19640.863561981023, 10502.731056941155, 4.031932892379917e-05], "layer_Op2_score": [14333.060642045406, 5759.7463848365, 1.0], "layer_Barinel_score": [0.9936251707913542, 0.6563254113967121, 1.0], "time": 21.95074486732483}