{"neuron_counts": [960000, 160000, 160000, 20000, 20000, 20000, 10, 1], "neuron_counts_selected": [500, 500, 500, 500, 500, 500, 10, 1], "layer_tarantula_score": [0.3973006714223194, 0.4704037799635659, 0.07054989157621411, 0.12313764118986575, 0.14469572485760251, 0.11629064260858538, 0.1800000062313735, NaN], "layer_ochiai_score": [0.279132998031429, 0.5867987987772717, 0.07377360595509412, 0.12698543789429467, 0.18420819146357478, 0.1447651218015228, 0.2553194917591692, NaN], "layer_D_star_score": [0.8731861348471727, 9.40884365677906, 1.1211040012463405, 1.9650165011529628, 3.9029358876698206, 2.972836892192361, 6.346394121344473, NaN], "layer_Op2_score": [3.094903625430247, 11.74050446615056, 1.3267851231253898, 2.2528043226421173, 3.9143897697635266, 3.04345090038961, 5.93057194333291, NaN], "layer_Barinel_score": [0.399840660120764, 0.47336506105798953, 0.07098244523795672, 0.12389182629237286, 0.14557181092330598, 0.11700865497436376, 0.18107893641582284, NaN], "time": 1.6526501178741455}