{"neuron_counts": [960000, 160000, 160000, 20000, 20000, 20000, 10, 1], "neuron_counts_selected": [500, 500, 500, 500, 500, 500, 10, 1], "layer_tarantula_score": [0.4934992125263201, 0.5005220329185673, 0.25734030104858463, 0.33775214065193176, 0.3376088279956297, 0.31965785466539987, 0.30000001038562246, 0.0], "layer_ochiai_score": [0.4491117424903186, 0.6860383969138779, 0.2702320712208535, 0.37643101272325985, 0.4217361169504052, 0.38789208585480855, 0.42553248626528195, 0.0], "layer_D_star_score": [3.980195519229499, 15.914780822720196, 5.272310388917859, 7.5721561601509615, 9.558717263029575, 8.69901880476362, 10.57732353557412, 0.0], "layer_Op2_score": [6.78687005228169, 15.424492726010328, 5.459791358821425, 7.718217145717089, 9.285213259283182, 8.483635552830158, 9.884286572221518, 0.0], "layer_Barinel_score": [0.49628450838678473, 0.5035088339615228, 0.2586042537311521, 0.3394881092198893, 0.3394551485220157, 0.32135036557097174, 0.3017982273597047, 0.0], "time": 1.3010172843933105}