{"neuron_counts": [960000, 160000, 160000, 20000, 20000, 20000, 10, 1], "neuron_counts_selected": [1000, 1000, 1000, 1000, 1000, 1000, 10, 1], "layer_tarantula_score": [0.4310517152275527, 0.48410044317166273, 0.1100433383887194, 0.20431189712492845, 0.21924814144348806, 0.2092583040194745, 0.1800000062313735, NaN], "layer_ochiai_score": [0.38591852661704096, 0.6569187437651033, 0.11095441933825219, 0.22576222697407572, 0.2666471655744588, 0.25926755269764873, 0.2553194917591692, NaN], "layer_D_star_score": [2.3112146713245467, 13.580773430631234, 1.6887904362417272, 3.818255420424898, 5.432098276576068, 5.354930790152648, 6.346394121344473, NaN], "layer_Op2_score": [5.513310449267157, 14.473287912369884, 1.9677421328224072, 4.308849178522815, 5.536194092631504, 5.445137943353277, 5.93057194333291, NaN], "layer_Barinel_score": [0.4338453268254911, 0.487086473832432, 0.11072089396576121, 0.20558584484605757, 0.22058050194651038, 0.21053858851977497, 0.18107893641582284, NaN], "time": 3.256747007369995}