{"neuron_counts": [960000, 160000, 160000, 20000, 20000, 20000, 10, 1], "neuron_counts_selected": [500, 500, 500, 500, 500, 500, 10, 1], "layer_tarantula_score": [0.2757099341606844, 0.4825938533975891, 0.1327227103273604, 0.16478183356003753, 0.12994160154711887, 0.1297073345215751, 0.30000001038562246, 0.0], "layer_ochiai_score": [0.09644028398198788, 0.2794638656373102, 0.1287269180959488, 0.22511463919680816, 0.12923039378959383, 0.13102518148767267, 0.42553248626528195, 0.0], "layer_D_star_score": [0.09194314254846575, 0.9658631169075196, 2.04544321295637, 5.199724613978246, 2.1856415223819208, 2.3288612657403807, 10.57732353557412, 0.0], "layer_Op2_score": [0.5936843386521896, 2.9231009265673262, 2.350177134959285, 5.080476104667123, 2.4553969347410938, 2.53299987881078, 9.884286572221518, 0.0], "layer_Barinel_score": [0.2760549702536576, 0.48455813417168797, 0.13340331038105444, 0.16576105804288568, 0.1306133258895662, 0.13035914642330942, 0.3017982273597047, 0.0], "time": 1.3284802436828613}