{"neuron_counts": [960000, 160000, 160000, 20000, 20000, 20000, 10, 1], "neuron_counts_selected": [2000, 2000, 2000, 2000, 2000, 2000, 10, 1], "layer_tarantula_score": [0.49533987596143636, 0.500729149091756, 0.25550813021584473, 0.3421149675029771, 0.33445072335014187, 0.3354101451784185, 0.30000001038562246, 0.0], "layer_ochiai_score": [0.4499524887316002, 0.6870080113126404, 0.26881741149573163, 0.39080751479484876, 0.41641035747206845, 0.4234341098375517, 0.42553248626528195, 0.0], "layer_D_star_score": [3.84149229639643, 15.963489023770256, 5.30294387601808, 8.15856213611712, 9.373838696100579, 9.517698874581246, 10.57732353557412, 0.0], "layer_Op2_score": [6.789376600669083, 15.463094180450122, 5.441124910850938, 8.196400469653339, 9.144227560290979, 9.297636080306285, 9.884286572221518, 0.0], "layer_Barinel_score": [0.49813809713677754, 0.5037171226469875, 0.25676196374497084, 0.343930233828023, 0.3362824519682848, 0.33731258645634066, 0.3017982273597047, 0.0], "time": 6.815702438354492}