{"neuron_counts": [960000, 160000, 160000, 20000, 20000, 20000, 10, 1], "neuron_counts_selected": [1000, 1000, 1000, 1000, 1000, 1000, 10, 1], "layer_tarantula_score": [0.5027472099757895, 0.4988405560245317, 0.2600813723420174, 0.3414893601567554, 0.3498600398369554, 0.3375661285629071, 0.30000001038562246, 0.0], "layer_ochiai_score": [0.4589168294178695, 0.6818121530232033, 0.276192334733924, 0.39604501063044745, 0.4338738399538599, 0.42793928474662, 0.42553248626528195, 0.0], "layer_D_star_score": [4.11235247891244, 15.572565308610798, 5.476707504334228, 8.197436541519815, 9.813399087360725, 9.742359169112737, 10.57732353557412, 0.0], "layer_Op2_score": [6.974151951514024, 15.28460574917437, 5.607675619711711, 8.329581980594403, 9.52301646084158, 9.448066217917352, 9.884286572221518, 0.0], "layer_Barinel_score": [0.5055462419955717, 0.5018268827923332, 0.26137913163742305, 0.3433447461290639, 0.3517703160436622, 0.3394625983047374, 0.3017982273597047, 0.0], "time": 2.5557706356048584}