{"neuron_counts": [960000, 160000, 160000, 20000, 20000, 20000, 10, 1], "neuron_counts_selected": [200, 200, 200, 200, 200, 200, 10, 1], "layer_tarantula_score": [0.4865734443546167, 0.5030760748632362, 0.2727685027160494, 0.3357310980674051, 0.32640921973718945, 0.3398981505191074, 0.30000001038562246, 0.0], "layer_ochiai_score": [0.4377867291570432, 0.6890562375891625, 0.27833513788506875, 0.3990404094798013, 0.4095380400892736, 0.4131986432128321, 0.42553248626528195, 0.0], "layer_D_star_score": [3.4997206912071, 16.20774640501078, 5.2038815488713865, 8.242572675879297, 9.343937835689204, 9.215254672724127, 10.57732353557412, 0.0], "layer_Op2_score": [6.53616221179705, 15.490933422851866, 5.512944377888111, 8.435576118648948, 9.050559889391904, 9.020202718525898, 9.884286572221518, 0.0], "layer_Barinel_score": [0.48937501998873745, 0.5060614518017759, 0.27401735529439064, 0.33762340452512296, 0.3281710260146775, 0.34168231456235904, 0.3017982273597047, 0.0], "time": 0.7048828601837158}