{"neuron_counts": [960000, 160000, 160000, 20000, 20000, 20000, 10, 1], "neuron_counts_selected": [500, 500, 500, 500, 500, 500, 10, 1], "layer_tarantula_score": [0.5056733751146578, 0.4952630005636696, 0.20279389209910847, 0.28871299462948513, 0.28661402350875137, 0.27814245022750006, 0.30000001038562246, 0.0], "layer_ochiai_score": [0.3712111531113634, 0.6289710264941177, 0.22306752601879634, 0.30956473351537306, 0.3549923199230963, 0.3503217050079721, 0.42553248626528195, 0.0], "layer_D_star_score": [2.050916975025636, 12.166854908171604, 4.328994701536312, 6.1439546602335575, 7.979752067122937, 7.806430640400002, 10.57732353557412, 0.0], "layer_Op2_score": [4.609240327232939, 13.182847689225326, 4.530408398929416, 6.318701506924792, 7.775147209593738, 7.687892227217481, 9.884286572221518, 0.0], "layer_Barinel_score": [0.5082046390884023, 0.49822671480825553, 0.2038557958418383, 0.29016915810165894, 0.28819565618440607, 0.2797079746914095, 0.3017982273597047, 0.0], "time": 1.433011770248413}