{"neuron_counts": [960000, 160000, 160000, 20000, 20000, 20000, 10, 1], "neuron_counts_selected": [500, 500, 500, 500, 500, 500, 10, 1], "layer_tarantula_score": [0.3957330485615352, 0.4671344692327202, 0.06939195181914783, 0.13706705962885504, 0.14823794691429432, 0.14226540877483573, 0.1800000062313735, NaN], "layer_ochiai_score": [0.2861702426034733, 0.5804641823908975, 0.07260471062764004, 0.13966841323354787, 0.17870444132229324, 0.1742982381171502, 0.2553194917591692, NaN], "layer_D_star_score": [0.9507866118850952, 9.121610898927775, 1.0793462035719468, 2.1625073257360716, 3.5940295711159913, 3.458511701641044, 6.346394121344473, NaN], "layer_Op2_score": [3.267443858461603, 11.603014870750842, 1.2946963254801271, 2.500439439397396, 3.6943815923380976, 3.6160052861648717, 5.93057194333291, NaN], "layer_Barinel_score": [0.398278293284829, 0.4700939069047781, 0.06981958132968845, 0.1379076528639507, 0.14914380941506572, 0.14314016685607212, 0.18107893641582284, NaN], "time": 2.045748233795166}