{"neuron_counts": [960000, 160000, 160000, 20000, 20000, 20000, 10, 1], "neuron_counts_selected": [500, 500, 500, 500, 500, 500, 10, 1], "layer_tarantula_score": [0.4761173004972404, 0.49519931394507627, 0.16483461145748582, 0.23196029141762917, 0.2427203008257206, 0.2293326393465096, 0.30000001038562246, 0.0], "layer_ochiai_score": [0.2614536948521118, 0.533868051278484, 0.18878031310203805, 0.27080641692221014, 0.30172584310594586, 0.28092437903445855, 0.42553248626528195, 0.0], "layer_D_star_score": [0.7091716967254579, 7.327457145065259, 3.7802502080588694, 5.951357947261796, 6.594792215246842, 6.108016225886562, 10.57732353557412, 0.0], "layer_Op2_score": [2.4918592367756953, 9.676868023736516, 3.924216629602958, 5.804471625154333, 6.530494246031176, 6.041750197487069, 9.884286572221518, 0.0], "layer_Barinel_score": [0.47808796976474527, 0.498098529446814, 0.16572212275561307, 0.23315418472542507, 0.24409542756625519, 0.2305733827830245, 0.3017982273597047, 0.0], "time": 1.4841609001159668}