{"neuron_counts": [960000, 160000, 160000, 20000, 20000, 20000, 10, 1], "neuron_counts_selected": [2000, 2000, 2000, 2000, 2000, 2000, 10, 1], "layer_tarantula_score": [0.4288872593718977, 0.48548974410377826, 0.11063349207325329, 0.19842182963930569, 0.22022211023278063, 0.2002383030842645, 0.1799999423081546, 0], "layer_ochiai_score": [0.3738947333130081, 0.6443560915395953, 0.10664372398571421, 0.21231175581025918, 0.26356832049088913, 0.23643010969150888, 0.24941427706592897, 0], "layer_D_star_score": [1.4945184247857564, 8.710788773743289, 1.031641202859413, 2.3115061507471797, 3.4498310881983785, 3.025031986616715, 3.98766163337205, 0], "layer_Op2_score": [3.6516388042085435, 9.778387533147978, 1.273879544092541, 2.7488128328690458, 3.7561465530210527, 3.3427612250769627, 3.9857166734523313, 0], "layer_Barinel_score": [0.41033252354058275, 0.4655809073634833, 0.106166906693806, 0.190263956207865, 0.2112918178145595, 0.1920534838436725, 0.17279999999999998, 0], "time": 4.359279155731201}