{"neuron_counts": [30, 30, 60, 60, 1], "neuron_counts_selected": [30, 30, 60, 60, 1], "layer_tarantula_score": [0.2179432384229887, 0.37883393739564486, 0.2876244347464178, 0.2872984914902888, 0.4999999521035009], "layer_ochiai_score": [0.26346014750411256, 0.3286305683694353, 0.1635485152558401, 0.17298521872412678, 0.6103960223021297], "layer_D_star_score": [52.22151487309, 149.75136082960873, 33.63386406857504, 36.36487799286772, 125.89352215867727], "layer_Op2_score": [90.55194301621705, 64.57707946791699, 24.850780580709948, 27.619856465434236, 211.00279357463867], "layer_Barinel_score": [0.1617607235931341, 0.3530847124447669, 0.2693578878483754, 0.26047718150838545, 0.37258347978910367], "time": 0.9975037574768066}