{"neuron_counts": [10, 100, 80, 3], "neuron_counts_selected": [10, 100, 80, 3], "layer_tarantula_score": [1.0, 1.0, 1.0, 1.0], "layer_ochiai_score": [0.6662091503351315, 0.9906175811636717, 0.8471006940986471, 0.5891658724518388], "layer_D_star_score": [90.21041273166774, 7581322.613776242, 1563105.7843922882, 69444470.84608153], "layer_Op2_score": [111.09, 245.343, 179.748125, 92.11111111111111], "layer_Barinel_score": [1.0, 1.0, 1.0, 1.0], "time": 0.5830824375152588}