{"neuron_counts": [10, 100, 80, 3], "neuron_counts_selected": [10, 100, 80, 3], "layer_tarantula_score": [1.0, 0.7921, 0.9751562500000001, 0.11111111111111112], "layer_ochiai_score": [0.39370838354376947, 0.05773338250750296, 0.3714941862082929, 0.08863158085956693], "layer_D_star_score": [12.952363954048703, 0.017994503242876377, 1164926.350070793, 53.400374987070315], "layer_Op2_score": [67.40596787422689, 2.0111239503578453, 66.47501849955916, 30.5228755453831], "layer_Barinel_score": [1.0, 0.7921, 0.9751562500000001, 0.11111111111111112], "time": 0.6076550483703613}