{"neuron_counts": [3557, 3557, 2], "neuron_counts_selected": [500, 500, 2], "layer_tarantula_score": [0.0, 0.21068601511723317, 0.0], "layer_ochiai_score": [0.0, 0.18323918386910823, 0.0], "layer_D_star_score": [0.0, 9.712987899161337, 0.0], "layer_Op2_score": [0.0, 41.075832544266575, 0.0], "layer_Barinel_score": [0.0, 0.07988798744752802, 0.0], "time": 4.015985488891602}