{"neuron_counts": [3557, 3557, 2], "neuron_counts_selected": [500, 500, 2], "layer_tarantula_score": [NaN, 0.10124996072980945, NaN], "layer_ochiai_score": [NaN, 0.08821835828456163, NaN], "layer_D_star_score": [NaN, 4.682591987218169, NaN], "layer_Op2_score": [NaN, 19.787843700357588, NaN], "layer_Barinel_score": [NaN, 0.038432032701486554, NaN], "time": 4.378714561462402}