{"neuron_counts": [3557, 3557, 2], "neuron_counts_selected": [100, 100, 2], "layer_tarantula_score": [0.49999980607313405, 0.24027190337851118, 0.5971136654852235], "layer_ochiai_score": [0.4356462137509223, 0.2093045638333043, 0.48634207190811507], "layer_D_star_score": [23.123911047990926, 11.126083121631146, 30.957134604598345], "layer_Op2_score": [97.719341741751, 46.906313446836336, 89.90838262527234], "layer_Barinel_score": [0.18978781580981013, 0.09127129306671009, 0.2657598867124958], "time": 0.8625593185424805}