{"neuron_counts": [3557, 3557, 2], "neuron_counts_selected": [500, 500, 2], "layer_tarantula_score": [0.44739169353158637, 0.22693680709209732, 0.0], "layer_ochiai_score": [0.29155140467717094, 0.19485556899092144, 0.0], "layer_D_star_score": [13.709567617493752, 10.284875691330269, 0.0], "layer_Op2_score": [43.8913713294885, 43.180062944938065, 0.0], "layer_Barinel_score": [0.19078011723463376, 0.08639927799086292, 0.0], "time": 4.3784191608428955}