{"neuron_counts": [3557, 3557, 2], "neuron_counts_selected": [200, 200, 2], "layer_tarantula_score": [0.49999980607313405, 0.22999991079364165, 0.5971136654852235], "layer_ochiai_score": [0.4356462137509223, 0.2003972583254243, 0.48634207190811507], "layer_D_star_score": [23.123911047990923, 10.636999082075826, 30.957134604598345], "layer_Op2_score": [97.71934174175098, 44.950897201205464, 89.90838262527234], "layer_Barinel_score": [0.18978781580981008, 0.08730239527251264, 0.2657598867124958], "time": 1.6799957752227783}