{"neuron_counts": [3557, 3557, 2], "neuron_counts_selected": [500, 500, 2], "layer_tarantula_score": [0.49999980607313405, 0.2360173327057561, 0.5971136654852235], "layer_ochiai_score": [0.4356462137509224, 0.2056373248472162, 0.48634207190811507], "layer_D_star_score": [23.12391104799093, 10.916104760645737, 30.957134604598345], "layer_Op2_score": [97.71934174175098, 46.123598531860104, 89.90838262527234], "layer_Barinel_score": [0.18978781580981005, 0.08959059540238548, 0.2657598867124958], "time": 3.8743460178375244}