{"neuron_counts": [3557, 3557, 2], "neuron_counts_selected": [2000, 2000, 2], "layer_tarantula_score": [0.499999792516035, 0.11496012858278944, 0.5482379680040151], "layer_ochiai_score": [0.46636868462653797, 0.10722764207103977, 0.4931377495964405], "layer_D_star_score": [24.182100900287253, 5.559959703755598, 28.186204719957967], "layer_Op2_score": [86.0031850308328, 19.77378807779417, 77.42197470637748], "layer_Barinel_score": [0.21750000000000005, 0.05000768951900952, 0.2559310493119266], "time": 10.981401205062866}