{"neuron_counts": [64, 64, 1], "neuron_counts_selected": [64, 64, 1], "layer_tarantula_score": [0.3740734597529787, 0.3740734597529787, 0.500000101009897], "layer_ochiai_score": [0.3639772205651361, 0.3639772205651361, 0.7416191745106232], "layer_D_star_score": [10.09267358691813, 10.09267358691813, 67.22207283983813], "layer_Op2_score": [17.317171527293556, 17.317171527293556, 54.02174125708422], "layer_Barinel_score": [0.4187732499839588, 0.4187732499839588, 0.55], "time": 0.17321157455444336}