{"neuron_counts": [10, 256, 256, 5], "neuron_counts_selected": [10, 256, 256, 5], "layer_tarantula_score": [0.2936994252140836, 0.06056031255067495, 0.06056031255067495, 0], "layer_ochiai_score": [0.11036399281236525, 0.014003204588848142, 0.014003204588848142, 0], "layer_D_star_score": [0.25256677426782337, 0.008990933929731304, 0.008990933929731304, 0], "layer_Op2_score": [2.037294403183056, 0.08569344570374111, 0.08569344570374111, -0.06635286311427868], "layer_Barinel_score": [0.08578822352115037, 0.01871008994453106, 0.01871008994453106, 0], "time": 0.5889201164245605}