{"neuron_counts": [10, 256, 256, 5], "neuron_counts_selected": [10, 256, 256, 5], "layer_tarantula_score": [0.47768348267124117, 0.4217418431189583, 0.4217418431189583, 0.5291718510213581], "layer_ochiai_score": [0.23201392822021374, 0.159104253726834, 0.159104253726834, 0.21673198312958059], "layer_D_star_score": [1.3446040170023836, 0.5493832345263813, 0.5493832345263813, 1.004237164950816], "layer_Op2_score": [8.47480120948756, 4.829851388052507, 4.829851388052507, 6.1073362300562355], "layer_Barinel_score": [0.13744403456843463, 0.11324769949852748, 0.11324769949852748, 0.16753168327070397], "time": 0.43786144256591797}