{"neuron_counts": [10, 256, 256, 5], "neuron_counts_selected": [10, 256, 256, 5], "layer_tarantula_score": [0.43197312932398324, 0.2591374285628758, 0.2591374285628758, 0.1868654440579421], "layer_ochiai_score": [0.18483987712102073, 0.07045526755352548, 0.07045526755352548, 0.0495004143343063], "layer_D_star_score": [0.8619007555252617, 0.13560248136818936, 0.13560248136818936, 0.08369755691981821], "layer_Op2_score": [5.980151167898613, 1.433379026740874, 1.433379026740874, 0.8983555991739947], "layer_Barinel_score": [0.12341605182264317, 0.07610056854868778, 0.07610056854868778, 0.05385890550149312], "time": 0.4498884677886963}