{"neuron_counts": [10, 256, 256, 5], "neuron_counts_selected": [10, 256, 256, 5], "layer_tarantula_score": [0.3958268955838568, 0.2192092824616616, 0.2192092824616616, 0.30604373119020284], "layer_ochiai_score": [0.16995117635527285, 0.06339446727633338, 0.06339446727633338, 0.08374635962260658], "layer_D_star_score": [0.48989809312574784, 0.07306257425018198, 0.07306257425018198, 0.09133437042924504], "layer_Op2_score": [3.678941565951099, 0.8934938588218507, 0.8934938588218507, 1.1769413918336569], "layer_Barinel_score": [0.11618904170538857, 0.059996533170114844, 0.059996533170114844, 0.08380325814536342], "time": 0.5711636543273926}