{"neuron_counts": [10, 256, 256, 5], "neuron_counts_selected": [10, 200, 200, 5], "layer_tarantula_score": [0.47064087129715676, 0.4503034536681959, 0.44309260287481117, 0.5522077714301836], "layer_ochiai_score": [0.23878558148538895, 0.2130090502670129, 0.20721036105116342, 0.3210673201239674], "layer_D_star_score": [0.9501020746513288, 0.6739526839908129, 0.6365604716366046, 1.8038340056513946], "layer_Op2_score": [5.718471037092899, 4.827873084472842, 4.651193079419904, 7.852706337992544], "layer_Barinel_score": [0.14695094885112658, 0.1366693212407625, 0.1336641122598646, 0.19354209065679923], "time": 0.4268684387207031}