{"neuron_counts": [10, 256, 256, 5], "neuron_counts_selected": [10, 256, 256, 5], "layer_tarantula_score": [0.417491999796576, 0.3574078366003735, 0.3574078366003735, 0.462353177414941], "layer_ochiai_score": [0.18538825554500005, 0.12197716766245245, 0.12197716766245245, 0.17306076794621505], "layer_D_star_score": [0.8587752963228948, 0.3104605328171133, 0.3104605328171133, 0.6448008264593866], "layer_Op2_score": [6.493536118705947, 3.4415082262827172, 3.4415082262827172, 4.769564100009743], "layer_Barinel_score": [0.11096685028089973, 0.08824544514783345, 0.08824544514783345, 0.134280189891193], "time": 0.442094087600708}