{"neuron_counts": [32, 16, 16, 8, 8, 1], "neuron_counts_selected": [32, 16, 16, 8, 8, 1], "layer_tarantula_score": [0.5633210902761394, 0.42036405937549126, 0.42036405937549126, 0.25000015261662056, 0.25000015261662056, 0.5000003052332411], "layer_ochiai_score": [0.7340817735657204, 0.6294886755147052, 0.6294886755147052, 0.44628083460234785, 0.44628083460234785, 0.8925616692046957], "layer_D_star_score": [230.2749497580863, 643.8484800418432, 643.8484800418432, 468.20415048499916, 468.20415048499916, 936.4083009699983], "layer_Op2_score": [155.55846855488943, 164.67742047996694, 164.67742047996694, 119.00806530957207, 119.00806530957207, 238.01613061914415], "layer_Barinel_score": [0.8295031768379709, 0.6435416666666667, 0.6435416666666667, 0.3983333333333333, 0.3983333333333333, 0.7966666666666666], "time": 0.30802440643310547}