{"neuron_counts": [2, 2, 4], "neuron_counts_selected": [2, 2, 4], "layer_tarantula_score": [1.0, 1.0, 0.25], "layer_ochiai_score": [0.7413351399518207, 0.8658844191806683, 0.24999831354933807], "layer_D_star_score": [12.335206520390676, 137349.95137832174, 137342.1890869715], "layer_Op2_score": [4.16087417031265, 5.601656880624064, 1.8529853553566702], "layer_Barinel_score": [1.0, 1.0, 0.25], "time": 0.07551693916320801}