{"neuron_counts": [784, 25088, 6272, 12544, 3136, 3136, 1024, 1024, 1024, 10], "neuron_counts_selected": [100, 100, 100, 100, 100, 100, 100, 100, 100, 10], "layer_tarantula_score": [0.5127181267537018, 0.0, 0.0, 0.0, 0.0, 0.0, 0.0, 0.0, 0.0, 0.0], "layer_ochiai_score": [0.2933892934046811, 0.0, 0.0, 0.0, 0.0, 0.0, 0.0, 0.0, 0.0, 0.0], "layer_D_star_score": [1459.7742514445822, 0.0, 0.0, 0.0, 0.0, 0.0, 0.0, 0.0, 0.0, 0.0], "layer_Op2_score": [1642.2741590485055, 0.0, 0.0, 0.0, 0.0, 0.0, 0.0, 0.0, 0.0, 0.0], "layer_Barinel_score": [0.7577765163324673, 0.0, 0.0, 0.0, 0.0, 0.0, 0.0, 0.0, 0.0, 0.0], "time": 99.82585000991821}