{"neuron_counts": [10, 10, 1], "neuron_counts_selected": [10, 10, 1], "layer_tarantula_score": [0.498034420226086, 0.3000148307108067, 0.5000247178513446], "layer_ochiai_score": [0.9904498450707786, 0.5966570204065726, 0.994428367344288], "layer_D_star_score": [5963.673037353017, 4752.124787521232, 7920.207979202053], "layer_Op2_score": [87.80002499875006, 53.100014999250035, 88.50002499875006], "layer_Barinel_score": [0.9888003533983774, 0.5933333333333334, 0.9888888888888889], "time": 0.07216835021972656}