{"neuron_counts": [10, 10, 1], "neuron_counts_selected": [10, 10, 1], "layer_tarantula_score": [0.49373411401008704, 0.18000889842648402, 0.5000247178513446], "layer_ochiai_score": [0.9819163891299111, 0.35799421224394357, 0.994428367344288], "layer_D_star_score": [4026.7726884579683, 2851.2748725127385, 7920.207979202053], "layer_Op2_score": [86.31002499875007, 31.86000899955002, 88.50002499875006], "layer_Barinel_score": [0.9886061435144883, 0.3560000000000001, 0.9888888888888889], "time": 0.07558083534240723}