{"neuron_counts": [48, 48, 1], "neuron_counts_selected": [48, 48, 1], "layer_tarantula_score": [0.4821693713745459, 0.4821693713745459, 0.49999999637050163], "layer_ochiai_score": [0.36493442210730415, 0.36493442210730415, 0.7028339792652474], "layer_D_star_score": [22.637166754897482, 22.637166754897482, 160.09514280051025], "layer_Op2_score": [45.791790113339175, 45.791790113339175, 163.00591774797766], "layer_Barinel_score": [0.47726201703263266, 0.47726201703263266, 0.49397590361445787], "time": 0.4151628017425537}