{"neuron_counts": [48, 48, 1], "neuron_counts_selected": [48, 48, 1], "layer_tarantula_score": [0.4003750304100219, 0.4003750304100219, 0.49999999637050163], "layer_ochiai_score": [0.3780167026463433, 0.3780167026463433, 0.7028339792652474], "layer_D_star_score": [25.33242618833277, 25.33242618833277, 160.09514280051025], "layer_Op2_score": [58.772061257029414, 58.772061257029414, 163.00591774797766], "layer_Barinel_score": [0.39500832190942947, 0.39500832190942947, 0.49397590361445787], "time": 0.4495234489440918}