{"neuron_counts": [32, 32, 1], "neuron_counts_selected": [32, 32, 1], "layer_tarantula_score": [1.0, 0.9375, 1.0], "layer_ochiai_score": [0.4827778786518336, 0.6516634437166018, 0.6927115318110815], "layer_D_star_score": [15.672850710755986, 81.70249198771964, 74.6377033313654], "layer_Op2_score": [40.72666571819613, 77.28996129130077, 80.90635721549695], "layer_Barinel_score": [1.0, 0.9375, 1.0], "time": 0.13129878044128418}