{"neuron_counts": [18, 36, 72, 72, 32, 16, 1], "neuron_counts_selected": [18, 36, 72, 72, 32, 16, 1], "layer_tarantula_score": [1.0, 0.6489197530864198, 0.009452160493827159, 0.00019290123456790055, NaN, NaN, 1.0], "layer_ochiai_score": [0.3434351627782005, 0.1712438291130052, 0.001901890901113482, 4.8169084921628526e-05, NaN, NaN, 0.9999988252619132], "layer_D_star_score": [0.9925379903145938, 0.21373297765746335, 0.001350385848678735, 3.4045446231382916e-05, NaN, NaN, 18115752.52032604], "layer_Op2_score": [5.341353439606834, 2.0341382604013356, 0.017768886663125222, 0.0005119540639273107, NaN, NaN, 42.56260391428163], "layer_Barinel_score": [1.0, 0.6489197530864198, 0.009452160493827159, 0.00019290123456790055, NaN, NaN, 1.0], "time": 0.19533348083496094}