{"neuron_counts": [18, 36, 72, 72, 32, 16, 1], "neuron_counts_selected": [18, 36, 72, 72, 32, 16, 1], "layer_tarantula_score": [1.0, 1.0, 0.8919753086419753, 0.6944444444444445, 0.5166015625, 0.25, 1.0], "layer_ochiai_score": [0.6250912087972855, 0.5934630397540486, 0.4003370992381328, 0.2757047908082844, 0.22219633069593453, 0.11295433230539735, 0.9999980000060001], "layer_D_star_score": [7.241645977406666, 6.260893679506233, 3.324229410722081, 4824.959809904497, 6107.856732574456, 3.002862559505451, 6250000.000014566], "layer_Op2_score": [9.87037037037037, 8.987654320987653, 5.041280864197532, 3.2289737654320985, 3.0175781250000004, 1.484375, 25.0], "layer_Barinel_score": [1.0, 1.0, 0.8919753086419753, 0.6944444444444445, 0.5166015625, 0.25, 1.0], "time": 0.20921921730041504}