{"neuron_counts": [10, 10, 1], "neuron_counts_selected": [10, 10, 1], "layer_tarantula_score": [0.49633629427445136, 0.35001730249594126, 0.5000247178513446], "layer_ochiai_score": [0.9870476556522331, 0.6960998571410016, 0.994428367344288], "layer_D_star_score": [3804.583201904118, 5544.145585441437, 7920.207979202053], "layer_Op2_score": [87.20002499875007, 61.950017499125046, 88.50002499875006], "layer_Barinel_score": [0.9887251632950974, 0.6922222222222223, 0.9888888888888889], "time": 0.1158745288848877}