{"neuron_counts": [4, 4, 4, 4, 4, 4, 1], "neuron_counts_selected": [4, 4, 4, 4, 4, 4, 1], "layer_tarantula_score": [0.4862432537999238, 0.45249363289758426, 0.45249363289758426, 0.25, 0.25, 0.25, 0.0], "layer_ochiai_score": [0.2648590378179658, 0.25630768410766436, 0.25630768410766436, 0.06079943682867673, 0.06079943682867673, 0.06079943682867673, 0.0], "layer_D_star_score": [1.645485229120069, 1.6167248011844069, 1.6167248011844069, 0.0314315985832255, 0.0314315985832255, 0.0314315985832255, 0.0], "layer_Op2_score": [4.715484558159758, 4.701559127876601, 4.701559127876601, 0.5, 0.5, 0.5, 0.0], "layer_Barinel_score": [0.4971089085069514, 0.46568511373551863, 0.46568511373551863, 0.25, 0.25, 0.25, 0.0], "time": 0.10707569122314453}