{"neuron_counts": [1605632, 1605632, 1605632, 401408, 401408, 802816, 802816, 200704, 200704, 200704, 200704, 50176, 50176, 100352, 100352, 25088, 25088, 25088, 1024, 2048, 4096, 2], "neuron_counts_selected": [100, 100, 100, 100, 100, 100, 100, 100, 100, 100, 100, 100, 100, 100, 100, 100, 100, 100, 100, 100, 100, 2], "layer_tarantula_score": [0.4266171604453337, 0.18415395058208583, 0.08262008832353564, 0.1178412464379063, 0.06874099077054412, 0.013432231872785373, 0.004547961038961057, 0.017530257269963195, 0.00553830538967461, 0.0016958333333333422, 0, 0, 0, 0, 0, 0, 0, 0, 0, 0, 0, 0.5], "layer_ochiai_score": [0.3764286163905773, 0.11548340062031175, 0.05182969560881952, 0.10213025314015892, 0.05601201445967854, 0.010545377669519768, 0.004751432977751167, 0.016918132249579443, 0.004422520442181577, 0.0016319726607110791, 0, 0, 0, 0, 0, 0, 0, 0, 0, 0, 0, 0.7071044241757286], "layer_D_star_score": [1.771348495779685, 0.3770310363795146, 0.1657238652505786, 0.8693146449301354, 0.43530053365574245, 0.06964357721907906, 0.05313229741736818, 0.2042576306539528, 0.03754965841229416, 0.019675235220303344, 0, 0, 0, 0, 0, 0, 0, 0, 0, 0, 0, 14.999900000666662], "layer_Op2_score": [4.544596229398567, 1.0059317623014845, 0.44220647745951575, 1.3235756201523734, 0.6711878519509245, 0.11921881175742652, 0.07296253210917326, 0.2548751189055082, 0.056600026249835504, 0.02385625964837735, 0, 0, 0, 0, 0, 0, 0, 0, 0, 0, 0, 14.06250585933838], "layer_Barinel_score": [0.42661716044533377, 0.18415395058208583, 0.08262008832353564, 0.1178412464379063, 0.06874099077054412, 0.013432231872785373, 0.004547961038961045, 0.017530257269963195, 0.00553830538967461, 0.001695833333333339, 0, 0, 0, 0, 0, 0, 0, 0, 0, 0, 0, 0.5], "time": 3.181894063949585}