{"neuron_counts": [1605632, 1605632, 1605632, 401408, 401408, 802816, 802816, 200704, 200704, 200704, 200704, 50176, 50176, 100352, 100352, 25088, 25088, 25088, 1024, 2048, 4096, 2], "neuron_counts_selected": [200, 200, 200, 200, 200, 200, 200, 200, 200, 200, 200, 200, 200, 200, 200, 200, 200, 200, 200, 200, 200, 2], "layer_tarantula_score": [0.4986449066523311, 0.34841931059629827, 0.204585296676023, 0.26087413181457103, 0.23406502802552215, 0.1009445102078092, 0.05531062836577345, 0.042129972001343684, 0.04726776155888447, 0.06010968871942937, 0.0, 0.0, 0.0, 0.0, 0.0, 0.0, 0.0, 0.0, 0.0, 0.0, 0.0, 0.5000000517458363], "layer_ochiai_score": [0.45243597487901677, 0.2305720862196725, 0.14421255142888736, 0.23520408508189647, 0.20966808956330538, 0.07956808520866981, 0.053626628682993394, 0.04236832289004977, 0.053172402334356245, 0.06106322045177209, 0.0, 0.0, 0.0, 0.0, 0.0, 0.0, 0.0, 0.0, 0.0, 0.0, 0.0, 0.7148308945300219], "layer_D_star_score": [4.523935426271534, 2.8186499063777135, 1.8733667323852286, 4.5458521205808085, 3.60685739723663, 1.6029258333957244, 0.8508466943505454, 0.9232524098597485, 1.4325485732315104, 1.3767904507388804, 0.0, 0.0, 0.0, 0.0, 0.0, 0.0, 0.0, 0.0, 0.0, 0.0, 0.0, 22.681824961564196], "layer_Op2_score": [8.451769444076163, 4.045591100775641, 2.630618878479498, 5.1879722431888835, 4.568342463134751, 1.7245510005570384, 1.1629522932040812, 1.0287227053590955, 1.4225776960168428, 1.4754837843748516, 0.0, 0.0, 0.0, 0.0, 0.0, 0.0, 0.0, 0.0, 0.0, 0.0, 0.0, 20.752598833796682], "layer_Barinel_score": [0.5090065425901674, 0.3533288031066407, 0.20769779798477095, 0.26552264525304925, 0.23811677822225924, 0.10241122503644633, 0.05642677740995046, 0.042931703206297786, 0.04808920643115356, 0.061114625069978015, 0.0, 0.0, 0.0, 0.0, 0.0, 0.0, 0.0, 0.0, 0.0, 0.0, 0.0, 0.5109855618127059], "time": 2.484653949737549}