{"neuron_counts": [1605632, 1605632, 1605632, 401408, 401408, 802816, 802816, 200704, 200704, 200704, 200704, 50176, 50176, 100352, 100352, 25088, 25088, 25088, 1024, 2048, 4096, 2], "neuron_counts_selected": [500, 500, 500, 500, 500, 500, 500, 500, 500, 500, 500, 500, 500, 500, 500, 500, 500, 500, 500, 500, 500, 2], "layer_tarantula_score": [0.3738537381951381, 0.05781607005495566, 0.005105769352869093, 0.010106424164734413, 0.012854776386309516, 0.00011584175824175177, 0, 0, 0, 0, 0, 0, 0, 0, 0, 0, 0, 0, 0, 0, 0, 0.5], "layer_ochiai_score": [0.23394471521640625, 0.03586974526449441, 0.003019059274823552, 0.007069522276866635, 0.008469101690007235, 9.868713740989844e-05, 0, 0, 0, 0, 0, 0, 0, 0, 0, 0, 0, 0, 0, 0, 0, 0.7071044241757286], "layer_D_star_score": [0.4195397997257327, 0.13102941795993733, 0.005338961869615306, 0.03180365617617403, 0.03009040579317709, 0.0004772651960205778, 0, 0, 0, 0, 0, 0, 0, 0, 0, 0, 0, 0, 0, 0, 0, 14.999900000666662], "layer_Op2_score": [1.95546406532459, 0.3048872011549929, 0.021651274929531394, 0.06350807902450581, 0.07380181546365477, 0.0011720005999960603, 0, 0, 0, 0, 0, 0, 0, 0, 0, 0, 0, 0, 0, 0, 0, 14.06250585933838], "layer_Barinel_score": [0.3738537381951381, 0.05781607005495566, 0.005105769352869093, 0.010106424164734402, 0.012854776386309516, 0.00011584175824175177, 0, 0, 0, 0, 0, 0, 0, 0, 0, 0, 0, 0, 0, 0, 0, 0.5], "time": 10.915527820587158}