{"neuron_counts": [1605632, 1605632, 1605632, 401408, 401408, 802816, 802816, 200704, 200704, 200704, 200704, 50176, 50176, 100352, 100352, 25088, 25088, 25088, 1024, 2048, 4096, 2], "neuron_counts_selected": [200, 200, 200, 200, 200, 200, 200, 200, 200, 200, 200, 200, 200, 200, 200, 200, 200, 200, 200, 200, 200, 2], "layer_tarantula_score": [0.43126934698958774, 0.16218993340331797, 0.05809709255708466, 0.10621053058935152, 0.08352593978620144, 0.014004778346846783, 0.0052761375246076015, 0.002971062142230321, 0.003563592954292701, 0.005461529843594248, NaN, NaN, NaN, NaN, NaN, NaN, NaN, NaN, NaN, NaN, NaN, 0.5000000517458363], "layer_ochiai_score": [0.387123214287375, 0.09876171488838147, 0.038518768717600536, 0.08664195061168216, 0.07154794453832673, 0.010111382068439742, 0.004834087151287198, 0.0027246836975331925, 0.004020975057102699, 0.005519289192148711, NaN, NaN, NaN, NaN, NaN, NaN, NaN, NaN, NaN, NaN, NaN, 0.7148308945300219], "layer_D_star_score": [2.7016709022316183, 0.49816368413652296, 0.20599872349325124, 0.9884863748586075, 0.7159026512591671, 0.11366525397364745, 0.045321453575094386, 0.03963848600030995, 0.09063518848301536, 0.08964746004127262, NaN, NaN, NaN, NaN, NaN, NaN, NaN, NaN, NaN, NaN, NaN, 22.681824961564196], "layer_Op2_score": [6.86619420140722, 1.2178269649216924, 0.4949411791200122, 1.5117237319471692, 1.2553983735086798, 0.15889051776028965, 0.08832362650413549, 0.05404199703716153, 0.0964378460251245, 0.1133525212464711, NaN, NaN, NaN, NaN, NaN, NaN, NaN, NaN, NaN, NaN, NaN, 20.752598833796682], "layer_Barinel_score": [0.4416593153788405, 0.16557561221117986, 0.05939005314165533, 0.10861669433016409, 0.0854447756014506, 0.014300132976672519, 0.00540363341990105, 0.003040049535671782, 0.00364166588064881, 0.005579779718287626, NaN, NaN, NaN, NaN, NaN, NaN, NaN, NaN, NaN, NaN, NaN, 0.5109855618127059], "time": 135.07994723320007}