{"neuron_counts": [1605632, 1605632, 1605632, 401408, 401408, 802816, 802816, 200704, 200704, 200704, 200704, 50176, 50176, 100352, 100352, 25088, 25088, 25088, 1024, 2048, 4096, 2], "neuron_counts_selected": [200, 200, 200, 200, 200, 200, 200, 200, 200, 200, 200, 200, 200, 200, 200, 200, 200, 200, 200, 200, 200, 2], "layer_tarantula_score": [0.4314751449469648, 0.1881396603842404, 0.04247629536941179, 0.11620568046703635, 0.06735579055712257, 0.014607272194239386, 0.00960983742753544, 0.005152769997403746, 0.011175888902763949, 0.003836557330827152, 0, 0, 0, 0, 0, 0, 0, 0, 0, 0, 0, 0.5], "layer_ochiai_score": [0.3701721474613761, 0.1201820594312739, 0.03418017782614428, 0.09643140417673239, 0.05709028500723672, 0.01247529364364942, 0.009315741561480715, 0.004971870151369343, 0.010535706884272612, 0.0038763247903739885, 0, 0, 0, 0, 0, 0, 0, 0, 0, 0, 0, 0.7071044241757286], "layer_D_star_score": [1.6570002387643987, 0.5049566715186847, 0.2569689199762507, 0.7679528170809148, 0.4521694680069454, 0.12626209731700244, 0.07210346237642301, 0.06355981779383982, 0.1289432476269467, 0.05044529336607589, 0, 0, 0, 0, 0, 0, 0, 0, 0, 0, 0, 14.999900000666662], "layer_Op2_score": [4.347325759057757, 1.1069349475940773, 0.4021408714633009, 1.182045842838483, 0.6947550559059007, 0.1580797980950112, 0.11921099711877013, 0.07321879347629225, 0.1535719593940027, 0.05769066724582994, 0, 0, 0, 0, 0, 0, 0, 0, 0, 0, 0, 14.06250585933838], "layer_Barinel_score": [0.43147514494696476, 0.18813966038424032, 0.042476295369411804, 0.11620568046703635, 0.06735579055712257, 0.014607272194239386, 0.00960983742753544, 0.005152769997403753, 0.011175888902763949, 0.0038365573308271578, 0, 0, 0, 0, 0, 0, 0, 0, 0, 0, 0, 0.5], "time": 2.6193933486938477}