{"neuron_counts": [1605632, 1605632, 1605632, 401408, 401408, 802816, 802816, 200704, 200704, 200704, 200704, 50176, 50176, 100352, 100352, 25088, 25088, 25088, 1024, 2048, 4096, 2], "neuron_counts_selected": [500, 500, 500, 500, 500, 500, 500, 500, 500, 500, 500, 500, 500, 500, 500, 500, 500, 500, 500, 500, 500, 2], "layer_tarantula_score": [0.429919788584409, 0.20663190511814564, 0.06271145255620961, 0.10369938017442863, 0.11187407269010355, 0.011704955318273653, 0.0033071507323039046, 0.00531113006252975, 0.007304345461920867, 0.002481688194580573, NaN, NaN, NaN, NaN, NaN, NaN, NaN, NaN, NaN, NaN, NaN, 0.5000000517458363], "layer_ochiai_score": [0.3750827003101015, 0.1289516488566091, 0.0401223409954728, 0.08791218317211037, 0.09587762348351814, 0.009186504959174013, 0.002724026186729754, 0.005052910565556801, 0.007482864766514522, 0.0019295630422629046, NaN, NaN, NaN, NaN, NaN, NaN, NaN, NaN, NaN, NaN, NaN, 0.7148308945300219], "layer_D_star_score": [2.444812685572302, 0.7197441102545409, 0.24783045932752107, 1.044365410282497, 1.1558685796880268, 0.10983828605626102, 0.02382502769911872, 0.09026699212120151, 0.14441458109936653, 0.02364467608314438, NaN, NaN, NaN, NaN, NaN, NaN, NaN, NaN, NaN, NaN, NaN, 22.681824961564196], "layer_Op2_score": [6.476211959775477, 1.665444950750687, 0.5298122928529695, 1.59156391604029, 1.7530062533660054, 0.15733441108656634, 0.04421930139322983, 0.10760549677798409, 0.16745041838297653, 0.030548378314888085, NaN, NaN, NaN, NaN, NaN, NaN, NaN, NaN, NaN, NaN, NaN, 20.752598833796682], "layer_Barinel_score": [0.44024101626170997, 0.21108602575286636, 0.06403062809380199, 0.10604814510719178, 0.11443338879740213, 0.011966873050661669, 0.0033863465176351888, 0.0054301602144229575, 0.007463618461905112, 0.0025364163917113527, NaN, NaN, NaN, NaN, NaN, NaN, NaN, NaN, NaN, NaN, NaN, 0.5109855618127059], "time": 6.145170211791992}