{"neuron_counts": [1605632, 1605632, 1605632, 401408, 401408, 802816, 802816, 200704, 200704, 200704, 200704, 50176, 50176, 100352, 100352, 25088, 25088, 25088, 1024, 2048, 4096, 2], "neuron_counts_selected": [2000, 2000, 2000, 2000, 2000, 2000, 2000, 2000, 2000, 2000, 2000, 2000, 2000, 2000, 2000, 2000, 2000, 2000, 1024, 2000, 2000, 2], "layer_tarantula_score": [0.49919660422290807, 0.3965368136357869, 0.22084529115387336, 0.25972457427777307, 0.24894125122740327, 0.08067537243294597, 0.057504677311414044, 0.068089615175598, 0.08201769923213909, 0.04946878429299016, 0.0, 0.0, 0.0, 0.0, 0.0, 0.0, 0.0, 0.0, 0.0, 0.0, 0.0, 0.5000000517458363], "layer_ochiai_score": [0.4431137434141797, 0.26764142735796687, 0.16544349158646704, 0.23738061512092562, 0.22731068433983928, 0.07462442570131486, 0.05384074268949033, 0.07069278458250985, 0.08542593582233644, 0.05236492311576123, 0.0, 0.0, 0.0, 0.0, 0.0, 0.0, 0.0, 0.0, 0.0, 0.0, 0.0, 0.7148308945300219], "layer_D_star_score": [4.228465664949617, 3.4301350945857494, 2.321705214102597, 4.628629024736923, 4.325207427777375, 1.5538727248524271, 1.02962343836603, 1.7473969691026823, 2.103578440203037, 1.1906571126567664, 0.0, 0.0, 0.0, 0.0, 0.0, 0.0, 0.0, 0.0, 0.0, 0.0, 0.0, 22.681824961564196], "layer_Op2_score": [8.117662615636588, 4.852099288746793, 3.1677362646848177, 5.361157017059668, 5.0823592865247225, 1.7231736971767369, 1.2173548659852307, 1.7821377944209282, 2.1545031220852224, 1.2879952286329301, 0.0, 0.0, 0.0, 0.0, 0.0, 0.0, 0.0, 0.0, 0.0, 0.0, 0.0, 20.752598833796682], "layer_Barinel_score": [0.5095163785094123, 0.40244064031030474, 0.22434654789596173, 0.2641973324059013, 0.2534167068673109, 0.08209666242904783, 0.058495375314875975, 0.0693250911953219, 0.08346895725118564, 0.050455941819334646, 0.0, 0.0, 0.0, 0.0, 0.0, 0.0, 0.0, 0.0, 0.0, 0.0, 0.0, 0.5109855618127059], "time": 49.593435287475586}