{"neuron_counts": [3686400, 3686400, 921600, 921600, 921600, 230400, 460800, 460800, 112640, 112640, 112640, 112640, 112640, 1024, 1024, 9], "neuron_counts_selected": [500, 500, 500, 500, 500, 500, 500, 500, 500, 500, 500, 500, 500, 500, 500, 9], "layer_tarantula_score": [0.001457790981652331, NaN, 4.986713857095722e-06, NaN, NaN, NaN, NaN, NaN, NaN, NaN, NaN, NaN, NaN, 0.011801651095614136, 0.010570484792779881, 0.3950674599173437], "layer_ochiai_score": [0.0003106235353299489, NaN, 2.747852617322943e-06, NaN, NaN, NaN, NaN, NaN, NaN, NaN, NaN, NaN, NaN, 0.02251236361602444, 0.02014151191616461, 0.7563629888186615], "layer_D_star_score": [9.329807102071081e-05, NaN, 1.3017025960086292e-06, NaN, NaN, NaN, NaN, NaN, NaN, NaN, NaN, NaN, NaN, 8.688770112330143, 7.799718241488201, 297.11220487676053], "layer_Op2_score": [0.002152009333241292, NaN, 2.1832683003162037e-05, NaN, NaN, NaN, NaN, NaN, NaN, NaN, NaN, NaN, NaN, 0.780773920600665, 0.7015374271128927, 26.516348029784357], "layer_Barinel_score": [0.0015243679066925377, NaN, 9.944620703414402e-06, NaN, NaN, NaN, NaN, NaN, NaN, NaN, NaN, NaN, NaN, 0.02207813860643295, 0.019497473811982666, 0.724047151067061], "time": 9.301129579544067}