{"neuron_counts": [3686400, 3686400, 921600, 921600, 921600, 230400, 460800, 460800, 112640, 112640, 112640, 112640, 112640, 1024, 1024, 9], "neuron_counts_selected": [500, 500, 500, 500, 500, 500, 500, 500, 500, 500, 500, 500, 500, 500, 500, 9], "layer_tarantula_score": [0.7637106455180407, 0.5013282894375951, 0.600682036988913, 0.22559382260191024, 0.1372498990564864, 0.20544764313665714, 0.039713990504820273, 0.015877380144087894, 0.012030101066044598, 0.0035458191943364163, 0.006000087047494658, 0.006000087047494658, 0.0010000145079157763, 0.16002445033658794, 0.15700227774277686, 0.4444508924070117], "layer_ochiai_score": [0.3718075645413912, 0.19114530062077284, 0.3842233376583348, 0.17455941770051636, 0.11182978331731698, 0.20702688097608857, 0.05163607479744861, 0.02570464481190581, 0.02179020868039809, 0.003065628030847758, 0.011487262892683422, 0.011487262892683422, 0.001914543815447237, 0.30225032490029985, 0.30058337902521626, 0.8509083624209942], "layer_D_star_score": [1.4299795702956228, 1.4802898892627445, 17.186125473974453, 11.67350543553431, 12.46264481268269, 36.69436133333347, 14.169718889020228, 8.031576414394985, 6.422105071651377, 0.010544959451599185, 4.512391611565802, 4.512391611565802, 0.7520652685943001, 116.6820235251275, 118.07424716930514, 334.2512304863556], "layer_Op2_score": [5.4018616720334, 2.729020991617205, 7.816079052942635, 4.0838610578337, 2.7568267945886227, 5.887455355135568, 1.5747703930034305, 0.8188120051603185, 0.7292669138653913, 0.04606080007665508, 0.4027170357023498, 0.40271703570234985, 0.06711950595039164, 10.563026004035935, 10.537762434211487, 29.830891533507398], "layer_Barinel_score": [0.911825074423706, 0.5479749747930304, 0.764677661148149, 0.3055777447548112, 0.18915234647517962, 0.2916056988164445, 0.06536531992428561, 0.029035534151117405, 0.02197484791188564, 0.00674141466042718, 0.010996466106830988, 0.01099646610683099, 0.0018327443511384981, 0.2915648703950619, 0.2877408631287442, 0.8145530449504437], "time": 3.625478982925415}