{"neuron_counts": [3686400, 3686400, 921600, 921600, 921600, 230400, 460800, 460800, 112640, 112640, 112640, 112640, 112640, 1024, 1024, 9], "neuron_counts_selected": [500, 500, 500, 500, 500, 500, 500, 500, 500, 500, 500, 500, 500, 500, 500, 9], "layer_tarantula_score": [0.0014564805241554792, 0, 4.960040319637777e-06, 0, 0, 0, 0, 0, 0, 0, 0, 0, 0, 0.011807169460401194, 0.0105670997628908, 0.3950707458633873], "layer_ochiai_score": [0.0003244405317468651, 0, 2.6033554706319784e-06, 0, 0, 0, 0, 0, 0, 0, 0, 0, 0, 0.02254586392740659, 0.020163491081224578, 0.757858148760654], "layer_D_star_score": [7.299872827521552e-05, 0, 7.035542173880462e-07, 0, 0, 0, 0, 0, 0, 0, 0, 0, 0, 6.111230462362603, 5.485557773666508, 208.97720546071466], "layer_Op2_score": [0.0015520017332754082, 0, 1.2000133328813812e-05, 0, 0, 0, 0, 0, 0, 0, 0, 0, 0, 0.5192751937602109, 0.4663911338955363, 17.646108092693204], "layer_Barinel_score": [0.0015219999999999986, 0, 9.999999999999897e-06, 0, 0, 0, 0, 0, 0, 0, 0, 0, 0, 0.022179679999999962, 0.01957426285714259, 0.7269135802469135], "time": 10.630911827087402}