{"neuron_counts": [3686400, 3686400, 921600, 921600, 921600, 230400, 460800, 460800, 112640, 112640, 112640, 112640, 112640, 1024, 1024, 9], "neuron_counts_selected": [500, 500, 500, 500, 500, 500, 500, 500, 500, 500, 500, 500, 500, 500, 500, 9], "layer_tarantula_score": [0.44783821930891476, 0.4222946193475836, 0.42739219677587387, 0.19053480338505852, 0.18261294845475048, 0.22886018168361258, 0.07478675813409182, 0.0361945596082706, 0.07146844412525333, 0.025086632629580927, 0.008715409591278672, 0.0073637009362134305, 0.009971334271462361, 0.0698383497480761, 0.06762998060220188, 0.3950707458633873], "layer_ochiai_score": [0.5145475773325662, 0.35894429909237924, 0.6019369367261154, 0.19337533688991468, 0.1640117444280443, 0.2775024023849196, 0.0911923403108522, 0.043109955442082945, 0.08894691384372493, 0.037334995753538075, 0.01207729287508242, 0.009101041666991777, 0.012902032211405704, 0.133958640409108, 0.12972466334074964, 0.757858148760654], "layer_D_star_score": [3.339398463050278, 2.4707323012591207, 26.579712924762976, 9.834878840888907, 10.011341373972426, 29.271814058036195, 9.283500601834765, 3.941471588477083, 11.403786690602098, 6.510417384773433, 2.043575912682626, 1.4185635753176167, 2.4058969860221846, 36.263308321315456, 35.246629688095226, 208.97720546071466], "layer_Op2_score": [6.665934159394689, 4.127171350554982, 10.397704067864405, 3.012131188827032, 2.3819814114196185, 4.8485903047231735, 1.5898963139895277, 0.7633781441951947, 1.6268750181660627, 0.7358420975300771, 0.228880244658511, 0.1642908211059585, 0.2532722862571251, 3.114996441585279, 3.0171563426552384, 17.646108092693204], "layer_Barinel_score": [0.8722075176859088, 0.740082544779401, 0.8326393768711337, 0.3410379347727783, 0.3158697696603052, 0.4243846404773187, 0.13972990055202053, 0.06541239004677729, 0.13224853915150783, 0.048291852656864795, 0.017063353195823975, 0.013425117489177456, 0.017912647973193994, 0.12865488363636304, 0.1245643587878788, 0.7269135802469135], "time": 4.150099515914917}