{"neuron_counts": [3686400, 3686400, 921600, 921600, 921600, 230400, 460800, 460800, 112640, 112640, 112640, 112640, 112640, 1024, 1024, 9], "neuron_counts_selected": [2000, 2000, 2000, 2000, 2000, 2000, 2000, 2000, 2000, 2000, 2000, 2000, 2000, 1024, 1024, 9], "layer_tarantula_score": [0.45115717483729917, 0.4471711665164961, 0.43408709912048965, 0.21308101478117128, 0.1758336870932316, 0.23473507582443573, 0.06131803191338605, 0.0480372552770017, 0.06119694357361883, 0.023335462741582994, 0.007519272714484977, 0.008453462706823312, 0.008504003170904663, 0.0652403142247634, 0.0652403142247634, 0.3950707458633873], "layer_ochiai_score": [0.5220321363859991, 0.36715450869830013, 0.6445212153250326, 0.20537433691814705, 0.17730320278063014, 0.2899456060149878, 0.06590974727643516, 0.060489279809426214, 0.08319880361678092, 0.031909784483362104, 0.010726950490474028, 0.011927674688901536, 0.012183465418993799, 0.12514521680567484, 0.12514521680567484, 0.757858148760654], "layer_D_star_score": [3.4763396345483057, 2.3238483759655715, 30.816004095133934, 9.189694168405495, 11.143319345813412, 32.339292592206384, 6.211470833654218, 5.3168372516323, 12.373922717396121, 5.572460107925994, 2.102708168441843, 2.3212892931707123, 2.4918761869115147, 34.25603189039132, 34.25603189039132, 208.97720546071466], "layer_Op2_score": [6.832263912219588, 4.144266244058534, 11.364700033065565, 3.0724833665627895, 2.7010239989167224, 5.095802917477753, 1.0795624215026032, 1.0498882535748884, 1.5768237438752015, 0.6257200615896078, 0.21544132228093005, 0.23805333463885792, 0.24963925609981186, 2.912280440763637, 2.912280440763637, 17.646108092693204], "layer_Barinel_score": [0.8745543387019231, 0.7696412092860545, 0.8513470326869922, 0.3780406325845916, 0.3183039312374437, 0.4401258787684189, 0.11277634116140893, 0.09140074448567594, 0.11558635519908762, 0.04299664574505717, 0.014060680114468822, 0.015816952775072175, 0.01563273558441543, 0.12010100509181164, 0.12010100509181164, 0.7269135802469135], "time": 12.777713060379028}