{"neuron_counts": [3686400, 3686400, 921600, 921600, 921600, 230400, 460800, 460800, 112640, 112640, 112640, 112640, 112640, 1024, 1024, 9], "neuron_counts_selected": [1000, 1000, 1000, 1000, 1000, 1000, 1000, 1000, 1000, 1000, 1000, 1000, 1000, 1000, 1000, 9], "layer_tarantula_score": [0.4654195671880628, 0.4524121950484705, 0.4169365268010002, 0.2180010881645376, 0.17241037262106476, 0.2575132589527013, 0.06484127759852097, 0.04225309208615994, 0.05952506333791331, 0.02251487302512732, 0.007819470771973735, 0.007498763267080281, 0.007794305715734695, 0.06367744906352567, 0.06731234513515648, 0.3950707458633873], "layer_ochiai_score": [0.523987562364106, 0.37202195210660477, 0.6486271504195429, 0.22170594522983175, 0.17860889199986207, 0.3133512319657391, 0.07252132183932766, 0.05557157238909747, 0.07677007630567134, 0.02922968500473419, 0.010734797203272483, 0.009946842309905633, 0.011212697159692277, 0.12214610775208369, 0.12912086211090856, 0.757858148760654], "layer_D_star_score": [3.512787088910307, 2.356566366107516, 33.432514325918625, 11.05948292180069, 10.666888979689176, 35.437070451745626, 6.359581391562311, 5.329201097470503, 10.715680427055947, 5.23557890791565, 2.0503060582530197, 1.8751830314784383, 2.026430060542382, 33.35761604943931, 35.41282025033128, 208.97720546071466], "layer_Op2_score": [6.862541414952836, 4.201423392586912, 11.639059880837303, 3.403837924302519, 2.7115527274757567, 5.593307834605519, 1.1889253114229639, 0.985827388553721, 1.4201537413086327, 0.5637265702476703, 0.21143754534848455, 0.1941018663044542, 0.2224539016366143, 2.842097832105591, 3.0051273263224494, 17.646108092693204], "layer_Barinel_score": [0.8789622513106989, 0.7823209358550782, 0.8375781042947918, 0.39505718355876424, 0.3179489975070727, 0.472006696662843, 0.12049847325117695, 0.08156279564598413, 0.10945801852654902, 0.04115892788206423, 0.0145267507555949, 0.013956524600218173, 0.015023157398353651, 0.11723821181818143, 0.12390344696969699, 0.7269135802469135], "time": 8.880412578582764}