{"neuron_counts": [3686400, 3686400, 921600, 921600, 921600, 230400, 460800, 460800, 112640, 112640, 112640, 112640, 112640, 1024, 1024, 9], "neuron_counts_selected": [500, 500, 500, 500, 500, 500, 500, 500, 500, 500, 500, 500, 500, 500, 500, 9], "layer_tarantula_score": [0.6009023783321273, 0.21694278119740892, 0.3791593569220596, 0.06950673742089045, 0.03159185581424955, 0.04383340882821151, 0.0031378449356516485, 8.704236611577177e-05, 0.00018964305897021567, 0.00013808136102950568, 8.000116063324219e-06, 3.2000464253314196e-05, 8.00011606332311e-06, 0.05368574779880753, 0.041324940290940915, 0.3950674599173437], "layer_ochiai_score": [0.30308357076483233, 0.07910338158867944, 0.22786979257983692, 0.04673225513849661, 0.025097255225516545, 0.03790743306100019, 0.0032160978749268096, 0.00011866322567163829, 0.0003325891938517823, 7.125121165893442e-05, 1.5316350523582586e-05, 6.126540209432439e-05, 1.531635052358854e-05, 0.10180482362144881, 0.07910359449288552, 0.7563629888186615], "layer_D_star_score": [0.6615183407368811, 0.15841251049996938, 1.860184922695671, 0.6655027921273408, 0.9350866142283963, 49.61369393256278, 0.3733752228587978, 0.02042128577297561, 0.07821767617250447, 0.0003366799387963807, 0.006016522148753571, 0.024066088595006602, 0.006016522148753237, 39.25110852189494, 30.09086648062525, 297.11220487676053], "layer_Op2_score": [3.7551309769213694, 0.8176046856356757, 3.2981327275866597, 0.7534590458821164, 0.4715795458216989, 0.841419241881913, 0.07731083862686787, 0.0030866616165799122, 0.010345239684664321, 0.0010018911187581103, 0.0005369560476029547, 0.002147824190413041, 0.0005369560476027609, 3.555040327733026, 2.764720142543531, 26.516348029784357], "layer_Barinel_score": [0.8273072745226792, 0.2747375685121244, 0.5854209699547698, 0.11380579037438232, 0.05252855011833591, 0.07334728718759745, 0.005858861491279241, 0.0001669212142458406, 0.0003615628831756189, 0.00018425479085789666, 1.466195480911044e-05, 5.8647819236484894e-05, 1.466195480911451e-05, 0.09855133529048024, 0.07595926110707925, 0.724047151067061], "time": 23.332481861114502}