{"neuron_counts": [3686400, 3686400, 921600, 921600, 921600, 230400, 460800, 460800, 112640, 112640, 112640, 112640, 112640, 1024, 1024, 9], "neuron_counts_selected": [200, 200, 200, 200, 200, 200, 200, 200, 200, 200, 200, 200, 200, 200, 200, 9], "layer_tarantula_score": [0.45699927584401934, 0.48879263366076137, 0.4241391316898551, 0.21060157746366007, 0.15871880862015944, 0.26118808944019906, 0.08307462080965503, 0.02805945187510831, 0.06275125364838742, 0.02609667750759332, 0.012500145079157922, 0.011072293537985231, 0.006770563850295234, 0.07220104747151929, 0.09669460703145158, 0.3950674599173437], "layer_ochiai_score": [0.5165370361256854, 0.3879957166353125, 0.6446430968559547, 0.18303099870068867, 0.15217877070433483, 0.29865815445360605, 0.08715867565325444, 0.03870288493338572, 0.08105010380409929, 0.031417774646239766, 0.013384390139687152, 0.01606443806496029, 0.006477207766923365, 0.13823006347529065, 0.18510877211068796, 0.7563629888186615], "layer_D_star_score": [5.220780721942685, 3.6957811796257416, 44.017532292846994, 11.527479071564807, 12.267109759320892, 41.07671820301379, 12.276147959328103, 4.856395229317515, 15.566251595595316, 7.585796861842386, 3.7706337652394177, 4.449478119944793, 1.1341589527734204, 54.29911239250862, 71.47279571888416, 297.11220487676053], "layer_Op2_score": [10.164765506025807, 6.620164801824018, 17.237590596979054, 3.8961311726827295, 3.500311364133763, 7.5623367626966465, 2.1428489713654146, 1.1059687246903551, 2.25982704309166, 0.9043781415310063, 0.3801746592325711, 0.4920084771237265, 0.15928476197384037, 4.846028329618275, 6.48285931926625, 26.516348029784357], "layer_Barinel_score": [0.8683294223479489, 0.821506195840902, 0.8446225416579309, 0.3587476898323444, 0.273506045607336, 0.47793386667410737, 0.14842657983215152, 0.05219502493443664, 0.11572027367018256, 0.044672809627784964, 0.020827443511385216, 0.020509067858081993, 0.011123912924427631, 0.13232414215219937, 0.17737623260685015, 0.724047151067061], "time": 11.516938209533691}