{"neuron_counts": [3686400, 3686400, 921600, 921600, 921600, 230400, 460800, 460800, 112640, 112640, 112640, 112640, 112640, 1024, 1024, 9], "neuron_counts_selected": [500, 500, 500, 500, 500, 500, 500, 500, 500, 500, 500, 500, 500, 500, 500, 9], "layer_tarantula_score": [0.6139548569187572, 0.6410989751643317, 0.5637404732541867, 0.4012257045133232, 0.3981800666138547, 0.4298442342233792, 0.22985473559157024, 0.18696551380766965, 0.22026802376923585, 0.14221411510702314, 0.08403680675776826, 0.06459475065802124, 0.08748145845821238, 0.17397797326589778, 0.17792143120781542, 0.4444508924070117], "layer_ochiai_score": [0.5727990717986899, 0.49534986356513244, 0.750679387297327, 0.4036748002802467, 0.381326829918978, 0.5285311160142501, 0.23813136813167424, 0.23108987929458175, 0.2967920810794283, 0.19070169760019592, 0.11778872695439113, 0.09171936568724448, 0.10618216685717148, 0.33308026314653083, 0.34062396623413, 0.8509083624209942], "layer_D_star_score": [8.296202752188401, 15.550282968304478, 119.27107122548242, 62.450659028767824, 66.28574986270573, 140.98743849679974, 52.76787072486834, 23608.23093089789, 91.31350479742271, 54.46921846655083, 39.35036403353115, 30.177907879624982, 31.353711389733327, 130.55427115355897, 133.08625777885905, 334.2512304863556], "layer_Op2_score": [12.279563884754749, 10.627629337300153, 22.309381376800214, 11.191142959163466, 10.61910457328147, 16.366424528717715, 6.906803630891234, 6.994117764246042, 9.500831451278609, 6.046412076928476, 3.8402888541545055, 2.998423735680816, 3.335338404998719, 11.67550464301604, 11.936629330334366, 29.830891533507398], "layer_Barinel_score": [0.9117143603710158, 0.8631487740686651, 0.899601773241158, 0.5833797146762847, 0.5491280293373243, 0.6565954704814845, 0.33060562161104845, 0.29212928071326005, 0.3473551392817026, 0.22570980155364856, 0.13493146116238874, 0.1037059595191489, 0.1318424829617811, 0.3188898342053731, 0.326202603396818, 0.8145530449504437], "time": 3.741689682006836}