{"neuron_counts": [3686400, 3686400, 921600, 921600, 921600, 230400, 460800, 460800, 112640, 112640, 112640, 112640, 112640, 1024, 1024, 9], "neuron_counts_selected": [500, 500, 500, 500, 500, 500, 500, 500, 500, 500, 500, 500, 500, 500, 500, 9], "layer_tarantula_score": [0.7693226567908256, 0.4637796766395074, 0.6015284703218897, 0.25407139504430376, 0.16892624141635804, 0.195653438774136, 0.0503294198206732, 0.008267515238428533, 0.010734163577010541, 0.011594318795340878, 0.0020000290158315526, 0.004000058031663105, 0.0020000290158315526, 0.1648352105456122, 0.14374287930841942, 0.4444508924070117], "layer_ochiai_score": [0.3675944517659383, 0.19048870077155994, 0.3760855581313342, 0.17920011943199132, 0.1392507222326409, 0.17915156081073239, 0.0532087913303033, 0.010330651449478895, 0.01769360692166176, 0.0062517748514886035, 0.003829087630894474, 0.007658175261788948, 0.003829087630894474, 0.31217443830150393, 0.2751740204496704, 0.8509083624209942], "layer_D_star_score": [1.426593277891016, 1.481226260848434, 17.421650462603772, 10.584158759293466, 17.18840960751851, 23581.80583678403, 12.128561194943533, 2.740887465966134, 5.401770856663603, 0.07660146605695638, 1.5041305371886002, 3.0082610743772005, 1.5041305371886002, 121.48782637339178, 106.36532428754997, 334.2512304863556], "layer_Op2_score": [5.33079247361674, 2.840062565889218, 7.60788173554193, 4.005719193909664, 3.4835637255539376, 4.961879063791458, 1.5540955998827448, 0.3120367240139859, 0.5818477116472244, 0.11350237634242528, 0.13423901190078327, 0.26847802380156655, 0.13423901190078327, 10.922624374735948, 9.632096119945814, 29.830891533507398], "layer_Barinel_score": [0.9044618338422175, 0.5226947297377706, 0.75888540816609, 0.3338126001733708, 0.22650264109957866, 0.26718879619972735, 0.07505530250646215, 0.012623217411105923, 0.01837185440068368, 0.013513994280197781, 0.0036654887022769963, 0.0073309774045539925, 0.0036654887022769963, 0.3006821661177841, 0.26383038936913783, 0.8145530449504437], "time": 3.5947885513305664}