{"neuron_counts": [3686400, 3686400, 921600, 921600, 921600, 230400, 460800, 460800, 112640, 112640, 112640, 112640, 112640, 1024, 1024, 9], "neuron_counts_selected": [1000, 1000, 1000, 1000, 1000, 1000, 1000, 1000, 1000, 1000, 1000, 1000, 1000, 1000, 1000, 9], "layer_tarantula_score": [0.4486713026121142, 0.4406558648323307, 0.43487706015830285, 0.2170135734629355, 0.17965262504222385, 0.24647823720355794, 0.05722906344905158, 0.04607031130989865, 0.0486644236616639, 0.021922171914670482, 0.006743747830107801, 0.009888992181058437, 0.008738182500222845, 0.06371667203844805, 0.07676139890639105, 0.3950674599173437], "layer_ochiai_score": [0.5212089062987832, 0.37196843216705144, 0.6466897428703358, 0.20870412489221132, 0.17593006654001064, 0.29059333890065947, 0.06029850491820375, 0.05289416542363433, 0.06659339841844722, 0.030420548803755956, 0.010092329777461875, 0.012905021116157994, 0.011524748341999265, 0.12198539376319896, 0.14695237355695076, 0.7563629888186615], "layer_D_star_score": [5.2153841829788865, 3.6467774663423715, 55.76895683638804, 12.548407829131277, 16.06192006673408, 45.869574058816504, 8.049099712548983, 6.60652597513885, 13.702893178955248, 7.515288593677476, 3.0468437458724895, 3.1934387201194734, 3.0314529423468306, 47.81622019860849, 57.064253765253476, 297.11220487676053], "layer_Op2_score": [10.321782167529776, 6.461785687040731, 17.198333924397726, 4.628605756565077, 4.080665768207377, 7.6197938075495575, 1.4801610283702082, 1.360912308667792, 1.9007720362473408, 0.903562083768113, 0.31415961369275336, 0.36941426525026066, 0.3341011586361705, 4.275984288562218, 5.147493900857321, 26.516348029784357], "layer_Barinel_score": [0.8681651353199493, 0.7624363088565982, 0.8495225310646406, 0.3875897931785371, 0.3180714754966852, 0.4522649659358533, 0.1028250024035662, 0.08442961146410093, 0.09141868419125161, 0.040902487341062777, 0.01253396989012695, 0.017889412683505742, 0.01610931431986518, 0.1167879784528689, 0.1407905903366505, 0.724047151067061], "time": 8.451725721359253}