{"neuron_counts": [3686400, 3686400, 921600, 921600, 921600, 230400, 460800, 460800, 112640, 112640, 112640, 112640, 112640, 1024, 1024, 9], "neuron_counts_selected": [200, 200, 200, 200, 200, 200, 200, 200, 200, 200, 200, 200, 200, 200, 200, 9], "layer_tarantula_score": [0.6268224314560323, 0.6718204731443107, 0.5339351781392775, 0.4280718002602207, 0.3673394113285724, 0.45119571123089824, 0.26013091175502906, 0.14291084853203326, 0.21553033603551827, 0.14123164852247747, 0.10000072539578882, 0.08413519745224025, 0.07612766965450826, 0.1900027565039975, 0.21988043618423445, 0.4444508924070117], "layer_ochiai_score": [0.5743009186055085, 0.5059124913515516, 0.752766574455841, 0.3897927416636033, 0.3622094843352979, 0.5180582706012254, 0.27874071458159544, 0.1886693843898143, 0.27389535816283733, 0.17143589182781607, 0.111529923771117, 0.12323342418997171, 0.07594576263429871, 0.363763324934975, 0.42094783569195016, 0.8509083624209942], "layer_D_star_score": [8.902271266869459, 17.74813783999933, 109.76197406719068, 66.18048372142519, 64.54036478245915, 126.44802893092296, 69.30316933388652, 42.10024138277871, 75.9874431865985, 53.32340027313808, 37.65131837664378, 40.8255312916353, 20.575500014280024, 142.89240103291704, 163.9289311814998, 334.2512304863556], "layer_Op2_score": [12.383060499514613, 10.873582148297423, 22.38209913737539, 10.563521320548206, 10.237752250279732, 15.439315177076027, 8.239825934433787, 5.914932441430376, 8.580857579586596, 5.4662934697828796, 3.547982622289675, 4.047010666717908, 2.2525046109545115, 12.752706130574412, 14.749844347325638, 29.830891533507398], "layer_Barinel_score": [0.9142501817852984, 0.895646685883585, 0.8924221109463641, 0.59057847251844, 0.514883862400322, 0.6769382052096298, 0.37823105055899275, 0.22273776915154528, 0.3320972623457424, 0.20692967769650125, 0.1416372175569249, 0.13874937043839985, 0.10393835735204586, 0.3482214267163146, 0.40316534278684146, 0.8145530449504437], "time": 2.063136339187622}