{"neuron_counts": [3686400, 3686400, 921600, 921600, 921600, 230400, 460800, 460800, 112640, 112640, 112640, 112640, 112640, 1024, 1024, 9], "neuron_counts_selected": [500, 500, 500, 500, 500, 500, 500, 500, 500, 500, 500, 500, 500, 500, 500, 9], "layer_tarantula_score": [0.4644757077799754, 0.4420624233971648, 0.4470827123806474, 0.21652863505000838, 0.2033605497079982, 0.24654087915715886, 0.05364043158388801, 0.045189009306068555, 0.05353747592431389, 0.020885056329550667, 0.005992586624150693, 0.006713510999994799, 0.010055992335700216, 0.06623337880000964, 0.05112856806200574, 0.3950707458633873], "layer_ochiai_score": [0.5192284838500698, 0.3694629453041168, 0.6661847230331928, 0.21227140360347305, 0.19516622048332435, 0.27923116314153557, 0.05929033319685307, 0.06127617407925808, 0.07556781652722835, 0.02672415051712234, 0.006556767579332048, 0.008945804601258085, 0.012983846000812458, 0.1270523399586872, 0.098071424317584, 0.757858148760654], "layer_D_star_score": [3.3790481137743775, 2.614619632048264, 31.357899165613624, 9.222401925734506, 11.780879732080871, 28.462749778472666, 6.247911038059576, 5.2352979708992615, 11.526497008355285, 3.889741236600109, 1.1843628810686344, 1.7164272161458236, 2.108991751749718, 34.893653221475425, 26.587253163631768, 208.97720546071466], "layer_Op2_score": [6.7466404362521235, 4.310821827539084, 11.773699800406654, 3.160956555848149, 2.937661630079002, 4.7290140333988795, 1.004809017566085, 1.0975397268091023, 1.4321721446618536, 0.4968419740675316, 0.11842412639579011, 0.17137088830372185, 0.24539359541348463, 2.9576282775907545, 2.2805796088130377, 17.646108092693204], "layer_Barinel_score": [0.8786710258352759, 0.7520841246274688, 0.8739949825558639, 0.3879108338341743, 0.36113617485143734, 0.450473916562772, 0.0962488452615796, 0.08633930624243905, 0.10261493384585194, 0.03843028148112784, 0.01102049855072488, 0.01266059757575777, 0.018837646845184176, 0.12189147999999998, 0.09418565333333327, 0.7269135802469135], "time": 4.214016914367676}