{"neuron_counts": [64, 64, 1], "neuron_counts_selected": [64, 64, 1], "layer_tarantula_score": [0.3224524858693349, 0.3224524858693349, 0.49999998150207037], "layer_ochiai_score": [0.1904370142331119, 0.1904370142331119, 0.7002739848431035], "layer_D_star_score": [1.9451751943287428, 1.9451751943287428, 49.075379103058296], "layer_Op2_score": [5.811270766888625, 5.811270766888625, 50.01852033607345], "layer_Barinel_score": [0.31645454673236617, 0.31645454673236617, 0.4903846153846154], "time": 0.1865520477294922}