{"neuron_counts": [64, 64, 1], "neuron_counts_selected": [64, 64, 1], "layer_tarantula_score": [0.49515679409532454, 0.49515679409532454, 0.49999998150207037], "layer_ochiai_score": [0.46391637259515167, 0.46391637259515167, 0.7002739848431035], "layer_D_star_score": [18.221089705088573, 18.221089705088573, 49.075379103058296], "layer_Op2_score": [22.539641998348152, 22.539641998348152, 50.01852033607345], "layer_Barinel_score": [0.4867883074398016, 0.4867883074398016, 0.4903846153846154], "time": 0.18252325057983398}