{"neuron_counts": [320, 10, 1], "neuron_counts_selected": [320, 10, 1], "layer_tarantula_score": [NaN, NaN, 0.49999250026249087], "layer_ochiai_score": [NaN, NaN, 0.5345091212638472], "layer_D_star_score": [NaN, NaN, 0.7999840003199936], "layer_Op2_score": [NaN, NaN, 1.1666805553240778], "layer_Barinel_score": [NaN, NaN, 0.2857142857142857], "time": 0.43139171600341797}