{"neuron_counts": [128, 128, 10], "neuron_counts_selected": [128, 128, 10], "layer_tarantula_score": [0.17144775390625, 0.17144775390625, NaN], "layer_ochiai_score": [0.16409040841014766, 0.16409040841014766, NaN], "layer_D_star_score": [58618179.12783269, 58618179.12783269, NaN], "layer_Op2_score": [32.089599609375, 32.089599609375, NaN], "layer_Barinel_score": [0.17144775390625, 0.17144775390625, NaN], "time": 0.3990800380706787}