{"neuron_counts": [128, 128, 10], "neuron_counts_selected": [128, 128, 10], "layer_tarantula_score": [0.22711181640625, 0.22711181640625, 0.25], "layer_ochiai_score": [0.22090692020177027, 0.22090692020177027, 0.24999987500009374], "layer_D_star_score": [21246345.575502757, 21246345.575502757, 24999999.99917009], "layer_Op2_score": [21.944091796875004, 21.944091796875004, 25.0], "layer_Barinel_score": [0.22711181640625, 0.22711181640625, 0.25], "time": 0.32709503173828125}