{"neuron_counts": [128, 128, 10], "neuron_counts_selected": [100, 100, 10], "layer_tarantula_score": [0.16000000000000003, 0.27040000000000003, 0.25], "layer_ochiai_score": [0.15967733396818704, 0.2687665178032765, 0.24999987500009374], "layer_D_star_score": [15210008.357590584, 23040042.318706162, 24999999.99917009], "layer_Op2_score": [15.9368, 26.72, 25.0], "layer_Barinel_score": [0.16000000000000003, 0.27040000000000003, 0.25], "time": 0.30669069290161133}