{"neuron_counts": [4, 1], "neuron_counts_selected": [4, 1], "layer_tarantula_score": [1.0, 1.0], "layer_ochiai_score": [0.5861031789619429, 0.9426956606224891], "layer_D_star_score": [16.042006482783684, 198.07082914111962], "layer_Op2_score": [10.829121507748422, 24.812457713688378], "layer_Barinel_score": [1.0, 1.0], "time": 0.06670117378234863}