{"neuron_counts": [4, 1], "neuron_counts_selected": [4, 1], "layer_tarantula_score": [1.0, 1.0], "layer_ochiai_score": [0.6539261872312517, 0.9999982092142694], "layer_D_star_score": [39.25711354365682, 7795615.764822269], "layer_Op2_score": [13.462175218050074, 27.920629943694223], "layer_Barinel_score": [1.0, 1.0], "time": 0.08526754379272461}