{"neuron_counts": [784, 128, 10], "neuron_counts_selected": [100, 100, 10], "layer_tarantula_score": [0.49596027945284554, 0.5775253660194707, 0.0], "layer_ochiai_score": [0.6315945310379959, 0.2555656490608175, 0.0], "layer_D_star_score": [14986.826163703408, 31203.93174458027, 0.0], "layer_Op2_score": [7553.902918678691, 3415.4363342368383, 0.0], "layer_Barinel_score": [0.8871045765702315, 0.7396958214129632, 0.0], "time": 15.841728687286377}