{"neuron_counts": [784, 128, 10], "neuron_counts_selected": [500, 128, 10], "layer_tarantula_score": [0.38659590439969743, 0.10479425030163209, 0], "layer_ochiai_score": [0.3174993051939952, 0.05210435950735495, 0], "layer_D_star_score": [768.4077641573076, 1962.1002318855228, 0], "layer_Op2_score": [1512.0591555105507, 351.814491364496, 0], "layer_Barinel_score": [0.8247796141848892, 0.17722117934036935, 0], "time": 55.70670962333679}