{"neuron_counts": [784, 128, 10], "neuron_counts_selected": [500, 128, 10], "layer_tarantula_score": [0.3971686837953271, 0.2202434096640142, NaN], "layer_ochiai_score": [0.3606638195334225, 0.0669581111275272, NaN], "layer_D_star_score": [2130.669498303124, 4080.4093414090307, NaN], "layer_Op2_score": [3088.318256846484, 672.6468610435094, NaN], "layer_Barinel_score": [0.8466215482608327, 0.34814329801594707, NaN], "time": 47.66885256767273}