{"neuron_counts": [784, 128, 10], "neuron_counts_selected": [500, 128, 10], "layer_tarantula_score": [0.3969023170337388, 0.22145134851797305, 0], "layer_ochiai_score": [0.42069930829598184, 0.06664819202655091, 0], "layer_D_star_score": [1932.9035100390142, 2335.710707037024, 0], "layer_Op2_score": [2376.2023767267538, 407.8039707102373, 0], "layer_Barinel_score": [0.8333343753341226, 0.3467911529327065, 0], "time": 58.39747762680054}