{"neuron_counts": [784, 128, 10], "neuron_counts_selected": [500, 128, 10], "layer_tarantula_score": [0.4147997848809621, 0.3931107991666842, 0], "layer_ochiai_score": [0.4683398267445378, 0.0943324078693544, 0], "layer_D_star_score": [3059.059597712667, 2701.8583321196256, 0], "layer_Op2_score": [2831.1120689413783, 502.89755528219627, 0], "layer_Barinel_score": [0.8535305573551174, 0.5924659021710668, 0], "time": 55.532976388931274}