{"neuron_counts": [784, 128, 10], "neuron_counts_selected": [500, 128, 10], "layer_tarantula_score": [0.38565714882360147, 0.2202434096640142, NaN], "layer_ochiai_score": [0.3934448583420103, 0.0669581111275272, NaN], "layer_D_star_score": [2535.6679940384047, 4080.4093414090307, NaN], "layer_Op2_score": [3493.383647433448, 672.6468610435094, NaN], "layer_Barinel_score": [0.8388787474549303, 0.34814329801594707, NaN], "time": 48.24092674255371}