{"neuron_counts": [784, 128, 10], "neuron_counts_selected": [500, 128, 10], "layer_tarantula_score": [0.37096770971004944, 0.10479425030163209, 0], "layer_ochiai_score": [0.34401242220857453, 0.05210435950735495, 0], "layer_D_star_score": [905.7554625298691, 1962.1002318855228, 0], "layer_Op2_score": [1702.9974102353276, 351.814491364496, 0], "layer_Barinel_score": [0.8148474476326318, 0.17722117934036935, 0], "time": 57.871785163879395}