{"neuron_counts": [784, 128, 10], "neuron_counts_selected": [500, 128, 10], "layer_tarantula_score": [0.49410588432126595, 0.29407611981880294, 0.0], "layer_ochiai_score": [0.471852126105907, 0.214607819923039, 0.0], "layer_D_star_score": [3646.316556319991, 22392.45112831707, 0.0], "layer_Op2_score": [4624.242338015038, 2888.2422716834817, 0.0], "layer_Barinel_score": [0.8753633808925488, 0.41508528009131673, 0.0], "time": 47.32693862915039}