{"neuron_counts": [784, 128, 10], "neuron_counts_selected": [500, 128, 10], "layer_tarantula_score": [0.40064782119082437, 0.3906326601885997, NaN], "layer_ochiai_score": [0.4463790170396899, 0.09594921372634785, NaN], "layer_D_star_score": [4202.979253699382, 4783.101863714092, NaN], "layer_Op2_score": [4284.789001350911, 836.6703813289735, NaN], "layer_Barinel_score": [0.8524360285898014, 0.5950248671035031, NaN], "time": 49.33224272727966}