{"neuron_counts": [784, 128, 10], "neuron_counts_selected": [500, 128, 10], "layer_tarantula_score": [0.35599246942349777, 0.06597764117423666, 0], "layer_ochiai_score": [0.2680941525726809, 0.043899736795098, 0], "layer_D_star_score": [346.808149225065, 1632.0071467519997, 0], "layer_Op2_score": [1108.778967128879, 311.80970385100835, 0], "layer_Barinel_score": [0.8014237754575494, 0.11854474166128995, 0], "time": 55.76966857910156}