{"neuron_counts": [784, 128, 10], "neuron_counts_selected": [500, 128, 10], "layer_tarantula_score": [0.5086156942188338, 0.29407611981880294, 0.0], "layer_ochiai_score": [0.4339211384200893, 0.214607819923039, 0.0], "layer_D_star_score": [3146.9333843981153, 22392.45112831707, 0.0], "layer_Op2_score": [4104.446375154616, 2888.2422716834817, 0.0], "layer_Barinel_score": [0.8795929236576806, 0.41508528009131673, 0.0], "time": 47.58087134361267}