{"neuron_counts": [784, 128, 10], "neuron_counts_selected": [500, 128, 10], "layer_tarantula_score": [0.36682382008520165, 0.06597764117423666, 0], "layer_ochiai_score": [0.28794779708290574, 0.043899736795098, 0], "layer_D_star_score": [400.29426102919643, 1632.0071467519997, 0], "layer_Op2_score": [1227.822716867365, 311.80970385100835, 0], "layer_Barinel_score": [0.8119779060868907, 0.11854474166128995, 0], "time": 55.60564947128296}