{"neuron_counts": [320, 320, 128, 128, 128, 128, 1], "neuron_counts_selected": [200, 200, 128, 128, 128, 128, 1], "layer_tarantula_score": [0.49207728735743284, 0.4982701836035228, 0.39364166897009895, 0.39364166897009895, 0.4134456497165653, 0.4134456497165653, 0.5000000064949081], "layer_ochiai_score": [0.46396860020675973, 0.46993658288111434, 0.4120045743320516, 0.4120045743320516, 0.3426697711589828, 0.3426697711589828, 0.7140504828830209], "layer_D_star_score": [30.160945747185625, 31.029564427169316, 63.5237133660262, 63.5237133660262, 38.146740380322115, 38.146740380322115, 161.2415025224815], "layer_Op2_score": [66.19446696035536, 67.06946695702203, 71.02734404427063, 71.02734404427063, 47.51812520666653, 47.51812520666653, 154.00666732888845], "layer_Barinel_score": [0.5018407630249224, 0.5080505331478329, 0.40076714766417854, 0.40076714766417854, 0.4193275113179931, 0.4193275113179931, 0.5098684210526316], "time": 2.71116042137146}