{"neuron_counts": [320, 320, 128, 128, 128, 128, 1], "neuron_counts_selected": [320, 320, 128, 128, 128, 128, 1], "layer_tarantula_score": [0.4990391193739354, 0.4990391193739354, 0.3990689861128245, 0.3990689861128245, 0.40387476142051304, 0.40387476142051304, 0.5000000064949081], "layer_ochiai_score": [0.4351534708712183, 0.4351534708712183, 0.40153078444457724, 0.40153078444457724, 0.337983468155163, 0.337983468155163, 0.7140504828830209], "layer_D_star_score": [23.16961244779142, 23.16961244779142, 59.40705887690093, 59.40705887690093, 37.55455372234773, 37.55455372234773, 161.2415025224815], "layer_Op2_score": [57.48085441484706, 57.48085441484706, 67.94447944847204, 67.94447944847204, 46.71088561982626, 46.71088561982626, 154.00666732888845], "layer_Barinel_score": [0.5087705695843932, 0.5087705695843932, 0.406020359735022, 0.406020359735022, 0.4097165899602291, 0.4097165899602291, 0.5098684210526316], "time": 3.4444549083709717}