{"neuron_counts": [320, 320, 128, 128, 128, 128, 1], "neuron_counts_selected": [320, 320, 128, 128, 128, 128, 1], "layer_tarantula_score": [0.5001924305758205, 0.5001924305758205, 0.3986657809298808, 0.3986657809298808, 0.39619419620668317, 0.39619419620668317, 0.5000000064949081], "layer_ochiai_score": [0.400557082994389, 0.400557082994389, 0.39059434832527573, 0.39059434832527573, 0.3342460456813715, 0.3342460456813715, 0.7140504828830209], "layer_D_star_score": [16.72606521281147, 16.72606521281147, 55.83659266128407, 55.83659266128407, 36.780634040634716, 36.780634040634716, 161.2415025224815], "layer_Op2_score": [48.658229375763746, 48.658229375763746, 64.95526068607622, 64.95526068607622, 45.98260436576375, 45.98260436576375, 154.00666732888845], "layer_Barinel_score": [0.5098905332365827, 0.5098905332365827, 0.4054008849285434, 0.4054008849285434, 0.4019973261872265, 0.4019973261872265, 0.5098684210526316], "time": 3.3733625411987305}