{"neuron_counts": [63845, 63845, 32490, 32490, 32490, 32490, 1], "neuron_counts_selected": [1000, 1000, 1000, 1000, 1000, 1000, 1], "layer_tarantula_score": [0.5025590597656167, 0.5039289128522949, 0.5164815111555585, 0.5101796988055921, 0.5025000873010363, 0.503627517971513, 0.5000001964401178], "layer_ochiai_score": [0.47894658815235763, 0.48107278132530873, 0.44593809156165876, 0.4467962974132441, 0.4399442022709629, 0.44367499332079535, 0.7234531405825282], "layer_D_star_score": [3.8937674139462093, 3.9176743084310783, 3.2201143585258025, 3.211424788827, 3.0820599653882113, 3.097462006662058, 13.716167160618136], "layer_Op2_score": [5.191175801176285, 5.231115330249197, 4.542371784490599, 4.556777095405351, 4.484887756308772, 4.5459340344426735, 11.571231309940634], "layer_Barinel_score": [0.5233742559143134, 0.5246791614111649, 0.5357006700721461, 0.5297521128610774, 0.5222094703955756, 0.5232927135242472, 0.5233886369091267], "time": 1.9738285541534424}