{"neuron_counts": [63845, 63845, 32490, 32490, 32490, 32490, 1], "neuron_counts_selected": [500, 500, 500, 500, 500, 500, 1], "layer_tarantula_score": [0.26614792738119164, 0.24137643649280457, 0.02549947220716742, 0.04711955312114253, 0.04891739557225412, 0.041979241905992205, 0], "layer_ochiai_score": [0.15433645347904265, 0.13898056266960124, 0.010012043023579994, 0.019494300809851945, 0.019765280386848695, 0.016425620538449755, 0], "layer_D_star_score": [0.12537507090074154, 0.11611670192142187, 0.0044060262236006375, 0.008790971138924884, 0.00917844356558721, 0.007182257890093075, 0], "layer_Op2_score": [0.5153147951150612, 0.4556537462281718, 0.0020248659391759395, 0.025233985625179794, 0.022281010337370375, 0.01562744810689851, 0], "layer_Barinel_score": [0.28063117142857147, 0.25431684761904777, 0.025835999999999297, 0.04809133333333429, 0.04971233333333384, 0.042514666666666395, 0], "time": 0.956270694732666}