{"neuron_counts": [63845, 63845, 32490, 32490, 32490, 32490, 1], "neuron_counts_selected": [200, 200, 200, 200, 200, 200, 1], "layer_tarantula_score": [0.4196975833267889, 0.4085975794081525, 0.3808016455451239, 0.4239487199056618, 0.39094072609483654, 0.39412217550295475, 0.5000001964401178], "layer_ochiai_score": [0.39999009750773373, 0.39449095461407785, 0.33130714375543185, 0.37170217523214993, 0.3536558822438898, 0.34025089976114287, 0.7234531405825282], "layer_D_star_score": [1.9965940821949064, 1.8483750021644627, 1.3417458781514666, 1.6382015594071284, 1.456668002506629, 1.3016621776329556, 13.716167160618136], "layer_Op2_score": [4.028185227832139, 3.9731758578686467, 3.006530837106692, 3.439540423897183, 3.32882748035063, 3.063035786080178, 11.571231309940634], "layer_Barinel_score": [0.44113206640169345, 0.42997528373401406, 0.39993443097010944, 0.4444387708330339, 0.4108092051017171, 0.41389066111675393, 0.5233886369091267], "time": 0.5339910984039307}