{"neuron_counts": [63845, 63845, 32490, 32490, 32490, 32490, 1], "neuron_counts_selected": [500, 500, 500, 500, 500, 500, 1], "layer_tarantula_score": [0.3891951115289436, 0.3830680001941458, 0.32572252576014615, 0.3221645512535941, 0.32407851453201325, 0.3188168604291374, 0.5000001964401178], "layer_ochiai_score": [0.3310028784309989, 0.32375214005657793, 0.22871573252957747, 0.23269085085725816, 0.2283291987014208, 0.22973221502661964, 0.7234531405825282], "layer_D_star_score": [1.1880597445824856, 1.219168861392292, 0.5265478267290347, 0.5418043718361485, 0.4988473113800299, 0.5598479098734553, 13.716167160618136], "layer_Op2_score": [2.938307062568576, 2.8540613226273046, 1.6401117788459894, 1.7157462896135944, 1.6336928323112234, 1.682026892876817, 11.571231309940634], "layer_Barinel_score": [0.40890204827298265, 0.40223347148128774, 0.34072505238468365, 0.3378749215807783, 0.33972008209447896, 0.33351458050468535, 0.5233886369091267], "time": 1.0548622608184814}