{"neuron_counts": [63845, 63845, 32490, 32490, 32490, 32490, 1], "neuron_counts_selected": [500, 500, 500, 500, 500, 500, 1], "layer_tarantula_score": [0.35217591276362636, 0.3568058028827065, 0.24443590770273912, 0.24068754315102273, 0.22425910023129061, 0.2205986280289677, 0.4961598711047858], "layer_ochiai_score": [0.26383982449259297, 0.26397705069623906, 0.13419019032249624, 0.14173228693874704, 0.12759304868181245, 0.12601053082280722, 0.6831170403679728], "layer_D_star_score": [0.662729727040693, 0.6680458477692824, 0.1802382248686706, 0.19464347252608985, 0.16395686372414955, 0.16118764471387645, 10.8068770765725], "layer_Op2_score": [2.0221359243806543, 2.012407784213924, 0.7438935123497236, 0.8156633956215407, 0.7213008450570569, 0.7051136904033004, 10.380232993565492], "layer_Barinel_score": [0.3692989587641468, 0.3741521205000129, 0.2522680805084246, 0.24993999170720133, 0.23308392307231582, 0.22859101616928731, 0.5195553374250267], "time": 1.064669132232666}