{"neuron_counts": [63845, 63845, 32490, 32490, 32490, 32490, 1], "neuron_counts_selected": [500, 500, 500, 500, 500, 500, 1], "layer_tarantula_score": [0.4151220153994, 0.4196275430043744, 0.39032469466486075, 0.3913337858025885, 0.3745591718526704, 0.3951761474825507, 0.5000001964401178], "layer_ochiai_score": [0.3999693042733748, 0.39938977868733583, 0.33819317759618817, 0.34581371367399716, 0.3349824692481188, 0.34546866019147726, 0.7234531405825282], "layer_D_star_score": [2.0271801120152255, 2.089658368518927, 1.3755908505677108, 1.395575542085693, 1.4299848042997354, 1.3700668326081247, 13.716167160618136], "layer_Op2_score": [4.042832292610706, 4.0442977167418235, 3.0651946446017675, 3.1799602711621677, 3.1046261965556265, 3.1401578630067735, 11.571231309940634], "layer_Barinel_score": [0.43614845474507496, 0.4407705856585255, 0.4097550799648287, 0.4113563791086731, 0.3935727900983378, 0.4151418947666209, 0.5233886369091267], "time": 1.03981614112854}