{"neuron_counts": [63845, 63845, 32490, 32490, 32490, 32490, 1], "neuron_counts_selected": [500, 500, 500, 500, 500, 500, 1], "layer_tarantula_score": [0.39364172743079007, 0.4069786209343994, 0.3032788588936951, 0.3394608746015054, 0.3215015078325613, 0.327660710275002, 0.5000004464225926], "layer_ochiai_score": [0.3441439542045746, 0.343987538247853, 0.21513493365162914, 0.24468402471700365, 0.236316893971868, 0.23343628363865204, 0.7302921790283661], "layer_D_star_score": [0.8336406656852595, 0.8045214924600811, 0.31120150280852277, 0.3763810730501481, 0.367503448132445, 0.31466086097876966, 9.142726532478108], "layer_Op2_score": [1.8643547059161765, 1.8308065259684243, 0.9085539571255361, 1.0591708688641395, 1.0408538011274844, 0.9727323945950673, 7.125010937363283], "layer_Barinel_score": [0.4222273992784991, 0.4362473424242423, 0.323101467099567, 0.36187599523809544, 0.34354679884559874, 0.35014514256854284, 0.5333333333333333], "time": 0.9626553058624268}