{"neuron_counts": [63845, 63845, 32490, 32490, 32490, 32490, 1], "neuron_counts_selected": [100, 100, 100, 100, 100, 100, 1], "layer_tarantula_score": [0.4126758163433203, 0.4173498991919911, 0.41616772560535303, 0.4327872256547045, 0.40048582157294366, 0.4298905931515185, 0.5000004464225926], "layer_ochiai_score": [0.3959809269634438, 0.40279111905782067, 0.34515561566112846, 0.3915604359259692, 0.3541728012569135, 0.36954807559421765, 0.7302921790283661], "layer_D_star_score": [1.3178091750664347, 1.2025570638100724, 0.7334945892423606, 1.0969866025546076, 0.9245292724520308, 0.9077066884881732, 9.142726532478108], "layer_Op2_score": [2.3626800002499975, 2.4384927188410157, 1.7775287783902702, 2.236954253071836, 1.9586666954163061, 1.998878862764216, 7.125010937363283], "layer_Barinel_score": [0.44138005411255415, 0.44839612193362194, 0.4455068506493506, 0.46338512987012986, 0.42995894688644687, 0.45917591991342005, 0.5333333333333333], "time": 0.37741780281066895}