{"neuron_counts": [512, 128, 64, 64, 8, 2], "neuron_counts_selected": [500, 128, 64, 64, 8, 2], "layer_tarantula_score": [0.006, 0.015625, 0.005244791992121302, 0.005244791992121302, 0.0, 0.0], "layer_ochiai_score": [0.0005807724610057706, 0.001547491059833468, 0.0011327979556172618, 0.0011327979556172618, 0.0, 0.0], "layer_D_star_score": [6.929828951925892e-05, 0.0001980967311081291, 0.0016094791922441872, 0.0016094791922441872, 0.0, 0.0], "layer_Op2_score": [0.007048836386335684, 0.018912980115664037, 0.058262475611746335, 0.058262475611746335, 0.0, 0.0], "layer_Barinel_score": [0.006, 0.015625, 0.0027341547866275434, 0.0027341547866275434, 0.0, 0.0], "time": 3.862598180770874}