{"neuron_counts": [512, 128, 64, 64, 8, 2], "neuron_counts_selected": [500, 128, 64, 64, 8, 2], "layer_tarantula_score": [0.49757904108653966, 0.4999775690400582, 0.43878274115539806, 0.43878274115539806, 0.0020994342528826535, 0.5090113770549376], "layer_ochiai_score": [0.5387049025441658, 0.561324190162953, 0.46116221883843966, 0.46116221883843966, 0.00039560112507425405, 0.5614476643764233], "layer_D_star_score": [42.48899496104228, 47.84384601269271, 37.94922108115497, 37.94922108115497, 0.00013354689440436387, 47.871994579006994], "layer_Op2_score": [95.00749251014777, 102.98890252633976, 82.58684020332531, 82.58684020332531, 0.01156387844102273, 100.5627757432706], "layer_Barinel_score": [0.3131028483092613, 0.31513233078164354, 0.2764233316482404, 0.2764233316482404, 0.0010416666666666664, 0.3229880699625923], "time": 2.820850372314453}