{"neuron_counts": [784, 128, 10], "neuron_counts_selected": [500, 128, 10], "layer_tarantula_score": [0.37339609202554364, 0.12344540072131453, NaN], "layer_ochiai_score": [0.1083719884509913, 0.09540402126861988, NaN], "layer_D_star_score": [17.365689391347587, 1635.7149000220297, NaN], "layer_Op2_score": [313.4842403679789, 917.8251663731068, NaN], "layer_Barinel_score": [0.6301134318917118, 0.2074929178469204, NaN], "time": 67.09135818481445}