{"neuron_counts": [784, 128, 10], "neuron_counts_selected": [500, 128, 10], "layer_tarantula_score": [0.5764914113684038, 0.32670212140458, 0.0], "layer_ochiai_score": [0.3310752008516555, 0.2989354808741852, 0.0], "layer_D_star_score": [910.3381712565184, 9647.371867864407, 0.0], "layer_Op2_score": [2350.154118578271, 3539.471120431097, 0.0], "layer_Barinel_score": [0.8016096298959816, 0.46620872163564486, 0.0], "time": 61.73816800117493}