{"neuron_counts": [784, 128, 10], "neuron_counts_selected": [500, 128, 10], "layer_tarantula_score": [0.5899797173893166, 0.37859780665083487, 0.0], "layer_ochiai_score": [0.41660351901629006, 0.32344829816870635, 0.0], "layer_D_star_score": [2437.409169859105, 10907.77185645087, 0.0], "layer_Op2_score": [3564.371564895536, 3848.9052682019933, 0.0], "layer_Barinel_score": [0.8151788553106374, 0.5270288387102747, 0.0], "time": 63.788700580596924}