{"neuron_counts": [784, 128, 10], "neuron_counts_selected": [500, 128, 10], "layer_tarantula_score": [0.3688422800884992, 0.12344540072131453, NaN], "layer_ochiai_score": [0.12517893636117422, 0.09540402126861988, NaN], "layer_D_star_score": [21.600584156111893, 1635.7149000220297, NaN], "layer_Op2_score": [383.09384866168864, 917.8251663731068, NaN], "layer_Barinel_score": [0.637656439314441, 0.2074929178469204, NaN], "time": 162.3694567680359}