{"neuron_counts": [3557, 3557, 2], "neuron_counts_selected": [500, 500, 2], "layer_tarantula_score": [0.43452829953522837, 0.2212060079405251, 0.6150985462413245], "layer_ochiai_score": [0.36043819642365127, 0.24054972336319827, 0.6248621568020833], "layer_D_star_score": [56.53028884940863, 30.48264148293304, 115.3426567018727], "layer_Op2_score": [71.8658653542748, 71.94658362141057, 157.922439393062], "layer_Barinel_score": [0.2983701085498501, 0.13099792578404906, 0.41410136168091277], "time": 3.786691188812256}