{"neuron_counts": [3557, 3557, 2], "neuron_counts_selected": [2000, 2000, 2], "layer_tarantula_score": [0.49999991157340246, 0.22379487023867586, 0.49999991157340246], "layer_ochiai_score": [0.5440362169670686, 0.24348226287646363, 0.5440362169670687], "layer_D_star_score": [68.88892037903382, 30.831473451902596, 68.88892037903382], "layer_Op2_score": [162.86571738600603, 72.8852765854873, 162.86571738600605], "layer_Barinel_score": [0.2959755859953602, 0.13247388510160107, 0.29597558599536034], "time": 16.225953578948975}