{"neuron_counts": [3557, 3557, 2], "neuron_counts_selected": [200, 200, 2], "layer_tarantula_score": [0.49999991157340246, 0.08819998440154808, 0.49999991157340246], "layer_ochiai_score": [0.5440362169670686, 0.09596798867299082, 0.5440362169670687], "layer_D_star_score": [68.88892037903382, 12.152005554861562, 68.88892037903382], "layer_Op2_score": [162.86571738600605, 28.729512546891524, 162.86571738600605], "layer_Barinel_score": [0.2959755859953603, 0.05221009336958152, 0.29597558599536034], "time": 1.799738883972168}