{"neuron_counts": [3557, 3557, 2], "neuron_counts_selected": [500, 500, 2], "layer_tarantula_score": [0.0, 0.2174511364272921, 0.0], "layer_ochiai_score": [0.0, 0.23637615352609218, 0.0], "layer_D_star_score": [0.0, 29.899835148011167, 0.0], "layer_Op2_score": [0.0, 70.73711652560097, 0.0], "layer_Barinel_score": [0.0, 0.12865689516537515, 0.0], "time": 3.782686471939087}