{"neuron_counts": [3557, 3557, 2], "neuron_counts_selected": [500, 500, 2], "layer_tarantula_score": [0, 0.0945250858970074, 0], "layer_ochiai_score": [0, 0.11044684764079352, 0], "layer_D_star_score": [0, 13.443174298748813, 0], "layer_Op2_score": [0, 25.647629996309856, 0], "layer_Barinel_score": [0, 0.06470218613892294, 0], "time": 3.516233205795288}