{"neuron_counts": [50176, 50176, 25088, 50176, 50176, 25088, 25088, 25088, 5376, 10752, 10752, 10752, 10752, 10], "neuron_counts_selected": [200, 200, 200, 200, 200, 200, 200, 200, 200, 200, 200, 200, 200, 10], "layer_tarantula_score": [0.5007773294460725, 0.5148969558589656, 0.48839135399292277, 0.519649079014846, 0.5242703085506366, 0.5326197815884267, 0.5141007119442054, 0.5336405047279693, 0.5029508432128328, 0.4366641451848639, 0.36577812955623346, 0.40582941248217586, 0.3964302599262938, 0.4971564955115692], "layer_ochiai_score": [0.5446571595845602, 0.4633996139323391, 0.5950134137118834, 0.4814579021061271, 0.36419604588090576, 0.4989672218106398, 0.5131278846912979, 0.3947864425501825, 0.6262972311229902, 0.4566229534823002, 0.26665339810778765, 0.32015745055668576, 0.3124268918766559, 0.8481917393893867], "layer_D_star_score": [33.96370135632614, 19.621986472558753, 63.07286992637988, 43.9016767045423, 14.029897411239599, 36.746075355442365, 59.987520824636995, 15.683891864660561, 93.7238553953622, 139.18032117446387, 20.68352614462783, 35.716431495707674, 36.65183113515599, 388.29440707145625], "layer_Op2_score": [56.70404629108205, 42.12376428261791, 69.23949177993529, 49.0421011219317, 28.900254980240458, 50.15744406819113, 55.80669192903259, 33.3388775389905, 77.46888484566884, 61.62157917806475, 25.02912589369813, 33.55033145632851, 33.2595636685759, 135.42695845090492], "layer_Barinel_score": [0.7835625274070506, 0.7887601538121296, 0.7763196684932234, 0.7857188573673749, 0.7638119142949945, 0.7953230674956597, 0.7854969384838335, 0.7804399804486806, 0.7842990577284251, 0.620149889174538, 0.5260418551531311, 0.5671769799463147, 0.5514774525883809, 0.785922529233664], "time": 2.3647549152374268}