{"neuron_counts": [50176, 50176, 25088, 50176, 50176, 25088, 25088, 25088, 5376, 10752, 10752, 10752, 10752, 10], "neuron_counts_selected": [500, 500, 500, 500, 500, 500, 500, 500, 500, 500, 500, 500, 500, 10], "layer_tarantula_score": [0.5204233790932418, 0.5341418287520473, 0.5093457301083315, 0.5326488625064382, 0.5318151008226143, 0.5215533085058864, 0.5232103156863008, 0.5154226106814856, 0.5036329752553901, 0.42157129313601227, 0.4014111463420259, 0.41056360051618096, 0.4014982261946053, 0.49483991579980796], "layer_ochiai_score": [0.36600026556222726, 0.38461015432258183, 0.528237634081687, 0.4059810870356684, 0.31483303202868035, 0.45214225332290153, 0.4685354813752182, 0.32491811763128364, 0.5733182956123116, 0.4258510835650413, 0.2760600005800707, 0.2686186436108237, 0.2596590373922745, 0.7800966499982529], "layer_D_star_score": [10.65517367445171, 11.537773166071522, 42.121460120042684, 23.61376463910966, 6.992190595154512, 26.66967532005746, 40.06583269183455, 8.522788660432095, 70.18703598663156, 111.64735150930227, 22.284975030374117, 20.584102468676253, 18.94467772356914, 217.19471465781004], "layer_Op2_score": [29.06560837201712, 30.828198412869437, 55.85077313181872, 35.88444054550521, 22.040649695361754, 42.51338263427602, 46.540577881233574, 24.069347913212944, 66.85171660611276, 54.44979303765106, 26.199087292981776, 24.5451604079896, 23.224577044267143, 115.02231186269833], "layer_Barinel_score": [0.7683202326973422, 0.7870499997263902, 0.7854835939142111, 0.7826286205108216, 0.7596119682806641, 0.782675101297059, 0.787595975421174, 0.7435123893420037, 0.7799838805308178, 0.6125108578125928, 0.5544905692831348, 0.5597286332537615, 0.5546068982035679, 0.7838984816725276], "time": 5.4876708984375}