{"neuron_counts": [50176, 50176, 25088, 50176, 50176, 25088, 25088, 25088, 5376, 10752, 10752, 10752, 10752, 10], "neuron_counts_selected": [100, 100, 100, 100, 100, 100, 100, 100, 100, 100, 100, 100, 100, 10], "layer_tarantula_score": [0.5145814264058367, 0.5061182303338809, 0.48497775369063256, 0.5187362433677493, 0.5653044903733125, 0.5069016183664276, 0.5315518824504482, 0.5156666703743251, 0.5006387696211463, 0.3849052823805676, 0.36655708799600784, 0.394878867088746, 0.3355216291673574, 0.4971564955115692], "layer_ochiai_score": [0.5603367750726415, 0.4565583202269632, 0.6121299763411918, 0.5218829874659451, 0.3675396454666898, 0.5203405186017275, 0.4992885445905517, 0.3626093027353284, 0.6159660256366307, 0.4347683471839514, 0.2821974780136124, 0.30530468787580933, 0.25566322945814773, 0.8481917393893867], "layer_D_star_score": [37.84508520565134, 17.86703613271297, 71.3030615444649, 56.935302870891746, 12.828459357019815, 41.74999964851053, 46.2042266361482, 11.531510153153073, 95.60682202228898, 140.3583179379005, 33.79777438830316, 29.675552923720346, 20.117580871018376, 388.29440707145625], "layer_Op2_score": [59.398906426587125, 40.891762142997734, 73.28515490252477, 55.967980213565845, 29.047524800934788, 55.12213108686583, 50.835095971764815, 28.479057883552784, 76.17115471793349, 59.99378154441851, 30.00146141866648, 30.593924493764067, 24.012879236166956, 135.42695845090492], "layer_Barinel_score": [0.7911330726439115, 0.7845537042913965, 0.7733352003732662, 0.7910962598605655, 0.7945453180811418, 0.7770624020375096, 0.7972009335976984, 0.7706322664718696, 0.777463564311689, 0.5604587621107158, 0.50614096756574, 0.5451573480585755, 0.4972481243258157, 0.785922529233664], "time": 1.3454492092132568}