{"neuron_counts": [50176, 50176, 25088, 50176, 50176, 25088, 25088, 25088, 5376, 10752, 10752, 10752, 10752, 10], "neuron_counts_selected": [1000, 1000, 1000, 1000, 1000, 1000, 1000, 1000, 1000, 1000, 1000, 1000, 1000, 10], "layer_tarantula_score": [0.4557652974138886, 0.45292508892358485, 0.4575787652093581, 0.45189096369470566, 0.4466290167682073, 0.46055364992743586, 0.443212912292693, 0.4185890492849319, 0.4611146837036737, 0.265933713118468, 0.2167470532044726, 0.2163118110446455, 0.2268424686833598, 0.48900135022513413], "layer_ochiai_score": [0.5132336888215034, 0.4140148078089499, 0.5503639402057573, 0.3939909526881139, 0.29400434659087316, 0.4392819445299851, 0.416318721457852, 0.285318000243465, 0.5568111688661924, 0.2495345302090977, 0.14912490489596042, 0.14881335716204003, 0.160395253644027, 0.8335600941882252], "layer_D_star_score": [25.346232516560317, 11.616550912854523, 39.836958994552354, 14.39589993021038, 4.308867705443348, 18.43587662116413, 19.69788687311755, 4.302410335057908, 52.519060513314024, 38.83459916983953, 6.355359318576465, 5.775367629495598, 7.23744084093762, 334.20538773332095], "layer_Op2_score": [51.00944040073111, 33.906602144313226, 59.051200167660035, 32.87029055037669, 18.65377180248326, 39.11134326105326, 36.8188900702211, 18.305370980781504, 62.05630968379054, 27.18208930313414, 11.727285973231012, 11.427389089302961, 12.76840744074427, 131.22665903547824], "layer_Barinel_score": [0.7532655009462026, 0.7479527416534913, 0.7553813133084749, 0.7392255545256815, 0.7294423385542477, 0.7539552555436924, 0.7377489951837648, 0.6964111428602301, 0.7576413197729376, 0.42302335029383104, 0.34588645436531357, 0.34806125421898587, 0.3626031327239791, 0.7804331370924134], "time": 10.808878898620605}