{"neuron_counts": [50176, 50176, 25088, 50176, 50176, 25088, 25088, 25088, 5376, 10752, 10752, 10752, 10752, 10], "neuron_counts_selected": [100, 100, 100, 100, 100, 100, 100, 100, 100, 100, 100, 100, 100, 10], "layer_tarantula_score": [0.5063955240569961, 0.49448491875814005, 0.4919159622477608, 0.5047551683212166, 0.5224191320691847, 0.5134911405580005, 0.513220391486714, 0.5234969854185101, 0.5065888423047402, 0.4769987750645221, 0.43791200297515787, 0.4496012193186006, 0.39624978710861314, 0.4971564955115692], "layer_ochiai_score": [0.5491744796849539, 0.4501460237780116, 0.5906650012560295, 0.492364264989234, 0.3683552981591864, 0.4936622153800302, 0.5299857584945943, 0.3717941635670644, 0.6384074921750712, 0.4511265014375209, 0.3042346934631286, 0.3246478864736324, 0.3289658578499093, 0.8481917393893867], "layer_D_star_score": [34.738397446609945, 18.72981041704621, 62.96160685849769, 44.36552799641511, 12.582932184791632, 33.678221016931936, 60.09879610742155, 14.163827146857015, 107.43883756499658, 117.86696751863727, 28.78080525466357, 38.933357304053835, 55.17220254648351, 388.29440707145625], "layer_Op2_score": [57.36880623971989, 40.73396405617843, 68.54722241262388, 50.26724069915401, 29.340915740905988, 49.20264799154515, 57.73263114278188, 30.32199961494282, 80.57308372810887, 57.82814606209923, 29.593642370576006, 33.3769801117016, 36.64111726907427, 135.42695845090492], "layer_Barinel_score": [0.7878217449235114, 0.7741989032431019, 0.7780475173355076, 0.7830091472143218, 0.772084580105351, 0.785311107046235, 0.7892655776992155, 0.7610620076726475, 0.7883469035769123, 0.6776619548582051, 0.5978894729558863, 0.6156676875189875, 0.564213378844507, 0.785922529233664], "time": 1.341266393661499}