{"neuron_counts": [50176, 50176, 25088, 50176, 50176, 25088, 25088, 25088, 5376, 10752, 10752, 10752, 10752, 10], "neuron_counts_selected": [200, 200, 200, 200, 200, 200, 200, 200, 200, 200, 200, 200, 200, 10], "layer_tarantula_score": [0.4680669717193735, 0.4570323655772569, 0.4676692944674952, 0.4747652600324406, 0.42739144852244343, 0.44414836024718446, 0.4315673684446308, 0.3865662221228913, 0.47094679445702364, 0.22445333235529888, 0.2338197369603153, 0.20398131837309758, 0.23168008599054235, 0.48944786878942903], "layer_ochiai_score": [0.5199170109224731, 0.42271777329438964, 0.5554454285733806, 0.4195464263540028, 0.2746160153058528, 0.4180904230929488, 0.42757023073365136, 0.2723765970094767, 0.5671806103055665, 0.22084182425882617, 0.17496934692255234, 0.16719995050070183, 0.15966142636058225, 0.8338565293119717], "layer_D_star_score": [13.927421358863347, 6.660517256512373, 21.09058402766533, 8.572604428872134, 1.7684855148278666, 8.647310129073373, 11.50060123771735, 2.254864926265997, 28.80315602172077, 21.038825307253404, 4.9916893619929485, 5.0225921145010295, 2.702892105622459, 177.40969701398103], "layer_Op2_score": [27.24366294335026, 18.611507917577647, 31.344560903132255, 18.81755894995932, 8.763720998200007, 19.100398857618828, 20.542723971936486, 9.380566498447735, 33.521329169981044, 13.286931452129753, 7.748337922782166, 7.654708403825431, 6.244533305189527, 69.05727664874252], "layer_Barinel_score": [0.7650396591356234, 0.7547337305115424, 0.7657897887599872, 0.7666482994797742, 0.7028221850246285, 0.7416370379439846, 0.7279148845788386, 0.6510880245982292, 0.7678826064623403, 0.3683833688847987, 0.37500425723443653, 0.3359687367557654, 0.3747454555686566, 0.7827970539915441], "time": 2.9125566482543945}