{"neuron_counts": [50176, 50176, 25088, 50176, 50176, 25088, 25088, 25088, 5376, 10752, 10752, 10752, 10752, 10], "neuron_counts_selected": [500, 500, 500, 500, 500, 500, 500, 500, 500, 500, 500, 500, 500, 10], "layer_tarantula_score": [0.5225314026857533, 0.52814979763613, 0.509636286822573, 0.5409385634184517, 0.5487982789503129, 0.5091536441249649, 0.5245068484236218, 0.5147650437432556, 0.5041815988910733, 0.415806599276017, 0.3750058004772749, 0.3729406190037513, 0.3718416959928613, 0.49483991579980796], "layer_ochiai_score": [0.35772763849070716, 0.37604147768560553, 0.5320067701600633, 0.40247159952102834, 0.3236713717677575, 0.4598520113078285, 0.4821534563945588, 0.3365965944962751, 0.592818916477432, 0.40848491399336856, 0.26048129045333246, 0.2609873173614277, 0.25151619472883785, 0.7800966499982529], "layer_D_star_score": [10.612222771711957, 11.032047148164114, 45.137925166320166, 21.51226873836636, 7.012998211737539, 26.124538689181325, 40.429937223844, 9.956915770951817, 73.8746425197562, 108.41698692816449, 20.390278069409213, 20.979135985238013, 19.842609918460536, 217.19471465781004], "layer_Op2_score": [28.126341579380817, 29.78213537680504, 56.662934328057446, 35.455093585724214, 22.777795529575062, 43.754540688137276, 48.39455666503566, 25.657334722547347, 70.04212509909404, 51.99763743891446, 23.928059261285725, 24.7574667579839, 23.311047084838865, 115.02231186269833], "layer_Barinel_score": [0.7680885817473616, 0.7827890393786845, 0.7867008369736033, 0.7851485317599277, 0.7758205990693098, 0.7757917435165875, 0.791611843249782, 0.7470477616660455, 0.7831716007402154, 0.5907620045528013, 0.5287871929384553, 0.5210406132373272, 0.5211002475117467, 0.7838984816725276], "time": 5.467288970947266}