{"neuron_counts": [50176, 50176, 25088, 50176, 50176, 25088, 25088, 25088, 5376, 10752, 10752, 10752, 10752, 10], "neuron_counts_selected": [500, 500, 500, 500, 500, 500, 500, 500, 500, 500, 500, 500, 500, 10], "layer_tarantula_score": [0.4106549211588182, 0.4325289311084993, 0.45041934398742234, 0.43403469541243345, 0.39877733244077956, 0.44038454990328446, 0.4441528729738374, 0.38236888388770857, 0.4489142070384884, 0.27115124538780555, 0.21748049647024184, 0.2222245232065697, 0.21710089495048707, 0.47833729234434785], "layer_ochiai_score": [0.2815347319521892, 0.30835842581103684, 0.45164759802967075, 0.3128159953528799, 0.2365798340423479, 0.36658517504666344, 0.37262512928177133, 0.23846703740799827, 0.4831656339246408, 0.23912756396906887, 0.13366300512381216, 0.13149742427718264, 0.1259456504857472, 0.760127278307726], "layer_D_star_score": [2.4414308173455885, 2.71268536026191, 11.035652118300089, 3.392395626522646, 1.1686962359307786, 5.388925922771184, 6.506308099204804, 1.4404863783540716, 17.942010270486463, 15.96240307452836, 2.107584676702982, 1.6930910735347071, 1.4877013003804758, 93.9218262059361], "layer_Op2_score": [9.737224793541843, 10.773594301244092, 21.852303649837964, 11.349865930173047, 6.904102971568319, 15.040003600292735, 15.581874747332975, 7.349923916891291, 25.792056047236144, 12.934986188990049, 4.9300064574979325, 4.563477881027816, 4.2318046019427165, 57.42454870659679], "layer_Barinel_score": [0.6920772482096799, 0.7256319062622264, 0.7497432410334905, 0.7190512157647198, 0.6621419101976759, 0.7303729185874862, 0.740403539285515, 0.640435119957554, 0.7441687500007723, 0.440727130396718, 0.3478861669947064, 0.35134286193621755, 0.3480679978579212, 0.7749421702348475], "time": 7.19137716293335}