{"neuron_counts": [256, 2, 1], "neuron_counts_selected": [200, 2, 1], "layer_tarantula_score": [0.45803646936068704, 0.20884615384615385, 0.5], "layer_ochiai_score": [0.366970248819718, 0.1871664347006597, 0.7071061012771617], "layer_D_star_score": [4.5980059582024495, 1.0181236740121453, 51.999900000192305], "layer_Op2_score": [14.777400608772439, 8.127359665359123, 51.018869775717405], "layer_Barinel_score": [0.45803646936068704, 0.20884615384615388, 0.5], "time": 0.2501254081726074}