{"neuron_counts": [256, 2, 1], "neuron_counts_selected": [200, 2, 1], "layer_tarantula_score": [0.4536095209474126, 0.21963414634146342, 0.5], "layer_ochiai_score": [0.4087469689055577, 0.20011922235643478, 0.7071061012771617], "layer_D_star_score": [7.198463264477682, 1.1881234473457807, 51.999900000192305], "layer_Op2_score": [18.541093706191127, 8.863208748662739, 51.018869775717405], "layer_Barinel_score": [0.45360952094741247, 0.2196341463414634, 0.5], "time": 0.25013208389282227}