{"neuron_counts": [256, 2, 1], "neuron_counts_selected": [200, 2, 1], "layer_tarantula_score": [0.4571684977823884, 0.21963414634146342, 0.5], "layer_ochiai_score": [0.4040470597685856, 0.20011922235643478, 0.7071061012771617], "layer_D_star_score": [6.640592150652175, 1.1881234473457807, 51.999900000192305], "layer_Op2_score": [17.988246975524575, 8.863208748662739, 51.018869775717405], "layer_Barinel_score": [0.4571684977823884, 0.2196341463414634, 0.5], "time": 0.25025343894958496}