{"neuron_counts": [256, 2, 1], "neuron_counts_selected": [256, 2, 1], "layer_tarantula_score": [0.5189214152215973, 0.15709459459459463, 0.5], "layer_ochiai_score": [0.2641374813589261, 0.12225340293195168, 0.7071061012771617], "layer_D_star_score": [1.4225276369855435, 0.39095185356080264, 51.999900000192305], "layer_Op2_score": [7.200840452423675, 4.5188688323229576, 51.018869775717405], "layer_Barinel_score": [0.5189214152215973, 0.15709459459459457, 0.5], "time": 0.29416751861572266}