{"neuron_counts": [32, 32, 1], "neuron_counts_selected": [32, 32, 1], "layer_tarantula_score": [0.2024175055390239, 0.11363356317050598, 0.4999999599359777], "layer_ochiai_score": [0.06131473480786711, 0.034709045997555046, 0.692819601340842], "layer_D_star_score": [0.17896437030484558, 0.5283496411649661, 44.307607100755575], "layer_Op2_score": [0.899727538471036, 0.6506302840407394, 47.018869775717405], "layer_Barinel_score": [0.1997713910014351, 0.11247411408256995, 0.48], "time": 0.1379096508026123}