{"neuron_counts": [120, 120, 12, 12, 1], "neuron_counts_selected": [120, 120, 12, 12, 1], "layer_tarantula_score": [0.0024248425471329054, 0.0024248425471329054, 0, 0, 0.49999996173069977], "layer_ochiai_score": [0.0012888301435553101, 0.0012888301435553101, 0, 0, 0.6658325615349933], "layer_D_star_score": [0.09490567926197867, 0.09490567926197867, 0, 0, 105.9220922622202], "layer_Op2_score": [0.16641327805261713, 0.16641327805261713, 0, 0, 132.00595297264704], "layer_Barinel_score": [0.002138202232638715, 0.002138202232638715, 0, 0, 0.44333333333333336], "time": 1.0504510402679443}