{"neuron_counts": [502, 64, 64, 1], "neuron_counts_selected": [500, 64, 64, 1], "layer_tarantula_score": [1.0, 1.0, 0.0, 0.0], "layer_ochiai_score": [0.427177926900293, 0.2382191493789576, 0.0, 0.0], "layer_D_star_score": [7.3764044343368855, 0.7251696316581433, 0.0, 0.0], "layer_Op2_score": [30.855216593108707, 9.870981208687013, 0.0, 0.0], "layer_Barinel_score": [1.0, 1.0, 0.0, 0.0], "time": 0.6268932819366455}