{"neuron_counts": [502, 64, 64, 1], "neuron_counts_selected": [500, 64, 64, 1], "layer_tarantula_score": [1.0, 1.0, 0, 0], "layer_ochiai_score": [0.40352051324913085, 0.21255321493576343, 0, 0], "layer_D_star_score": [5.642010078495226, 0.43256914363466664, 0, 0], "layer_Op2_score": [27.489500032726536, 7.821306680604082, 0, 0], "layer_Barinel_score": [1.0, 1.0, 0, 0], "time": 0.6389889717102051}