{"neuron_counts": [502, 64, 64, 1], "neuron_counts_selected": [500, 64, 64, 1], "layer_tarantula_score": [1.0, 1.0, 0.265625, 1.0], "layer_ochiai_score": [0.4874837445716608, 0.5218265906244918, 0.07658621409179421, 0.09889496247759547], "layer_D_star_score": [13.294124620308377, 18.164785528196525, 15.506191386995175, 0.016172915730697898], "layer_Op2_score": [40.09445071059809, 45.88204315002666, 5.606131366877566, 1.6374633325615786], "layer_Barinel_score": [1.0, 1.0, 0.265625, 1.0], "time": 0.6237144470214844}