{"neuron_counts": [502, 64, 64, 1], "neuron_counts_selected": [500, 64, 64, 1], "layer_tarantula_score": [1.0, 1.0, 0.070556640625, 1.0], "layer_ochiai_score": [0.4683245169101025, 0.4982756235480314, 0.013168545960068181, 0.09889496247759547], "layer_D_star_score": [10.836136965077179, 14.34984168982335, 0.2941264506816944, 0.016172915730697898], "layer_Op2_score": [36.93003802801791, 41.76602183747765, 0.5328585433623134, 1.6374633325615786], "layer_Barinel_score": [1.0, 1.0, 0.070556640625, 1.0], "time": 0.7215535640716553}