{"neuron_counts": [48, 48, 1], "neuron_counts_selected": [48, 48, 1], "layer_tarantula_score": [0.3968857215852056, 0.3968857215852056, 0.4999999944885395], "layer_ochiai_score": [0.3312179220940168, 0.3312179220940168, 0.7006488334957641], "layer_D_star_score": [15.974062265196734, 15.974062265196734, 156.21419272964718], "layer_Op2_score": [45.24884712890785, 45.24884712890785, 161.00591774797766], "layer_Barinel_score": [0.38905455268655625, 0.38905455268655625, 0.49090909090909096], "time": 0.3435373306274414}