{"neuron_counts": [3, 32, 32, 1], "neuron_counts_selected": [3, 32, 32, 1], "layer_tarantula_score": [1.0, 1.0, 1.0, 1.0], "layer_ochiai_score": [0.5337160873210083, 0.6826511235117318, 0.6826511235117318, 0.9926812928954976], "layer_D_star_score": [60.214698644096586, 233.86159011526263, 233.86159011526263, 35256.22174964976], "layer_Op2_score": [150.86396810621832, 247.815324239806, 247.815324239806, 521.7810524741644], "layer_Barinel_score": [1.0, 1.0, 1.0, 1.0], "time": 0.23320698738098145}