{"neuron_counts": [20, 20, 1, 1, 1], "neuron_counts_selected": [20, 20, 1, 1, 1], "layer_tarantula_score": [0.35360911129696404, 0.35360911129696404, 0.14634146341463417, 0.21052631578947367, 0.5], "layer_ochiai_score": [0.32344082199063984, 0.32344082199063984, 0.13251769877218333, 0.22478036999934894, 0.707106074080827], "layer_D_star_score": [10.164368882695593, 10.164368882695593, 0.4556956257017396, 1.7349376687497966, 49.99990000019999], "layer_Op2_score": [14.722206716261345, 14.722206716261345, 5.313726835829733, 11.117648788923944, 49.019609765471046], "layer_Barinel_score": [0.35360911129696404, 0.35360911129696404, 0.14634146341463417, 0.21052631578947367, 0.5], "time": 0.6177210807800293}