{"neuron_counts": [1000, 64, 32, 1], "neuron_counts_selected": [500, 64, 32, 1], "layer_tarantula_score": [0.4848691714715021, 0.5041483930740316, 0.26524849783379423, 0.5000000072621598], "layer_ochiai_score": [0.4982565823474863, 0.611800447424126, 0.3594823773366519, 0.71557521726681], "layer_D_star_score": [42.651478700032285, 147.07549175591527, 89.19765962744856, 178.39495160805455], "layer_Op2_score": [84.4558408148216, 140.41152274408114, 84.53393435418138, 169.00613557905794], "layer_Barinel_score": [0.49688714699324643, 0.5155217825424367, 0.27164909638554213, 0.5120481927710843], "time": 2.14011812210083}