{"neuron_counts": [1000, 64, 32, 1], "neuron_counts_selected": [500, 64, 32, 1], "layer_tarantula_score": [0.4727778692181438, 0.4653771846046261, 0.14072265832436842, 0.5000000073505045], "layer_ochiai_score": [0.48174699920772424, 0.5229661284846377, 0.18065945229719818, 0.7156262356084273], "layer_D_star_score": [37.708520098736294, 120.41948479148373, 44.34954202541272, 177.3974053432265], "layer_Op2_score": [79.97606061749343, 115.99040509233654, 42.033191222398344, 168.00617345297934], "layer_Barinel_score": [0.4848629909272873, 0.47669297965736895, 0.14414358428030305, 0.5121212121212122], "time": 1.95499587059021}