{"neuron_counts": [1000, 64, 32, 1], "neuron_counts_selected": [500, 64, 32, 1], "layer_tarantula_score": [0.47031376417736526, 0.4661215319062299, 0.12500000181553994, 0.5000000072621598], "layer_ochiai_score": [0.47671594722037475, 0.521391090847039, 0.1788938043167025, 0.71557521726681], "layer_D_star_score": [36.69798146353064, 120.99154761374237, 44.59873790201362, 178.39495160805455], "layer_Op2_score": [79.17136836607585, 116.51526445035059, 42.25115645059422, 169.00613557905794], "layer_Barinel_score": [0.4823162435402313, 0.4773591243358265, 0.12801204819277107, 0.5120481927710843], "time": 2.3961780071258545}