{"neuron_counts": [1000, 64, 32, 1], "neuron_counts_selected": [100, 64, 32, 1], "layer_tarantula_score": [0.47633735044265874, 0.465469798831554, 0.14072265832436842, 0.5000000073505045], "layer_ochiai_score": [0.48675123964122774, 0.5249116681913564, 0.18065945229719818, 0.7156262356084273], "layer_D_star_score": [39.192618184950376, 120.68023139358769, 44.34954202541272, 177.3974053432265], "layer_Op2_score": [81.18561205060985, 116.19944372122737, 42.033191222398344, 168.00617345297934], "layer_Barinel_score": [0.4884252292270421, 0.47678402302822515, 0.14414358428030305, 0.5121212121212122], "time": 0.771963357925415}