{"neuron_counts": [1000, 64, 32, 1], "neuron_counts_selected": [500, 64, 32, 1], "layer_tarantula_score": [0.47158846208978045, 0.4654741005313343, 0.14072501146208916, 0.5000000072621598], "layer_ochiai_score": [0.4834392423597651, 0.5247791477340213, 0.18064153454192589, 0.71557521726681], "layer_D_star_score": [38.58741534499768, 121.36407854125805, 44.5989274699168, 178.39495160805455], "layer_Op2_score": [81.28525691364607, 116.88522287210135, 42.28318530424312, 169.00613557905794], "layer_Barinel_score": [0.48359833039190847, 0.47672017702656244, 0.14412532944277107, 0.5120481927710843], "time": 2.989854097366333}