{"neuron_counts": [1000, 64, 32, 1], "neuron_counts_selected": [500, 64, 32, 1], "layer_tarantula_score": [0.4838501783798805, 0.5027967743397093, 0.26524849783379423, 0.5000000072621598], "layer_ochiai_score": [0.494549534313064, 0.6104446180915947, 0.3594823773366519, 0.71557521726681], "layer_D_star_score": [41.549147964736335, 146.6564781300096, 89.19765962744856, 178.39495160805455], "layer_Op2_score": [83.38849111871711, 140.20878117942874, 84.53393435418138, 169.00613557905794], "layer_Barinel_score": [0.4958671994345642, 0.5142081733277521, 0.27164909638554213, 0.5120481927710843], "time": 2.1305463314056396}