{"neuron_counts": [1000, 64, 32, 1], "neuron_counts_selected": [500, 64, 32, 1], "layer_tarantula_score": [0.47045249836039404, 0.46597469862746194, 0.12500000181553994, 0.5000000072621598], "layer_ochiai_score": [0.4740569469710223, 0.5206564831779019, 0.1788938043167025, 0.71557521726681], "layer_D_star_score": [35.91715811132651, 120.89454698803446, 44.59873790201362, 178.39495160805455], "layer_Op2_score": [78.2602837486161, 116.4234286325483, 42.251533894764506, 169.00613557905794], "layer_Barinel_score": [0.4824556287754051, 0.4772134657132352, 0.12801204819277107, 0.5120481927710843], "time": 2.7218501567840576}