{"neuron_counts": [492032, 123008, 215296, 53824, 93312, 21632, 30976, 6400, 6400, 1], "neuron_counts_selected": [100, 100, 100, 100, 100, 100, 100, 100, 100, 1], "layer_tarantula_score": [1.0, 1.0, 0.7224999999999999, 0.7055999999999999, 0.24009999999999998, 0.3844, 0.2601, 0.1369, 0.25, 1.0], "layer_ochiai_score": [0.6821892150618748, 0.9764759850003927, 0.7224985550043351, 0.7055985888042337, 0.24009951980144056, 0.3843992312023063, 0.26009947980156073, 0.13689972620082158, 0.24999950000150015, 0.9999980000060001], "layer_D_star_score": [11.507500066484246, 1322847.9550420942, 4515625.000010524, 4410000.000010277, 1500625.0000034976, 2402500.000005598, 1625625.0000037893, 855625.0000019938, 1562500.0000036415, 6250000.000014566], "layer_Op2_score": [11.7285, 23.8444, 18.0625, 17.64, 6.0024999999999995, 9.61, 6.5025, 3.4225, 6.25, 25.0], "layer_Barinel_score": [1.0, 1.0, 0.7224999999999999, 0.7055999999999999, 0.24009999999999998, 0.3844, 0.2601, 0.1369, 0.25, 1.0], "time": 0.4340183734893799}