{"neuron_counts": [492032, 123008, 215296, 53824, 93312, 21632, 30976, 6400, 6400, 1], "neuron_counts_selected": [500, 500, 500, 500, 500, 500, 500, 500, 500, 1], "layer_tarantula_score": [1.0, 1.0, 0.665856, 0.636804, 0.44622399999999995, 0.42510400000000004, 0.19009600000000001, 0.234256, 0.234256, 1.0], "layer_ochiai_score": [0.6543264102629665, 0.9632716856899828, 0.6658546682919952, 0.6368027263958206, 0.4462231075546772, 0.4251031497945506, 0.19009561980914086, 0.23425553148940523, 0.23425553148940498, 0.9999980000060001], "layer_D_star_score": [9.335264432146996, 593208.2942500098, 4161600.0000096993, 3980025.000009276, 2788900.0000065006, 2656900.000006191, 1188100.0000027681, 1464100.0000034156, 1464100.0000034126, 6250000.000014566], "layer_Op2_score": [10.816344, 23.2089, 16.6464, 15.9201, 11.155599999999998, 10.627600000000001, 4.752400000000001, 5.8564, 5.8564, 25.0], "layer_Barinel_score": [1.0, 1.0, 0.665856, 0.636804, 0.44622399999999995, 0.42510400000000004, 0.19009600000000001, 0.234256, 0.234256, 1.0], "time": 1.3596947193145752}