{"neuron_counts": [492032, 123008, 215296, 53824, 93312, 21632, 30976, 6400, 6400, 1], "neuron_counts_selected": [100, 100, 100, 100, 100, 100, 100, 100, 100, 1], "layer_tarantula_score": [1.0, 1.0, 0.5929, 0.7224999999999999, 0.42250000000000004, 0.30250000000000005, 0.2304, 0.1521, 0.19359999999999997, 1.0], "layer_ochiai_score": [0.6875181509249352, 0.9753852883381019, 0.5928988142035576, 0.722498555004335, 0.42249915500253504, 0.30249939500181494, 0.23039953920138245, 0.15209969580091243, 0.19359961280116159, 0.9999980000060001], "layer_D_star_score": [12.386484874292963, 1265978.3160673704, 3705625.0000086357, 4515625.000010524, 2640625.0000061537, 1890625.0000044054, 1440000.0000033565, 950625.0000022155, 1210000.0000028193, 6250000.000014566], "layer_Op2_score": [11.927000000000001, 23.793100000000003, 14.8225, 18.0625, 10.5625, 7.562500000000001, 5.76, 3.8025, 4.84, 25.0], "layer_Barinel_score": [1.0, 1.0, 0.5929, 0.7224999999999999, 0.42250000000000004, 0.30250000000000005, 0.2304, 0.1521, 0.19359999999999997, 1.0], "time": 0.49157142639160156}