{"neuron_counts": [173056, 43264, 30976, 6400, 6400, 64, 1], "neuron_counts_selected": [1000, 1000, 1000, 1000, 1000, 64, 1], "layer_tarantula_score": [0.3698000340266481, 0.3741125344234574, 0.11424201051182367, 0.12251251127282217, 0.1176125108219556, 0.1582031395568471, 0.5000000460068256], "layer_ochiai_score": [0.7203707700042408, 0.7287715243191228, 0.22254353030509597, 0.23865447258016367, 0.2291092676774579, 0.30817984579050095, 0.9740005002761511], "layer_D_star_score": [129888.98862004084, 131403.7162117767, 40126.49496465842, 43031.43514957475, 41310.353364182105, 55567.45241422364, 175620.59034618826], "layer_Op2_score": [7026.201436259839, 7108.138953009085, 2170.598443702534, 2327.73797582418, 2234.6379567931585, 3005.8599894423883, 9500.001941941371], "layer_Barinel_score": [0.7016414977533703, 0.7098238367448831, 0.2167575121318018, 0.23244957813280034, 0.22315254368447307, 0.3001673271342983, 0.9486769845232151], "time": 549.8982670307159}