{"neuron_counts": [173056, 43264, 30976, 6400, 6400, 64, 1], "neuron_counts_selected": [500, 500, 500, 500, 500, 64, 1], "layer_tarantula_score": [0.4140000380936516, 0.4250000391058018, 0.23300002143918072, 0.25500002346348105, 0.258000023739522, 0.2812500258788394, 0.5000000460068256], "layer_ochiai_score": [0.8064724142286532, 0.8279004252347286, 0.4538842331286864, 0.49674025514083714, 0.5025842581424941, 0.547875281405335, 0.9740005002761511], "layer_D_star_score": [145413.8488066439, 149277.50179426002, 81839.19510132373, 89566.50107655601, 90620.22461863312, 98786.58206973088, 175620.59034618826], "layer_Op2_score": [7866.001607927456, 8075.001650650166, 4427.000904944679, 4845.0009903901, 4902.001002041748, 5343.751092342021, 9500.001941941371], "layer_Barinel_score": [0.7855045431852222, 0.806375436844733, 0.44208347478781823, 0.48382526210683974, 0.48951732401397896, 0.5336308037943085, 0.9486769845232151], "time": 309.678297996521}