{"neuron_counts": [173056, 43264, 30976, 6400, 6400, 64, 1], "neuron_counts_selected": [2000, 2000, 2000, 2000, 2000, 64, 1], "layer_tarantula_score": [0.3672245337896673, 0.36210053331818925, 0.11882813593380999, 0.13390313732091536, 0.11882813593380984, 0.1582031395568471, 0.5000000460068256], "layer_ochiai_score": [0.7153536934273194, 0.7053721363004889, 0.2314773063937538, 0.2608434214770788, 0.23147730639375452, 0.30817984579050095, 0.9740005002761511], "layer_D_star_score": [128984.3669591675, 127184.60714929992, 41737.330924461436, 47032.29172339898, 41737.3309244614, 55567.45241422364, 175620.59034618826], "layer_Op2_score": [6977.266926256903, 6879.910906355883, 2257.7348365145176, 2544.159895064042, 2257.7348365144985, 3005.8599894423883, 9500.001941941371], "layer_Barinel_score": [0.69675486260609, 0.6870328208686971, 0.22545901460309478, 0.2540616256864702, 0.22545901460309464, 0.3001673271342983, 0.9486769845232151], "time": 1300.3622138500214}