{"neuron_counts": [173056, 43264, 30976, 6400, 6400, 64, 1], "neuron_counts_selected": [100, 100, 100, 100, 100, 64, 1], "layer_tarantula_score": [0.37845003482256634, 0.38720003562768585, 0.12500001150170637, 0.10125000931638214, 0.12005001104623884, 0.1582031395568471, 0.5000000460068256], "layer_ochiai_score": [0.7372209786590187, 0.7542659874138514, 0.24350012506903757, 0.19723510130592026, 0.23385752011630365, 0.30817984579050095, 0.9740005002761511], "layer_D_star_score": [132927.22483302988, 136000.58516408817, 43905.14758654703, 35563.1695451031, 42166.50374211975, 55567.45241422364, 175620.59034618826], "layer_Op2_score": [7190.551469855423, 7356.801503839398, 2375.000485485343, 1923.7503932431277, 2280.9504662601244, 3005.8599894423883, 9500.001941941371], "layer_Barinel_score": [0.7180536095856215, 0.7346554568147777, 0.23716924613080395, 0.1921070893659513, 0.22777734398402422, 0.3001673271342983, 0.9486769845232151], "time": 73.94916462898254}