{"neuron_counts": [173056, 43264, 30976, 6400, 6400, 64, 1], "neuron_counts_selected": [200, 200, 200, 200, 200, 64, 1], "layer_tarantula_score": [0.4400000404860066, 0.447500041176109, 0.2525000232334469, 0.24750002277337868, 0.27250002507371995, 0.2812500258788394, 0.5000000460068256], "layer_ochiai_score": [0.857120440243013, 0.8717304477471552, 0.49187025263945633, 0.4821302476366948, 0.5308302726505023, 0.547875281405335, 0.9740005002761511], "layer_D_star_score": [154546.11950464564, 157180.4283598385, 88688.39812482506, 86932.19222136319, 95713.2217386726, 98786.58206973088, 175620.59034618826], "layer_Op2_score": [8360.001708908407, 8502.501738037528, 4797.500980680393, 4702.500961260979, 5177.501058358047, 5343.751092342021, 9500.001941941371], "layer_Barinel_score": [0.8348357463804293, 0.8490659011482776, 0.47908187718422357, 0.46959510733899146, 0.5170289565651522, 0.5336308037943085, 0.9486769845232151], "time": 122.78872346878052}