{"neuron_counts": [173056, 43264, 30976, 6400, 6400, 64, 1], "neuron_counts_selected": [200, 200, 200, 200, 200, 64, 1], "layer_tarantula_score": [0.3872000356276859, 0.36980003402664824, 0.11761251082195559, 0.11520001059997274, 0.10125000931638217, 0.1582031395568471, 0.5000000460068256], "layer_ochiai_score": [0.7542659874138515, 0.7203707700042414, 0.22910926767745748, 0.22440971526362546, 0.19723510130592067, 0.30817984579050095, 0.9740005002761511], "layer_D_star_score": [136000.58516408814, 129888.98862004081, 41310.3533641821, 40462.98401576179, 35563.16954510314, 55567.45241422364, 175620.59034618826], "layer_Op2_score": [7356.801503839393, 7026.201436259839, 2234.6379567931604, 2188.800447423292, 1923.7503932431293, 3005.8599894423883, 9500.001941941371], "layer_Barinel_score": [0.7346554568147781, 0.7016414977533701, 0.22315254368447324, 0.21857517723414904, 0.19210708936595128, 0.3001673271342983, 0.9486769845232151], "time": 175.43812799453735}