{"neuron_counts": [246016, 61504, 53824, 12544, 9216, 2304, 2304, 64, 64, 1], "neuron_counts_selected": [1000, 1000, 1000, 1000, 1000, 1000, 1000, 64, 64, 1], "layer_tarantula_score": [0.48314776123654396, 0.49699025584447204, 0.3519606852264482, 0.34113817953088527, 0.21190061151699408, 0.21255211185985914, 0.20608210845488908, 0.07629398546375694, 0.07629398546375694, 0.5000002631352781], "layer_ochiai_score": [0.6428594791204916, 0.8480163974220202, 0.6087999449166076, 0.5900798402348042, 0.3665326442251378, 0.3676595694457615, 0.3564681555126333, 0.13196864336685707, 0.13196864336685707, 0.8648697011690338], "layer_D_star_score": [92.98182126357027, 479.3089850579277, 390.720228205987, 378.70589799063765, 235.23608960938162, 235.95933619152964, 228.77682600503826, 84.69583297908454, 84.69583297908454, 555.0626110117286], "layer_Op2_score": [104.04455151993982, 179.04292315751533, 130.94030584831427, 126.9139976118975, 78.83360854246646, 79.07598690384533, 76.66894469644281, 28.383732076733978, 28.383732076733978, 186.01562653808352], "layer_Barinel_score": [0.7345246674925201, 0.745708824077681, 0.5265329079999997, 0.5103424479999995, 0.3170031479999991, 0.317977791999999, 0.3082986720000009, 0.11413574218749996, 0.11413574218749996, 0.748], "time": 20.17422914505005}