{"neuron_counts": [246016, 61504, 53824, 12544, 9216, 2304, 2304, 64, 64, 1], "neuron_counts_selected": [500, 500, 500, 500, 500, 500, 500, 64, 64, 1], "layer_tarantula_score": [0.4830745656392639, 0.49425379905174655, 0.3561681874407316, 0.37497819733988047, 0.17760809346986092, 0.20865810981056188, 0.21125011117465498, 0.07629398546375694, 0.07629398546375694, 0.5000002631352781], "layer_ochiai_score": [0.5604061019147131, 0.8177051543201723, 0.616077823451945, 0.6486142216099237, 0.3072155557704595, 0.3609239642130564, 0.36540744874391673, 0.13196864336685707, 0.13196864336685707, 0.8648697011690338], "layer_D_star_score": [47.27828272104737, 371.51384312209234, 395.39108007765043, 416.2725355039117, 197.16712043314195, 231.63650857697067, 234.51395315245566, 84.69583297908454, 84.69583297908454, 555.0626110117286], "layer_Op2_score": [79.05704861620528, 166.70744176357846, 132.50562734563218, 139.5035352159949, 66.0757267963518, 77.62729720436684, 78.59160221234023, 28.383732076733978, 28.383732076733978, 186.01562653808352], "layer_Barinel_score": [0.7341422744782496, 0.7435828428473934, 0.532827328, 0.560967088, 0.2657015680000002, 0.31215236800000007, 0.3160300000000001, 0.11413574218749996, 0.11413574218749996, 0.748], "time": 10.16320514678955}