{"neuron_counts": [246016, 61504, 53824, 12544, 9216, 2304, 2304, 64, 64, 1], "neuron_counts_selected": [500, 500, 500, 500, 500, 500, 500, 64, 64, 1], "layer_tarantula_score": [0.48676387718960884, 0.4970841134447274, 0.3561681874407316, 0.37497819733988047, 0.17760809346986092, 0.20865810981056188, 0.21125011117465498, 0.07629398546375694, 0.07629398546375694, 0.5000002631352781], "layer_ochiai_score": [0.6456106080655319, 0.8487339581195368, 0.616077823451945, 0.6486142216099237, 0.3072155557704595, 0.3609239642130564, 0.36540744874391673, 0.13196864336685707, 0.13196864336685707, 0.8648697011690338], "layer_D_star_score": [94.38712862196022, 482.12155507297206, 395.39108007765043, 416.2725355039117, 197.16712043314195, 231.63650857697067, 234.51395315245566, 84.69583297908454, 84.69583297908454, 555.0626110117286], "layer_Op2_score": [104.58363557572567, 179.35495605108113, 132.50562734563218, 139.5035352159949, 66.0757267963518, 77.62729720436684, 78.59160221234023, 28.383732076733978, 28.383732076733978, 186.01562653808352], "layer_Barinel_score": [0.7373837692077476, 0.7457798022558407, 0.532827328, 0.560967088, 0.2657015680000002, 0.31215236800000007, 0.3160300000000001, 0.11413574218749996, 0.11413574218749996, 0.748], "time": 10.369993448257446}