{"neuron_counts": [246016, 61504, 53824, 12544, 9216, 2304, 2304, 64, 64, 1], "neuron_counts_selected": [500, 500, 500, 500, 500, 500, 500, 64, 64, 1], "layer_tarantula_score": [0.4785895164582751, 0.49238378381272774, 0.3595521892216312, 0.35616818744073164, 0.21780011462172713, 0.19593810311640017, 0.20995211049155574, 0.07629398546375694, 0.07629398546375694, 0.5000002631352781], "layer_ochiai_score": [0.557262291334727, 0.8157274438001175, 0.6219312615894568, 0.616077823451945, 0.37673724182923124, 0.3389216790153162, 0.363162246999682, 0.13196864336685707, 0.13196864336685707, 0.8648697011690338], "layer_D_star_score": [46.39466238235119, 366.6943801816647, 399.1477438289783, 395.3910800776509, 241.7852733567091, 217.51571575283205, 233.07301061426895, 84.69583297908454, 84.69583297908454, 555.0626110117286], "layer_Op2_score": [78.48286237047753, 166.2483374585602, 133.76458110604182, 132.5056273456321, 81.02840691998917, 72.895059665238, 78.10870564584744, 28.383732076733978, 28.383732076733978, 186.01562653808352], "layer_Barinel_score": [0.7306211112133935, 0.7421457103522788, 0.5378897920000001, 0.5328273280000001, 0.3258288000000004, 0.2931232479999999, 0.314088192, 0.11413574218749996, 0.11413574218749996, 0.748], "time": 10.492159128189087}