{"neuron_counts": [3072, 25088, 25088, 25088, 6272, 6272, 9216, 9216, 9216, 2304, 2304, 2048, 512, 160, 10, 10], "neuron_counts_selected": [500, 500, 500, 500, 500, 500, 500, 500, 500, 500, 500, 500, 500, 160, 10, 10], "layer_tarantula_score": [0.4427982879474315, 0.15517479952242758, 0.3738235412137023, 0.36208382778703724, 0.39342801650441733, 0.3944906539488437, 0.4478085253140803, 0.4602999685456205, 0.45829699869177476, 0.44999343783537904, 0.4529527920797504, 0.3599964831841104, 0.4791196881092367, 0.49891273537271197, 0.5000149969791051, 0.09930612880390297], "layer_ochiai_score": [0.08522942587396357, 0.0346693141454025, 0.037186131161618466, 0.01973627429991571, 0.032396162142819776, 0.0337813408121126, 0.10699878319206986, 0.13050367859175113, 0.10405587691661997, 0.15174743709706479, 0.15557449073215626, 0.09742673427895016, 0.17425150022619426, 0.42463809299521355, 0.43483286756023454, 0.01206023558039079], "layer_D_star_score": [5.5769919822800595, 10.207247202986993, 1.1164097793669918, 0.04995898001447916, 0.25512732734568855, 0.3044654302002856, 18.997126328233026, 33.91821283559413, 11.589257051580041, 43.48442827010265, 46.326562681860544, 20.22569485425359, 75.99244438970878, 725.7113642549882, 769.2202316373658, 0.137554205544259], "layer_Op2_score": [141.30706022760253, 93.09912957260536, 40.88315700316087, 9.813442260262299, 24.864772552301385, 26.82170053253181, 245.42193197869895, 350.0334947178594, 205.66824659330487, 443.529900286672, 462.94916826180935, 242.37790120530767, 591.597917068796, 3146.2209953258903, 3296.388835554523, 19.704088596436595], "layer_Barinel_score": [0.15704750296978, 0.056749871195187596, 0.13356512714508076, 0.12765588701588612, 0.13702082509388744, 0.13871196648237494, 0.1626494200991363, 0.16969185013807456, 0.16759899532248587, 0.16508640582296874, 0.16630942111773378, 0.13113672927553613, 0.17794781056761277, 0.18846982593686826, 0.18914153223273011, 0.025405919762523117], "time": 734.8944756984711}