{"neuron_counts": [3072, 25088, 25088, 25088, 6272, 6272, 9216, 9216, 9216, 2304, 2304, 2048, 512, 160, 10, 10], "neuron_counts_selected": [100, 100, 100, 100, 100, 100, 100, 100, 100, 100, 100, 100, 100, 100, 10, 10], "layer_tarantula_score": [0.4986829664764739, 0.16316509585106603, 0.453022084868062, 0.4558828288767814, 0.46555855089791537, 0.4469868725536517, 0.4349695313042265, 0.4611674830556168, 0.4647093500367742, 0.46199008257514595, 0.4582128934285404, 0.365731682604688, 0.4804045881079372, 0.4996356624786151, 0.4999999919356294, 0.545695751081477], "layer_ochiai_score": [0.4547368773390858, 0.08304755180724492, 0.15810529089344286, 0.12781840857534635, 0.2017185730806337, 0.1777396284951321, 0.16837240669758563, 0.19498868253599128, 0.15533333365746846, 0.2175483908143027, 0.2219627925233426, 0.11140234915882409, 0.1905757169748662, 0.46475842923114463, 0.47085028406065604, 0.22059616614856267], "layer_D_star_score": [577.3195268373228, 62.468689361335045, 52.94599409660042, 14.748873028569134, 62.6675577232226, 45.81324811571603, 45.92189128859606, 68.29569907990856, 24.860774631366375, 78.66860652787759, 84.03283788660431, 17.07096798194183, 58.120575438741575, 610.8329916621738, 631.5159882883723, 72.27670576626822], "layer_Op2_score": [2071.4353915973343, 270.93967595224694, 340.8515138766546, 184.01953290192145, 444.7695349590077, 358.27220890501536, 345.1190431161763, 434.9744189901439, 258.37992992189584, 503.0639421277242, 529.3638365010014, 177.55096758842535, 397.63370348379743, 2158.397342471391, 2216.0001284814994, 413.318805243335], "layer_Barinel_score": [0.22079427328883844, 0.07128577571265454, 0.19560585326284363, 0.19714420120929488, 0.2012332465674208, 0.19337932684836323, 0.18753634018108406, 0.20272121326279327, 0.20126552740775389, 0.20340401875228362, 0.20089894002733394, 0.15844161487115221, 0.209959908855587, 0.2214494300435254, 0.2217, 0.2624121563451072], "time": 133.76187467575073}