{"neuron_counts": [3072, 25088, 25088, 25088, 6272, 6272, 9216, 9216, 9216, 2304, 2304, 2048, 512, 160, 10, 10], "neuron_counts_selected": [1000, 1000, 1000, 1000, 1000, 1000, 1000, 1000, 1000, 1000, 1000, 1000, 512, 160, 10, 10], "layer_tarantula_score": [0.4981781634290025, 0.15925199837363102, 0.44555428588684026, 0.4386991042631969, 0.4387230689300714, 0.4470516913331806, 0.4634282842134864, 0.4501769151758975, 0.4601270118507702, 0.4692192491903425, 0.47264950734249206, 0.3637187353859073, 0.48333990058263965, 0.4995285430115313, 0.4999999919356294, 0.545695751081477], "layer_ochiai_score": [0.45377240623245096, 0.07697089712518733, 0.13994027055358307, 0.12326743381373449, 0.1833897288985004, 0.18642694623236084, 0.16705852528111928, 0.18143630263596067, 0.15151238241880652, 0.2211161672703255, 0.22308063420519078, 0.10929086535401829, 0.19661458909276186, 0.4647451063539598, 0.47085028406065604, 0.22059616614856267], "layer_D_star_score": [574.2074460588657, 56.966722220760275, 41.425425721189335, 13.755697876632922, 53.126387819308725, 53.14308885576567, 39.01299448926234, 59.85755925906203, 23.286462485592665, 78.81249350765052, 79.45359016402206, 16.20995701561145, 62.82335301887055, 610.7745360583997, 631.5159882883723, 72.27670576626822], "layer_Op2_score": [2066.3361528224095, 246.81176946417946, 281.2424877596428, 176.12271914931148, 391.23104124092276, 396.66191133604343, 316.055484924532, 392.4107109256734, 246.09899933918305, 514.1466172087981, 517.7060759911757, 171.97440727751382, 421.61399501347273, 2158.2797000532473, 2216.0001284814994, 413.318805243335], "layer_Barinel_score": [0.22044746924813702, 0.06963114442846217, 0.19259802160749995, 0.18910969195340366, 0.189868295435232, 0.19310222668787863, 0.20105725367379723, 0.1975950465883773, 0.20035771906928934, 0.20495865126832036, 0.20679599500223933, 0.15640505201677182, 0.21157986505447565, 0.22137598907248962, 0.2217, 0.2624121563451072], "time": 1137.8659372329712}