{"neuron_counts": [3072, 25088, 25088, 25088, 6272, 6272, 9216, 9216, 9216, 2304, 2304, 2048, 512, 160, 10, 10], "neuron_counts_selected": [1000, 1000, 1000, 1000, 1000, 1000, 1000, 1000, 1000, 1000, 1000, 1000, 512, 160, 10, 10], "layer_tarantula_score": [0.4993746587577805, 0.27407729544599, 0.47455802372766154, 0.47377461013752076, 0.4737785306942262, 0.4749934009242503, 0.4872258481718693, 0.48910280597837136, 0.494282449964739, 0.49812898233858616, 0.4963505414260643, 0.4371066427615222, 0.5072226048251601, 0.5003177003111992, 0.4999999941895286, 0.6037581460532202], "layer_ochiai_score": [0.4216201166691359, 0.15634290174922688, 0.19256315537594468, 0.13682669141759232, 0.1995507624289218, 0.20134526116144252, 0.19185742320188892, 0.2112674897669424, 0.16195918812670115, 0.22909829272878127, 0.227229727008804, 0.13878907189706272, 0.22100199225741635, 0.43116594818200016, 0.4348934590827396, 0.25230224178843047], "layer_D_star_score": [712.7693063158937, 193.83831999190838, 141.67720361831434, 33.65609558238017, 106.11333610123812, 107.61243386369131, 103.61289278705915, 141.10521571224822, 49.41610509589542, 141.91630975203984, 138.66528362334893, 46.551901345462824, 145.37947780743588, 753.4030380978444, 769.4846753046834, 162.30883933240142], "layer_Op2_score": [3106.158745317328, 928.7899139487142, 844.1665562550459, 370.4777958693246, 768.7055186814887, 777.2577564913628, 727.8461313546079, 870.7928416394577, 473.4570224827652, 925.9565921022789, 915.7122172795129, 415.0405782008716, 893.0258303137425, 3238.585580772832, 3298.0143876819843, 767.8441951609356], "layer_Barinel_score": [0.1887533087665493, 0.1038768785514791, 0.178663104619482, 0.17765028376691636, 0.17767305017717763, 0.17838306689404262, 0.18430146143387494, 0.18764057833844663, 0.18876080981046398, 0.1907142918148873, 0.1895306502577465, 0.16647870778527596, 0.1950397069286902, 0.18932913232907228, 0.18913232648594533, 0.2745040753636821], "time": 1220.3793449401855}