{"neuron_counts": [3072, 25088, 25088, 25088, 6272, 6272, 9216, 9216, 9216, 2304, 2304, 2048, 512, 160, 10, 10], "neuron_counts_selected": [500, 500, 500, 500, 500, 500, 500, 500, 500, 500, 500, 500, 500, 160, 10, 10], "layer_tarantula_score": [0.49934779608629254, 0.29416648458809064, 0.4899234007492808, 0.481502787887642, 0.471211046822385, 0.47669763809260607, 0.49222434382191127, 0.48927582599005015, 0.49725696963738136, 0.4994152407510607, 0.48993357403396065, 0.4418340169462066, 0.5081322281826626, 0.5003177003111992, 0.4999999941895286, 0.6037581460532202], "layer_ochiai_score": [0.42147575461846326, 0.17381208674620172, 0.19397791145350043, 0.1419402007710589, 0.1972665789355447, 0.19906590833189086, 0.19875140462026689, 0.20595664458143684, 0.16241239453074882, 0.2273905220184363, 0.22585486420646553, 0.14336644386228434, 0.22581737268409494, 0.43116594818200016, 0.4348934590827396, 0.25230224178843047], "layer_D_star_score": [712.1614936133145, 217.7852004928101, 140.2001569073508, 35.690599154623015, 104.13022944584775, 103.99093783415042, 116.92643363213574, 129.72802332940086, 49.119632852307426, 137.63757880370918, 139.4926203228932, 49.952264670308764, 154.88079431302853, 753.4030380978444, 769.4846753046834, 162.30883933240142], "layer_Op2_score": [3104.3111862732467, 1041.1869946090155, 838.9652270865503, 387.9739880853209, 755.9231682735008, 759.895140944879, 782.5538271419273, 830.0143195998162, 474.04232574166343, 908.4288032752223, 915.8127680210364, 437.67745976828576, 930.0056403389714, 3238.585580772832, 3298.0143876819843, 767.8441951609356], "layer_Barinel_score": [0.18873640441783995, 0.11162699489191559, 0.1849810281895176, 0.18128817872220906, 0.1770290917333379, 0.1787602426103046, 0.18625564216821525, 0.18725236854800464, 0.18953650107478967, 0.191463711135025, 0.18703244288795962, 0.16740613543137414, 0.19559326151973197, 0.18932913232907228, 0.18913232648594533, 0.2745040753636821], "time": 686.438060760498}