{"neuron_counts": [3072, 25088, 25088, 25088, 6272, 6272, 9216, 9216, 9216, 2304, 2304, 2048, 512, 160, 10, 10], "neuron_counts_selected": [500, 500, 500, 500, 500, 500, 500, 500, 500, 500, 500, 500, 500, 160, 10, 10], "layer_tarantula_score": [0.4857741207451309, 0.1646295770770456, 0.44273867722951243, 0.42275590397656027, 0.41061124255118364, 0.4196922166438775, 0.4628139849762631, 0.44989144461846065, 0.46430014291515004, 0.4679703754217425, 0.4544058219530102, 0.37170770260537883, 0.482867532948773, 0.49923434827928126, 0.49999486863006704, 0.3259978600168651], "layer_ochiai_score": [0.2953217075156839, 0.058900704425585565, 0.08087738507998722, 0.05510216543004471, 0.07969619961927518, 0.08300680723150236, 0.14695216888846785, 0.15200275301883034, 0.13320221879266692, 0.19431478285230458, 0.1909517900878391, 0.11139657859581008, 0.1965006214870983, 0.46244171409421786, 0.4707897284529437, 0.07731881473895605], "layer_D_star_score": [177.1948893984908, 24.557299015864466, 7.0398799656819815, 0.72771657362278, 3.263393309551972, 3.505763209275415, 26.40706864702501, 34.90321172477941, 14.27764091914196, 51.9157748967384, 52.44492998413744, 16.49920620936497, 63.62092414400976, 603.0719162164884, 631.3073416585697, 4.418034231182127], "layer_Op2_score": [896.5174877787216, 139.4357432099694, 96.45338805712035, 36.74554070887243, 79.5640267805795, 84.5093712518433, 248.40671733191994, 280.5294317745021, 189.7152774769938, 396.9998798553371, 397.1221553425186, 176.99516501753982, 423.9076936972286, 2138.1009603055372, 2215.450364863819, 104.71534172783477], "layer_Barinel_score": [0.21213902693739628, 0.07145875637221018, 0.18841447233946967, 0.17754832614920632, 0.1729951155450411, 0.1764823149276157, 0.1994283013193658, 0.1958508515591517, 0.20028532596128948, 0.20404766299729893, 0.19793591985892434, 0.15927768007290044, 0.211263016013834, 0.22117414290570483, 0.2216964641074939, 0.12479572936585047], "time": 623.9555327892303}