{"neuron_counts": [3072, 25088, 25088, 25088, 6272, 6272, 9216, 9216, 9216, 2304, 2304, 2048, 512, 160, 10, 10], "neuron_counts_selected": [500, 500, 500, 500, 500, 500, 500, 500, 500, 500, 500, 500, 500, 160, 10, 10], "layer_tarantula_score": [0.4982004092220032, 0.16380453717964213, 0.4547918601525863, 0.44372314848504235, 0.4515769061329857, 0.44774888213458514, 0.46343415363163026, 0.4727444599646242, 0.4716996698872886, 0.4626631000922174, 0.46533372306140697, 0.36140470909299355, 0.48307880581836843, 0.4995285430115313, 0.4999999919356294, 0.545695751081477], "layer_ochiai_score": [0.45384872818545474, 0.08350605420335548, 0.14257536593262593, 0.1267897382332294, 0.18978370870458103, 0.18943756107534207, 0.16444914850237902, 0.19237225224469448, 0.15559094693994754, 0.2182180225279456, 0.22228562963162282, 0.10899896760415256, 0.1969731184535591, 0.4647451063539598, 0.47085028406065604, 0.22059616614856267], "layer_D_star_score": [574.4575816896532, 62.65037061778419, 40.16483751668635, 15.081432879383403, 55.33554707924463, 55.383603720990166, 38.572406497120234, 63.24530296346398, 24.22569507708654, 77.56268977081493, 81.36347957527941, 16.33304406083016, 64.47325828498957, 610.7745360583997, 631.5159882883723, 72.27670576626822], "layer_Op2_score": [2066.702239352214, 270.0618764707315, 280.95389588500916, 185.22919766092684, 407.4669924952723, 405.73058892277896, 310.734484237711, 416.7512039951923, 254.08065848812717, 507.68847268075774, 524.8023240431448, 173.2293619188459, 427.8152057070219, 2158.2797000532473, 2216.0001284814994, 413.318805243335], "layer_Barinel_score": [0.2204629150658508, 0.07178215694503397, 0.1971083866358363, 0.19131390494655587, 0.19536518671161987, 0.19416897009436324, 0.2012124120560402, 0.2073673143354544, 0.20537128546253147, 0.2021170136183993, 0.20338197119231538, 0.15502728261261087, 0.2114058918959446, 0.22137598907248962, 0.2217, 0.2624121563451072], "time": 518.6101770401001}