{"neuron_counts": [3072, 25088, 25088, 25088, 6272, 6272, 9216, 9216, 9216, 2304, 2304, 2048, 512, 160, 10, 10], "neuron_counts_selected": [100, 100, 100, 100, 100, 100, 100, 100, 100, 100, 100, 100, 100, 100, 10, 10], "layer_tarantula_score": [0.49925465562333765, 0.2885974118503523, 0.48783157681108497, 0.46449300641802843, 0.45173514763561484, 0.4780997409929681, 0.4957893094396632, 0.48150291465683215, 0.49629199417076764, 0.5079885913829878, 0.5074441163886958, 0.45618041539322973, 0.5031622360763464, 0.5001486957583274, 0.4999999941895286, 0.6037581460532202], "layer_ochiai_score": [0.4214026466340761, 0.1742368577930235, 0.17277681174024903, 0.1398735345442667, 0.19177808587521775, 0.199279506739257, 0.20139477868340142, 0.20832592477118425, 0.15964897125871597, 0.22902945938092364, 0.2359405576941914, 0.14859488336529159, 0.21054747755617081, 0.4305904690476085, 0.4348934590827396, 0.25230224178843047], "layer_D_star_score": [711.8642233378043, 222.38583069883003, 102.24319797091664, 35.968942342151074, 104.36666720979908, 101.7948716899456, 119.64723495148374, 141.32012606388483, 47.37820801897964, 135.06062133125778, 147.51876146945418, 54.06887451587485, 127.52552864933057, 750.9431208103647, 769.4846753046834, 162.30883933240142], "layer_Op2_score": [3104.1571609855264, 1054.6742401318352, 671.2222079551041, 388.3455746511665, 746.1369908776339, 751.3933654169222, 792.6845059299136, 865.6306956583549, 458.20840831933026, 902.5624219985382, 958.2484205922625, 456.47827152371616, 823.942740941187, 3231.764267295684, 3298.0143876819843, 767.8441951609356], "layer_Barinel_score": [0.18867967791522586, 0.10935213963787392, 0.18319255884505037, 0.1742223390733517, 0.16952457638640137, 0.1798849435440523, 0.18857550306073897, 0.18453392908345478, 0.18955380961724372, 0.1949909176656725, 0.19468572406176166, 0.173369774973911, 0.19250277588430292, 0.1892254560084406, 0.18913232648594533, 0.2745040753636821], "time": 144.4941463470459}