{"neuron_counts": [3072, 25088, 25088, 25088, 6272, 6272, 9216, 9216, 9216, 2304, 2304, 2048, 512, 160, 10, 10], "neuron_counts_selected": [2000, 2000, 2000, 2000, 2000, 2000, 2000, 2000, 2000, 2000, 2000, 2000, 512, 160, 10, 10], "layer_tarantula_score": [0.4979818752023487, 0.14316531304018598, 0.44485149656625733, 0.43900490889832616, 0.4391691387848285, 0.4485439303613749, 0.46244559201371843, 0.45408033138014325, 0.4646508155105369, 0.4749066140142405, 0.4756384147352286, 0.37610103364035663, 0.48294462845429803, 0.49947047580384923, 0.4999999941895286, 0.5448620009065992], "layer_ochiai_score": [0.41902455875514316, 0.0650101064965512, 0.13233053033222128, 0.11536271135983843, 0.16941511544627227, 0.17394606114799277, 0.15763418321419395, 0.1671176294004468, 0.14279612443020584, 0.20765922027799075, 0.20888688107092152, 0.10541329191007293, 0.18161955831567914, 0.42918798795349244, 0.4348934590827396, 0.20160430327875792], "layer_D_star_score": [701.9550630197576, 64.36773572605185, 58.12182372928593, 19.992070961374168, 70.04251928065179, 72.80963692155439, 57.99579001480378, 78.93702027956863, 33.43215995379646, 107.90782774054325, 108.95906043643487, 23.742693246969704, 83.1947346065307, 744.9238040961823, 769.4846753046834, 91.69200870295367], "layer_Op2_score": [3075.813410617683, 333.44924765952493, 437.69382744006225, 268.8502015761272, 579.0547805604268, 599.027563876969, 496.8889763100224, 578.6374043754934, 376.5417927141564, 777.4941037735298, 787.7033005189775, 271.4146652939502, 627.2112105246158, 3211.6503432188, 3298.0143876819843, 591.9426593160815], "layer_Barinel_score": [0.18789986741825052, 0.05339798073528148, 0.16389880783676272, 0.1606421481187307, 0.16164994324851156, 0.16503636929434673, 0.1707689585186768, 0.16994878294890833, 0.17219307523396696, 0.17754980675467696, 0.17732608789270518, 0.1370423787964787, 0.1800911458080295, 0.18880899028853737, 0.18913232648594533, 0.2267186681364612], "time": 2531.7918305397034}