{"neuron_counts": [8192, 2048, 2048, 4096, 1024, 1024, 1024, 128, 128, 4], "neuron_counts_selected": [200, 200, 200, 200, 200, 200, 200, 128, 128, 4], "layer_tarantula_score": [0.4843191541854157, 0.4786725619501431, 0.47912310014846143, 0.45232554092909394, 0.4873120995876046, 0.4884523446726564, 0.48491673105735394, 0.24266009280920325, 0.24266009280920325, 0.4986500577199993], "layer_ochiai_score": [0.21010378775300106, 0.2598131993463444, 0.2575441979845584, 0.15981966314270588, 0.2784424634701706, 0.2769289403529911, 0.2623553042334548, 0.19914856117483265, 0.19914856117483265, 0.5525205822877911], "layer_D_star_score": [117.89709462025213, 205.09752140095725, 185.59740563812983, 23.439099242800754, 102.83391896469303, 113.98261963859716, 89.29726103949004, 235.7233482527507, 235.7233482527507, 1175.6284670143957], "layer_Op2_score": [393.1936440447236, 585.1279621410308, 563.1851376719128, 223.90003532841115, 556.8754301103403, 564.8878369731684, 507.291904687646, 583.1442218093812, 583.1442218093812, 1983.4617012172257], "layer_Barinel_score": [0.7352377854239929, 0.7240579687216075, 0.7278966858129692, 0.6934172636947143, 0.7379082963199945, 0.7386669873121475, 0.7359384447830877, 0.3662536724649808, 0.3662536724649808, 0.7469560423162435], "time": 54.93392896652222}