{"neuron_counts": [8192, 2048, 2048, 4096, 1024, 1024, 1024, 128, 128, 4], "neuron_counts_selected": [200, 200, 200, 200, 200, 200, 200, 128, 128, 4], "layer_tarantula_score": [0.4559967164720445, 0.4848786941168185, 0.4771912663692057, 0.4522574581093079, 0.4811216581005477, 0.47739286096455, 0.4836467218138417, 0.24255621625023144, 0.24255621625023144, 0.49904978865049876], "layer_ochiai_score": [0.19837269373590508, 0.2679249808910657, 0.2636395101242468, 0.1546085199705611, 0.2839160384757974, 0.2658804446867307, 0.28277929155914566, 0.19652300051694854, 0.19652300051694854, 0.5641219344017023], "layer_D_star_score": [48.573929400798264, 148.96350900636537, 115.01585968813328, 9.89228984068635, 69.79606265321625, 53.66211393867358, 65.51406039428909, 138.68526698181802, 138.68526698181802, 830.513715674769], "layer_Op2_score": [216.80848037482076, 376.86547302428175, 361.1152743906466, 123.40955614235283, 361.4418529941821, 318.9919136538827, 353.2749673328088, 350.2447394000083, 350.2447394000083, 1278.5190109759928], "layer_Barinel_score": [0.6894449306059125, 0.7331699118743458, 0.7236583453922868, 0.6957926082413782, 0.7331252863503178, 0.730139082069595, 0.7356720020335936, 0.36652949533266665, 0.36652949533266665, 0.7479968934728386], "time": 51.81178307533264}