{"neuron_counts": [8192, 2048, 2048, 4096, 1024, 1024, 1024, 128, 128, 4], "neuron_counts_selected": [500, 500, 500, 500, 500, 500, 500, 128, 128, 4], "layer_tarantula_score": [0.13562587689446753, 0.19175646195490928, 0.191542635224345, 0.005563178309850567, 0.0399129883806691, 0.03446758372896127, 0.03352646910518803, 0.21173161908728352, 0.21173161908728352, 0.4913363640270958], "layer_ochiai_score": [0.007425207748789307, 0.013610251112937361, 0.01458945715231547, 0.00022373735117062603, 0.0016650427896842462, 0.0015489295533528675, 0.0013100694184184952, 0.07770887563213649, 0.07770887563213649, 0.15781946106045205], "layer_D_star_score": [0.04658760660552428, 0.07711321495131586, 0.17249643467499354, 1.4812291258800216e-05, 0.00017298474094141965, 0.0001597623508493798, 0.0001350582049434633, 6.64844154610713, 6.64844154610713, 8.704775444990297], "layer_Op2_score": [1.120422942390951, 2.490487618394095, 3.026153980232016, 0.018761117305257487, 0.15175419882125088, 0.14281353878274924, 0.11737495826570964, 66.52050478126753, 66.52050478126753, 116.39798708146249], "layer_Barinel_score": [0.1932267016057699, 0.2878147610373423, 0.28741138707668107, 0.00780140366300309, 0.05534200863342009, 0.050135594283786535, 0.04500948181814744, 0.3266851785058921, 0.3266851785058921, 0.7420274657950633], "time": 118.95862340927124}