{"neuron_counts": [8192, 2048, 2048, 4096, 1024, 1024, 1024, 128, 128, 4], "neuron_counts_selected": [2000, 2000, 2000, 2000, 1024, 1024, 1024, 128, 128, 4], "layer_tarantula_score": [0.4639304429819216, 0.47701383150625243, 0.4796946636862746, 0.45276391890625123, 0.48266665347199433, 0.48266665347199433, 0.48266665347199433, 0.24255621625023144, 0.24255621625023144, 0.49904978865049876], "layer_ochiai_score": [0.1928317979924685, 0.26645499387094573, 0.2558475859771223, 0.16492499948537223, 0.27816198242461015, 0.27816198242461015, 0.27816198242461015, 0.19652300051694854, 0.19652300051694854, 0.5641219344017023], "layer_D_star_score": [42.035287164620584, 124.72308902540722, 108.887239667038, 14.280219035866521, 65.80557878022155, 65.80557878022155, 65.80557878022155, 138.68526698181802, 138.68526698181802, 830.513715674769], "layer_Op2_score": [206.49472848217965, 372.18235546729886, 344.3452083336699, 143.4497996874333, 348.65277123424715, 348.65277123424715, 348.65277123424715, 350.2447394000083, 350.2447394000083, 1278.5190109759928], "layer_Barinel_score": [0.7056752572658028, 0.7227948078198649, 0.7279656691783554, 0.6948141313778204, 0.7344875613333285, 0.7344875613333285, 0.7344875613333285, 0.36652949533266665, 0.36652949533266665, 0.7479968934728386], "time": 354.9032542705536}