{"neuron_counts": [8192, 2048, 2048, 4096, 1024, 1024, 1024, 128, 128, 4], "neuron_counts_selected": [500, 500, 500, 500, 500, 500, 500, 128, 128, 4], "layer_tarantula_score": [0.13616069923612834, 0.19978646007251905, 0.20288475803507475, 0.009694826214581323, 0.03968566078108683, 0.03890643557921087, 0.034152552418689364, 0.21198872013084322, 0.21198872013084322, 0.49234496348767187], "layer_ochiai_score": [0.008288180268607616, 0.01373938212929802, 0.014346910913224868, 0.00033962440698205213, 0.0016855525770839742, 0.0016709431054343974, 0.0014385129617594259, 0.08182842052178142, 0.08182842052178142, 0.1719640666306663], "layer_D_star_score": [0.10645316576356866, 0.10467165535126681, 0.2805105190023034, 3.877625027905334e-05, 0.00030550577200814705, 0.0004047684439090252, 0.0002813242550537124, 13.02803715317367, 13.02803715317367, 20.679164114030296], "layer_Op2_score": [2.268362908717662, 4.037560614178254, 4.623342281468069, 0.044598859181412466, 0.25396682642387625, 0.26804603386581144, 0.22051525542982048, 119.30853325388195, 119.30853325388195, 225.07880886707292], "layer_Barinel_score": [0.198238477779833, 0.2984170552291657, 0.2996731935597805, 0.01259052806985022, 0.05566686650076924, 0.05331356640361751, 0.047010437545132074, 0.3265438588410971, 0.3265438588410971, 0.7420488618904185], "time": 119.70874285697937}