{"neuron_counts": [8192, 2048, 2048, 4096, 1024, 1024, 1024, 128, 128, 4], "neuron_counts_selected": [200, 200, 200, 200, 200, 200, 200, 128, 128, 4], "layer_tarantula_score": [0.5081873464157077, 0.4990393414161086, 0.49820640585228376, 0.4964578884915406, 0.5027909628661823, 0.504528415527662, 0.5005730304084226, 0.35928471526945227, 0.35928471526945227, 0.5031772161647925], "layer_ochiai_score": [0.3175242111003572, 0.3728243977009089, 0.36624522440341667, 0.2301283543591851, 0.3435193658949979, 0.3515639684383058, 0.3310205981526087, 0.3367214316342123, 0.3367214316342123, 0.5827844292125187], "layer_D_star_score": [879.8329443421297, 1009.1076085781184, 938.8611414905947, 99.37512457332156, 271.83185931297686, 383.03630009681393, 257.1089468819879, 698.877394508384, 698.877394508384, 1568.4382917450907], "layer_Op2_score": [908.7382554745989, 1160.4123976440749, 1113.4577237332833, 445.57798591236184, 851.0490429861936, 916.2976481029971, 808.1889827926359, 1139.6090580955374, 1139.6090580955374, 2219.0093821543624], "layer_Barinel_score": [0.7520815357880989, 0.7428293244625468, 0.7439829015913975, 0.7331962678063862, 0.7495060586021196, 0.7507341609762238, 0.7477454314560572, 0.5296499539271626, 0.5296499539271626, 0.7503443270427173], "time": 55.162546157836914}