{"neuron_counts": [8192, 2048, 2048, 4096, 1024, 1024, 1024, 128, 128, 4], "neuron_counts_selected": [1000, 1000, 1000, 1000, 1000, 1000, 1000, 128, 128, 4], "layer_tarantula_score": [0.46385291591427913, 0.4820543412299553, 0.47789486632116773, 0.45388934197063097, 0.48231547590805296, 0.48260529060471286, 0.4838274542137839, 0.24255621625023144, 0.24255621625023144, 0.49904978865049876], "layer_ochiai_score": [0.18508930728322914, 0.2626964212216822, 0.2643648108328055, 0.16108620744595162, 0.28319216145482534, 0.2770094260203902, 0.2772490106900157, 0.19652300051694854, 0.19652300051694854, 0.5641219344017023], "layer_D_star_score": [40.435558943330236, 108.95145490742223, 119.00952796179092, 13.600393623799745, 65.50312820542608, 63.79029681461131, 65.7571947729319, 138.68526698181802, 138.68526698181802, 830.513715674769], "layer_Op2_score": [191.44981430157026, 355.3265514093143, 363.2841073519819, 137.60546425806052, 357.0184979283883, 344.73858792795784, 347.48161117052604, 350.2447394000083, 350.2447394000083, 1278.5190109759928], "layer_Barinel_score": [0.707420851504544, 0.7302499556557368, 0.7254892207913392, 0.696625185420868, 0.7341126977484601, 0.7345695006314842, 0.73539216742189, 0.36652949533266665, 0.36652949533266665, 0.7479968934728386], "time": 228.3959231376648}