{"neuron_counts": [8192, 2048, 2048, 4096, 1024, 1024, 1024, 128, 128, 4], "neuron_counts_selected": [200, 200, 200, 200, 200, 200, 200, 128, 128, 4], "layer_tarantula_score": [0.48358475412773444, 0.47823524556892916, 0.47775646526055193, 0.4535996469566434, 0.4868207930364424, 0.48740055707171226, 0.48507058560336713, 0.24255621625023144, 0.24255621625023144, 0.49904978865049876], "layer_ochiai_score": [0.208928124388068, 0.25862009036568123, 0.2565738852198112, 0.15910374355024046, 0.27748499773981006, 0.2759217622078214, 0.26220800083059637, 0.19652300051694854, 0.19652300051694854, 0.5641219344017023], "layer_D_star_score": [71.89264014640044, 124.41195117376698, 112.70933647455622, 13.952248787971932, 62.32734302354722, 69.3444858481662, 54.41803927019872, 138.68526698181802, 138.68526698181802, 830.513715674769], "layer_Op2_score": [239.37731188666154, 356.57583204455193, 344.05053681564505, 136.0503133245987, 340.56719909171983, 345.48808870415365, 311.59372120817386, 350.2447394000083, 350.2447394000083, 1278.5190109759928], "layer_Barinel_score": [0.7353901060624044, 0.7244202273111378, 0.727550615114871, 0.6952157874911825, 0.738301237881238, 0.7385414624275902, 0.7367979528374279, 0.36652949533266665, 0.36652949533266665, 0.7479968934728386], "time": 53.447118043899536}