{"neuron_counts": [512, 128, 1], "neuron_counts_selected": [100, 100, 1], "layer_tarantula_score": [0.12249999999999998, 0.1521, 1.0], "layer_ochiai_score": [0.07101770355454065, 0.14378374184019932, 0.9999994357790198], "layer_D_star_score": [125721.88870718321, 10177642.689728998, 78530942.78033581], "layer_Op2_score": [4.678528447690187, 12.401304290894979, 88.61768603554415], "layer_Barinel_score": [0.12249999999999998, 0.1521, 1.0], "time": 0.16973185539245605}