{"neuron_counts": [32, 32, 3], "neuron_counts_selected": [32, 32, 3], "layer_tarantula_score": [1.0, 1.0, 0.6666666666666666], "layer_ochiai_score": [0.7013615249709104, 0.7013615249709104, 0.4688240541801658], "layer_D_star_score": [206.04814756809026, 206.04814756809026, 167.11102081328247], "layer_Op2_score": [209.09720627515247, 209.09720627515247, 141.55031333271896], "layer_Barinel_score": [1.0, 1.0, 0.6666666666666666], "time": 0.43975019454956055}