{"neuron_counts": [32, 32, 3], "neuron_counts_selected": [32, 32, 3], "layer_tarantula_score": [1.0, 1.0, 0.4444444444444445], "layer_ochiai_score": [0.6931319075722203, 0.6931319075722203, 0.2961144180899324], "layer_D_star_score": [112.52495973139766, 112.52495973139766, 47.22606933596562], "layer_Op2_score": [120.197265625, 120.197265625, 49.77777777777777], "layer_Barinel_score": [1.0, 1.0, 0.4444444444444445], "time": 1.612734317779541}