{"neuron_counts": [4, 4, 2, 4, 4, 2], "neuron_counts_selected": [4, 4, 2, 4, 4, 2], "layer_tarantula_score": [0, 0, 0, 0, 0, 1.0], "layer_ochiai_score": [0, 0, 0, 0, 0, 0.9999995000003751], "layer_D_star_score": [0, 0, 0, 0, 0, 99999999.99668035], "layer_Op2_score": [0, 0, 0, 0, 0, 100.0], "layer_Barinel_score": [0, 0, 0, 0, 0, 1.0], "time": 0.11679458618164062}