{"neuron_counts": [176960, 829500, 829500, 414750, 414750, 750, 1], "neuron_counts_selected": [500, 500, 500, 500, 500, 500, 1], "layer_tarantula_score": [0.14145744653049583, 0.011761028697997595, 0.011152695242285923, 0.0015655928976243897, 0.002333419591517747, 0.2968427266930088, 0.4999944445678985], "layer_ochiai_score": [0.09714520062159084, 0.007924271829180998, 0.00767793038990312, 0.0010493938159135772, 0.0015236764052038666, 0.28005037259521215, 0.4999916668749942], "layer_D_star_score": [17.801171772807837, 0.3729333654367093, 3.255399252029907, 0.002141649619534294, 0.002151886240706505, 0.5170090560679798, 0.9999888890123443], "layer_Op2_score": [0.06581025713742816, -0.05406442075579204, -0.06175156840431604, -0.03564401559984391, -0.03468561718382746, 1.0490551095689047, 2.100008999910001], "layer_Barinel_score": [0.08363963809523825, 0.007796333333333122, 0.008099142857143032, 0.0012068000000001891, 0.0018192666666665184, 0.14757465050505028, 0.25], "time": 1.1268980503082275}