{"neuron_counts": [176960, 829500, 829500, 414750, 414750, 750, 1], "neuron_counts_selected": [1000, 1000, 1000, 1000, 1000, 750, 1], "layer_tarantula_score": [0.2585182133792068, 0.1927625475958733, 0.18014211270550945, 0.14160768708273586, 0.17139907278134675, 0.4948170445746267, 0.4999944445678985], "layer_ochiai_score": [0.18899522139024585, 0.1487894763753277, 0.13892962871848377, 0.1108103274113391, 0.1365478713699465, 0.494057307303286, 0.4999916668749942], "layer_D_star_score": [0.6453855086580279, 0.5893806083412747, 1.0248575970442917, 0.25732002984629493, 0.5853972605546133, 0.9849620878982774, 0.9999888890123443], "layer_Op2_score": [0.35670349282507186, 0.273656620443796, 0.2401165451845483, 0.17278247762522375, 0.27872709090909126, 2.0676063836517193, 2.100008999910001], "layer_Barinel_score": [0.1339194895021646, 0.0995287920995671, 0.09354741078643557, 0.07300326648629173, 0.08941468347763354, 0.2472821845117845, 0.25], "time": 1.8696691989898682}