{"neuron_counts": [176960, 829500, 829500, 414750, 414750, 750, 1], "neuron_counts_selected": [500, 500, 500, 500, 500, 500, 1], "layer_tarantula_score": [0.3940478164981882, 0.27871904265941627, 0.28118660836602727, 0.21226565895692878, 0.23647177340907383, 0.489932344639665, 0.4999944445678985], "layer_ochiai_score": [0.30093653070842263, 0.21217784694043101, 0.2146749201285382, 0.1687618676287648, 0.18272820358297093, 0.48683979079013084, 0.4999916668749942], "layer_D_star_score": [0.7737911292388221, 180.54911219812396, 360.5314308289913, 540.4577530134462, 540.4613787644978, 0.9837233477303797, 0.9999888890123443], "layer_Op2_score": [0.8378034019659804, 0.5576023439765602, 0.5660025599744002, 0.4716018639813602, 0.4804020959790402, 2.0278086819131813, 2.100008999910001], "layer_Barinel_score": [0.24093095238095236, 0.1863897546897547, 0.18570483405483407, 0.14294509379509382, 0.1585946608946609, 0.24646594516594517, 0.25], "time": 0.993234395980835}