{"neuron_counts": [176960, 829500, 829500, 414750, 414750, 750, 1], "neuron_counts_selected": [200, 200, 200, 200, 200, 200, 1], "layer_tarantula_score": [0.2657049188915621, 0.19321177873104867, 0.18736095999110328, 0.13134739461726036, 0.15758308414633074, 0.4980030248744835, 0.4999944445678985], "layer_ochiai_score": [0.19246890087739563, 0.14858695377773085, 0.1417102885487001, 0.1040632688520556, 0.12148372686597762, 0.4970431636758854, 0.4999916668749942], "layer_D_star_score": [0.2790398186831672, 0.2162831911928722, 0.20803221928028343, 2.402978096887676, 0.1803165240229621, 0.9911423202408945, 0.9999888890123443], "layer_Op2_score": [0.3479968692813071, 0.2929935910640895, 0.23512597524024803, 0.1360357883921159, 0.19461830056699403, 2.082063979860202, 2.100008999910001], "layer_Barinel_score": [0.1396133630952381, 0.09830981782106778, 0.09883003787878776, 0.06644357954545457, 0.08105939123376632, 0.24875625, 0.25], "time": 0.5868639945983887}