{"neuron_counts": [176960, 829500, 829500, 414750, 414750, 750, 1], "neuron_counts_selected": [500, 500, 500, 500, 500, 500, 1], "layer_tarantula_score": [0.3072979434455875, 0.04317478749383889, 0.04947136058396761, 0.01, 0.00892855221117873, 0.321473302628522, 0.4999944445678985], "layer_ochiai_score": [0.22386457937427742, 0.029775396304296313, 0.03704693098812746, 0.006251691121388711, 0.006130666104887474, 0.29062904437509224, 0.4999916668749942], "layer_D_star_score": [1260.583219864118, 0.07732778657914671, 360.10749119913424, 0.011999000089991503, 0.012666077805739395, 0.6946569700289542, 0.9999888890123443], "layer_Op2_score": [0.5226018739812601, 0.052400255997440026, 0.07040025599744003, 0.006400055999440005, 0.011200047999520004, 1.0568043519564805, 2.100008999910001], "layer_Barinel_score": [0.22550238095238098, 0.037238095238095244, 0.0455, 0.01, 0.007666666666666667, 0.18520007215007214, 0.25], "time": 1.4136266708374023}