{"neuron_counts": [176960, 829500, 829500, 414750, 414750, 750, 1], "neuron_counts_selected": [500, 500, 500, 500, 500, 500, 1], "layer_tarantula_score": [0.17813130872857777, 0.034641124470236914, 0.0289822636657502, 0.013165982299436158, 0.014599525482838546, 0.4178439410124474, 0.4999906252929596], "layer_ochiai_score": [0.11545750412310725, 0.02290879484724527, 0.019218767594070655, 0.008585720543583586, 0.009690024202977585, 0.3667752022160644, 0.4472024155793157], "layer_D_star_score": [2.6600475667741246, 0.1813358044266533, 0.6589191056350809, 0.16740833528441268, 4.009438390909664, 0.39958329633161793, 0.499993750078124], "layer_Op2_score": [0.0063626573038078485, -0.07109546231708519, -0.09476065554827123, -0.06382482239086214, -0.06574123536405117, 0.8534157311585431, 1.1111209875445827], "layer_Barinel_score": [0.08208589523809529, 0.018030109523809647, 0.015863625396825252, 0.0067070666666666934, 0.008409666666666643, 0.166697588888889, 0.19999999999999996], "time": 0.9478261470794678}