{"neuron_counts": [176960, 829500, 829500, 414750, 414750, 750, 1], "neuron_counts_selected": [1000, 1000, 1000, 1000, 1000, 750, 1], "layer_tarantula_score": [0.2660242122721373, 0.21066996112470507, 0.2060427627342676, 0.15770236621474437, 0.15174993435519862, 0.4952010780112261, 0.4999906252929596], "layer_ochiai_score": [0.17687538006707562, 0.14744742159244184, 0.14348865760840157, 0.11426532256216797, 0.10845373018809176, 0.4422044789845356, 0.4472024155793157], "layer_D_star_score": [0.18228336669258727, 0.16907474862990315, 0.4786826836971663, 0.46314526364156344, 0.13343505627907107, 0.49318863819111036, 0.499993750078124], "layer_Op2_score": [0.1198853783957957, 0.10038534532949657, 0.10899060368218182, 0.06858757044921739, 0.056399047621693656, 1.094300899333217, 1.1111209875445827], "layer_Barinel_score": [0.11159987539682543, 0.09068285714285722, 0.08600908492063486, 0.06709454166666662, 0.06374925952380946, 0.19797411005291005, 0.19999999999999996], "time": 2.303723096847534}