{"neuron_counts": [350464, 350464, 165888, 165888, 36992, 36992, 8192, 8192, 8192, 1024, 5], "neuron_counts_selected": [500, 500, 500, 500, 500, 500, 500, 500, 500, 500, 5], "layer_tarantula_score": [0.46512587338480976, 0.4596225289149356, 0.5262558857855437, 0.5230617413437241, 0.5098084810877526, 0.49738130553589377, 0.2128968553247627, 0.21424325448116902, 0.198963025093696, 0.32170415788872747, 0.5046809497963195], "layer_ochiai_score": [0.14047278453482356, 0.12380622117698076, 0.23736379877457564, 0.22976835289164918, 0.16371711230906402, 0.17463044103191244, 0.024333368649299653, 0.026475450011863032, 0.02555773772318291, 0.12887151915529865, 0.6221607949389397], "layer_D_star_score": [7.264760705149794, 6.59834171683133, 12.691551945992043, 11.605621844572724, 9.110896402096165, 10.5058619530435, 0.1215818572783324, 0.22090648252172923, 0.26561583721237697, 35.88640221520793, 428.7802943332543], "layer_Op2_score": [31.15817792617991, 27.38125497809136, 57.21075652342119, 54.25104475592849, 37.65218677668004, 41.471448835879706, 2.218238682880929, 2.7914870035277617, 2.875683590487466, 48.91131627037905, 356.1017089950177], "layer_Barinel_score": [0.5193383723847748, 0.5065389415802894, 0.6092346053098827, 0.6056630288671953, 0.5706719002030036, 0.5633292406996048, 0.2299775685960036, 0.2304034568917001, 0.21664091097143562, 0.3661764073892387, 0.5924312183726762], "time": 27.98923420906067}