{"neuron_counts": [350464, 350464, 165888, 165888, 36992, 36992, 8192, 8192, 8192, 1024, 5], "neuron_counts_selected": [200, 200, 200, 200, 200, 200, 200, 200, 200, 200, 5], "layer_tarantula_score": [0.24060112630412894, 0.2492497956420366, 0.4454749163968007, 0.43096366133760106, 0.19187539730115716, 0.1389455928030641, 0.0009148180443555635, 0.0010758212918820216, 0.0013078784807292428, 0.0003242473554863269, 0], "layer_ochiai_score": [0.04468278420187803, 0.04644625617042252, 0.08513594150177693, 0.07494618485041078, 0.036245600840130995, 0.027794041666897955, 9.80929952533621e-05, 0.0001253321568882819, 0.00014960726865095004, 3.8025970844746395e-05, 0], "layer_D_star_score": [0.4034723920554113, 0.5718295843850506, 0.4097033702981665, 0.36242257379538284, 0.2053233738700561, 0.2593349361363288, 0.00014029828022221115, 0.00010908929442900742, 0.0002268478141372036, 0.00018198166339576142, 0], "layer_Op2_score": [4.9374674857431415, 5.400715446143811, 8.14957475208354, 6.852876819536369, 3.6794653423892068, 3.285479621688504, 0.005462161301593448, 0.006543079834433591, 0.009187330679848508, 0.002686172471622254, -0.002007640605793751], "layer_Barinel_score": [0.2813391647345116, 0.2897163659725688, 0.5173576089537879, 0.4977998292632741, 0.22497543192153377, 0.16407044308303395, 0.00102047823493541, 0.0012443151452797001, 0.0014871643684519255, 0.0003961382224694169, 0], "time": 12.476176261901855}