{"neuron_counts": [350464, 350464, 165888, 165888, 36992, 36992, 8192, 8192, 8192, 1024, 5], "neuron_counts_selected": [500, 500, 500, 500, 500, 500, 500, 500, 500, 500, 5], "layer_tarantula_score": [0.44534148880604435, 0.45828466468614865, 0.5761773376937803, 0.5557839783229038, 0.38915693362120796, 0.37453002377104966, 0.04989953617763312, 0.0459550629466946, 0.05141289572538057, 0.01653741048818963, 0.07895994391437804], "layer_ochiai_score": [0.13476436816612788, 0.12228109386415739, 0.14979326429660392, 0.13893852645212756, 0.0979532956592874, 0.09094759442703464, 0.005878802146894721, 0.006728182162284833, 0.0052666372895926105, 0.002667548082581565, 0.011725637472384212], "layer_D_star_score": [6.315462328529846, 5.5334453713016085, 2.98012890007418, 3.0347281051927695, 2.685004438886535, 2.352228716524911, 0.01753512925354817, 0.03043275800109565, 0.015229635373776968, 0.023278855241416808, 0.005185623158243896], "layer_Op2_score": [29.83536048323108, 26.07244822799706, 24.247820048558495, 22.7270047564131, 17.379693590804994, 15.915757059311273, 0.502794966295708, 0.6949224976860512, 0.43487412557309607, 0.29128210876091876, 0.7254672293137931], "layer_Barinel_score": [0.49580512074118105, 0.5072043146277482, 0.6475488207582505, 0.6234931427933776, 0.43563110857876186, 0.41615008031572276, 0.05432272244069944, 0.05065478837156253, 0.0545618686804672, 0.019219634730242244, 0.09641229736874439], "time": 28.03521752357483}