{"neuron_counts": [350464, 350464, 165888, 165888, 36992, 36992, 8192, 8192, 8192, 1024, 5], "neuron_counts_selected": [500, 500, 500, 500, 500, 500, 500, 500, 500, 500, 5], "layer_tarantula_score": [0.26345994046911775, 0.2633163248008563, 0.4331485761552036, 0.42033283616607686, 0.16569655084995163, 0.18520162690755154, 0.0020182117495698643, 0.0020253262494163847, 0.0028205583091616645, 0.0008636305427028591, 0.016172840687394843], "layer_ochiai_score": [0.05063434740748998, 0.053886356808577056, 0.09113758749599822, 0.09168971622756543, 0.034842267794962745, 0.04087245201302224, 0.00018780750018754417, 0.00021700649203935674, 0.00028512670544261504, 8.792218288647988e-05, 0.0020359461305135738], "layer_D_star_score": [0.46832789003250136, 0.6097112826810743, 0.40412951470678987, 0.4993826423840221, 0.18731033664138008, 0.28412000402883486, 0.000142243315107189, 0.00019980740839501906, 0.0001961602421394777, 0.00010725344409959554, 0.0004145076646353199], "layer_Op2_score": [4.537933950729286, 5.2466423011093815, 7.185626576322982, 7.558384797251409, 2.9181530374110234, 3.792226619822589, 0.00651685183237378, 0.008719270093053512, 0.010115072330389411, 0.0030584791078025705, 0.07969581760615303], "layer_Barinel_score": [0.3100351506078014, 0.30936735274401495, 0.5127866670296435, 0.4970025118858631, 0.19931120726318727, 0.22154018704172143, 0.0022680562258983825, 0.0022727648491907477, 0.003231360240390034, 0.001010850482850448, 0.019999999999999997], "time": 27.516748189926147}