{"neuron_counts": [350464, 350464, 165888, 165888, 36992, 36992, 8192, 8192, 8192, 1024, 5], "neuron_counts_selected": [500, 500, 500, 500, 500, 500, 500, 500, 500, 500, 5], "layer_tarantula_score": [0.26417050920526053, 0.22420170568058392, 0.4524400325335375, 0.44235342983741194, 0.1806961957841812, 0.2154809893271387, 0.0020844054864104316, 0.0033255422763616275, 0.001579122701278518, 0.00023375382238356715, 0.016172840687394843], "layer_ochiai_score": [0.05896113413621145, 0.045199059795052766, 0.09844010142287829, 0.09182773177454136, 0.03904141790146436, 0.04729888251168694, 0.00024228757543129107, 0.00035564954647569275, 0.0002022195549728147, 2.9481844139596983e-05, 0.0020359461305135738], "layer_D_star_score": [0.641599795540899, 0.5112135189556483, 0.49392065336460683, 0.39306367093158745, 0.26227201640197007, 0.3282873792668004, 8.675767431622128e-05, 0.0003036539109630876, 0.00023384603740271944, 0.00023035588862912538, 0.0004145076646353199], "layer_Op2_score": [5.826563290155396, 4.346614102815924, 8.010412067242559, 7.056128720877273, 3.5207541025086977, 4.327234240119296, 0.008723650240436445, 0.014050266271382006, 0.009325095102243245, 0.0018856121986259974, 0.07969581760615303], "layer_Barinel_score": [0.31124858855075516, 0.2629976778100039, 0.533761999569637, 0.5241479515636789, 0.21644081314967792, 0.2569152325683188, 0.0024561681873675285, 0.003780473676437913, 0.0018710479299440194, 0.00027297683397686166, 0.019999999999999997], "time": 27.56113052368164}