{"neuron_counts": [350464, 350464, 165888, 165888, 36992, 36992, 8192, 8192, 8192, 1024, 5], "neuron_counts_selected": [200, 200, 200, 200, 200, 200, 200, 200, 200, 200, 5], "layer_tarantula_score": [0.27412667353624287, 0.25684108677392253, 0.4455148803124662, 0.46837470794709485, 0.24269550904459153, 0.23234811875472472, 0.005588280926414508, 0.00507175791241708, 0.001833922568250409, 0.0013438459931358194, 0.06532483740417944], "layer_ochiai_score": [0.05973941044522423, 0.05598400570206763, 0.10998021579562102, 0.11379644081075883, 0.05148750440922145, 0.04644896104894844, 0.0005416834107211858, 0.0005054221237341013, 0.00021573542292215343, 0.00014479539976875258, 0.029125921576355407], "layer_D_star_score": [0.9226780574481365, 0.7219400779175178, 0.9144615732203275, 0.8621178120711899, 0.5122023227156199, 0.3555004252318664, 0.0004441770617990205, 0.0002321285011217532, 0.00010545794924417705, 3.314807094332884e-05, 5.510301315443784], "layer_Op2_score": [7.871176747663809, 7.13901146131277, 13.424074487275734, 13.557679049066937, 6.327566420474259, 5.246542647303543, 0.026099979411706574, 0.021962795824111793, 0.010636156721831012, 0.006044009078477305, 10.895110330520213], "layer_Barinel_score": [0.3189125938789701, 0.29817833900237617, 0.5225555441343634, 0.5477684885123261, 0.2836482250269159, 0.27234610869729176, 0.006239897433135858, 0.00585414921714148, 0.0021686297801056147, 0.0015668827395113002, 0.07935133552730038], "time": 12.44491696357727}