{"neuron_counts": [350464, 350464, 165888, 165888, 36992, 36992, 8192, 8192, 8192, 1024, 5], "neuron_counts_selected": [500, 500, 500, 500, 500, 500, 500, 500, 500, 500, 5], "layer_tarantula_score": [0.26373224538846807, 0.2715357235870065, 0.4541573558266433, 0.44527456765007184, 0.2029563152277999, 0.21341732059667995, 0.005244629461447534, 0.00399318945308078, 0.0051677626348741075, 0.004486934702429432, 0.06532483740417944], "layer_ochiai_score": [0.051057023455724784, 0.05496400525664893, 0.10814218518055305, 0.10869271107714826, 0.04276151085609267, 0.04787140344086927, 0.00045362460929838016, 0.0004083920549940975, 0.0005375457557945587, 0.000481537844014123, 0.029125921576355407], "layer_D_star_score": [0.6346010596530057, 0.8268876050747086, 0.8388783794410162, 1.0043051680066883, 0.3620770527421258, 0.5136761563776495, 0.00023352037377440116, 0.00035286291605842845, 0.0003613348033815685, 0.00030618865878196376, 5.510301315443784], "layer_Op2_score": [6.084027130325331, 7.025477757138934, 12.754454306718438, 13.317694299912912, 4.951759490943426, 6.154219520723823, 0.01795137397575655, 0.01979097998504471, 0.023938544922095396, 0.021513837637778234, 10.895110330520213], "layer_Barinel_score": [0.3064990652938939, 0.3141876103808697, 0.5308465168499821, 0.5218636043795789, 0.23923619834770332, 0.25114544667555566, 0.0058187138508012165, 0.00454944645556783, 0.00596793583619443, 0.005159392645788505, 0.07935133552730038], "time": 27.95267415046692}