{"neuron_counts": [350464, 350464, 165888, 165888, 36992, 36992, 8192, 8192, 8192, 1024, 5], "neuron_counts_selected": [500, 500, 500, 500, 500, 500, 500, 500, 500, 500, 5], "layer_tarantula_score": [0.27461937268084413, 0.3004171793230877, 0.47595312734340134, 0.4740144852465153, 0.2862542515582331, 0.2759413152759025, 0.011936127863396965, 0.012440788601372882, 0.011489531797049932, 0.02776492788996682, 0.2728363955236358], "layer_ochiai_score": [0.0653125778143945, 0.059798790060567895, 0.1394572402530603, 0.12976670610677876, 0.06488505640227052, 0.057985874790888875, 0.0013578225276699857, 0.0013695645480594249, 0.0011426781802163332, 0.0039150923789183735, 0.1271394998750708], "layer_D_star_score": [0.9169961756299876, 0.6999741682092111, 1.2374401188137345, 1.0512866786405153, 0.5259260398488926, 0.4588897309094467, 0.0009321401584436901, 0.0015630025026488255, 0.0006191787864442063, 0.0157806109343487, 10.521607984920767], "layer_Op2_score": [7.2142927819982035, 5.724530164733781, 14.789260529908546, 12.98889033808734, 6.107126834652925, 5.3351317008366035, 0.05265256286670745, 0.056201657994806066, 0.038764547710815354, 0.21946667729936944, 22.573536146944413], "layer_Barinel_score": [0.32439933326257214, 0.3528206508495252, 0.567655692736463, 0.564010630599566, 0.34069298104732537, 0.3274913947489145, 0.013967042391388941, 0.014411807563234248, 0.01317136848361621, 0.03280943563951563, 0.3324288647853733], "time": 28.707878589630127}