{"neuron_counts": [350464, 350464, 165888, 165888, 36992, 36992, 8192, 8192, 8192, 1024, 5], "neuron_counts_selected": [200, 200, 200, 200, 200, 200, 200, 200, 200, 200, 5], "layer_tarantula_score": [0.3008589879176729, 0.2811167469394729, 0.4663345781959332, 0.4896359844925577, 0.3759241504084599, 0.3567138862434708, 0.0665836025842759, 0.07067704815349878, 0.046319030309875914, 0.1294658466946789, 0.5002594850548936], "layer_ochiai_score": [0.06270586783802855, 0.06944662993305058, 0.16505784796425904, 0.1783901233228483, 0.09620243348797573, 0.0976150468691104, 0.006279011760449978, 0.007836192347129668, 0.004897858796941032, 0.02784683960343905, 0.5396998544467126], "layer_D_star_score": [0.8499505789391107, 1.439911509290055, 2.601432728138671, 2.9583571740971557, 1.8705578007103307, 1.709734547820096, 0.002826450856760543, 0.010965377653282041, 0.010491169212992394, 1.504216134384461, 272.14965010062485], "layer_Op2_score": [7.845749301182476, 10.605854718540856, 26.99809269955484, 29.54123895973915, 14.570391351985544, 15.11160822619808, 0.26726257344503423, 0.45112329115324556, 0.275566754361899, 4.149216908433502, 271.7931094479545], "layer_Barinel_score": [0.3498687520560957, 0.32844003378684866, 0.5527346853238947, 0.5758146575826705, 0.43903214041632843, 0.4181290346900252, 0.0747372996903675, 0.08004976312302563, 0.05234487867998063, 0.15437269859979785, 0.5881634332740373], "time": 12.432970762252808}