{"neuron_counts": [350464, 350464, 165888, 165888, 36992, 36992, 8192, 8192, 8192, 1024, 5], "neuron_counts_selected": [500, 500, 500, 500, 500, 500, 500, 500, 500, 500, 5], "layer_tarantula_score": [0.4421114731694026, 0.4502034074707502, 0.5687103495692244, 0.5547813210388363, 0.36125419380833984, 0.33134959841806383, 0.03403055122985669, 0.041922867322516356, 0.03184207067023396, 0.011039074482620025, 0.0], "layer_ochiai_score": [0.13201933601641785, 0.11948385844725577, 0.13264732655268052, 0.1244867806467858, 0.0872655173209094, 0.07980809245581515, 0.0043191349163996685, 0.005462557389812618, 0.0035964832890940544, 0.001647502642448132, 0.0], "layer_D_star_score": [5.896055392669158, 5.2085524887487535, 2.270537492215515, 2.3329628643428886, 2.0700940042214633, 1.769669270295166, 0.011217878951081962, 0.016762796338847388, 0.00940727149455936, 0.014560175925172496, 0.0], "layer_Op2_score": [28.780901823351428, 25.20262328058676, 20.07476679007198, 19.011815136255503, 14.8480802902861, 13.40579173311925, 0.3684599054998528, 0.5087851630256007, 0.31335170014761743, 0.18463356343657095, -0.0011153558921076394], "layer_Barinel_score": [0.49197776562967793, 0.4987756867108045, 0.6345214596271458, 0.6160282065092799, 0.40469954131837044, 0.3690930356023497, 0.03763036934057461, 0.04580418403551135, 0.03424461033644943, 0.013132374156715329, 0.0], "time": 28.85073971748352}