{"neuron_counts": [350464, 350464, 165888, 165888, 36992, 36992, 8192, 8192, 8192, 1024, 5], "neuron_counts_selected": [100, 100, 100, 100, 100, 100, 100, 100, 100, 100, 5], "layer_tarantula_score": [0.4632425216348734, 0.4820252565478835, 0.5276559098119352, 0.5200941050256702, 0.4930314710854801, 0.5514084444028918, 0.23136933325868533, 0.24257007540961972, 0.16788549906864897, 0.31183957063298934, 0.5046809497963195], "layer_ochiai_score": [0.14257374529934508, 0.12322626407450626, 0.24065006456427948, 0.22381420272995964, 0.1831582301269497, 0.18549776029159648, 0.02430701011546117, 0.026211856398124272, 0.024744621404052022, 0.11715290410109586, 0.6221607949389397], "layer_D_star_score": [7.324078578869835, 4.82333562042996, 10.686012285917435, 10.861797291111191, 10.537364028670213, 10.97098494839874, 0.421857676683643, 0.5884530945610031, 0.254314704069586, 42.175967660479294, 428.7802943332543], "layer_Op2_score": [31.99431290835543, 24.3422523379052, 56.4143394748802, 52.73995728179728, 43.05300155129833, 44.336560376050954, 2.6792065439636343, 3.226278858323361, 3.057345032265049, 46.1510366421661, 356.1017089950177], "layer_Barinel_score": [0.5182343717997763, 0.5331944721135864, 0.6126514738394451, 0.6016084560521042, 0.5599079570676676, 0.6157899824189227, 0.24738159345499572, 0.2598262674039239, 0.1819797423150833, 0.3575641846332426, 0.5924312183726762], "time": 7.146409749984741}