{"neuron_counts": [350464, 350464, 165888, 165888, 36992, 36992, 8192, 8192, 8192, 1024, 5], "neuron_counts_selected": [200, 200, 200, 200, 200, 200, 200, 200, 200, 200, 5], "layer_tarantula_score": [0.25237605039023836, 0.2615897164868534, 0.4645870612398312, 0.4538728265193294, 0.22862887620684405, 0.159072912086617, 0.0014882180148507078, 0.00232496578619162, 0.0021772597731095663, 0.0005203678166488464, 0.015791988782875604], "layer_ochiai_score": [0.046607306983665046, 0.04856159626260927, 0.10018779301065243, 0.08885253844533755, 0.04375952604705357, 0.03312875703271621, 0.0001697511298883348, 0.0002714760608595347, 0.00023637750974123798, 8.172595523990558e-05, 0.002345127494476842], "layer_D_star_score": [0.4288578535091213, 0.615479394654752, 0.6114945899356605, 0.5219074491554563, 0.2801112037274237, 0.34462126346486366, 0.0003038985666928054, 0.00022788495921844589, 0.000319726203013168, 0.0003126358826796369, 0.0010371246316487795], "layer_Op2_score": [5.161481766575074, 5.656886491068641, 10.714589715900543, 8.879451346276033, 4.602441282212924, 4.048333311681747, 0.010022954731000027, 0.014330666307789019, 0.013481071722807911, 0.006324334289143823, 0.14509344586275869], "layer_Barinel_score": [0.2940638547595757, 0.30413003462642657, 0.5425810280179475, 0.5260930144024092, 0.2680235890926856, 0.18842032694877076, 0.0017162454755322353, 0.002718713018917999, 0.0025507552952044035, 0.0006490580129003882, 0.019282459473748886], "time": 12.547877311706543}