{"neuron_counts": [350464, 350464, 165888, 165888, 36992, 36992, 8192, 8192, 8192, 1024, 5], "neuron_counts_selected": [500, 500, 500, 500, 500, 500, 500, 500, 500, 500, 5], "layer_tarantula_score": [0.2869022108826986, 0.3227900819871697, 0.4772099650947022, 0.465020576116932, 0.3466537227129685, 0.3652572851447272, 0.04573648271465426, 0.059862127751519195, 0.041203780142490216, 0.14887774829279027, 0.5002594850548936], "layer_ochiai_score": [0.06805840275557655, 0.06310713646090574, 0.17798111428079666, 0.16610655469707805, 0.08661949758169618, 0.08166201413658025, 0.00489368981579718, 0.006368001696771508, 0.004158693320582859, 0.03942183665359374, 0.5396998544467126], "layer_D_star_score": [1.2702753568032314, 0.9790288844388879, 3.379491529610055, 2.930073227694752, 1.3357339120607765, 1.1569417588428546, 0.006975731160862964, 0.008684864053629568, 0.0036655358544702087, 4.980304207286486, 272.14965010062485], "layer_Op2_score": [9.890384036191014, 7.893918548129441, 30.96801643228149, 27.72311021846202, 12.281982786232724, 10.879104553428624, 0.26495378225138827, 0.3345289289896243, 0.19692166596452929, 9.217886334188776, 271.7931094479545], "layer_Barinel_score": [0.3347751816902365, 0.3741120605734778, 0.563737583040475, 0.5498782257378698, 0.4073937407172891, 0.42882233775557504, 0.052058326167272996, 0.06819850086662223, 0.047104108998508365, 0.17731260886892103, 0.5881634332740373], "time": 27.993066549301147}