{"neuron_counts": [43264, 10816, 1024, 256, 256, 64, 1], "neuron_counts_selected": [200, 200, 200, 200, 200, 64, 1], "layer_tarantula_score": [0.4815460019322956, 0.49349677973128536, 0.3387883525165619, 0.45136858017516035, 0.43429355837464695, 0.352756018426336, 0.5000000059509632], "layer_ochiai_score": [0.5980719951354792, 0.7017415506233532, 0.46765331569317997, 0.6747048671079675, 0.6677589533711485, 0.23585438746655885, 0.8165289506712327], "layer_D_star_score": [3806.686320180119, 5858.621486279433, 2843.334466561478, 5959.127390062669, 5835.541152075973, 2370.8989108832457, 8408.000075773436], "layer_Op2_score": [2441.372264901422, 3192.945670282724, 2076.015031726124, 3274.1074264041063, 3291.2633228742607, 1186.0111206072743, 4202.000475784944], "layer_Barinel_score": [0.6257763203413923, 0.6484522385413143, 0.46196129257303165, 0.6080480978380776, 0.5870094551636675, 0.4468644040490164, 0.6667195431472082], "time": 123.11176633834839}