{"neuron_counts": [43264, 10816, 1024, 256, 256, 64, 1], "neuron_counts_selected": [1000, 1000, 1000, 256, 256, 64, 1], "layer_tarantula_score": [0.4781843204061467, 0.5016324948408617, 0.36885306259788225, 0.43645585414835064, 0.43645585414835064, 0.352756018426336, 0.5000000059509632], "layer_ochiai_score": [0.6126309501450522, 0.7184325310537218, 0.5180753648471508, 0.6634470719182687, 0.6634470719182687, 0.23585438746655885, 0.8165289506712327], "layer_D_star_score": [4092.368731613623, 5961.243248098833, 3275.9380420975253, 5937.834462640691, 5937.834462640691, 2370.8989108832457, 8408.000075773436], "layer_Op2_score": [2551.71550014583, 3249.7523495547784, 2320.0752719444554, 3252.470631811349, 3252.470631811349, 1186.0111206072743, 4202.000475784944], "layer_Barinel_score": [0.6271819265383891, 0.6571650022009474, 0.5027894846151286, 0.5880789049984325, 0.5880789049984325, 0.4468644040490164, 0.6667195431472082], "time": 273.8874304294586}