{"neuron_counts": [43264, 10816, 1024, 256, 256, 64, 1], "neuron_counts_selected": [500, 500, 500, 256, 256, 64, 1], "layer_tarantula_score": [0.6159880416636478, 0.619193318552168, 0.4882075502995477, 0.4868847307435558, 0.4868847307435558, 0.5312276950115384, 0.5000000059509632], "layer_ochiai_score": [0.7256445286170315, 0.7734276482548109, 0.6494477681609919, 0.7358359364553152, 0.7358359364553152, 0.4378296555119139, 0.8165289506712327], "layer_D_star_score": [7906.797094096581, 10079.91262481837, 5016.9637004389515, 7072.489643108604, 7072.489643108604, 4463.750638802327, 8408.000075773436], "layer_Op2_score": [3241.283318774152, 3576.260781193017, 3051.1220733000914, 3688.786605804114, 3688.786605804114, 2232.203377760751, 4202.000475784944], "layer_Barinel_score": [0.737836184157155, 0.7437882394283462, 0.6223811748018729, 0.6400960229458019, 0.6400960229458019, 0.6197999286167513, 0.6667195431472082], "time": 130.6763505935669}