{"neuron_counts": [43264, 10816, 1024, 256, 256, 64, 1], "neuron_counts_selected": [500, 500, 500, 256, 256, 64, 1], "layer_tarantula_score": [0.6617160806508762, 0.6573503786094602, 0.48820706888487925, 0.4868845886954531, 0.4868845886954531, 0.5312276950115384, 0.5000000059509632], "layer_ochiai_score": [0.7192356663829647, 0.7728963829546505, 0.6494453513551913, 0.7358353979710702, 0.7358353979710702, 0.4378296555119139, 0.8165289506712327], "layer_D_star_score": [7907.002912094599, 10897.858841651261, 5016.938117596627, 7072.432204953832, 7072.432204953832, 4463.750638802327, 8408.000075773436], "layer_Op2_score": [3126.3717079235157, 3487.9805613987364, 3051.1100742515664, 3688.782699554114, 3688.782699554114, 2232.203377760751, 4202.000475784944], "layer_Barinel_score": [0.7714798449790892, 0.7705356201363045, 0.622379480135062, 0.6400959406714541, 0.6400959406714541, 0.6197999286167513, 0.6667195431472082], "time": 131.41854643821716}