{"neuron_counts": [43264, 10816, 1024, 256, 256, 64, 1], "neuron_counts_selected": [1000, 1000, 1000, 256, 256, 64, 1], "layer_tarantula_score": [0.6025351543205161, 0.6011402358942391, 0.4773190429211605, 0.48688480210411955, 0.48688480210411955, 0.5312276950115384, 0.5000000059509632], "layer_ochiai_score": [0.7147780558651645, 0.7813252581594333, 0.6433279475026004, 0.7358367775529888, 0.7358367775529888, 0.4378296555119139, 0.8165289506712327], "layer_D_star_score": [7971.746111691099, 10271.137451609024, 5143.697674268108, 7072.523240863868, 7072.523240863868, 4463.750638802327, 8408.000075773436], "layer_Op2_score": [3181.6748834743635, 3657.247842089161, 3045.3200870970463, 3688.794416445765, 3688.794416445765, 2232.203377760751, 4202.000475784944], "layer_Barinel_score": [0.72575231152026, 0.7316802208123888, 0.6116373818936065, 0.6400960485336261, 0.6400960485336261, 0.6197999286167513, 0.6667195431472082], "time": 227.05267453193665}