{"neuron_counts": [43264, 10816, 1024, 256, 256, 64, 1], "neuron_counts_selected": [200, 200, 200, 200, 200, 64, 1], "layer_tarantula_score": [0.48038946634245305, 0.4992747482064039, 0.3465527975342887, 0.4190265412344417, 0.39316935557714516, 0.35275599900478277, 0.5000000059523808], "layer_ochiai_score": [0.6264857953272117, 0.7200118942280508, 0.46358484215352747, 0.638341390337806, 0.6042891705827582, 0.2358471683581599, 0.8164965712075288], "layer_D_star_score": [4482.9542591780955, 6342.305119934592, 2964.015850173863, 5737.543121846434, 5359.034722357463, 2368.641700657397, 8399.999600000017], "layer_Op2_score": [2667.0781086512584, 3286.189973884912, 2077.4929213865016, 3117.9755337565575, 2969.9599608859908, 1185.1644409836865, 4199.000476011401], "layer_Barinel_score": [0.628970761552089, 0.6530623097210827, 0.47233572701453064, 0.5631627594921491, 0.5312744820992392, 0.4468345385717641, 0.6666666666666667], "time": 54.567034006118774}