{"neuron_counts": [43264, 10816, 1024, 256, 256, 64, 1], "neuron_counts_selected": [500, 500, 500, 256, 256, 64, 1], "layer_tarantula_score": [0.5003060979830628, 0.5054454454935359, 0.3762163684260612, 0.43645578283350484, 0.43645578283350484, 0.352756018426336, 0.5000000059509632], "layer_ochiai_score": [0.6107961880207502, 0.7031432928885174, 0.5086415527046075, 0.6634457045633531, 0.6634457045633531, 0.23585438746655885, 0.8165289506712327], "layer_D_star_score": [4019.048503238213, 5957.837733840698, 3168.981707286817, 5937.778778864773, 5937.778778864773, 2370.8989108832457, 8408.000075773436], "layer_Op2_score": [2478.9488937342458, 3138.733150927192, 2268.9308786269826, 3252.4579092696777, 3252.4579092696777, 1186.0111206072743, 4202.000475784944], "layer_Barinel_score": [0.6465149604096332, 0.6571807306043054, 0.5116277070399492, 0.5880789135731791, 0.5880789135731791, 0.4468644040490164, 0.6667195431472082], "time": 144.0990800857544}