{"neuron_counts": [43264, 10816, 1024, 256, 256, 64, 1], "neuron_counts_selected": [1000, 1000, 1000, 256, 256, 64, 1], "layer_tarantula_score": [0.48966279998753826, 0.4925853507389099, 0.3789048122158986, 0.43646421530254065, 0.43646421530254065, 0.35275599900478277, 0.5000000059523808], "layer_ochiai_score": [0.6416124206800563, 0.7021824978831698, 0.543484366329875, 0.6634341022075364, 0.6634341022075364, 0.2358471683581599, 0.8164965712075288], "layer_D_star_score": [4447.301585795625, 5771.872855516479, 3454.8566106966164, 5932.541316323163, 5932.541316323163, 2368.641700657397, 8399.999600000017], "layer_Op2_score": [2701.120843578841, 3155.6911105724585, 2436.147965113036, 3250.234865700207, 3250.234865700207, 1185.1644409836865, 4199.000476011401], "layer_Barinel_score": [0.639683390035582, 0.64563833847002, 0.5155448085952256, 0.5880386288086638, 0.5880386288086638, 0.4468345385717641, 0.6666666666666667], "time": 201.00887846946716}