{"neuron_counts": [43264, 10816, 1024, 256, 256, 64, 1], "neuron_counts_selected": [100, 100, 100, 100, 100, 64, 1], "layer_tarantula_score": [0.4729110197052001, 0.524912378355669, 0.37983652975452725, 0.43675560225708565, 0.44452725407364574, 0.352756018426336, 0.5000000059509632], "layer_ochiai_score": [0.617397524341937, 0.7138240261660136, 0.5139735792135047, 0.6428633570289474, 0.6983173528862295, 0.23585438746655885, 0.8165289506712327], "layer_D_star_score": [4249.031413559988, 6539.417171115199, 3404.679683311502, 5875.398523330929, 6285.360100594976, 2370.8989108832457, 8408.000075773436], "layer_Op2_score": [2603.4346809468993, 3216.3756360858447, 2263.4885337548985, 3136.2311669709443, 3453.4377048915417, 1186.0111206072743, 4202.000475784944], "layer_Barinel_score": [0.6206740675220643, 0.677082114867436, 0.5110708839787662, 0.5838118759894355, 0.5986760536052314, 0.4468644040490164, 0.6667195431472082], "time": 48.960471630096436}