{"neuron_counts": [43264, 10816, 1024, 256, 256, 64, 1], "neuron_counts_selected": [500, 500, 500, 256, 256, 64, 1], "layer_tarantula_score": [0.48479373400818804, 0.504432580606579, 0.3793757413568065, 0.43645578283350484, 0.43645578283350484, 0.352756018426336, 0.5000000059509632], "layer_ochiai_score": [0.6389156426079375, 0.7063719993453068, 0.5308111279896832, 0.6634457045633531, 0.6634457045633531, 0.23585438746655885, 0.8165289506712327], "layer_D_star_score": [4387.271515099565, 6004.4168264661575, 3258.339642784701, 5937.778778864773, 5937.778778864773, 2370.8989108832457, 8408.000075773436], "layer_Op2_score": [2713.4671265546413, 3180.370145959777, 2343.3013461970227, 3252.4579092696777, 3252.4579092696777, 1186.0111206072743, 4202.000475784944], "layer_Barinel_score": [0.6364096203596885, 0.6588468555660939, 0.5151802138566358, 0.5880789135731791, 0.5880789135731791, 0.4468644040490164, 0.6667195431472082], "time": 152.7880985736847}