{"neuron_counts": [207936, 207936, 50176, 100352, 100352, 25088, 50176, 50176, 50176, 12544, 25088, 25088, 25088, 4608, 4608, 4608, 4608, 512, 512, 4096, 1024, 1], "neuron_counts_selected": [500, 500, 500, 500, 500, 500, 500, 500, 500, 500, 500, 500, 500, 500, 500, 500, 500, 500, 500, 500, 500, 1], "layer_tarantula_score": [0.45858110200532215, 0.4624724549487677, 0.48328222282810634, 0.3944674862807132, 0.40570916677339586, 0.4573173888370459, 0.3281033026518904, 0.3719293453458442, 0.27480526495943747, 0.33143379509245735, 0.2149362397056104, 0.15378067973553128, 0.04378974140917478, 0.10581751950155363, 0.12574310480877252, 0.13572378476522493, 0.010977281502419892, 0.03862271390392235, 0.03920479267145222, 0.028046963417628187, 0.012517185192346687, 0.5000004699218972], "layer_ochiai_score": [0.512535919639494, 0.5570787305371648, 0.6958138287218718, 0.43951708096543035, 0.38495102841167494, 0.5681563321371742, 0.34519719656102665, 0.41324176033246074, 0.20788654835153886, 0.32208925487399187, 0.2026985901305748, 0.13833039024585056, 0.029509791768139743, 0.06838747505304968, 0.1057028895842486, 0.11595165388746967, 0.00900645441298842, 0.030202191022857584, 0.031546406694845285, 0.027991015235462016, 0.010436474256538824, 0.7587849138395507], "layer_D_star_score": [5.59151195258807, 8.447913872473748, 19.04267508842573, 6.342849413415053, 3.0533216443976454, 10.121671583993555, 4.714169656056959, 6.6322229337987455, 1.4233401020105707, 3.842463362854463, 2.6271007628028586, 1.6923414849918654, 0.17478666223292177, 0.48743800640608875, 1.172634873744269, 1.4769992238053848, 0.12296506161492629, 0.4000563204934075, 0.44958284050631847, 0.43096073988837236, 0.1538079349873976, 25.785530103356404], "layer_Op2_score": [8.681636879594137, 10.334269660362265, 15.618465817027884, 7.692800355944296, 5.579467985280096, 10.903258002013319, 5.824494062279582, 7.366122358277611, 2.5581177562549615, 5.081181052152988, 3.193184367117553, 2.1247581646522344, 0.3295926831421104, 0.772032284611433, 1.5179999898133993, 1.741340849301005, 0.13405285231431194, 0.43796815901227654, 0.47255402057319784, 0.4697753760041661, 0.159428855567632, 18.066672888847407], "layer_Barinel_score": [0.5333395887551008, 0.5372247583893148, 0.5587197921718252, 0.45819259035140086, 0.47268322898954934, 0.5306356624149321, 0.3809571165223733, 0.4315539117687734, 0.31850210833215625, 0.3857936387990716, 0.24914813752731146, 0.17912167800424672, 0.05009301326293269, 0.11981666328058255, 0.14508333803772278, 0.15612366950619394, 0.012658795677157076, 0.04429741435205855, 0.04466968507686294, 0.03226936701190701, 0.014372077029870806, 0.5757575757575757], "time": 5.118276119232178}