{"neuron_counts": [207936, 207936, 50176, 100352, 100352, 25088, 50176, 50176, 50176, 12544, 25088, 25088, 25088, 4608, 4608, 4608, 4608, 512, 512, 4096, 1024, 1], "neuron_counts_selected": [500, 500, 500, 500, 500, 500, 500, 500, 500, 500, 500, 500, 500, 500, 500, 500, 500, 500, 500, 500, 500, 1], "layer_tarantula_score": [0.3956435290940449, 0.4483294004041266, 0.47577390822568166, 0.37011024978313234, 0.4057446879681241, 0.45959387113624917, 0.3392069276851025, 0.3665425223382269, 0.23213623750622403, 0.33623480135840966, 0.22245001978874673, 0.13679209991848243, 0.04076549495107893, 0.05772627886805412, 0.05956293811277183, 0.03126021380931379, 0.0010833687783954314, 0.002840303046990464, 0.004689117164278367, NaN, NaN, 0.5000005357110332], "layer_ochiai_score": [0.3214434911196598, 0.5208410439492652, 0.676351755492787, 0.4093347762586862, 0.38713601746659837, 0.5673952322029968, 0.3632631545967946, 0.40553713637991945, 0.17335886050100766, 0.32773610670978753, 0.20854036378901702, 0.11721017234289942, 0.028075235401387545, 0.03874269062479413, 0.048530184051223724, 0.024961250210975575, 0.0007023395736663084, 0.0021188326994251833, 0.0034209951283518656, NaN, NaN, 0.7669630714420885], "layer_D_star_score": [1.4586714537000436, 7.017787686680088, 18.400998380052407, 6.2470760006124975, 3.199779760885348, 10.971823933670402, 5.509151720290948, 6.587818025133869, 1.10536284084373, 4.0356685300363555, 2.7902721344989194, 1.3690919792611655, 0.20696061436008714, 0.23684313592500558, 0.5623755466309083, 0.299698885932595, 0.005531261462730513, 0.019543988632139606, 0.03886670303564195, NaN, NaN, 28.571224491253634], "layer_Op2_score": [4.084695530536464, 9.485741525003165, 15.39278944247038, 7.395343372724182, 5.863225409457268, 11.314404330877794, 6.4550338472410145, 7.404658807261286, 2.160170762728245, 5.3148264149705655, 3.384819543869708, 1.783307853680973, 0.3430273287511399, 0.44133592096052704, 0.7103405254898368, 0.36514173737508476, 0.008385602495984915, 0.028883746268353046, 0.04822561873587315, NaN, NaN, 19.066672888847407], "layer_Barinel_score": [0.47386096634979163, 0.5341573432357158, 0.5627299067019913, 0.44092636382854816, 0.48593098253748196, 0.5455218266862322, 0.4022191180398375, 0.4360796905831773, 0.2770947979647374, 0.4012567586849149, 0.2637368161515826, 0.1623235991629115, 0.04758555733610768, 0.06789201460441577, 0.0706133729444644, 0.036690710933135216, 0.001246393442831694, 0.0033439327340362888, 0.005530687178189792, NaN, NaN, 0.5882352941176471], "time": 5.78533935546875}