{"neuron_counts": [207936, 207936, 50176, 100352, 100352, 25088, 50176, 50176, 50176, 12544, 25088, 25088, 25088, 4608, 4608, 4608, 4608, 512, 512, 4096, 1024, 1], "neuron_counts_selected": [500, 500, 500, 500, 500, 500, 500, 500, 500, 500, 500, 500, 500, 500, 500, 500, 500, 500, 500, 500, 500, 1], "layer_tarantula_score": [0.5009710396893242, 0.5021262813450056, 0.5007816233367316, 0.47175350634525204, 0.49659695696310224, 0.4907510607551647, 0.44541907062432334, 0.44835399345719873, 0.38983622291738834, 0.4809554781534742, 0.3807684409884902, 0.31669208798126713, 0.16647116090246464, 0.29251599082954843, 0.2844834976225735, 0.2927366693074734, 0.14907051661252932, 0.20869721896702795, 0.21607970715605812, 0.2430173983301169, 0.22851674946366904, 0.5000005357110332], "layer_ochiai_score": [0.6134782295639256, 0.6422152723327277, 0.7354116619152931, 0.5624823173086063, 0.5120469285129, 0.6378276088579881, 0.509458024284105, 0.5453839773743788, 0.3079699051711323, 0.49336013455331124, 0.40850316278689813, 0.3107509891180113, 0.12096957028133198, 0.22562956725109554, 0.2851468112503922, 0.3089159457429015, 0.12870884754333442, 0.17476097712359231, 0.20300653868996085, 0.29172377336193145, 0.2644329988465717, 0.7669630714420885], "layer_D_star_score": [11.94941130675973, 15.424911644078016, 24.62219790411165, 13.037235187307196, 8.191194486414892, 16.856476937986635, 11.73569179465037, 13.735269294994039, 4.217792934400805, 10.577416258046757, 10.051202729985151, 6.803295634810119, 1.8506922706096889, 3.984435262465793, 6.4757012098144475, 7.727232211663856, 2.6044086409087326, 3.9831683300073246, 4.904187966415393, 8.819532977034633, 7.591669809695936, 28.571224491253634], "layer_Op2_score": [12.338137359084275, 13.695204445303698, 17.621739068406203, 11.678537209751935, 9.253336324424502, 13.985471243525044, 10.40800338664409, 11.574270478196814, 4.99840167732215, 9.648136439090406, 8.393069406203958, 6.091868667542216, 1.9690673128845806, 3.911867920880528, 5.660535183098779, 6.393068726208492, 2.360534049773001, 3.309601002659982, 4.0082678648809, 6.5306687688748735, 5.762668502209985, 19.066672888847407], "layer_Barinel_score": [0.587581343241996, 0.5879681136543813, 0.5886723633190171, 0.5506505013984809, 0.5775109847259675, 0.5745829974745242, 0.5174641574561356, 0.5235227796358092, 0.44126313958734986, 0.5518091177604699, 0.43778287672603367, 0.36096419700175425, 0.18639486516951687, 0.32658384650128197, 0.32531413218350325, 0.3351538557238267, 0.16731708390890532, 0.23270642524887297, 0.24240468377679208, 0.2802637443511437, 0.2633596135174729, 0.5882352941176471], "time": 7.240593910217285}