{"neuron_counts": [207936, 207936, 50176, 100352, 100352, 25088, 50176, 50176, 50176, 12544, 25088, 25088, 25088, 4608, 4608, 4608, 4608, 512, 512, 4096, 1024, 1], "neuron_counts_selected": [500, 500, 500, 500, 500, 500, 500, 500, 500, 500, 500, 500, 500, 500, 500, 500, 500, 500, 500, 500, 500, 1], "layer_tarantula_score": [0.45316002269457173, 0.45563333436142045, 0.4824993461645535, 0.39357642980347096, 0.40499517438125093, 0.4556788037498394, 0.3287149186955547, 0.3722402424830959, 0.2674207296788464, 0.3295481830362473, 0.2117943742836775, 0.15113155197136008, 0.039523713171196205, 0.09808730990316579, 0.1128563055544274, 0.09115082382530755, 0.005744564642988031, 0.022386584260067174, 0.01818020240149026, 0.0016517586650450704, 0.0008260866954692566, 0.5000004699218972], "layer_ochiai_score": [0.46074040197000693, 0.5434917498132075, 0.6897404984525665, 0.4331505112145967, 0.3821485946511638, 0.565472712156272, 0.34219137800901794, 0.41201068941028335, 0.20332412086530446, 0.31867071418492965, 0.19889114467763894, 0.1356210875406614, 0.026765852335102137, 0.06259253494891336, 0.08795952402471839, 0.07607074533859846, 0.0046633879201527445, 0.01640767410325647, 0.016639778593051647, 0.0011270795278518298, 0.0005190296225286629, 0.7587849138395507], "layer_D_star_score": [3.8835462141847397, 7.85823229460864, 18.391366118922843, 6.121526388913033, 2.976809275923905, 10.00583826704851, 4.6270629986165615, 6.563309038055585, 1.3845318055894815, 3.780194576570436, 2.5563138825099663, 1.6461759642471263, 0.1543863352080327, 0.43721259703693305, 0.9216111280973125, 0.8928337305721021, 0.058829380708122166, 0.18071259447916882, 0.26034468304833647, 0.008628070341275771, 0.00423310604580714, 25.785530103356404], "layer_Op2_score": [7.094820541463059, 9.95088553836308, 15.371188680822126, 7.519325895667364, 5.503830364410904, 10.821728635035768, 5.737846566436225, 7.318231932960445, 2.500226549796332, 5.006588489143409, 3.1232976766554916, 2.0757904035573027, 0.2982396046426361, 0.7006229306471246, 1.2066990975260212, 1.1010937356417678, 0.06680269662202004, 0.22022675699495464, 0.2700921051459588, 0.011973345591030875, 0.00615013489243259, 18.066672888847407], "layer_Barinel_score": [0.5272062308721747, 0.5294464871151988, 0.5579402212228421, 0.45722510325374294, 0.4719370151315359, 0.5286746100979586, 0.3816075866931802, 0.4318610998788959, 0.3099939054798832, 0.38346617424545476, 0.24557370570745612, 0.17580363786063252, 0.045342842396584634, 0.11095988268073596, 0.1296230681660345, 0.10520391569984171, 0.006585804633609986, 0.025488437581262114, 0.0209962997087838, 0.0018705716731655722, 0.0009225105339104418, 0.5757575757575757], "time": 5.063738107681274}