{"neuron_counts": [207936, 207936, 50176, 100352, 100352, 25088, 50176, 50176, 50176, 12544, 25088, 25088, 25088, 4608, 4608, 4608, 4608, 512, 512, 4096, 1024, 1], "neuron_counts_selected": [500, 500, 500, 500, 500, 500, 500, 500, 500, 500, 500, 500, 500, 500, 500, 500, 500, 500, 500, 500, 500, 1], "layer_tarantula_score": [0.46262265488540777, 0.4638380736303968, 0.48655818380569726, 0.3979972043080552, 0.42243245570901944, 0.44431442071627264, 0.3432174447162837, 0.36061897872115783, 0.2213347196084245, 0.3704003214106109, 0.23651496418353463, 0.15459783547323927, 0.038297473238044465, 0.11706209177360244, 0.12749221663662103, 0.13766663157319547, 0.031241034039476836, 0.05963953342133181, 0.06671610814624827, 0.10560435249489766, 0.08265765374512703, 0.5000005357110332], "layer_ochiai_score": [0.5610038704941778, 0.5796503325737924, 0.7099549664722893, 0.4493580023812606, 0.4139260685512421, 0.5580529810504214, 0.36910063342994653, 0.41295869690938064, 0.16411763992706677, 0.35555619407847455, 0.2350217988569247, 0.1410553832806175, 0.025100652530789802, 0.08196803068636123, 0.11747585956206329, 0.13371249815573813, 0.024865044621191632, 0.04486971364926948, 0.0582824469021364, 0.12432255031357932, 0.09421333386703229, 0.7669630714420885], "layer_D_star_score": [8.114740713876696, 10.403689552470468, 21.49151670029847, 7.057683962353026, 3.8032049814774487, 11.22773345093918, 5.606404224717976, 7.282748434618863, 0.9396334400606146, 4.534740922113129, 3.754122469139216, 1.8378321703821863, 0.15194655819818978, 0.6579891394446068, 1.615477395590835, 2.240275858018107, 0.2726057586677765, 0.5763431727262329, 0.8844802499293646, 3.0871994138991132, 2.2146401147405355, 28.571224491253634], "layer_Op2_score": [10.69141345353698, 11.514596475303499, 16.688766926487148, 8.273838360917596, 6.444057774788164, 11.340806799367998, 6.564817168098879, 7.789690959100276, 1.9872124880500828, 5.774765914973899, 4.07580405106632, 2.239959444323702, 0.2814113386710789, 1.026411826534486, 1.907132921593861, 2.3250642180518772, 0.35016758954940547, 0.644362327291152, 0.9249042809581209, 2.569484061599587, 1.8795315721628552, 19.066672888847407], "layer_Barinel_score": [0.5504411035006866, 0.5507555151845865, 0.5748777648352708, 0.473995333052768, 0.5041266428171471, 0.5277184662365786, 0.4082973662798509, 0.4292262249072581, 0.2626431718726244, 0.43902141615698004, 0.2806364536126855, 0.18320294868618808, 0.04504373689737922, 0.13712355644142135, 0.15112719922144846, 0.1624871422515373, 0.03669244810895462, 0.06957520442538041, 0.07775052284470843, 0.125198522348505, 0.09802306955683107, 0.5882352941176471], "time": 7.271160364151001}