{"neuron_counts": [207936, 207936, 50176, 100352, 100352, 25088, 50176, 50176, 50176, 12544, 25088, 25088, 25088, 4608, 4608, 4608, 4608, 512, 512, 4096, 1024, 1], "neuron_counts_selected": [200, 200, 200, 200, 200, 200, 200, 200, 200, 200, 200, 200, 200, 200, 200, 200, 200, 200, 200, 200, 200, 1], "layer_tarantula_score": [0.45921536066035246, 0.4604951519309956, 0.4843528131310165, 0.4240373071436278, 0.4281585624665355, 0.4670030270484321, 0.35718277598778636, 0.35500719034756795, 0.2553604297396898, 0.35995973930574077, 0.23876720550447772, 0.15714881384025875, 0.03529382148887939, 0.09416289104936768, 0.12773815768055324, 0.12327410102460336, 0.034084438450537415, 0.04940288252509066, 0.061655867100898994, 0.11361547895949285, 0.09470962345943675, 0.5000004699218972], "layer_ochiai_score": [0.5505081201945576, 0.5602737230523547, 0.7073244496788629, 0.4843638497885595, 0.40426849647020807, 0.5901097665262004, 0.3841986553597408, 0.39972493514454666, 0.19816822423584973, 0.3425625062548293, 0.23356555858762143, 0.1379726631806636, 0.020968242181334612, 0.058714393816802865, 0.12381738873283923, 0.12818098243610582, 0.028067811201378863, 0.04015951594970073, 0.05447324214586529, 0.129925932914586, 0.09551894236793777, 0.7587849138395507], "layer_D_star_score": [7.230713808506068, 8.935557066317303, 19.75445345994414, 6.993115612072403, 3.1598957785575843, 11.60289050289555, 5.637397277290052, 6.6366655828278605, 1.4389054338769853, 3.956196879250337, 3.0687378791911724, 1.7489181554305775, 0.09038606120091537, 0.29569081200210756, 1.825395335689412, 2.2317273019038883, 0.3605120764781227, 0.5232734813124609, 0.8301004657247923, 2.761537215962981, 1.8982240559879553, 25.785530103356404], "layer_Op2_score": [10.042057236951754, 10.447847114519234, 16.030714038573077, 8.570899637835748, 5.834825477996813, 11.68387581266125, 6.636885623595842, 7.244035965926894, 2.505434276104829, 5.326776987653418, 3.8038030668128897, 2.1275291589722753, 0.20373342711048567, 0.6117819094539336, 2.0267440678728827, 2.278064125405831, 0.41596680738794567, 0.5823901910653935, 0.8539419488870067, 2.4860125215831883, 1.7179623145845706, 18.066672888847407], "layer_Barinel_score": [0.53449641939988, 0.5348047793985266, 0.5600257852431791, 0.49178922476901393, 0.4977177147407436, 0.5413773671748245, 0.4137492623046703, 0.4133442451409427, 0.29602417383847196, 0.4188146556756882, 0.2773157257069892, 0.1830470660016474, 0.040532523841853865, 0.10705456551221684, 0.14759367275249977, 0.14236896966717943, 0.038986807375517706, 0.05660315603222487, 0.07110932877689966, 0.13132161048569202, 0.10979434451036371, 0.5757575757575757], "time": 2.064723014831543}