{"neuron_counts": [207936, 207936, 50176, 100352, 100352, 25088, 50176, 50176, 50176, 12544, 25088, 25088, 25088, 4608, 4608, 4608, 4608, 512, 512, 4096, 1024, 1], "neuron_counts_selected": [100, 100, 100, 100, 100, 100, 100, 100, 100, 100, 100, 100, 100, 100, 100, 100, 100, 100, 100, 100, 100, 1], "layer_tarantula_score": [0.4983958882041806, 0.4819781299768152, 0.4998635420811308, 0.4761612737311561, 0.5115241533077843, 0.48877918355687056, 0.4680601110339031, 0.4091566439999969, 0.42210740952482817, 0.4731587803091432, 0.36592500397159505, 0.30541369184536715, 0.16045743936265106, 0.30883493712538335, 0.33732755385745855, 0.27348219429653975, 0.1783096547287392, 0.2667993975821254, 0.20025367353720389, 0.26566736141342573, 0.249325890239991, 0.5000005357110332], "layer_ochiai_score": [0.6235202642900469, 0.5999178063852196, 0.7341648972675133, 0.5600971742188399, 0.500532467586723, 0.6604695348332228, 0.5332751817296956, 0.49264990467224296, 0.3426484505109675, 0.5036294460497244, 0.3939880584264072, 0.3127234452203618, 0.09367634306520387, 0.2815776646496724, 0.3146747305291147, 0.289663932462319, 0.1537713903499592, 0.22328126140048238, 0.1799693055665766, 0.3411545082653598, 0.30105290790508676, 0.7669630714420885], "layer_D_star_score": [12.827014696126085, 12.979580076792178, 24.942459722325367, 13.503404838405567, 7.632342978348317, 18.026782469129405, 12.366314903827469, 11.950354136321396, 5.529499274130834, 11.016283560457575, 9.30698317574489, 6.690814656973052, 0.9428157465727738, 6.29044372615883, 7.115115136321976, 7.4624335892861895, 3.5092728803518596, 5.0186910292608555, 4.665098285280209, 10.927246307016754, 9.602723742223596, 28.571224491253634], "layer_Op2_score": [12.808670875527493, 12.448004213305248, 17.631339057739616, 11.692670448863675, 8.824002773314843, 14.734671502189988, 10.89600342664382, 10.3280034799768, 5.8966686222091855, 9.971336524423172, 7.91533583109446, 6.144002106652622, 1.2846670355530962, 5.440001733321778, 6.089335337764414, 6.01800194665369, 2.912000853327644, 4.172001186658755, 3.581334391104059, 7.835335831094459, 6.8313355244298375, 19.066672888847407], "layer_Barinel_score": [0.5855283058154097, 0.5677265753618868, 0.5878266613085611, 0.5531662365062734, 0.5901471768504227, 0.5740898596921161, 0.5402033525344099, 0.479090197461062, 0.47334916071641253, 0.5445975905489131, 0.42360187490604245, 0.3513624298338485, 0.17400843700204316, 0.3491399543821279, 0.38337048432740445, 0.3133623962179986, 0.19873042481580433, 0.2948047988135959, 0.22188604576517945, 0.30920421844667206, 0.286544423223835, 0.5882352941176471], "time": 1.3917121887207031}