{"neuron_counts": [207936, 207936, 50176, 100352, 100352, 25088, 50176, 50176, 50176, 12544, 25088, 25088, 25088, 4608, 4608, 4608, 4608, 512, 512, 4096, 1024, 1], "neuron_counts_selected": [1000, 1000, 1000, 1000, 1000, 1000, 1000, 1000, 1000, 1000, 1000, 1000, 1000, 1000, 1000, 1000, 1000, 512, 512, 1000, 1000, 1], "layer_tarantula_score": [0.45580667852718665, 0.46358741330719877, 0.48383738641684354, 0.3760760029352434, 0.4056747601022246, 0.4636612400060704, 0.358367031872682, 0.3718851514554436, 0.24999796385913406, 0.34983113173531405, 0.21596235277139286, 0.1433086332170335, 0.045312871486356716, 0.10677831181523818, 0.1371470511868284, 0.1236747127553646, 0.03410004059275068, 0.06266226925122766, 0.06266226925122766, 0.11003164028971318, 0.08840235100186816, 0.5000005357110332], "layer_ochiai_score": [0.5510870528701409, 0.5769031353077845, 0.7047426343346502, 0.4184461547716093, 0.39427467688316026, 0.5860242379707584, 0.37989365598958974, 0.40784455561737576, 0.19189564229894604, 0.34439512245222575, 0.21152224598837785, 0.13120746591367327, 0.029964241918519194, 0.07527186969215174, 0.12050286981778378, 0.11697520831952862, 0.027169447478890794, 0.05160840504573507, 0.05160840504573507, 0.1315680023337205, 0.09277472082363783, 0.7669630714420885], "layer_D_star_score": [7.735631149798243, 9.990123569579703, 21.311483724577442, 6.369225843554172, 3.3574328282718344, 11.957865532493633, 5.825139593668068, 6.614810104286135, 1.397789589939973, 4.659484177543273, 3.198276761333159, 1.6874659963170637, 0.22339218399303676, 0.684057876112908, 1.596177432382401, 1.8768484644658419, 0.3553138092116827, 0.7204725752681912, 0.7204725752681912, 3.299069619013982, 2.025345227293823, 28.571224491253634], "layer_Op2_score": [10.448617675828826, 11.380348604195976, 16.5422586195492, 7.593389281731458, 6.045035465616898, 11.941394687548751, 6.725489922020518, 7.429759214305238, 2.475177440130402, 5.690915119372543, 3.6081959633602514, 2.0808648064612973, 0.35406401227991696, 0.9707474846900989, 1.8916257779348165, 1.9901243397310648, 0.40005252870313646, 0.7836339210019322, 0.7836339210019322, 2.728423507596617, 1.7675296580889335, 19.066672888847407], "layer_Barinel_score": [0.5433926734579203, 0.5507965235983667, 0.5718923640134433, 0.4473580241978374, 0.48413652821738634, 0.5500258944744898, 0.42605534547209184, 0.44166627670271824, 0.29709648618985796, 0.41612046611574766, 0.2563940265851404, 0.1701439108739978, 0.05289506756889933, 0.12491338612646004, 0.16208068331042116, 0.1460771284169887, 0.03984201403572681, 0.07318271763901413, 0.07318271763901413, 0.13029896853032422, 0.10460722231979414, 0.5882352941176471], "time": 11.07140827178955}