{"neuron_counts": [207936, 207936, 50176, 100352, 100352, 25088, 50176, 50176, 50176, 12544, 25088, 25088, 25088, 4608, 4608, 4608, 4608, 512, 512, 4096, 1024, 1], "neuron_counts_selected": [500, 500, 500, 500, 500, 500, 500, 500, 500, 500, 500, 500, 500, 500, 500, 500, 500, 500, 500, 500, 500, 1], "layer_tarantula_score": [0.45754055908003854, 0.46207271343851686, 0.482608929062977, 0.39360192267529626, 0.4037206664379119, 0.45695621950086396, 0.32767344957773537, 0.37111721523225866, 0.2743659652494663, 0.3313039371540176, 0.21536609719322128, 0.15324768701378097, 0.04393491614935789, 0.1058586594428241, 0.12595894829828125, 0.13634284352692513, 0.011056389513843596, 0.03906773655919529, 0.03934054447877078, 0.02094904406391594, 0.01270770029418451, 0.5000005357110332], "layer_ochiai_score": [0.5176530339752528, 0.563170547155654, 0.7023450439142178, 0.44395017027615247, 0.3871549061502224, 0.574154335759403, 0.3486640485883538, 0.41645639360108244, 0.21035247642511135, 0.3263302757452349, 0.2048332909884403, 0.140032019128412, 0.02985373445446815, 0.06910073143818066, 0.10726909974290119, 0.11764691224633221, 0.009224155155797012, 0.031082596835116293, 0.03196982936638596, 0.01940984026963563, 0.01217510705550927, 0.7669630714420885], "layer_D_star_score": [6.0558700972287465, 9.211745885919429, 20.88541420283423, 6.955681745020419, 3.2729081612691857, 11.112648327420493, 5.105561995760408, 7.174697893592332, 1.5417071702053966, 4.248132099961106, 2.8741466721486164, 1.8507153899923814, 0.19369675157513658, 0.5305750985067048, 1.2854836160840781, 1.621277808414732, 0.13774204781193428, 0.44415200788939846, 0.4972679216112941, 0.2986071291771596, 0.1889882287509847, 28.571224491253634], "layer_Op2_score": [9.164080888927405, 10.91457766148226, 16.453261285298094, 8.126886759048272, 5.857832252078323, 11.513092134159104, 6.138727127765814, 7.745004226878486, 2.70890095932694, 5.393252253411646, 3.372232632689116, 2.24897496542023, 0.3519041498123316, 0.8191432184852089, 1.6125146561422883, 1.848088848767676, 0.14393711905919992, 0.4703369591402737, 0.5021468204345325, 0.32317131555123013, 0.2045997962413593, 19.066672888847407], "layer_Barinel_score": [0.5446991019664805, 0.5492588150218596, 0.5705294097038878, 0.4678652289511867, 0.4817820622387764, 0.5424117782363865, 0.3894374563202262, 0.44073249697542005, 0.3252300187917302, 0.3946436348930186, 0.25532459261473495, 0.18278381400050467, 0.05126970716096076, 0.12215758384168415, 0.14849136987274572, 0.16011431029630363, 0.013008841227591253, 0.04566147545452118, 0.04569292472006931, 0.024768367042626735, 0.014913178569520177, 0.5882352941176471], "time": 6.1096649169921875}