{"neuron_counts": [207936, 207936, 50176, 100352, 100352, 25088, 50176, 50176, 50176, 12544, 25088, 25088, 25088, 4608, 4608, 4608, 4608, 512, 512, 4096, 1024, 1], "neuron_counts_selected": [500, 500, 500, 500, 500, 500, 500, 500, 500, 500, 500, 500, 500, 500, 500, 500, 500, 500, 500, 500, 500, 1], "layer_tarantula_score": [0.5034769062337129, 0.5035743677422131, 0.49892953935664014, 0.4745747456084725, 0.48914411738450514, 0.49743538411804455, 0.438764710834506, 0.4624381743804803, 0.429177842962207, 0.44236693957510104, 0.3693482948268659, 0.3038071733710469, 0.18255259144266564, 0.2903292643289173, 0.29397006946517384, 0.3081581839673494, 0.08724236588300113, 0.1658003052096504, 0.1694231324723563, 0.11554360477337802, 0.09230992142601979, 0.5000005357110332], "layer_ochiai_score": [0.5770848742797619, 0.6277994124935411, 0.730919172823637, 0.5590834389876767, 0.49095799065257484, 0.6452208831865314, 0.49352631359619364, 0.5473212469812976, 0.35920097865483736, 0.47269453068790973, 0.3771032031423935, 0.30986269012672896, 0.1334415109329129, 0.20695887925228862, 0.26940554552807394, 0.2852983295191544, 0.08047744612755578, 0.146503985752598, 0.1499449922078312, 0.116867598236003, 0.09307274437768363, 0.7669630714420885], "layer_D_star_score": [9.539653899680044, 14.198352639422154, 24.216094722913706, 12.827147187102263, 7.50415070633738, 16.623575165277142, 11.049944624964583, 13.715748245217867, 5.741800470239807, 10.024500933715812, 8.54266898052422, 6.862198326531028, 2.018786330244212, 3.641625245671858, 5.7365421371045455, 6.561097962364238, 1.9938521109016614, 3.4750891424614245, 3.7432021241970226, 2.856755284759447, 2.2076035424584073, 28.571224491253634], "layer_Op2_score": [10.971870227531817, 13.090404250638331, 17.47907237951747, 11.487870374197504, 8.72573618842541, 14.00360453596976, 10.000403237311751, 11.544537103085979, 6.103868614209239, 9.293469696868687, 7.497069112872581, 6.1001353724308505, 2.201867374217505, 3.494401063992907, 5.134934967100219, 5.599868440877061, 1.5845338231078459, 2.851867547549683, 2.977334244438371, 2.3720007733281783, 1.8729339004406635, 19.066672888847407], "layer_Barinel_score": [0.5891606025342229, 0.5891510787008185, 0.586514539722421, 0.5520889342050945, 0.56749515871487, 0.5827316397152412, 0.5083228202930916, 0.5367881650986208, 0.48745528505364244, 0.5127800856591096, 0.422824074670063, 0.35107906125762883, 0.20233179791564387, 0.3185189798286781, 0.3317453574896889, 0.3465462408476727, 0.09836115542755908, 0.1859197405503933, 0.1884896880747295, 0.13182162520217802, 0.10428945620938156, 0.5882352941176471], "time": 5.054871082305908}