{"neuron_counts": [30, 150, 3], "neuron_counts_selected": [30, 100, 3], "layer_tarantula_score": [0.36666666666666664, 0.34, 1.0], "layer_ochiai_score": [0.33236769789476234, 0.2848850395394778, 0.9388165468305171], "layer_D_star_score": [24000.166651724023, 15300.329969538583, 60001.33320015317], "layer_Op2_score": [0.9333333333333333, 0.75, 2.6666666666666665], "layer_Barinel_score": [0.36666666666666664, 0.34, 1.0], "time": 0.3793480396270752}