{"neuron_counts": [30, 150, 3], "neuron_counts_selected": [30, 150, 3], "layer_tarantula_score": [0.16666666666666666, 0.013333333333333334, 0.0], "layer_ochiai_score": [0.14645912070557449, 0.010515493204504556, 0.0], "layer_D_star_score": [9000.149985855682, 600.0033331680734, 0.0], "layer_Op2_score": [0.4, 0.02666666666666667, 0.0], "layer_Barinel_score": [0.16666666666666666, 0.013333333333333334, 0.0], "time": 0.3956716060638428}