{"neuron_counts": [196, 128, 1], "neuron_counts_selected": [100, 100, 1], "layer_tarantula_score": [0.2304, 0.06760000000000001, 1.0], "layer_ochiai_score": [0.23039981787517722, 0.06759994656407091, 0.99999920952768], "layer_D_star_score": [9218242.311005669, 2704657.9002777077, 40009732.25262875], "layer_Op2_score": [14.573548051948045, 4.275919480519485, 63.253246753246756], "layer_Barinel_score": [0.2304, 0.06760000000000001, 1.0], "time": 0.19659805297851562}