{"neuron_counts": [196, 128, 1], "neuron_counts_selected": [196, 128, 1], "layer_tarantula_score": [0.22032486463973344, 0.06646728515625, 1.0], "layer_ochiai_score": [0.22032461427099595, 0.0664672096253729, 0.9999988636383006], "layer_D_star_score": [4265489.379283639, 1286806.640582281, 19359999.999357313], "layer_Op2_score": [9.694294044148272, 2.924560546875, 44.0], "layer_Barinel_score": [0.22032486463973344, 0.06646728515625, 1.0], "time": 0.23649096488952637}