{"neuron_counts": [196, 128, 1], "neuron_counts_selected": [100, 100, 1], "layer_tarantula_score": [0.43, 0.24, 1.0], "layer_ochiai_score": [0.4299996600969023, 0.23999981028664316, 0.99999920952768], "layer_D_star_score": [17204184.86863036, 9602335.7406309, 40009732.25262875], "layer_Op2_score": [27.198896103896104, 15.180779220779222, 63.253246753246756], "layer_Barinel_score": [0.43, 0.24, 1.0], "time": 0.19304203987121582}