{"neuron_counts": [9088, 9088, 9088, 9088, 9088, 9088, 128, 128, 128, 32, 32, 2], "neuron_counts_selected": [500, 500, 500, 500, 500, 500, 128, 128, 128, 32, 32, 2], "layer_tarantula_score": [4.000000000000004e-06, 0, 1.0, 0.529984, 0.5505639999999999, 0.992016, 0.52789306640625, 0.52789306640625, 1.0, 1.0, 1.0, 1.0], "layer_ochiai_score": [1.9026057613892988e-07, 0, 0.4264350764503671, 0.054881776121637256, 0.061377920707529336, 0.4256085970783768, 0.07828983381758811, 0.07828983381758811, 0.49010781703520007, 0.552991692186182, 0.552991692186182, 0.6911121972012252], "layer_D_star_score": [9.07029272783687e-09, 0, 18.97796742469726, 0.2238616922598883, 0.2401112175578006, 23.29472334596412, 0.7501393615199814, 0.7501393615199814, 41.301708273706375, 79.78396942258985, 79.78396942258985, 195.37249626120462], "layer_Op2_score": [4.000000000000004e-06, 0, 81.000852, 3.637556, 4.2243319999999995, 83.78809600000001, 7.48199462890625, 7.48199462890625, 108.83319091796875, 139.5029296875, 139.5029296875, 211.25], "layer_Barinel_score": [4.000000000000004e-06, 0, 1.0, 0.529984, 0.5505639999999999, 0.992016, 0.52789306640625, 0.52789306640625, 1.0, 1.0, 1.0, 1.0], "time": 15.090853691101074}