{"neuron_counts": [9088, 9088, 9088, 9088, 9088, 9088, 128, 128, 128, 32, 32, 2], "neuron_counts_selected": [100, 100, 100, 100, 100, 100, 100, 100, 100, 32, 32, 2], "layer_tarantula_score": [1.0, 1.0, 1.0, 1.0, 1.0, 1.0, 1.0, 1.0, 1.0, 1.0, 1.0, 1.0], "layer_ochiai_score": [0.3932322124817711, 0.39325068578283123, 0.6525460865547686, 0.5705296809584175, 0.5733881571698195, 0.6339684338020484, 0.587434461114837, 0.606340257752351, 0.6616125528779235, 0.6615156810775844, 0.6615156810775844, 0.7120162771429814], "layer_D_star_score": [15.556857442304446, 16.337372015621767, 144.67795238042825, 91.84425127828355, 91.2697123246724, 139.1967130572916, 108.11726617835306, 127.19727040178603, 163.74202574205472, 162.82277927111107, 162.82277927111107, 234.15199970007876], "layer_Op2_score": [70.582, 70.9991, 188.68630000000002, 148.6305, 149.7097, 180.11419999999998, 156.6965, 167.0729, 194.4596, 194.4912109375, 194.4912109375, 224.25], "layer_Barinel_score": [1.0, 1.0, 1.0, 1.0, 1.0, 1.0, 1.0, 1.0, 1.0, 1.0, 1.0, 1.0], "time": 6.287126302719116}