{"neuron_counts": [9088, 9088, 9088, 9088, 9088, 9088, 128, 128, 128, 32, 32, 2], "neuron_counts_selected": [1000, 1000, 1000, 1000, 1000, 1000, 128, 128, 128, 32, 32, 2], "layer_tarantula_score": [1.0, 1.0, 1.0, 1.0, 1.0, 1.0, 1.0, 1.0, 1.0, 1.0, 1.0, 1.0], "layer_ochiai_score": [0.3916010445656707, 0.3873037745820844, 0.656013626281917, 0.5671514120784698, 0.5646375803389883, 0.6426001912690421, 0.5830307696272164, 0.5830307696272164, 0.6605538864161926, 0.6615156810775844, 0.6615156810775844, 0.7120162771429814], "layer_D_star_score": [15.773623117419293, 15.206815079837371, 148.37654484593958, 89.44636025189678, 85.65837933260687, 146.0312511795792, 107.10928445430294, 107.10928445430294, 164.8374516673256, 162.82277927111107, 162.82277927111107, 234.15199970007876], "layer_Op2_score": [70.232921, 68.816508, 190.645845, 146.610431, 145.034243, 184.468243, 155.177001953125, 155.177001953125, 194.12664794921875, 194.4912109375, 194.4912109375, 224.25], "layer_Barinel_score": [1.0, 1.0, 1.0, 1.0, 1.0, 1.0, 1.0, 1.0, 1.0, 1.0, 1.0, 1.0], "time": 30.686193704605103}