{"neuron_counts": [9088, 9088, 9088, 9088, 9088, 9088, 128, 128, 128, 32, 32, 2], "neuron_counts_selected": [2000, 2000, 2000, 2000, 2000, 2000, 128, 128, 128, 32, 32, 2], "layer_tarantula_score": [1.0, 1.0, 1.0, 1.0, 1.0, 1.0, 1.0, 1.0, 1.0, 1.0, 1.0, 1.0], "layer_ochiai_score": [0.4375317609280331, 0.43705481656641115, 0.6748236714001682, 0.6287657359228348, 0.6225378887867485, 0.6749700285228553, 0.6442224803185026, 0.6442224803185026, 0.6967339284578948, 0.6909339989512238, 0.6909339989512238, 0.722810485251524], "layer_D_star_score": [47.857169198393095, 47.488697120913876, 318.4953563582156, 279.93815758861683, 270.23045081196756, 370.9732850887745, 344.2562091531949, 344.2562091531949, 447.6790698539395, 388.6976069026655, 388.6976069026655, 467.2327896251885], "layer_Op2_score": [159.1567479225039, 158.74688798667563, 365.91585162889635, 324.5692155953513, 318.8410428285123, 369.7011274448959, 342.406501491478, 342.406501491478, 392.49065930002473, 384.9279603005493, 384.9279603005493, 419.0916573120223], "layer_Barinel_score": [1.0, 1.0, 1.0, 1.0, 1.0, 1.0, 1.0, 1.0, 1.0, 1.0, 1.0, 1.0], "time": 60.959030866622925}