{"neuron_counts": [9088, 9088, 9088, 9088, 9088, 9088, 128, 128, 128, 32, 32, 2], "neuron_counts_selected": [100, 100, 100, 100, 100, 100, 100, 100, 100, 32, 32, 2], "layer_tarantula_score": [1.0, 1.0, 1.0, 1.0, 1.0, 1.0, 1.0, 1.0, 1.0, 1.0, 1.0, 1.0], "layer_ochiai_score": [0.43722584569698225, 0.44200794518376996, 0.6732831840732619, 0.624645927856644, 0.6243888767034693, 0.6736806492662997, 0.6453803306214497, 0.6631669759914598, 0.6962955587166167, 0.6909339989512238, 0.6909339989512238, 0.722810485251524], "layer_D_star_score": [46.18781048165812, 49.812826020414626, 315.9359128480639, 263.2127137571659, 258.55462632711135, 356.91669849337455, 329.96218184441096, 381.65563730324305, 431.7165027015173, 388.6976069026655, 388.6976069026655, 467.2327896251885], "layer_Op2_score": [158.24949278023664, 162.40689551077577, 364.37447299728353, 320.9477251638789, 320.0867088619454, 368.1132178736782, 342.37318497443425, 361.134287966407, 391.62448753326316, 384.9279603005493, 384.9279603005493, 419.0916573120223], "layer_Barinel_score": [1.0, 1.0, 1.0, 1.0, 1.0, 1.0, 1.0, 1.0, 1.0, 1.0, 1.0, 1.0], "time": 6.223125696182251}