{"neuron_counts": [9088, 9088, 9088, 9088, 9088, 9088, 128, 128, 128, 32, 32, 2], "neuron_counts_selected": [500, 500, 500, 500, 500, 500, 128, 128, 128, 32, 32, 2], "layer_tarantula_score": [0.0017640000000000017, 0.0029160000000000024, 1.0, 0.868624, 0.8798439999999998, 0.996004, 0.92340087890625, 0.92340087890625, 1.0, 1.0, 1.0, 1.0], "layer_ochiai_score": [8.708585411453386e-05, 0.0001463567835211801, 0.5028041726102586, 0.17787713606691835, 0.1823975400701234, 0.508801791908507, 0.22738198821639916, 0.22738198821639916, 0.5656101973071206, 0.594668579307733, 0.594668579307733, 0.6987617030688271], "layer_D_star_score": [1.0746763658466436e-05, 1.845343477900104e-05, 72.03667749550007, 4.111218174123115, 5.430533317516977, 90.9916146161927, 16.201651901463944, 16.201651901463944, 138.27613451547873, 186.06708173616647, 186.06708173616647, 376.30625460748564], "layer_Op2_score": [0.0035448056231649583, 0.006035455975722413, 203.72866876867127, 36.37821629432053, 39.640175635390875, 214.9758860778479, 64.02646086722476, 64.02646086722476, 259.71744004965416, 288.2395854221492, 288.2395854221492, 391.45113457085694], "layer_Barinel_score": [0.0017640000000000017, 0.0029160000000000024, 1.0, 0.868624, 0.8798439999999998, 0.996004, 0.92340087890625, 0.92340087890625, 1.0, 1.0, 1.0, 1.0], "time": 17.734588861465454}