{"neuron_counts": [18, 36, 72, 72, 32, 16, 1], "neuron_counts_selected": [18, 36, 72, 72, 32, 16, 1], "layer_tarantula_score": [1.0, 0.7222222222222222, 0.2777777777777778, 0.041666666666666664, 0.0, 0.0, 1.0], "layer_ochiai_score": [0.4232768266835521, 0.2183901505217215, 0.058925342774770954, 0.010523071997783332, 0.0, 0.0, 0.9999988252619132], "layer_D_star_score": [2.1857886965581894, 0.5005570034277634, 0.05959896307276762, 0.012649033866349168, 0.0, 0.0, 18115752.52032604], "layer_Op2_score": [7.911868411849145, 3.063355543048203, 0.5963080019945219, 0.12287491538782559, 0.0, 0.0, 42.56260391428163], "layer_Barinel_score": [1.0, 0.7222222222222222, 0.2777777777777778, 0.041666666666666664, 0.0, 0.0, 1.0], "time": 0.19980311393737793}