{"neuron_counts": [3072, 25088, 25088, 25088, 6272, 6272, 9216, 9216, 9216, 2304, 2304, 2048, 512, 160, 10, 10], "neuron_counts_selected": [100, 100, 100, 100, 100, 100, 100, 100, 100, 100, 100, 100, 100, 100, 10, 10], "layer_tarantula_score": [0.49812773189485693, 0.21840937045027167, 0.4759740806459932, 0.4747765287701955, 0.4767459573114278, 0.4830953695275049, 0.4329628609732145, 0.46427886827467024, 0.47346050080203145, 0.48162970859228804, 0.474866369075176, 0.3426707917831807, 0.4733528433627131, 0.4990877654197394, 0.49999999432385855, 0.5334888734198607], "layer_ochiai_score": [0.42214212049632477, 0.08082701958514871, 0.13650987654823274, 0.1292577609249784, 0.18390136609082555, 0.17484160507523186, 0.1580851437745377, 0.17029389708652484, 0.14881870551659424, 0.20911480705153665, 0.2032902381767834, 0.09567657063222336, 0.19751574425215512, 0.43312160395374855, 0.4375789005975569, 0.19428260229427163], "layer_D_star_score": [728.188985345639, 69.29592883983736, 48.33260036443886, 23.517245952940517, 75.02383977947869, 62.427532674684954, 62.22041654865675, 75.8335678588082, 37.69832794934314, 108.82632627936779, 104.15653327954618, 21.935385644047425, 107.42171883291162, 776.3325050972617, 796.036357766932, 88.4869048251535], "layer_Op2_score": [3138.241524466347, 382.7633008861234, 410.07576335838445, 312.3835296838541, 625.5476448671833, 555.6646089936261, 518.1803233663541, 586.313234777314, 411.2888494795425, 800.1224107922303, 776.6768614085136, 248.41270307567632, 753.9706372986832, 3297.6345440136265, 3360.3477853710815, 565.679162812249], "layer_Barinel_score": [0.19032050118510435, 0.08240431070653968, 0.17780075241499463, 0.1769836138021913, 0.1779112478467056, 0.18165043037878245, 0.16237419362105804, 0.17484390741315572, 0.17660436570085244, 0.18086096937507143, 0.17715319272710936, 0.12557065617051708, 0.17711326716283313, 0.19091336133962747, 0.19147529994455126, 0.22359871817483448], "time": 99.72517848014832}