{"neuron_counts": [3072, 25088, 25088, 25088, 6272, 6272, 9216, 9216, 9216, 2304, 2304, 2048, 512, 160, 10, 10], "neuron_counts_selected": [2000, 2000, 2000, 2000, 2000, 2000, 2000, 2000, 2000, 2000, 2000, 2000, 512, 160, 10, 10], "layer_tarantula_score": [0.4976955683209229, 0.18716973007554896, 0.47286682060302787, 0.47487500614145933, 0.4800885038508438, 0.4810452899043813, 0.43030813773556303, 0.4459809782311314, 0.46883270604596267, 0.47819139873908934, 0.4794624238454911, 0.35859426552652013, 0.47078506110668, 0.4990800969698019, 0.49999999432385855, 0.5334888734198607], "layer_ochiai_score": [0.4213613103193151, 0.07361810690621941, 0.13530039389492965, 0.12574390074121308, 0.1843071116956358, 0.18588227556401876, 0.15218542279458283, 0.16290698250504607, 0.14224635771758362, 0.2076906202460535, 0.20853353052701515, 0.09480734538590632, 0.19681339384818305, 0.43281570259148716, 0.4375789005975569, 0.19428260229427163], "layer_D_star_score": [724.8705631116783, 71.2762659515725, 47.771417741604694, 21.066453286990733, 74.07024954096033, 75.69056555538364, 57.1878039340409, 70.10719300293258, 33.81079183304637, 108.6541992513844, 109.68070147915145, 18.721152863118196, 103.76482210866784, 774.9833519675394, 796.036357766932, 88.4869048251535], "layer_Op2_score": [3131.336694872975, 370.9818647863551, 409.94066965522785, 292.3747881957993, 623.5605445415246, 631.2214153732523, 489.9788653443722, 552.9051869174712, 384.38864471591614, 798.0120455216309, 800.81610030536, 233.19199856978042, 749.6493441778614, 3292.0698506096046, 3360.3477853710815, 565.679162812249], "layer_Barinel_score": [0.19005423704654, 0.07069397446505267, 0.1760871823453044, 0.1769941961161412, 0.17981383945238613, 0.180401910666459, 0.16093465518507577, 0.16782545127780063, 0.17392396877844465, 0.17899957324068613, 0.17976705130646833, 0.1318098159341472, 0.1757200950588885, 0.19090839857237216, 0.19147529994455126, 0.22359871817483448], "time": 1679.509386062622}