{"neuron_counts": [3072, 25088, 25088, 25088, 6272, 6272, 9216, 9216, 9216, 2304, 2304, 2048, 512, 160, 10, 10], "neuron_counts_selected": [500, 500, 500, 500, 500, 500, 500, 500, 500, 500, 500, 500, 500, 160, 10, 10], "layer_tarantula_score": [0.4977131649706983, 0.20202789162337845, 0.4734060890908989, 0.47812258640435995, 0.4782791228924524, 0.481550870444077, 0.4124091557445859, 0.4359862854518567, 0.4694030307515742, 0.47705088667692314, 0.4796131327492483, 0.3279426431649298, 0.4723053036239106, 0.4990800969698019, 0.49999999432385855, 0.5334888734198607], "layer_ochiai_score": [0.4214300321034463, 0.08140497838172792, 0.1348894190329981, 0.12701056318532344, 0.18524658999081886, 0.18207839386706903, 0.14025408090877126, 0.16175242073363236, 0.1438169127533714, 0.2073568116838333, 0.20785105937272774, 0.0866897619851777, 0.2016596794188833, 0.43281570259148716, 0.4375789005975569, 0.19428260229427163], "layer_D_star_score": [725.1674993612012, 79.27715700074437, 48.47674421734397, 21.613374040744105, 75.87215526000683, 70.72785312392743, 48.224613617859056, 74.4985739710751, 35.10642033230293, 108.12502421220614, 109.14211457830622, 17.65961206073553, 106.92587597864393, 774.9833519675394, 796.036357766932, 88.4869048251535], "layer_Op2_score": [3132.027170348386, 411.8489970584479, 410.0412673789573, 296.4723517428064, 635.0534635860803, 605.4640048045532, 436.0223860559867, 566.4981470557126, 393.2513006796222, 798.207228329953, 795.0489228887787, 214.94038261340663, 776.2944959178438, 3292.0698506096046, 3360.3477853710815, 565.679162812249], "layer_Barinel_score": [0.19006523593873895, 0.07634485650402184, 0.17645898567386506, 0.17877815378790832, 0.17873667992295172, 0.18064973018231456, 0.1532010420546047, 0.1638574986020412, 0.17419869221221723, 0.17832722857630554, 0.1798931024351407, 0.12014509518848186, 0.17628883985582722, 0.19090839857237216, 0.19147529994455126, 0.22359871817483448], "time": 453.27970838546753}