{"neuron_counts": [3072, 25088, 25088, 25088, 6272, 6272, 9216, 9216, 9216, 2304, 2304, 2048, 512, 160, 10, 10], "neuron_counts_selected": [100, 100, 100, 100, 100, 100, 100, 100, 100, 100, 100, 100, 100, 100, 10, 10], "layer_tarantula_score": [0.498635294982434, 0.27747574037468165, 0.4893451429527218, 0.49361007143282093, 0.49465541417162745, 0.4936085832963921, 0.47160740903501747, 0.4908624832488628, 0.5023262065284085, 0.4933670621135026, 0.4939925002839922, 0.4247503937439414, 0.5029992363659486, 0.4999412910580247, 0.49999999432385855, 0.5994712974143367], "layer_ochiai_score": [0.42345441167962145, 0.13166224271294097, 0.18853176743219205, 0.14541842832547325, 0.2103160217947382, 0.20716602182668659, 0.19235718847210964, 0.20852654299234794, 0.16729940328161283, 0.22608587861065793, 0.23137275452215103, 0.1344596024907579, 0.24059968141928945, 0.43534320508060953, 0.4375789005975569, 0.2512034501863561], "layer_D_star_score": [733.8623814852604, 154.34998246334746, 107.2176037909511, 36.05204940916132, 114.41426949162599, 108.40522592047604, 111.85370371709475, 132.06099995474847, 55.345314382852756, 140.70610082942426, 150.35943750539408, 47.52938613304982, 173.21061484122365, 786.1227859315236, 796.036357766932, 173.7010041075013], "layer_Op2_score": [3160.9349051343797, 752.0010316174184, 733.9015437956755, 396.47650842674034, 814.2709015618066, 792.5990880397854, 748.4406943603321, 837.3072189053687, 501.29800319796254, 934.5109887175751, 969.5521940720163, 409.76733466243013, 1030.681703781816, 3326.8514542543376, 3360.3477853710815, 773.3213168662127], "layer_Barinel_score": [0.19063454473249875, 0.10808212532910398, 0.1858233115648734, 0.18872949151648816, 0.1886626211356438, 0.18816561432255127, 0.18194203687422042, 0.19165723075890967, 0.19422429111339742, 0.1881726317747986, 0.18868599751274318, 0.16363087149550545, 0.19464392056266136, 0.191440394223198, 0.19147529994455126, 0.27676996501484197], "time": 101.07355785369873}