{"neuron_counts": [3072, 25088, 25088, 25088, 6272, 6272, 9216, 9216, 9216, 2304, 2304, 2048, 512, 160, 10, 10], "neuron_counts_selected": [100, 100, 100, 100, 100, 100, 100, 100, 100, 100, 100, 100, 100, 100, 10, 10], "layer_tarantula_score": [0.4983779143388597, 0.21851606135518722, 0.4752799312548004, 0.47545610377908676, 0.4778239774070354, 0.4835982502167235, 0.43319815524449407, 0.46527510581057646, 0.47494991156303507, 0.482401950051997, 0.4764218058506932, 0.3431143202593015, 0.4742112772917897, 0.49911141839755885, 0.4999999920878694, 0.5362307849173754], "layer_ochiai_score": [0.4574747115577661, 0.08736092185212496, 0.14726970807552267, 0.13992982379085733, 0.1989522447802228, 0.18878622165580733, 0.17115186413322742, 0.18493088140321665, 0.16149562401070514, 0.2266932979741557, 0.22074718350525582, 0.10335891301824664, 0.21374622193572423, 0.46903589825139236, 0.4738142990666285, 0.21354007233915787], "layer_D_star_score": [593.4953718232828, 54.9054422335145, 35.903312296943824, 16.659579494914354, 55.38791496066663, 45.56666818163391, 46.10549259487056, 57.01468848787672, 27.319295029484184, 81.58158459432438, 78.28237554741769, 15.774849864150108, 80.89588276748864, 633.3200744040923, 649.9065035473049, 69.56039906179365], "layer_Op2_score": [2097.1772543699917, 255.63220952962433, 272.9611781217422, 207.92206112811556, 416.4462472948782, 369.48228558749895, 346.29210183284533, 392.71645950459435, 275.03043630900555, 534.3125248613238, 518.9650205420642, 165.0022041268682, 502.9752059854139, 2202.2081217893615, 2244.000128945331, 393.82529654634743], "layer_Barinel_score": [0.22337413527844496, 0.09681995412623268, 0.2086314961275266, 0.20846254258613853, 0.2098162200893082, 0.21366456254829957, 0.19090702212121696, 0.20596688474024538, 0.20850360065327175, 0.2129528620604463, 0.20921116676534776, 0.14807383134740984, 0.20858877033758283, 0.22388404706624407, 0.2245, 0.2601273626346147], "time": 144.50392389297485}