{"neuron_counts": [3072, 25088, 25088, 25088, 6272, 6272, 9216, 9216, 9216, 2304, 2304, 2048, 512, 160, 10, 10], "neuron_counts_selected": [200, 200, 200, 200, 200, 200, 200, 200, 200, 200, 200, 200, 200, 160, 10, 10], "layer_tarantula_score": [0.49878708992934306, 0.3322358067893268, 0.49921089666032203, 0.4943727390425046, 0.49693478963986776, 0.49240775536153675, 0.4692809049750614, 0.476747442109322, 0.49609086190500634, 0.5000188390248439, 0.49741816414644724, 0.4270957214387863, 0.49946607007550725, 0.4999338918875768, 0.49999999432385855, 0.5994712974143367], "layer_ochiai_score": [0.4233943742627103, 0.1798923256092474, 0.18629464964300924, 0.1467267753842509, 0.20945297457205375, 0.2101822828940947, 0.1937012989274325, 0.2015454891941223, 0.16231376574904716, 0.2359768469950108, 0.23335245424736661, 0.13448498674155357, 0.22997638444079466, 0.434791715865099, 0.4375789005975569, 0.2512034501863561], "layer_D_star_score": [733.5961606003776, 222.91215847534914, 108.58547794745398, 37.33906657199597, 113.1139482775053, 114.4186561731511, 116.08270073526911, 119.38709574103585, 50.30182728178947, 155.61331939376788, 151.43586610970777, 45.58383880163599, 159.96017044665257, 783.6949263229683, 796.036357766932, 173.7010041075013], "layer_Op2_score": [3158.4944613790362, 1075.9245847204486, 726.8041612044893, 402.6933906793973, 803.9524988751422, 819.4438647921008, 771.263328068518, 801.343209120593, 479.4177967074804, 986.4850837947052, 975.4684774550665, 407.74581180274674, 963.5242104072427, 3318.56061573661, 3360.3477853710815, 773.3213168662127], "layer_Barinel_score": [0.19072879691534741, 0.1297516132496125, 0.1920054226278788, 0.18902060072743954, 0.19023734967310457, 0.18734173230264017, 0.17977599864359448, 0.18269645956534877, 0.19070646071593358, 0.19243885516160483, 0.19078871430366348, 0.16320027843440912, 0.1929580792371558, 0.19143708137437765, 0.19147529994455126, 0.27676996501484197], "time": 194.77571749687195}