{"neuron_counts": [3072, 25088, 25088, 25088, 6272, 6272, 9216, 9216, 9216, 2304, 2304, 2048, 512, 160, 10, 10], "neuron_counts_selected": [500, 500, 500, 500, 500, 500, 500, 500, 500, 500, 500, 500, 500, 160, 10, 10], "layer_tarantula_score": [0.49646375780549784, 0.326162761087144, 0.4894157575368754, 0.484237885745404, 0.4832349205978262, 0.4870367153536844, 0.45878217356450646, 0.47544907259835306, 0.4922103448852441, 0.49587641756846057, 0.49913371541398566, 0.4137905061762115, 0.4973022225924785, 0.4999197287442879, 0.49998775432862175, 0.507163718042929], "layer_ochiai_score": [0.3674841960323165, 0.15089283953292232, 0.1387646911759234, 0.0905404189248081, 0.1365805616150542, 0.13367104069276384, 0.1698905202092077, 0.19315735193122244, 0.1534261013872758, 0.21612211872612289, 0.21764639909785438, 0.12817288187115486, 0.23166216276257187, 0.43427595387529017, 0.4375595316940806, 0.1589621708993483], "layer_D_star_score": [513.6449382958757, 157.45532143696548, 49.74978864463681, 7.450347285834128, 30.816520686631062, 28.287614919601783, 83.31164130226885, 112.57654164307739, 42.98924122759461, 120.95258397086604, 123.12829203593006, 44.173324195214704, 158.2505473299197, 781.4296357851848, 795.9492305969603, 48.546017018721145], "layer_Op2_score": [2399.9904604096405, 812.4776807548858, 429.5240011573207, 158.8052670761833, 359.7006972103723, 341.1334070063578, 611.5495516186693, 750.027271673269, 435.869715078619, 840.8143078863269, 845.9026570612257, 389.15948743254864, 972.280652843032, 3310.890786316818, 3360.183254128234, 406.23830763065746], "layer_Barinel_score": [0.18934011139490958, 0.12928319436205027, 0.18676012929723015, 0.1835159825492272, 0.1824068121599396, 0.1846212264994702, 0.17472528859334868, 0.18309525985208583, 0.18828979291621886, 0.1900582878011769, 0.1920992689993599, 0.15813907406488395, 0.1914447156309411, 0.1914291981279106, 0.19146772147179375, 0.21052298115768292], "time": 469.24060678482056}