{"neuron_counts": [3072, 25088, 25088, 25088, 6272, 6272, 9216, 9216, 9216, 2304, 2304, 2048, 512, 160, 10, 10], "neuron_counts_selected": [200, 200, 200, 200, 200, 200, 200, 200, 200, 200, 200, 200, 200, 160, 10, 10], "layer_tarantula_score": [0.49900687254789206, 0.3320265447638902, 0.4966091032650021, 0.4968408595197745, 0.4977566669803622, 0.49166078807231545, 0.47134199924179526, 0.4960625730161712, 0.4941198003541932, 0.49592932852252275, 0.49778487446466557, 0.41587009423097043, 0.4989538700003688, 0.4999338918875768, 0.49999999432385855, 0.5994712974143367], "layer_ochiai_score": [0.4237087975515393, 0.18971580262314952, 0.1688446264726358, 0.1426332044766935, 0.20497484848912034, 0.20759185483641282, 0.19199100505615774, 0.2166779014781549, 0.16029120202903557, 0.23175069783310248, 0.22811282387869747, 0.12897880259039116, 0.2346491374843764, 0.434791715865099, 0.4375789005975569, 0.2512034501863561], "layer_D_star_score": [734.9384240776803, 244.57428469133276, 91.55246570416791, 32.96795169936592, 104.72712338667412, 109.42837277734958, 106.84909117872583, 146.3659442367865, 48.427747014052656, 149.50965192123988, 142.44539822933766, 45.55774992995523, 163.07331696701945, 783.6949263229683, 796.036357766932, 173.7010041075013], "layer_Op2_score": [3160.9571272127073, 1155.6651397907679, 631.8317626916818, 374.3624815240086, 765.4494476982986, 799.238639072773, 737.7023222611194, 901.8635330676545, 470.0384410390951, 966.0832826821654, 931.4373707221737, 390.11353396742794, 995.5436483636347, 3318.56061573661, 3360.3477853710815, 773.3213168662127], "layer_Barinel_score": [0.1908641378936882, 0.12784864290857878, 0.19105141462811745, 0.19029464889409867, 0.1906470926491315, 0.186971409267929, 0.1805118143708279, 0.19180965103802555, 0.18936079785928256, 0.1899582993582131, 0.19111617490876945, 0.15899723041875238, 0.19214690869047096, 0.19143708137437765, 0.19147529994455126, 0.27676996501484197], "time": 191.4966115951538}