{"neuron_counts": [3072, 25088, 25088, 25088, 6272, 6272, 9216, 9216, 9216, 2304, 2304, 2048, 512, 160, 10, 10], "neuron_counts_selected": [500, 500, 500, 500, 500, 500, 500, 500, 500, 500, 500, 500, 500, 160, 10, 10], "layer_tarantula_score": [0.46498295358691544, 0.15902098688778116, 0.4108960840956161, 0.41639257825334597, 0.43096142131433146, 0.43840764397507226, 0.4311463661219067, 0.43345156130080076, 0.4569540725733406, 0.4695246252184485, 0.4679732360089218, 0.3462418214579276, 0.46992795238996726, 0.49861176244264444, 0.4999680418215487, 0.226641012027076], "layer_ochiai_score": [0.17540068740258624, 0.03906677984593004, 0.05385844872360626, 0.029433647218639863, 0.04694412524951565, 0.04914094361260784, 0.12260792803226671, 0.13006024506663733, 0.11298331414387909, 0.1696675055485987, 0.16889870545599628, 0.08941016068247262, 0.19388743820094928, 0.4301781237664514, 0.4375188589739969, 0.041258604960621455], "layer_D_star_score": [62.42194628509907, 14.674199781357874, 3.01536723671804, 0.15416936551902105, 0.8867268007388059, 1.01591113366891, 28.64016513541217, 37.99742657221769, 15.889056623296526, 59.42315878845864, 57.78806066288323, 16.703774138662812, 99.19854690839006, 763.5087493192644, 795.7663308967376, 1.96375846645038], "layer_Op2_score": [576.4899599171191, 124.00877641023531, 75.12283603150713, 19.332622327006867, 48.755423001225026, 51.845073415638545, 319.9682537153899, 373.6198611764954, 249.07711968356753, 546.0182976628178, 540.5072433624066, 214.5359071022273, 730.755149766636, 3254.7133181409686, 3359.772687537948, 84.18637671564233], "layer_Barinel_score": [0.1710609061786577, 0.058509381190193936, 0.14973126430250985, 0.14898238709745174, 0.15411279588944377, 0.15791183142608112, 0.16034087375076136, 0.16136312025093824, 0.1675148275951574, 0.1741681668311031, 0.1732712075769111, 0.1270222143606141, 0.17517543044154818, 0.19062117998175013, 0.1914555174619379, 0.0673917089981668], "time": 459.0620205402374}