{"neuron_counts": [256, 2, 1], "neuron_counts_selected": [256, 2, 1], "layer_tarantula_score": [0.4959294022039517, 0.1686909581646424, 0.5], "layer_ochiai_score": [0.3479593101721149, 0.14520827952135587, 0.7071061012771617], "layer_D_star_score": [3.8752085636366704, 0.5489503398708362, 51.999900000192305], "layer_Op2_score": [12.66339964747708, 5.896227554287633, 51.018869775717405], "layer_Barinel_score": [0.49592940220395176, 0.1686909581646424, 0.5], "time": 0.3033945560455322}