{"neuron_counts": [256, 2, 1], "neuron_counts_selected": [256, 2, 1], "layer_tarantula_score": [0.49969929549145153, 0.23463356973995275, 0.5], "layer_ochiai_score": [0.48252755118986634, 0.23255966248517956, 0.7071061012771617], "layer_D_star_score": [12.916344726152245, 1.9802605928994295, 51.999900000192305], "layer_Op2_score": [23.89320547125147, 11.27358627625231, 51.018869775717405], "layer_Barinel_score": [0.4996992954914514, 0.23463356973995275, 0.5], "time": 0.30000734329223633}