{"neuron_counts": [256, 2, 1], "neuron_counts_selected": [256, 2, 1], "layer_tarantula_score": [0.43156837766916084, 0.11967072165717303, 0.4999999799920368], "layer_ochiai_score": [0.3433859404987127, 0.1029891672269519, 0.6999992857153791], "layer_D_star_score": [3.907356729668481, 0.2672830093563908, 47.07833906208027], "layer_Op2_score": [13.153825678308348, 3.8413474204857296, 48.019232655321815], "layer_Barinel_score": [0.42215980803715336, 0.11553273427471117, 0.49], "time": 0.28519344329833984}