{"neuron_counts": [256, 2, 1], "neuron_counts_selected": [200, 2, 1], "layer_tarantula_score": [0.40920216977087476, 0.16329284750337386, 0.5], "layer_ochiai_score": [0.28617474465026144, 0.1400922654681577, 0.7071061012771617], "layer_D_star_score": [2.1800234168676997, 0.50524410484704, 51.999900000192305], "layer_Op2_score": [9.93636417539778, 5.646227554287633, 51.018869775717405], "layer_Barinel_score": [0.40920216977087476, 0.16329284750337386, 0.5], "time": 0.24879908561706543}